OrderID,OrderDate,Region,SalesRep,Category,Product,Channel,PaymentMethod,Quantity,UnitPrice,Revenue
11568,2024-05-02,East,Shakil Rahman,Apparel,Jeans,Online,bKash,21,35.09,736.89
11850,2025-02-23,West,Shakil Rahman,Apparel,Jeans,retail store,bKash,10,32.96,329.6
10749,2024-02-13,NORTH,Mim Akter,Grocery,Rice 5kg,Online,Cash,13,7.44,96.72
10250,2025-08-04,South,Tanvir Ahmed,Grocery,Tea Pack,Distributor,Cash,22,4.36,95.92
12155,11/11/2024,Central,Sadia Chowdhury,Grocery,Coffee Jar,Distributor,Bank Transfer,20,6.41,128.2
12190,07-25-2025,SOUTH,Sadia Chowdhury,Stationery,Pen Set,DISTRIBUTOR,Nagad,8,5.9,47.2
11920,2024-11-25,south,Sadia Chowdhury,Electronics,Monitor,Wholesale,Bank Transfer,21,218.29,4584.09
11135,2024-12-28,West,Sadia Chowdhury,Furniture,Dining Table,  Retail Store  ,Bank Transfer,15,358.95,5384.25
11197,26/03/2024,Central,Arif Hossain,Stationery,Desk Organizer,RETAIL STORE,Bank Transfer,19,19.42,368.98
12576,2024-01-05,  Central  ,Imran Kabir,Furniture,Dining Table,Wholesale,Bank Transfer,11,394.98,4344.78
10945,2025-11-19,EAST,Shakil Rahman,Stationery,Pen Set,Distributor,Nagad,5,6.47,32.35
12105,2024-08-01,North,Mim Akter,Furniture,Desk,  Distributor  ,Credit Card,1,176.58,176.58
11629,2024-11-09,East,Mim Akter,Grocery,Rice 5kg,Retail Store,Cash,4,9.03,36.12
11502,2025-06-08,north,Rakib Hasan,Apparel,Jacket,Online,Bank Transfer,24,59.78,1434.72
10798,2024-08-13,east,Tanvir Ahmed,Stationery,Notebook,Wholesale,Nagad,15,1.98,29.7
12042,2024-10-05,South,Nusrat Jahan,Grocery,Snack Box,Distributor,Nagad,21,5.62,118.02
11740,2024-05-10,  Central  ,Mim Akter,Grocery,Tea Pack,Distributor,bKash,11,4.38,48.18
12449,05-14-2024,South,Tanvir Ahmed,Grocery,Cooking Oil 1L,Retail Store,Cash,2,2.8,5.6
11678,2025-02-01,  North  ,Farzana Islam,Grocery,Coffee Jar,retail store,Credit Card,6,6.45,38.7
12011,2025-11-27,NORTH,Imran Kabir,Apparel,Cap,online,Nagad,7,9.98,69.86
10909,01-17-2024,East,Shakil Rahman,Stationery,Backpack,Online,Nagad,4,43.41,173.64
10496,10/07/2025,North,Arif Hossain,Furniture,Dining Table,  Retail Store  ,Bank Transfer,18,350.3,6305.4
11036,2025-04-01,east,Nusrat Jahan,Stationery,Desk Organizer,Online,bKash,3,19.91,59.73
10358,2025-07-03,north,Arif Hossain,Electronics,Headphones,Retail Store,bKash,11,59.86,658.46
10189,2024-10-22,Central,Arif Hossain,Furniture,Dining Table,Wholesale,Credit Card,8,341.35,2730.8
12466,2024-10-04,Central,Lamia Sultana,Grocery,Snack Box,DISTRIBUTOR,Credit Card,15,4.53,67.95
10555,13/12/2024,WEST,Imran Kabir,Stationery,Backpack,Wholesale,bKash,25,40.59,1014.75
11684,23/02/2025,East,Tanvir Ahmed,Furniture,Dining Table,ONLINE,Credit Card,17,361.75,6149.75
10569,19/07/2024,East,Nusrat Jahan,Electronics,Monitor,Wholesale,Bank Transfer,5,242.0,1210.0
12050,2025-10-02,NORTH,Arif Hossain,Furniture,Bookshelf,ONLINE,Bank Transfer,16,101.76,1628.16
11132,2025-11-25,East,Imran Kabir,Electronics,Smartphone,Retail Store,Cash,18,415.17,7473.06
12520,2025-07-08,EAST,Lamia Sultana,Electronics,Smartwatch,RETAIL STORE,Bank Transfer,22,166.68,3666.96
11063,2025-10-11,WEST,Farzana Islam,Electronics,Laptop,retail store,Credit Card,5,964.38,4821.9
12779,11-02-2024,North,,Grocery,Rice 5kg,retail store,bKash,23,7.57,174.11
12571,2024-03-02,South,Mim Akter,Stationery,Pen Set,Retail Store,Nagad,23,5.41,124.43
11485,2024-11-30,SOUTH,Mim Akter,Electronics,Tablet,Retail Store,Bank Transfer,10,331.48,3314.8
10337,2024-05-29,EAST,Rakib Hasan,Grocery,Rice 5kg,Retail Store,bKash,23,7.84,180.32
11252,2025-10-05,North,Tanvir Ahmed,Furniture,Office Chair,Wholesale,Credit Card,25,125.8,3145.0
10673,2025-12-06,North,Farzana Islam,Furniture,Dining Table,Online,Bank Transfer,,396.72,7934.4
11976,2025-06-21,South,Arif Hossain,Stationery,Notebook,ONLINE,Cash,18,1.85,33.3
12618,23/07/2025,Central,Imran Kabir,Apparel,Cap,Distributor,Bank Transfer,14,10.98,153.72
11534,04/08/2025,East,Shakil Rahman,Apparel,Cap,distributor,bKash,21,9.76,204.96
11687,2025-08-08,Central,Farzana Islam,Electronics,Smartwatch,Online,Bank Transfer,21,149.48,3139.08
11077,2024-04-01,central,Imran Kabir,Apparel,Cap,Distributor,Bank Transfer,4,10.59,42.36
12540,27/07/2024,South,Shakil Rahman,Stationery,Desk Organizer,DISTRIBUTOR,Nagad,2,17.7,35.4
10858,2025-10-23,SOUTH,Imran Kabir,Electronics,Monitor,  Distributor  ,Cash,6,212.1,1272.6
12675,2024-03-19,East,Mim Akter,Grocery,Snack Box,ONLINE,Credit Card,7,5.7,39.9
12374,2025-10-25,North,Sadia Chowdhury,Grocery,Rice 5kg,retail store,bKash,22,7.25,159.5
11596,21/09/2025,North,Farzana Islam,Furniture,Desk,Wholesale,Cash,4,173.24,692.96
10728,2025-11-30,East,Sadia Chowdhury,Grocery,Coffee Jar,Retail Store,Bank Transfer,23,6.98,160.54
11532,2024-12-04,  East  ,Mim Akter,Grocery,Cooking Oil 1L,distributor,Bank Transfer,15,3.22,48.3
12791,2025-06-15,  North  ,Mim Akter,Grocery,Snack Box,Distributor,Credit Card,12,5.52,66.24
10455,2024-05-06,  North  ,Imran Kabir,Electronics,Laptop,wholesale,Bank Transfer,18,818.71,14736.78
12459,2025-10-06,NORTH,Sadia Chowdhury,Electronics,Tablet,Distributor,Credit Card,8,314.87,2518.96
12945,26/01/2025,  North  ,Mim Akter,Furniture,Bookshelf,Online,Bank Transfer,12,86.75,1041.0
11216,2024-06-13,North,,Grocery,Rice 5kg,retail store,bKash,17,8.23,139.91
11872,2024-08-13,Central,Imran Kabir,Furniture,Office Chair,Distributor,Bank Transfer,,109.32,218.64
10544,2024-11-10,SOUTH,Mim Akter,Stationery,Desk Organizer,wholesale,Cash,,17.75,337.25
12667,11-14-2024,south,Farzana Islam,Electronics,Laptop,Retail Store,Cash,7,904.51,6331.57
10072,2025-12-17,West,Farzana Islam,Furniture,Desk,Retail Store,Bank Transfer,9,196.51,1768.59
11411,2025-03-20,North,Arif Hossain,Furniture,Desk,Retail Store,Credit Card,3,184.08,552.24
12378,2024-06-04,Central,Tanvir Ahmed,Apparel,Jacket,online,Credit Card,16,72.42,1158.72
11991,2024-02-18,South,Farzana Islam,Stationery,Pen Set,Online,Cash,4,6.7,26.8
12787,2025-11-19,South,Sadia Chowdhury,Electronics,Smartwatch,Online,Cash,,136.87,1916.18
11909,08-28-2024,Central,Nusrat Jahan,Electronics,Tablet,Distributor,Credit Card,13,312.06,4056.78
11175,26/10/2025,  South  ,Nusrat Jahan,Electronics,Monitor,Online,Credit Card,12,232.8,2793.6
10830,14/01/2024,  North  ,,Grocery,Cooking Oil 1L,Distributor,bKash,22,3.07,67.54
11530,2025-11-03,north,Rakib Hasan,Apparel,Cap,DISTRIBUTOR,Bank Transfer,11,9.35,102.85
12770,2024-11-24,South,Sadia Chowdhury,Electronics,Smartwatch,Wholesale,Credit Card,13,145.54,1892.02
12498,03/05/2025,south,Sadia Chowdhury,Furniture,Bookshelf,online,Nagad,11,96.94,1066.34
10024,04-29-2025,CENTRAL,Rakib Hasan,Grocery,Cooking Oil 1L,WHOLESALE,bKash,14,2.84,39.76
11290,2025-11-08,South,Shakil Rahman,Electronics,Tablet,  Online  ,Bank Transfer,17,303.95,5167.15
11628,2024-12-22,South,Arif Hossain,Apparel,Jeans,Distributor,Bank Transfer,,38.64,966.0
11375,08-16-2025,central,Nusrat Jahan,Apparel,Sneakers,Wholesale,Credit Card,3,53.3,159.9
12698,08/03/2025,East,Imran Kabir,Furniture,Bookshelf,Distributor,Cash,25,91.41,2285.25
10693,2024-11-22,  South  ,Arif Hossain,Stationery,Notebook,Distributor,Nagad,9,1.87,16.83
11588,06-25-2024,CENTRAL,Imran Kabir,Apparel,Jacket,RETAIL STORE,Bank Transfer,6,73.71,442.26
11179,12/01/2025,SOUTH,Sadia Chowdhury,Stationery,Desk Organizer,retail store,Bank Transfer,5,20.26,101.3
11693,2024-08-10,south,Arif Hossain,Apparel,Sneakers,Retail Store,bKash,23,52.13,1198.99
11977,03-13-2025,Central,Rakib Hasan,Apparel,Jacket,  Retail Store  ,Credit Card,16,72.32,1157.12
11246,03/06/2025,West,Tanvir Ahmed,Grocery,Coffee Jar,DISTRIBUTOR,bKash,10,6.77,67.7
10975,12-09-2025,  South  ,Sadia Chowdhury,Apparel,Jacket,Distributor,Credit Card,5,69.0,345.0
11982,11-16-2024,Central,Tanvir Ahmed,Electronics,Monitor,RETAIL STORE,Cash,13,234.97,3054.61
10653,18/11/2025,NORTH,Shakil Rahman,Electronics,Tablet,WHOLESALE,bKash,7,326.83,2287.81
10663,2024-05-28,South,Mim Akter,Grocery,Rice 5kg,RETAIL STORE,bKash,6,8.74,52.44
12843,2024-06-04,central,Lamia Sultana,Electronics,Smartphone,Wholesale,Cash,21,444.36,9331.56
12373,2024-09-30,West,Arif Hossain,Apparel,Jeans,Wholesale,Cash,22,37.19,818.18
12146,2025-12-12,central,Lamia Sultana,Electronics,Smartphone,Distributor,bKash,19,409.66,7783.54
12331,2025-01-25,West,Sadia Chowdhury,Apparel,Cap,Retail Store,Credit Card,18,10.29,185.22
10012,03-14-2025,Central,Arif Hossain,Furniture,Desk,Distributor,Nagad,19,179.97,3419.43
10013,2024-04-22,  Central  ,Sadia Chowdhury,Furniture,Desk,Online,Credit Card,5,190.24,951.2
11945,2025-03-19,WEST,Tanvir Ahmed,Grocery,Tea Pack,Distributor,Credit Card,15,3.76,56.4
12878,2025-08-13,CENTRAL,,Grocery,Rice 5kg,distributor,bKash,9,8.04,72.36
11729,17/04/2025,North,Mim Akter,Stationery,Pen Set,wholesale,Bank Transfer,11,6.79,74.69
11685,2024-04-16,East,Mim Akter,Stationery,Pen Set,Online,bKash,22,5.75,126.5
12219,2025-02-18,South,Nusrat Jahan,Electronics,Tablet,Distributor,Cash,13,328.75,4273.75
10933,2024-06-24,West,Mim Akter,Electronics,Smartphone,Distributor,Nagad,3,386.6,1159.8
11337,2025-09-24,South,Mim Akter,Stationery,Backpack,DISTRIBUTOR,Nagad,13,36.68,476.84
11740,2024-05-10,  Central  ,Mim Akter,Grocery,Tea Pack,distributor,bKash,11,4.38,48.18
10507,2025-02-08,  North  ,Shakil Rahman,Apparel,Cap,Wholesale,Bank Transfer,22,9.08,199.76
11987,2025-01-21,Central,Shakil Rahman,Electronics,Headphones,RETAIL STORE,Bank Transfer,19,55.84,1060.96
11914,2024-05-04,  South  ,Farzana Islam,Electronics,Headphones,Wholesale,Cash,17,65.49,1113.33
11817,2025-09-21,Central,Nusrat Jahan,Grocery,Coffee Jar,Retail Store,Bank Transfer,17,7.86,133.62
10871,2025-04-27,North,Shakil Rahman,Apparel,Sneakers,Online,Bank Transfer,24,55.18,1324.32
10977,01/02/2024,Central,Farzana Islam,Grocery,Coffee Jar,Online,Nagad,22,7.08,155.76
11139,2025-03-11,West,Tanvir Ahmed,Stationery,Notebook,Retail Store,Credit Card,23,2.07,47.61
12670,2024-03-04,North,Tanvir Ahmed,Stationery,Desk Organizer,Retail Store,bKash,23,17.11,393.53
12556,11-02-2024,  West  ,Arif Hossain,Grocery,Snack Box,Online,bKash,17,5.18,88.06
11535,2024-10-26,South,Rakib Hasan,Grocery,Tea Pack,RETAIL STORE,Nagad,13,3.86,50.18
10266,2024-07-12,west,Mim Akter,Furniture,Desk,Retail Store,Cash,24,196.45,4714.8
11327,2025-02-18,West,Tanvir Ahmed,Stationery,Desk Organizer,Online,Cash,16,20.62,329.92
11525,2025-03-30,West,Sadia Chowdhury,Furniture,Dining Table,Retail Store,Nagad,8,384.72,3077.76
10723,22/09/2025,North,Shakil Rahman,Furniture,Dining Table,DISTRIBUTOR,bKash,9,339.08,3051.72
12433,03/01/2024,South,Mim Akter,Stationery,Desk Organizer,Distributor,Bank Transfer,18,20.43,367.74
11546,2025-10-11,West,Farzana Islam,Stationery,Desk Organizer,Online,Cash,3,17.08,51.24
10947,2024-05-13,north,Farzana Islam,Grocery,Coffee Jar,Online,Bank Transfer,16,6.68,106.88
11801,2025-09-07,  East  ,Rakib Hasan,Furniture,Sofa,Online,Cash,11,453.01,4983.11
10567,05/03/2025,South,Sadia Chowdhury,Apparel,Jacket,Wholesale,bKash,23,70.72,1626.56
10144,2024-11-25,WEST,Sadia Chowdhury,Grocery,Rice 5kg,Online,Credit Card,20,7.5,150.0
10719,2024-02-24,Central,Lamia Sultana,Electronics,Monitor,Distributor,Nagad,11,227.43,2501.73
11243,2025-02-25,North,Farzana Islam,Electronics,Laptop,online,Nagad,4,870.49,3481.96
11126,04/11/2025,East,Nusrat Jahan,Electronics,Monitor,distributor,Nagad,21,243.13,5105.73
10042,12/07/2025,North,Farzana Islam,Grocery,Snack Box,Online,bKash,2,5.54,11.08
12348,2024-08-27,west,Sadia Chowdhury,Apparel,Sneakers,Online,Bank Transfer,23,54.92,1263.16
12046,02-25-2024,East,Lamia Sultana,Apparel,T-Shirt,Online,Cash,15,15.03,225.45
11366,2024-03-02,Central,Imran Kabir,Apparel,Jacket,Distributor,Credit Card,9,72.39,651.51
10745,23/10/2024,Central,Mim Akter,Electronics,Headphones,ONLINE,Bank Transfer,21,57.05,1198.05
10209,07-09-2025,east,Mim Akter,Electronics,Monitor,Online,Nagad,10,247.02,2470.2
11201,2025-12-19,  North  ,Imran Kabir,Furniture,Sofa,Distributor,Credit Card,4,479.56,1918.24
12823,27/11/2025,South,Shakil Rahman,Stationery,Desk Organizer,Distributor,Nagad,16,20.25,324.0
12079,01-01-2024,north,Arif Hossain,Furniture,Sofa,Distributor,Nagad,13,477.4,6206.2
12225,2025-08-25,Central,Tanvir Ahmed,Electronics,Laptop,Online,Bank Transfer,17,973.67,16552.39
12382,2025-02-04,,Mim Akter,Grocery,Snack Box,Retail Store,Nagad,6,5.63,33.78
12371,2024-03-22,East,Rakib Hasan,Grocery,Snack Box,RETAIL STORE,Credit Card,12,5.41,64.92
12296,2024-02-04,Central,Rakib Hasan,Furniture,Desk,ONLINE,Nagad,18,204.16,3674.88
12857,2024-01-06,SOUTH,Nusrat Jahan,Stationery,Desk Organizer,Distributor,Credit Card,23,19.97,459.31
10841,05-14-2025,  West  ,Rakib Hasan,Furniture,Sofa,  Distributor  ,Bank Transfer,25,417.31,10432.75
12685,2025-09-26,West,Mim Akter,Electronics,Tablet,online,Bank Transfer,23,278.88,6414.24
11468,2025-01-23,  South  ,Rakib Hasan,Furniture,Bookshelf,Distributor,Credit Card,23,87.46,2011.58
11042,2025-06-02,West,Rakib Hasan,Apparel,Sneakers,distributor,bKash,2,55.85,111.7
10465,2025-12-13,West,Rakib Hasan,Grocery,Coffee Jar,ONLINE,bKash,24,6.4,153.6
11181,02-07-2025,North,Shakil Rahman,Furniture,Bookshelf,Retail Store,bKash,22,94.68,2082.96
10369,2024-09-05,East,Lamia Sultana,Apparel,Jeans,Distributor,Nagad,15,34.72,520.8
12017,01-10-2025,,Arif Hossain,Apparel,Jeans,Wholesale,Credit Card,21,31.69,665.49
12059,2025-04-26,South,Shakil Rahman,Furniture,Sofa,Online,Bank Transfer,18,417.18,7509.24
11354,26/02/2024,West,Shakil Rahman,Apparel,Sneakers,RETAIL STORE,Credit Card,1,60.14,60.14
12916,2024-01-31,South,Arif Hossain,Stationery,Notebook,Retail Store,Credit Card,1,2.16,2.16
10813,2024-06-20,South,Rakib Hasan,Electronics,Smartwatch,  Online  ,Nagad,18,147.1,2647.8
11902,2024-07-25,  North  ,Farzana Islam,Apparel,Jacket,Wholesale,Nagad,7,60.9,426.3
11019,2025-02-22,West,Sadia Chowdhury,Stationery,Backpack,wholesale,Bank Transfer,12,44.05,528.6
11167,2025-12-29,South,Nusrat Jahan,Furniture,Office Chair,Wholesale,Nagad,9,134.75,1212.75
10553,2024-06-28,WEST,Lamia Sultana,Furniture,Sofa,  Online  ,Cash,14,461.95,6467.3
10970,02/01/2024,Central,Imran Kabir,Furniture,Desk,Wholesale,Credit Card,15,205.25,3078.75
11516,2024-06-11,  North  ,Lamia Sultana,Furniture,Desk,  Distributor  ,bKash,25,196.99,4924.75
12025,2024-02-17,west,Arif Hossain,Apparel,Jeans,Retail Store,Bank Transfer,7,33.55,234.85
10268,2025-02-15,Central,Tanvir Ahmed,Electronics,Tablet,  Retail Store  ,Credit Card,15,287.58,4313.7
10100,22/08/2025,CENTRAL,Sadia Chowdhury,Furniture,Sofa,Distributor,bKash,14,476.41,6669.74
12253,2024-05-04,central,Arif Hossain,Electronics,Smartwatch,WHOLESALE,Bank Transfer,1,155.54,155.54
12258,2025-08-25,North,Mim Akter,Grocery,Cooking Oil 1L,Distributor,Cash,13,3.03,39.39
12631,15/02/2024,Central,Lamia Sultana,Grocery,Snack Box,Wholesale,Nagad,13,4.51,58.63
12928,2024-01-15,North,Lamia Sultana,Stationery,Desk Organizer,distributor,Cash,10,18.89,188.9
10649,2024-06-04,west,Shakil Rahman,Apparel,Sneakers,  Wholesale  ,Cash,25,52.08,1302.0
12426,2025-08-12,South,Lamia Sultana,Stationery,Desk Organizer,Wholesale,bKash,22,19.88,437.36
11127,23/01/2025,west,Rakib Hasan,Stationery,Pen Set,  Distributor  ,Bank Transfer,1,6.85,6.85
12718,01/10/2024,Central,Mim Akter,Furniture,Dining Table,Online,Cash,18,350.36,6306.48
11491,02/11/2025,west,Farzana Islam,Stationery,Notebook,Distributor,Credit Card,13,2.2,28.6
12975,2024-02-29,North,Mim Akter,Apparel,Cap,Wholesale,Nagad,18,10.45,188.1
12300,2024-11-18,,Lamia Sultana,Furniture,Office Chair,Distributor,bKash,9,128.96,1160.64
12088,2025-12-28,South,Arif Hossain,Apparel,T-Shirt,Online,Nagad,13,14.88,193.44
10532,2024-03-28,West,Lamia Sultana,Furniture,Dining Table,Online,Cash,7,,2480.17
10548,2024-02-28,West,Imran Kabir,Stationery,Notebook,Distributor,Nagad,25,2.21,55.25
11573,2025-10-25,SOUTH,Mim Akter,Grocery,Coffee Jar,ONLINE,bKash,19,6.89,130.91
10864,2024-04-02,Central,Arif Hossain,Electronics,Smartwatch,Distributor,Bank Transfer,8,157.49,1259.92
10586,2024-01-09,east,Shakil Rahman,Stationery,Pen Set,Wholesale,Nagad,23,6.78,155.94
10193,17/01/2025,WEST,Sadia Chowdhury,Stationery,Notebook,ONLINE,Bank Transfer,9,2.17,19.53
11225,08-16-2024,West,Rakib Hasan,Electronics,Headphones,WHOLESALE,Credit Card,13,67.11,872.43
12071,2024-01-17,South,Imran Kabir,Stationery,Backpack,Distributor,Nagad,,37.27,223.62
11479,14/02/2025,West,Imran Kabir,Stationery,Notebook,  Distributor  ,Nagad,19,1.81,34.39
11967,2024-07-28,CENTRAL,Rakib Hasan,Grocery,Cooking Oil 1L,Online,Credit Card,12,3.17,38.04
12930,2024-06-09,West,Farzana Islam,Stationery,Backpack,Retail Store,Credit Card,23,41.48,954.04
12167,2024-03-06,SOUTH,Farzana Islam,Grocery,Coffee Jar,Distributor,Nagad,17,6.72,114.24
12310,09-06-2024,central,Rakib Hasan,Apparel,Cap,Distributor,Cash,12,10.72,128.64
12311,04/02/2024,North,Mim Akter,Apparel,Jeans,Wholesale,Credit Card,2,35.07,70.14
12864,2024-04-30,,Shakil Rahman,Stationery,Pen Set,  Distributor  ,Cash,18,5.81,104.58
10199,2025-06-15,South,Sadia Chowdhury,Grocery,Tea Pack,Wholesale,Cash,9,4.4,39.6
11003,2025-05-22,South,Farzana Islam,Grocery,Tea Pack,Wholesale,Credit Card,,4.52,36.16
11593,2025-03-26,West,Sadia Chowdhury,Electronics,Laptop,  Wholesale  ,Nagad,5,947.09,4735.45
11164,27/10/2025,East,Mim Akter,Furniture,Bookshelf,Distributor,bKash,9,85.73,771.57
12313,2025-05-03,  North  ,Arif Hossain,Stationery,Notebook,wholesale,Bank Transfer,9,1.82,16.38
10530,2024-01-23,WEST,Nusrat Jahan,Grocery,Coffee Jar,Retail Store,Bank Transfer,8,6.38,51.04
11555,2024-06-10,South,Nusrat Jahan,Furniture,Bookshelf,Wholesale,bKash,20,95.91,1918.2
12764,12/01/2024,North,Shakil Rahman,Furniture,Bookshelf,Retail Store,Nagad,1,94.62,94.62
10021,07/04/2025,West,Mim Akter,Furniture,Bookshelf,Wholesale,Nagad,4,86.58,346.32
10736,23/04/2025,North,Rakib Hasan,Stationery,Pen Set,distributor,Cash,22,6.8,149.6
10327,2024-05-23,  Central  ,Rakib Hasan,Stationery,Pen Set,  Wholesale  ,Cash,6,5.87,35.22
12660,2025-01-22,EAST,Tanvir Ahmed,Apparel,Jeans,DISTRIBUTOR,Bank Transfer,18,32.83,590.94
10314,03-16-2025,North,Lamia Sultana,Furniture,Dining Table,  Wholesale  ,Cash,4,315.92,1263.68
11304,10-03-2024,East,Arif Hossain,Apparel,Jacket,Wholesale,Credit Card,22,66.94,1472.68
10726,08-31-2024,South,Sadia Chowdhury,Furniture,Dining Table,Wholesale,Bank Transfer,22,353.52,7777.44
11781,2025-04-23,South,Lamia Sultana,Apparel,Sneakers,Wholesale,Cash,12,60.05,720.6
12890,2024-12-03,East,Shakil Rahman,Furniture,Office Chair,distributor,Cash,8,123.41,987.28
10495,2025-12-25,west,Lamia Sultana,Stationery,Backpack,Distributor,Credit Card,11,41.25,453.75
11099,2024-11-23,Central,Nusrat Jahan,Electronics,Smartwatch,Wholesale,Bank Transfer,25,148.69,3717.25
11604,13/04/2025,CENTRAL,Rakib Hasan,Grocery,Rice 5kg,ONLINE,bKash,4,7.44,29.76
12573,2025-08-21,east,Imran Kabir,Furniture,Office Chair,Wholesale,bKash,16,125.04,2000.64
10355,2024-03-15,East,Arif Hossain,Stationery,Desk Organizer,Retail Store,Bank Transfer,1,18.84,18.84
12612,04-01-2025,South,Tanvir Ahmed,Apparel,T-Shirt,distributor,Cash,16,16.81,268.96
11947,2025-04-29,East,Rakib Hasan,Furniture,Bookshelf,Wholesale,Credit Card,25,92.92,2323.0
10522,12/06/2024,South,Arif Hossain,Furniture,Dining Table,  Retail Store  ,Bank Transfer,6,364.56,2187.36
11208,2024-11-16,CENTRAL,Farzana Islam,Furniture,Dining Table,Wholesale,Bank Transfer,21,371.17,7794.57
10236,2024-01-20,South,Tanvir Ahmed,Grocery,Cooking Oil 1L,Online,bKash,15,2.94,44.1
12183,2025-06-09,North,Sadia Chowdhury,Furniture,Desk,DISTRIBUTOR,Nagad,24,203.72,4889.28
10326,27/01/2025,West,Lamia Sultana,Stationery,Desk Organizer,Retail Store,Nagad,14,17.04,238.56
10986,2024-02-18,West,Mim Akter,Stationery,Desk Organizer,Online,bKash,9,20.33,182.97
12602,2025-02-04,north,Lamia Sultana,Furniture,Office Chair,Distributor,bKash,14,129.64,1814.96
12189,2024-12-29,East,Farzana Islam,Furniture,Office Chair,WHOLESALE,Credit Card,14,109.32,1530.48
11656,01/02/2024,West,Rakib Hasan,Stationery,Pen Set,Retail Store,Bank Transfer,20,5.46,109.2
11864,2024-02-22,south,Sadia Chowdhury,Grocery,Tea Pack,Retail Store,Bank Transfer,8,4.55,36.4
11858,22/04/2025,  West  ,Imran Kabir,Grocery,Snack Box,Wholesale,Nagad,21,5.68,119.28
11529,2024-05-07,East,Imran Kabir,Grocery,Rice 5kg,Wholesale,Bank Transfer,4,7.49,29.96
12850,2024-11-10,East,Tanvir Ahmed,Grocery,Cooking Oil 1L,Distributor,bKash,16,2.89,46.24
11328,06/05/2024,East,Lamia Sultana,Furniture,Dining Table,Wholesale,Nagad,14,327.8,4589.2
11152,04-22-2024,East,Imran Kabir,Grocery,Cooking Oil 1L,Wholesale,bKash,4,3.29,13.16
10822,07-23-2024,North,Farzana Islam,Apparel,T-Shirt,Retail Store,Nagad,6,16.01,96.06
11916,2024-09-13,South,Imran Kabir,Electronics,Headphones,retail store,Nagad,24,54.27,1302.48
10781,27/12/2025,south,Arif Hossain,Apparel,Jacket,ONLINE,Nagad,25,61.83,1545.75
11928,2024-04-26,Central,Lamia Sultana,Furniture,Dining Table,Online,Cash,4,400.28,1601.12
11665,24/08/2025,  North  ,Nusrat Jahan,Electronics,Smartwatch,Online,Cash,24,168.76,4050.24
10571,2024-04-11,East,Shakil Rahman,Apparel,Sneakers,online,Bank Transfer,23,51.75,1190.25
12358,07/12/2025,South,Shakil Rahman,Furniture,Desk,RETAIL STORE,Credit Card,8,165.49,1323.92
10637,2025-05-09,South,Nusrat Jahan,Furniture,Dining Table,Distributor,Nagad,20,378.87,7577.4
12136,2025-05-26,West,Farzana Islam,Stationery,Desk Organizer,RETAIL STORE,Nagad,3,18.94,56.82
11076,2024-06-18,Central,Farzana Islam,Grocery,Coffee Jar,RETAIL STORE,Bank Transfer,14,6.74,94.36
10274,2024-09-18,CENTRAL,Rakib Hasan,Grocery,Snack Box,Wholesale,bKash,7,4.91,34.37
10993,2024-04-14,East,Lamia Sultana,Grocery,Rice 5kg,wholesale,Credit Card,22,7.31,160.82
12804,07-15-2024,West,Rakib Hasan,Electronics,Laptop,Online,Bank Transfer,19,888.54,16882.26
11749,2025-03-30,West,Arif Hossain,Furniture,Sofa,RETAIL STORE,Nagad,25,440.33,11008.25
12421,2025-02-06,Central,Shakil Rahman,Electronics,Headphones,Distributor,Nagad,12,67.84,814.08
12923,2025-04-09,East,Arif Hossain,Grocery,Coffee Jar,Retail Store,Bank Transfer,14,6.54,91.56
12510,2025-04-18,Central,Shakil Rahman,Furniture,Dining Table,Online,Bank Transfer,8,340.29,2722.32
12974,03/08/2024,Central,Lamia Sultana,Electronics,Smartwatch,Online,Bank Transfer,15,154.28,2314.2
12967,07-07-2025,east,Farzana Islam,Furniture,Office Chair,online,Bank Transfer,17,112.49,1912.33
12230,2025-06-10,East,Rakib Hasan,Grocery,Snack Box,Distributor,Cash,6,4.89,29.34
11291,2024-08-05,Central,Farzana Islam,Apparel,T-Shirt,Distributor,Bank Transfer,5,14.99,74.95
11183,2025-01-28,North,Lamia Sultana,Stationery,Pen Set,Online,Bank Transfer,1,5.57,5.57
10412,2024-07-10,South,Mim Akter,Stationery,Desk Organizer,Wholesale,Cash,15,16.4,246.0
11385,2024-05-04,South,Lamia Sultana,Electronics,Laptop,Wholesale,Nagad,17,934.62,15888.54
10262,2025-02-22,North,Sadia Chowdhury,Stationery,Notebook,Online,Cash,6,2.18,13.08
11093,2024-09-03,West,Farzana Islam,Grocery,Cooking Oil 1L,Wholesale,Nagad,8,2.86,22.88
12793,2025-12-15,central,Shakil Rahman,Electronics,Laptop,DISTRIBUTOR,Credit Card,15,903.09,13546.35
12479,2025-07-10,east,Arif Hossain,Electronics,Monitor,Retail Store,Bank Transfer,14,227.47,3184.58
12904,2025-07-14,East,Arif Hossain,Stationery,Desk Organizer,Wholesale,Bank Transfer,1,17.88,17.88
12349,2025-01-05,Central,Arif Hossain,Furniture,Office Chair,Wholesale,Cash,2,117.1,234.2
10540,2024-07-12,East,Lamia Sultana,Furniture,Office Chair,Wholesale,Cash,1,129.27,129.27
12592,2024-03-10,East,Rakib Hasan,Furniture,Bookshelf,Online,Cash,21,100.07,2101.47
10748,2025-10-20,West,Imran Kabir,Stationery,Pen Set,Online,Nagad,10,6.15,61.5
10718,2025-09-16,West,Arif Hossain,Stationery,Backpack,Online,Nagad,3,38.45,115.35
10389,26/06/2025,north,Shakil Rahman,Stationery,Pen Set,Online,Bank Transfer,12,6.55,78.6
12643,2025-04-10,East,Rakib Hasan,Furniture,Sofa,retail store,Cash,1,405.95,405.95
12457,2024-02-18,north,Rakib Hasan,Electronics,Smartphone,  Online  ,Credit Card,4,413.09,1652.36
10324,2025-09-21,East,Sadia Chowdhury,Electronics,Headphones,retail store,Cash,19,55.27,1050.13
11143,2024-09-28,East,Shakil Rahman,Stationery,Notebook,Wholesale,Cash,7,1.8,12.6
10086,2025-01-04,NORTH,Nusrat Jahan,Stationery,Backpack,distributor,bKash,6,39.02,234.12
10907,06-19-2025,SOUTH,Rakib Hasan,Grocery,Tea Pack,  Distributor  ,bKash,14,3.9,54.6
12158,2025-02-26,North,Tanvir Ahmed,Electronics,Smartwatch,Retail Store,Credit Card,18,143.62,2585.16
12755,2024-07-22,west,Sadia Chowdhury,Grocery,Rice 5kg,Wholesale,Nagad,7,8.96,62.72
12652,2024-03-31,WEST,Tanvir Ahmed,Furniture,Bookshelf,Online,Nagad,11,,949.52
10835,2024-08-24,NORTH,Shakil Rahman,Grocery,Rice 5kg,Wholesale,Bank Transfer,21,9.08,190.68
11415,2024-04-28,West,Mim Akter,Apparel,Sneakers,Retail Store,Bank Transfer,6,55.89,335.34
11174,2024-10-11,  South  ,Shakil Rahman,Electronics,Smartwatch,Online,bKash,5,145.14,725.7
10635,02-25-2024,East,Rakib Hasan,Furniture,Desk,Online,Credit Card,8,204.7,1637.6
11921,2024-12-29,West,Nusrat Jahan,Electronics,Laptop,Online,Nagad,1,974.88,974.88
10996,2024-04-15,central,Mim Akter,Electronics,Tablet,Retail Store,Credit Card,1,314.64,314.64
11513,31/01/2024,EAST,Mim Akter,Apparel,Jacket,wholesale,Bank Transfer,5,68.65,343.25
10368,29/03/2024,West,Shakil Rahman,Grocery,Rice 5kg,DISTRIBUTOR,Cash,18,8.11,145.98
12194,25/05/2024,  Central  ,Mim Akter,Electronics,Smartphone,Online,Bank Transfer,6,458.12,2748.72
12580,2024-09-27,South,Sadia Chowdhury,Stationery,Notebook,RETAIL STORE,Credit Card,5,2.04,10.2
12658,2025-01-05,  South  ,Lamia Sultana,Electronics,Monitor,  Online  ,bKash,1,200.01,200.01
11674,2025-10-14,West,Rakib Hasan,Grocery,Rice 5kg,RETAIL STORE,Credit Card,4,7.43,29.72
12608,02-21-2025,North,Shakil Rahman,Furniture,Office Chair,Distributor,Cash,4,137.96,551.84
12775,09/10/2024,South,Farzana Islam,Apparel,Jeans,WHOLESALE,Cash,10,32.52,325.2
11711,2025-10-01,East,Arif Hossain,Grocery,Rice 5kg,Online,bKash,1,8.67,8.67
11932,13/02/2024,Central,,Electronics,Laptop,Online,Bank Transfer,16,937.02,14992.32
11339,2024-03-06,North,Rakib Hasan,Furniture,Desk,Wholesale,Bank Transfer,2,189.54,379.08
12795,09-30-2024,North,Nusrat Jahan,Electronics,Headphones,Retail Store,Bank Transfer,14,62.88,880.32
11898,2025-11-05,west,Rakib Hasan,Grocery,Tea Pack,Distributor,Bank Transfer,11,4.56,50.16
12148,2024-11-10,East,Arif Hossain,Apparel,Cap,Distributor,Bank Transfer,25,11.31,282.75
12868,2024-10-16,CENTRAL,Mim Akter,Apparel,Jeans,ONLINE,Bank Transfer,23,35.33,812.59
10954,2024-02-15,North,Arif Hossain,Grocery,Rice 5kg,Distributor,Credit Card,14,8.16,114.24
11121,2025-05-17,Central,Sadia Chowdhury,Stationery,Backpack,Retail Store,Nagad,23,39.13,899.99
12936,2025-12-15,,Arif Hossain,Apparel,T-Shirt,ONLINE,Bank Transfer,3,17.2,51.6
12873,07-04-2025,West,Farzana Islam,Furniture,Sofa,Online,Cash,9,467.27,4205.43
11782,2024-03-29,Central,Imran Kabir,Furniture,Sofa,  Distributor  ,Bank Transfer,20,433.49,8669.8
12010,14/10/2025,south,Imran Kabir,Stationery,Notebook,Distributor,Bank Transfer,23,2.05,47.15
10350,2024-03-29,WEST,Lamia Sultana,Furniture,Desk,Wholesale,bKash,4,168.3,673.2
11925,2025-12-13,,Tanvir Ahmed,Apparel,T-Shirt,  Distributor  ,bKash,9,16.56,149.04
10818,12-27-2025,SOUTH,Sadia Chowdhury,Apparel,Jacket,Distributor,bKash,10,58.97,589.7
12048,2025-03-27,East,Shakil Rahman,Apparel,Jeans,Online,Bank Transfer,15,36.74,551.1
12294,2025-04-01,  North  ,Mim Akter,Furniture,Dining Table,Distributor,Credit Card,15,396.11,5941.65
10287,2025-12-15,Central,Shakil Rahman,Stationery,Backpack,ONLINE,Nagad,22,40.31,886.82
11593,2025-03-26,  West  ,Sadia Chowdhury,Electronics,Laptop,Wholesale,Nagad,,947.09,4735.45
10874,2025-08-12,West,Nusrat Jahan,Furniture,Office Chair,DISTRIBUTOR,Cash,3,111.32,333.96
12260,2024-03-29,North,Imran Kabir,Electronics,Laptop,Distributor,Cash,23,784.19,18036.37
10321,08-29-2025,North,Lamia Sultana,Grocery,Coffee Jar,RETAIL STORE,Bank Transfer,14,6.98,97.72
11336,2025-11-05,West,Imran Kabir,Electronics,Monitor,Wholesale,Nagad,6,229.68,1378.08
10565,2025-08-17,North,Tanvir Ahmed,Grocery,Tea Pack,Retail Store,Bank Transfer,4,3.93,15.72
10711,04/08/2024,West,Imran Kabir,Apparel,Sneakers,Wholesale,Nagad,22,51.88,1141.36
12737,17/10/2024,,Farzana Islam,Apparel,Jacket,RETAIL STORE,Cash,11,71.44,785.84
11148,2025-03-14,west,Mim Akter,Furniture,Sofa,Distributor,Cash,6,465.35,2792.1
10340,2025-02-11,west,Mim Akter,Electronics,Monitor,Online,Nagad,,251.25,1758.75
10105,24/03/2025,East,Arif Hossain,Electronics,Smartphone,Retail Store,Cash,23,408.47,9394.81
10558,03-18-2024,East,Farzana Islam,Apparel,Jeans,Wholesale,Cash,18,39.65,713.7
12710,12-04-2025,East,Tanvir Ahmed,Apparel,Jeans,Distributor,Credit Card,17,39.76,675.92
12407,03-24-2025,North,Lamia Sultana,Grocery,Cooking Oil 1L,retail store,bKash,21,2.99,62.79
10989,2024-01-25,  North  ,Tanvir Ahmed,Electronics,Monitor,Wholesale,Bank Transfer,19,241.85,4595.15
12664,10/11/2024,South,Tanvir Ahmed,Furniture,Sofa,wholesale,bKash,8,442.95,3543.6
11791,2024-07-31,NORTH,Tanvir Ahmed,Furniture,Office Chair,Distributor,Credit Card,6,132.83,796.98
11378,2024-08-21,central,Mim Akter,Stationery,Desk Organizer,Online,Nagad,2,20.48,40.96
10437,2024-09-03,  East  ,Nusrat Jahan,Apparel,Jacket,RETAIL STORE,Nagad,2,71.59,143.18
10658,2025-09-19,West,Rakib Hasan,Apparel,Jacket,WHOLESALE,Cash,2,69.71,139.42
10303,06-22-2024,Central,Nusrat Jahan,Electronics,Monitor,Retail Store,Bank Transfer,5,212.79,1063.95
11714,2024-09-30,Central,Nusrat Jahan,Apparel,Jacket,Wholesale,Cash,3,73.34,220.02
11288,11/07/2024,West,Lamia Sultana,Apparel,Sneakers,RETAIL STORE,Bank Transfer,3,53.32,159.96
12135,18/09/2025,west,Shakil Rahman,Apparel,Jeans,Retail Store,Credit Card,7,39.48,276.36
12465,11-08-2024,East,Shakil Rahman,Furniture,Bookshelf,Wholesale,Credit Card,17,99.91,1698.47
10573,25/12/2024,east,Tanvir Ahmed,Stationery,Backpack,wholesale,Credit Card,22,45.63,1003.86
11098,2025-08-13,EAST,Rakib Hasan,Electronics,Smartwatch,DISTRIBUTOR,Bank Transfer,24,135.06,3241.44
11556,22/08/2024,West,Lamia Sultana,Apparel,Cap,  Wholesale  ,Cash,9,10.18,91.62
12995,2025-06-02,  East  ,Sadia Chowdhury,Furniture,Dining Table,Retail Store,Bank Transfer,22,333.23,7331.06
12016,2025-12-13,North,Farzana Islam,Apparel,Sneakers,Distributor,Credit Card,24,61.29,1470.96
11158,22/02/2024,West,Tanvir Ahmed,Furniture,Desk,RETAIL STORE,Credit Card,13,180.33,2344.29
10559,2025-11-30,East,,Grocery,Tea Pack,Distributor,bKash,7,4.1,28.7
11990,2024-12-29,South,Imran Kabir,Grocery,Cooking Oil 1L,WHOLESALE,Nagad,1,3.28,3.28
12377,03/07/2025,NORTH,Mim Akter,Electronics,Monitor,Retail Store,Bank Transfer,3,199.35,598.05
11047,2024-02-05,West,Mim Akter,Apparel,Jeans,Retail Store,bKash,22,36.16,795.52
12104,10-24-2025,east,Mim Akter,Electronics,Smartphone,Retail Store,Nagad,8,367.27,2938.16
12180,2025-01-13,east,Farzana Islam,Furniture,Office Chair,Online,bKash,22,129.05,2839.1
11324,2025-05-22,South,Arif Hossain,Stationery,Notebook,Retail Store,Nagad,5,1.91,9.55
11070,18/01/2025,South,Tanvir Ahmed,Furniture,Desk,Online,Nagad,16,180.2,2883.2
12425,2024-08-17,North,Arif Hossain,Grocery,Tea Pack,Retail Store,bKash,2,4.19,8.38
12379,2025-04-19,North,Shakil Rahman,Furniture,Desk,  Retail Store  ,Cash,22,200.1,4402.2
10440,2024-07-04,Central,Shakil Rahman,Grocery,Tea Pack,Retail Store,Nagad,10,3.7,37.0
11007,2024-06-27,north,Nusrat Jahan,Apparel,T-Shirt,retail store,Cash,8,16.82,134.56
12914,2024-11-24,Central,Tanvir Ahmed,Stationery,Pen Set,Wholesale,Cash,3,5.89,17.67
12168,2025-02-16,North,Tanvir Ahmed,Furniture,Sofa,online,Cash,14,452.88,6340.32
10505,2025-07-01,  East  ,Tanvir Ahmed,Grocery,Coffee Jar,Wholesale,Credit Card,1,7.42,7.42
11552,2025-03-18,West,Rakib Hasan,Stationery,Desk Organizer,Retail Store,Credit Card,22,17.57,386.54
10342,17/01/2024,North,Tanvir Ahmed,Grocery,Tea Pack,Online,Bank Transfer,4,4.53,18.12
10231,2024-02-09,Central,Imran Kabir,Furniture,Dining Table,ONLINE,Credit Card,5,377.44,1887.2
11081,2024-09-22,South,Tanvir Ahmed,Furniture,Desk,RETAIL STORE,bKash,14,181.83,2545.62
11605,2025-07-20,East,Shakil Rahman,Apparel,Jeans,Wholesale,Bank Transfer,3,39.96,119.88
11237,12-14-2025,North,Nusrat Jahan,Stationery,Notebook,Retail Store,Bank Transfer,18,2.19,39.42
12744,07-27-2024,Central,Shakil Rahman,Grocery,Cooking Oil 1L,Online,Nagad,15,2.96,44.4
10178,2024-05-20,East,Sadia Chowdhury,Furniture,Desk,Retail Store,bKash,5,165.47,827.35
10979,2024-01-10,West,Mim Akter,Electronics,Laptop,Retail Store,Bank Transfer,8,922.92,7383.36
11626,2024-09-16,East,Imran Kabir,Apparel,T-Shirt,Online,Bank Transfer,12,16.57,198.84
12437,10-26-2024,SOUTH,Nusrat Jahan,Furniture,Office Chair,distributor,Bank Transfer,6,115.95,695.7
11860,2025-01-11,north,Nusrat Jahan,Grocery,Cooking Oil 1L,Online,Nagad,10,2.79,27.9
10380,2025-04-18,Central,Arif Hossain,Grocery,Coffee Jar,  Retail Store  ,Credit Card,4,7.71,30.84
10102,2025-07-17,  West  ,Sadia Chowdhury,Furniture,Bookshelf,Distributor,Bank Transfer,2,91.23,182.46
12686,2024-04-28,South,Farzana Islam,Stationery,Backpack,Distributor,Credit Card,14,44.95,629.3
10750,2024-02-07,Central,Rakib Hasan,Stationery,Desk Organizer,RETAIL STORE,Credit Card,24,16.84,404.16
12288,02-06-2024,Central,Farzana Islam,Furniture,Bookshelf,Retail Store,Credit Card,9,88.48,796.32
10451,2025-12-04,EAST,Sadia Chowdhury,Electronics,Headphones,Distributor,Bank Transfer,5,59.14,295.7
10460,2025-06-07,  Central  ,Sadia Chowdhury,Electronics,Laptop,RETAIL STORE,Credit Card,3,918.76,2756.28
10963,2024-05-27,North,Arif Hossain,Electronics,Laptop,retail store,Cash,6,819.31,4915.86
10784,27/12/2025,CENTRAL,Arif Hossain,Grocery,Coffee Jar,online,Bank Transfer,18,7.49,134.82
12625,2024-05-31,East,Shakil Rahman,Stationery,Desk Organizer,Wholesale,bKash,23,20.05,461.15
10306,2025-01-24,North,Imran Kabir,Furniture,Bookshelf,Distributor,Nagad,11,90.91,1000.01
10261,2025-03-09,South,,Electronics,Monitor,Online,Credit Card,12,236.52,2838.24
12918,11/08/2024,west,Sadia Chowdhury,Furniture,Desk,Wholesale,Bank Transfer,7,204.27,1429.89
10468,2025-12-22,North,Shakil Rahman,Grocery,Rice 5kg,Distributor,Credit Card,22,8.25,181.5
12523,2024-10-04,EAST,Farzana Islam,Furniture,Sofa,  Online  ,bKash,10,439.09,4390.9
11997,2025-10-08,West,Tanvir Ahmed,Apparel,T-Shirt,Wholesale,Cash,13,14.09,183.17
10570,2024-05-17,NORTH,Rakib Hasan,Furniture,Sofa,wholesale,Bank Transfer,21,463.16,9726.36
11988,2025-01-13,east,Arif Hossain,Grocery,Cooking Oil 1L,Retail Store,Cash,22,2.74,60.28
10770,2024-10-29,West,Rakib Hasan,Grocery,Coffee Jar,Distributor,bKash,20,6.57,131.4
10939,10-26-2025,south,Arif Hossain,Grocery,Coffee Jar,Wholesale,Cash,13,7.66,99.58
11162,2024-07-08,East,Lamia Sultana,Apparel,Sneakers,Online,Bank Transfer,9,62.54,562.86
11845,2025-01-25,North,Imran Kabir,Electronics,Tablet,Distributor,Cash,1,306.82,306.82
11664,2025-05-24,west,Lamia Sultana,Apparel,Cap,Wholesale,Cash,25,9.72,243.0
11286,2025-05-14,South,Sadia Chowdhury,Electronics,Monitor,  Wholesale  ,bKash,4,216.72,866.88
10261,2025-03-09,  South  ,Lamia Sultana,Electronics,Monitor,online,Credit Card,12,236.52,2838.24
10709,2025-07-16,South,Shakil Rahman,Stationery,Desk Organizer,Online,Cash,2,16.2,32.4
12472,2024-03-14,south,Rakib Hasan,Apparel,Cap,DISTRIBUTOR,Credit Card,11,11.31,124.41
12316,13/06/2024,East,Mim Akter,Grocery,Cooking Oil 1L,  Online  ,bKash,21,2.96,62.16
12817,2024-06-18,SOUTH,Imran Kabir,Electronics,Tablet,RETAIL STORE,Nagad,20,340.94,6818.8
10112,2025-12-23,West,Tanvir Ahmed,Grocery,Cooking Oil 1L,  Distributor  ,Bank Transfer,13,2.99,38.87
10685,2024-08-31,East,Imran Kabir,Apparel,T-Shirt,Online,Bank Transfer,12,15.19,182.28
12477,2024-03-06,,Shakil Rahman,Stationery,Notebook,  Retail Store  ,bKash,21,1.84,38.64
10590,2024-07-11,East,Arif Hossain,Stationery,Backpack,distributor,Bank Transfer,3,37.82,113.46
10621,2024-01-23,East,Nusrat Jahan,Apparel,T-Shirt,retail store,Cash,25,16.58,414.5
12392,2025-09-14,South,Rakib Hasan,Furniture,Desk,Online,Credit Card,10,173.42,1734.2
11557,2024-11-18,South,Shakil Rahman,Apparel,Jacket,Distributor,Cash,15,63.51,952.65
11848,04-02-2024,  West  ,Mim Akter,Furniture,Office Chair,Online,bKash,23,135.48,3116.04
10045,2025-11-16,North,Rakib Hasan,Furniture,Sofa,Distributor,Bank Transfer,24,496.21,11909.04
10486,19/06/2025,CENTRAL,Shakil Rahman,Stationery,Desk Organizer,Wholesale,Credit Card,4,16.31,65.24
11231,10-07-2024,South,Farzana Islam,Apparel,Jacket,RETAIL STORE,Credit Card,13,,777.79
11219,07-14-2025,north,Tanvir Ahmed,Stationery,Desk Organizer,  Retail Store  ,Cash,3,18.45,55.35
11275,2024-01-05,North,Shakil Rahman,Furniture,Dining Table,online,Nagad,15,339.88,5098.2
12049,2025-02-25,North,Sadia Chowdhury,Grocery,Cooking Oil 1L,Retail Store,Bank Transfer,22,2.8,61.6
10865,2024-08-11,Central,Imran Kabir,Apparel,Jacket,Retail Store,Bank Transfer,5,60.24,301.2
12096,06/02/2024,South,Farzana Islam,Stationery,Backpack,Distributor,Credit Card,25,39.54,988.5
12601,2025-12-12,  South  ,Arif Hossain,Grocery,Rice 5kg,Wholesale,Bank Transfer,21,7.54,158.34
12555,22/02/2024,south,Arif Hossain,Apparel,Cap,Online,Nagad,6,9.36,56.16
11415,2024-04-28,West,Mim Akter,Apparel,Sneakers,Retail Store,Bank Transfer,6,55.89,335.34
10489,2025-12-13,Central,Imran Kabir,Stationery,Pen Set,RETAIL STORE,Nagad,10,6.44,64.4
12532,10/10/2025,NORTH,Sadia Chowdhury,Furniture,Office Chair,retail store,bKash,15,122.84,1842.6
10456,11-09-2025,north,Shakil Rahman,Furniture,Desk,wholesale,Credit Card,17,174.15,2960.55
11655,2025-11-30,Central,Nusrat Jahan,Grocery,Cooking Oil 1L,DISTRIBUTOR,Credit Card,5,3.15,15.75
11043,2024-07-18,,Imran Kabir,Electronics,Monitor,Distributor,Bank Transfer,,200.08,2601.04
10955,2025-09-12,West,,Apparel,Cap,Wholesale,Bank Transfer,5,,54.5
10338,19/01/2025,West,Rakib Hasan,Furniture,Sofa,distributor,Bank Transfer,15,413.5,6202.5
11767,2025-06-07,South,Lamia Sultana,Electronics,Monitor,DISTRIBUTOR,bKash,1,215.04,215.04
11429,15/08/2024,West,Shakil Rahman,Stationery,Desk Organizer,  Wholesale  ,Credit Card,14,18.72,262.08
12509,2024-10-09,Central,Mim Akter,Grocery,Tea Pack,Distributor,Bank Transfer,3,4.55,13.65
12773,2025-11-20,WEST,Imran Kabir,Grocery,Rice 5kg,  Retail Store  ,bKash,4,7.61,30.44
12979,03/08/2025,EAST,Farzana Islam,Stationery,Notebook,Online,bKash,21,2.19,45.99
11191,2024-07-04,SOUTH,Imran Kabir,Stationery,Pen Set,Distributor,Nagad,22,6.04,132.88
11314,2024-12-29,East,Nusrat Jahan,Stationery,Notebook,Online,Bank Transfer,8,2.21,17.68
12831,2025-03-14,South,Nusrat Jahan,Grocery,Coffee Jar,Retail Store,bKash,2,6.97,13.94
11072,03-22-2025,,Lamia Sultana,Electronics,Laptop,Retail Store,bKash,9,928.89,8360.01
11006,2024-07-18,NORTH,Rakib Hasan,Electronics,Smartwatch,DISTRIBUTOR,Bank Transfer,21,156.96,3296.16
12734,26/09/2025,north,Mim Akter,Furniture,Desk,Distributor,bKash,2,174.58,349.16
10881,2024-07-30,West,Imran Kabir,Apparel,Jacket,RETAIL STORE,Bank Transfer,20,62.0,1240.0
11233,05/03/2025,East,Rakib Hasan,Grocery,Tea Pack,Retail Store,Cash,16,4.08,65.28
10445,2025-05-14,South,Mim Akter,Stationery,Desk Organizer,Retail Store,Credit Card,11,19.04,209.44
10370,2025-02-23,CENTRAL,Nusrat Jahan,Grocery,Cooking Oil 1L,Retail Store,Credit Card,1,2.87,2.87
10417,2024-03-21,South,Rakib Hasan,Furniture,Desk,Online,Bank Transfer,22,181.59,3994.98
11506,2025-11-25,Central,Tanvir Ahmed,Furniture,Bookshelf,Wholesale,bKash,10,87.14,871.4
11202,01-09-2025,central,Rakib Hasan,Electronics,Tablet,Online,bKash,5,275.92,1379.6
10298,2025-09-25,South,Lamia Sultana,Grocery,Coffee Jar,  Wholesale  ,Credit Card,10,7.7,77.0
11863,2024-09-15,south,Tanvir Ahmed,Grocery,Cooking Oil 1L,Retail Store,Bank Transfer,16,,48.0
11620,2024-03-26,East,Imran Kabir,Apparel,Cap,distributor,Cash,1,9.25,9.25
12875,2024-05-30,NORTH,Shakil Rahman,Stationery,Desk Organizer,  Wholesale  ,bKash,1,17.61,17.61
12963,2024-10-10,east,Arif Hossain,Furniture,Dining Table,Wholesale,Nagad,4,364.92,1459.68
11217,01-03-2025,West,Rakib Hasan,Stationery,Backpack,  Distributor  ,Cash,20,44.56,891.2
10304,09/10/2024,SOUTH,Farzana Islam,Apparel,Sneakers,Retail Store,Bank Transfer,14,53.62,750.68
12701,2024-11-21,North,Nusrat Jahan,Furniture,Sofa,Online,Bank Transfer,10,515.1,5151.0
12777,26/10/2024,West,Nusrat Jahan,Grocery,Rice 5kg,Distributor,Nagad,6,8.45,50.7
12681,2024-07-05,WEST,Imran Kabir,Furniture,Office Chair,ONLINE,Credit Card,10,124.41,1244.1
11090,2025-09-19,south,Lamia Sultana,Apparel,Sneakers,Wholesale,Bank Transfer,3,54.29,162.87
11619,10-13-2024,west,Imran Kabir,Furniture,Sofa,ONLINE,Credit Card,24,487.4,11697.6
12870,2025-05-30,west,Shakil Rahman,Furniture,Dining Table,Distributor,Credit Card,17,393.75,6693.75
12333,2024-10-09,CENTRAL,Sadia Chowdhury,Furniture,Dining Table,  Retail Store  ,Nagad,11,399.13,4390.43
10838,2025-05-31,south,Shakil Rahman,Grocery,Coffee Jar,Wholesale,Bank Transfer,9,7.25,65.25
12041,2024-09-14,  Central  ,Mim Akter,Furniture,Desk,DISTRIBUTOR,Credit Card,7,196.97,1378.79
11690,2025-03-18,East,Rakib Hasan,Furniture,Sofa,Distributor,Credit Card,10,421.2,4212.0
10623,19/09/2024,East,Lamia Sultana,Furniture,Bookshelf,Retail Store,bKash,10,83.07,830.7
12428,2025-05-05,SOUTH,Farzana Islam,Furniture,Office Chair,WHOLESALE,Credit Card,11,117.04,1287.44
12746,2024-10-07,South,Imran Kabir,Grocery,Tea Pack,Retail Store,Bank Transfer,16,3.92,62.72
12099,2025-07-24,west,Rakib Hasan,Stationery,Backpack,  Retail Store  ,Cash,25,40.28,1007.0
10203,2025-09-14,Central,Rakib Hasan,Grocery,Tea Pack,ONLINE,bKash,22,4.38,96.36
11717,2025-08-19,NORTH,Mim Akter,Electronics,Laptop,Online,bKash,21,970.2,20374.2
11830,2025-10-05,south,Shakil Rahman,Stationery,Desk Organizer,ONLINE,Bank Transfer,16,18.88,302.08
10044,06-07-2024,North,Mim Akter,Furniture,Desk,Wholesale,Nagad,8,200.91,1607.28
11331,2024-10-17,West,Imran Kabir,Electronics,Tablet,RETAIL STORE,Credit Card,15,279.01,4185.15
10186,2025-01-30,West,Arif Hossain,Grocery,Rice 5kg,DISTRIBUTOR,bKash,3,7.95,23.85
11927,2024-07-08,  North  ,Tanvir Ahmed,Apparel,Sneakers,Distributor,Cash,23,50.78,1167.94
12511,2025-07-03,East,Nusrat Jahan,Grocery,Snack Box,Wholesale,Nagad,18,4.63,83.34
10291,2025-03-20,North,Rakib Hasan,Electronics,Monitor,Online,Bank Transfer,21,241.14,5063.94
12609,01-07-2024,SOUTH,Arif Hossain,Electronics,Smartwatch,Online,Bank Transfer,15,144.63,2169.45
12436,2024-07-14,North,Nusrat Jahan,Stationery,Backpack,Distributor,bKash,14,37.58,526.12
12980,2025-10-26,North,Arif Hossain,Stationery,Desk Organizer,RETAIL STORE,Credit Card,16,16.23,259.68
12907,2025-12-16,SOUTH,Nusrat Jahan,Grocery,Cooking Oil 1L,Retail Store,Nagad,,2.86,45.76
10297,2025-05-17,East,Tanvir Ahmed,Stationery,Desk Organizer,Distributor,Bank Transfer,8,17.8,142.4
12357,2025-11-13,East,Sadia Chowdhury,Furniture,Desk,Retail Store,Cash,2,178.41,356.82
10528,20/10/2025,south,Nusrat Jahan,Furniture,Sofa,  Online  ,Nagad,9,428.8,3859.2
10201,2025-12-07,East,Sadia Chowdhury,Apparel,Jacket,Wholesale,bKash,15,64.21,963.15
10050,13/08/2025,Central,Arif Hossain,Apparel,Sneakers,ONLINE,Bank Transfer,7,53.0,371.0
11834,13/08/2024,East,Imran Kabir,Stationery,Backpack,Retail Store,bKash,20,42.04,840.8
11700,06-03-2024,North,Mim Akter,Electronics,Headphones,DISTRIBUTOR,bKash,7,58.61,410.27
12108,2025-10-14,  West  ,Nusrat Jahan,Grocery,Cooking Oil 1L,Wholesale,Bank Transfer,15,3.24,48.6
12859,07-05-2025,  North  ,Sadia Chowdhury,Stationery,Backpack,Retail Store,bKash,19,39.47,749.93
10122,2025-01-28,east,Sadia Chowdhury,Apparel,Sneakers,Distributor,bKash,16,50.97,815.52
11321,2025-11-17,North,Imran Kabir,Stationery,Backpack,retail store,Bank Transfer,1,40.63,40.63
11870,07/02/2024,West,Sadia Chowdhury,Stationery,Notebook,Wholesale,Nagad,22,2.19,48.18
10810,12/08/2025,West,Farzana Islam,Grocery,Tea Pack,Distributor,Nagad,1,4.45,4.45
11663,17/05/2025,WEST,Imran Kabir,Apparel,Sneakers,wholesale,Credit Card,1,56.25,56.25
12254,2024-03-04,EAST,Imran Kabir,Apparel,Jeans,Online,Cash,24,33.56,805.44
11016,2024-08-28,south,Nusrat Jahan,Stationery,Notebook,Retail Store,Bank Transfer,,1.91,24.83
10095,2024-04-27,South,Shakil Rahman,Grocery,Rice 5kg,retail store,Bank Transfer,18,7.65,137.7
10092,2024-04-11,West,Shakil Rahman,Apparel,Cap,Online,Nagad,25,9.52,238.0
10973,2025-07-23,north,Imran Kabir,Electronics,Headphones,Online,bKash,9,67.17,604.53
10471,09-03-2024,South,Farzana Islam,Grocery,Coffee Jar,WHOLESALE,Cash,11,8.0,88.0
11034,2025-02-02,Central,Imran Kabir,Electronics,Smartphone,Wholesale,Credit Card,7,372.99,2610.93
10592,04-14-2024,SOUTH,Tanvir Ahmed,Apparel,T-Shirt,Online,bKash,10,14.51,145.1
10523,05-14-2025,West,Mim Akter,Stationery,Pen Set,Online,bKash,8,5.49,43.92
11503,30/10/2025,West,Tanvir Ahmed,Apparel,Sneakers,RETAIL STORE,Cash,24,61.64,1479.36
11838,2024-09-01,SOUTH,Shakil Rahman,Furniture,Desk,Online,Credit Card,22,175.88,3869.36
12343,2024-03-13,Central,Arif Hossain,Stationery,Notebook,  Retail Store  ,bKash,22,1.81,39.82
12130,2025-05-30,Central,Sadia Chowdhury,Electronics,Headphones,Wholesale,Nagad,17,66.95,1138.15
11069,2024-12-07,East,Imran Kabir,Apparel,Sneakers,Wholesale,Credit Card,5,59.33,296.65
10070,06/07/2025,East,Farzana Islam,Apparel,Sneakers,wholesale,Credit Card,2,63.25,126.5
11669,29/07/2024,Central,Tanvir Ahmed,Furniture,Dining Table,Online,Bank Transfer,23,325.18,7479.14
12119,2025-08-01,  South  ,Nusrat Jahan,Electronics,Tablet,Wholesale,bKash,21,313.69,6587.49
10648,2024-11-21,North,Arif Hossain,Furniture,Bookshelf,Online,bKash,5,97.36,486.8
10759,22/12/2024,south,Sadia Chowdhury,Electronics,Smartwatch,Online,Cash,14,135.17,1892.38
12654,11-21-2024,WEST,Imran Kabir,Grocery,Rice 5kg,Retail Store,bKash,25,7.4,185.0
10785,11/07/2024,west,Lamia Sultana,Stationery,Backpack,DISTRIBUTOR,Credit Card,15,36.87,553.05
11538,2025-10-25,central,Mim Akter,Stationery,Backpack,Wholesale,Bank Transfer,6,44.71,268.26
12958,2024-04-02,East,Rakib Hasan,Stationery,Backpack,Online,bKash,12,45.11,541.32
12125,2024-04-29,East,Shakil Rahman,Stationery,Backpack,  Wholesale  ,Nagad,6,44.93,269.58
12589,2025-02-18,Central,Nusrat Jahan,Grocery,Tea Pack,Retail Store,bKash,10,4.36,43.6
11951,2024-01-21,East,Arif Hossain,Apparel,T-Shirt,Distributor,Bank Transfer,3,15.63,46.89
12719,2025-03-11,North,Mim Akter,Stationery,Pen Set,Retail Store,Credit Card,19,5.41,102.79
11444,2024-12-24,West,Lamia Sultana,Electronics,Smartwatch,Retail Store,Credit Card,21,155.97,3275.37
12391,2024-05-28,East,Sadia Chowdhury,Grocery,Cooking Oil 1L,Distributor,bKash,7,3.43,24.01
10371,04-16-2024,East,Tanvir Ahmed,Apparel,T-Shirt,Wholesale,Cash,7,15.49,108.43
11278,2025-12-14,Central,Tanvir Ahmed,Apparel,Sneakers,Wholesale,Cash,15,56.28,844.2
11200,2024-05-21,South,Nusrat Jahan,Stationery,Desk Organizer,Retail Store,Credit Card,4,20.53,82.12
12284,09-19-2024,EAST,Tanvir Ahmed,Grocery,Snack Box,Online,Bank Transfer,23,5.54,127.42
10020,2025-07-06,Central,Lamia Sultana,Furniture,Bookshelf,Wholesale,bKash,25,97.42,2435.5
11730,01-29-2025,West,Sadia Chowdhury,Grocery,Coffee Jar,Retail Store,bKash,14,7.96,111.44
12234,27/03/2024,central,Lamia Sultana,Grocery,Tea Pack,Wholesale,Nagad,15,4.04,60.6
12442,2025-02-04,SOUTH,Rakib Hasan,Apparel,T-Shirt,Distributor,Bank Transfer,11,14.18,155.98
12241,11-17-2025,South,Shakil Rahman,Grocery,Tea Pack,DISTRIBUTOR,Cash,12,3.86,46.32
11437,2024-05-10,  North  ,Imran Kabir,Stationery,Notebook,Online,Bank Transfer,25,1.81,45.25
12154,2025-09-22,south,Tanvir Ahmed,Apparel,T-Shirt,Online,Credit Card,12,16.9,202.8
12948,26/04/2025,North,Arif Hossain,Stationery,Desk Organizer,Retail Store,Cash,2,19.49,38.98
12055,2025-11-16,  South  ,Imran Kabir,Grocery,Rice 5kg,  Retail Store  ,Nagad,11,7.46,82.06
10791,04-11-2025,North,,Apparel,Jacket,Distributor,Cash,6,68.55,411.3
11661,2025-07-30,Central,Farzana Islam,Stationery,Notebook,Distributor,Nagad,19,2.15,40.85
10668,30/10/2025,North,Rakib Hasan,Stationery,Pen Set,RETAIL STORE,Credit Card,12,5.46,65.52
12402,2024-11-24,west,Lamia Sultana,Electronics,Smartwatch,Retail Store,Nagad,15,155.52,2332.8
11394,2024-05-10,CENTRAL,Imran Kabir,Furniture,Dining Table,WHOLESALE,Cash,13,375.98,4887.74
11677,2024-05-10,North,Arif Hossain,Grocery,Cooking Oil 1L,wholesale,bKash,17,3.45,58.65
10317,2025-04-11,south,Mim Akter,Electronics,Laptop,Distributor,Cash,7,875.74,6130.18
10145,2025-09-03,Central,Lamia Sultana,Furniture,Bookshelf,Distributor,Bank Transfer,17,87.64,1489.88
11708,2025-01-08,central,Lamia Sultana,Grocery,Rice 5kg,Wholesale,bKash,9,7.58,68.22
12100,2025-07-05,  Central  ,Arif Hossain,Electronics,Headphones,wholesale,Bank Transfer,15,58.19,872.85
12036,16/06/2025,East,Lamia Sultana,Stationery,Pen Set,DISTRIBUTOR,bKash,5,6.39,31.95
10613,2025-12-26,north,Mim Akter,Electronics,Tablet,Wholesale,Cash,2,331.77,663.54
11441,2025-04-18,Central,Mim Akter,Stationery,Pen Set,Distributor,Bank Transfer,7,6.8,47.6
12884,12/07/2025,West,Shakil Rahman,Electronics,Monitor,Online,Nagad,19,204.64,3888.16
10427,2025-06-20,,Arif Hossain,Furniture,Office Chair,wholesale,bKash,19,108.87,2068.53
11704,29/04/2025,North,Tanvir Ahmed,Furniture,Sofa,Retail Store,Bank Transfer,13,458.65,5962.45
12664,2024-11-10,south,Tanvir Ahmed,Furniture,Sofa,Wholesale,bKash,8,442.95,3543.6
12231,01-05-2025,Central,Nusrat Jahan,Electronics,Monitor,Distributor,Cash,25,251.9,6297.5
10336,26/11/2025,East,Lamia Sultana,Apparel,Jacket,Distributor,Nagad,4,60.7,242.8
10805,2025-02-28,North,Tanvir Ahmed,Stationery,Desk Organizer,wholesale,Cash,6,18.7,112.2
12487,12-08-2025,central,Lamia Sultana,Grocery,Snack Box,distributor,Nagad,17,4.62,78.54
10951,2024-05-03,North,Lamia Sultana,Stationery,Backpack,Wholesale,Credit Card,12,41.72,500.64
10868,12-08-2025,north,Lamia Sultana,Apparel,Jacket,Online,Credit Card,22,62.39,1372.58
10180,2024-02-14,South,Lamia Sultana,Furniture,Desk,  Retail Store  ,Bank Transfer,14,178.39,2497.46
10234,2025-09-03,,Imran Kabir,Apparel,Jacket,Distributor,Credit Card,16,62.81,1004.96
12450,2025-04-10,North,Lamia Sultana,Apparel,Sneakers,Online,Credit Card,23,51.74,1190.02
12622,02-17-2025,West,Shakil Rahman,Furniture,Office Chair,online,Credit Card,19,130.11,2472.09
10461,20/04/2025,SOUTH,Sadia Chowdhury,Electronics,Headphones,Distributor,Cash,2,55.5,111.0
11165,2025-08-23,North,Rakib Hasan,Grocery,Rice 5kg,ONLINE,Credit Card,21,8.83,185.43
12938,2025-03-14,  West  ,Tanvir Ahmed,Stationery,Backpack,Distributor,Nagad,22,40.44,889.68
11884,2025-01-20,EAST,Rakib Hasan,Stationery,Pen Set,distributor,Nagad,3,5.55,16.65
11376,10-09-2024,North,Sadia Chowdhury,Stationery,Backpack,  Retail Store  ,Cash,9,44.69,402.21
12547,29/03/2025,West,Sadia Chowdhury,Apparel,Jacket,Online,Bank Transfer,24,64.66,1551.84
10928,2024-12-29,South,Sadia Chowdhury,Electronics,Smartwatch,  Distributor  ,Cash,25,136.75,3418.75
10090,2024-09-11,South,Lamia Sultana,Electronics,Smartphone,DISTRIBUTOR,Credit Card,4,415.81,1663.24
12053,2025-02-14,EAST,Rakib Hasan,Furniture,Bookshelf,Retail Store,Cash,4,91.51,366.04
10774,2025-06-27,North,Sadia Chowdhury,Grocery,Rice 5kg,Online,Bank Transfer,13,8.16,106.08
10729,2025-04-04,central,Imran Kabir,Apparel,Jeans,Online,Cash,13,37.44,486.72
11874,28/09/2024,  North  ,Farzana Islam,Apparel,Jeans,Retail Store,Credit Card,24,35.72,857.28
10985,02-20-2025,West,Tanvir Ahmed,Grocery,Rice 5kg,DISTRIBUTOR,Bank Transfer,9,7.44,66.96
11824,19/09/2025,East,Lamia Sultana,Grocery,Tea Pack,Wholesale,bKash,5,4.4,22.0
12767,2024-03-27,North,Nusrat Jahan,Apparel,T-Shirt,  Online  ,Credit Card,19,14.32,272.08
11317,2024-07-06,North,Shakil Rahman,Apparel,Jacket,Wholesale,Nagad,13,71.21,925.73
11885,2024-04-04,NORTH,Rakib Hasan,Electronics,Monitor,Wholesale,Bank Transfer,23,233.64,5373.72
10419,2025-08-24,central,Sadia Chowdhury,Apparel,Jacket,Online,Nagad,17,71.2,1210.4
11510,04/06/2024,East,Mim Akter,Electronics,Headphones,Distributor,Bank Transfer,15,66.82,1002.3
10014,2025-04-24,North,Imran Kabir,Grocery,Snack Box,Wholesale,Nagad,17,4.81,81.77
10374,09/11/2025,Central,Lamia Sultana,Grocery,Rice 5kg,  Online  ,Bank Transfer,5,7.67,38.35
10646,2025-10-30,East,,Apparel,Cap,Retail Store,bKash,5,10.45,52.25
11142,2024-12-12,west,Rakib Hasan,Grocery,Coffee Jar,Distributor,Credit Card,22,6.74,148.28
10659,22/08/2025,west,Farzana Islam,Furniture,Sofa,online,bKash,23,,10728.81
10051,2025-03-17,central,Arif Hossain,Grocery,Rice 5kg,Retail Store,Cash,3,9.1,27.3
10026,15/07/2024,  West  ,Mim Akter,Electronics,Laptop,Online,bKash,7,878.96,6152.72
10968,2025-07-22,North,Shakil Rahman,Grocery,Cooking Oil 1L,  Online  ,bKash,21,3.29,69.09
10931,2025-06-02,EAST,Rakib Hasan,Electronics,Smartphone,distributor,Bank Transfer,16,433.26,6932.16
10982,2024-07-17,Central,Sadia Chowdhury,Apparel,Cap,Retail Store,Nagad,22,10.85,238.7
12387,2025-04-15,West,Farzana Islam,Electronics,Tablet,ONLINE,Nagad,2,308.36,616.72
12274,2024-12-20,East,Rakib Hasan,Apparel,Jacket,ONLINE,Nagad,22,63.27,1391.94
11778,03-21-2025,West,Tanvir Ahmed,Furniture,Desk,online,Nagad,18,204.85,3687.3
12587,2025-01-27,WEST,Arif Hossain,Electronics,Monitor,Online,Credit Card,9,240.66,2165.94
12840,2024-01-31,SOUTH,Rakib Hasan,Stationery,Notebook,Wholesale,Credit Card,1,2.25,2.25
12147,09/10/2024,south,Sadia Chowdhury,Electronics,Laptop,Online,bKash,7,855.07,5985.49
12435,2024-03-27,East,Imran Kabir,Furniture,Bookshelf,Wholesale,bKash,3,86.01,258.03
11446,2025-08-29,West,Shakil Rahman,Apparel,Cap,RETAIL STORE,Credit Card,5,9.26,46.3
11807,2025-05-01,north,Farzana Islam,Grocery,Rice 5kg,Distributor,Cash,13,8.21,106.73
11581,06-28-2024,  South  ,Imran Kabir,Grocery,Cooking Oil 1L,online,Credit Card,17,3.38,57.46
12086,2024-12-17,Central,Mim Akter,Apparel,Jeans,Wholesale,bKash,13,32.97,428.61
10399,2024-08-14,SOUTH,Lamia Sultana,Stationery,Notebook,Distributor,Nagad,21,2.08,43.68
11330,14/11/2025,  East  ,,Grocery,Tea Pack,WHOLESALE,Cash,9,3.99,35.91
12596,2024-10-10,East,Farzana Islam,Grocery,Snack Box,Retail Store,bKash,18,5.69,102.42
10361,15/01/2025,East,Arif Hossain,Furniture,Sofa,  Distributor  ,bKash,5,489.35,2446.75
10116,08/10/2025,north,Lamia Sultana,Grocery,Snack Box,Online,bKash,22,5.65,124.3
11094,2025-01-27,  West  ,Tanvir Ahmed,Electronics,Laptop,  Retail Store  ,Cash,25,824.58,20614.5
11494,01-08-2025,East,Sadia Chowdhury,Grocery,Snack Box,Distributor,Nagad,4,5.48,21.92
11311,2025-08-30,West,Tanvir Ahmed,Apparel,T-Shirt,Retail Store,Cash,4,13.7,54.8
10484,08-02-2024,Central,Mim Akter,Stationery,Backpack,retail store,bKash,20,43.14,862.8
12175,2024-08-09,WEST,Imran Kabir,Apparel,T-Shirt,Online,bKash,16,14.57,233.12
11995,2024-10-31,East,Rakib Hasan,Grocery,Snack Box,Distributor,Bank Transfer,6,4.53,27.18
12063,2024-06-30,Central,Nusrat Jahan,Grocery,Cooking Oil 1L,Online,Nagad,18,3.21,57.78
11116,02-07-2025,Central,Rakib Hasan,Electronics,Monitor,WHOLESALE,Credit Card,18,242.96,4373.28
11309,2025-12-02,East,Farzana Islam,Stationery,Backpack,online,Bank Transfer,5,40.66,203.3
11639,2024-11-23,west,Mim Akter,Apparel,Jacket,Distributor,bKash,18,64.3,1157.4
12496,13/07/2024,EAST,Farzana Islam,Grocery,Snack Box,online,Credit Card,5,5.33,26.65
10574,12-29-2024,central,Arif Hossain,Furniture,Dining Table,Retail Store,Cash,11,373.9,4112.9
12745,18/03/2024,SOUTH,Rakib Hasan,Electronics,Smartwatch,Wholesale,Bank Transfer,23,143.59,3302.57
10512,11-18-2025,CENTRAL,Sadia Chowdhury,Stationery,Notebook,Online,Cash,3,1.93,5.79
10015,04-24-2024,North,Arif Hossain,Stationery,Notebook,distributor,Cash,10,2.02,20.2
12881,2025-07-22,  North  ,Rakib Hasan,Stationery,Backpack,Distributor,Bank Transfer,15,36.06,540.9
10447,20/03/2025,West,Farzana Islam,Stationery,Pen Set,Retail Store,Nagad,21,6.04,126.84
11462,2024-01-15,South,Lamia Sultana,Apparel,Jacket,Distributor,Nagad,22,65.05,1431.1
10900,2025-02-12,North,Arif Hossain,Electronics,Monitor,Wholesale,Credit Card,9,207.79,1870.11
12064,2025-04-05,North,Mim Akter,Apparel,Sneakers,Retail Store,Nagad,24,49.82,1195.68
11893,2025-04-17,east,Mim Akter,Grocery,Cooking Oil 1L,Retail Store,bKash,5,3.23,16.15
11504,2025-09-22,South,Lamia Sultana,Grocery,Rice 5kg,Distributor,Cash,17,8.28,140.76
10164,2024-12-13,Central,Farzana Islam,Stationery,Desk Organizer,Wholesale,Cash,8,,141.6
11345,2024-12-26,SOUTH,Nusrat Jahan,Stationery,Desk Organizer,  Wholesale  ,Nagad,12,18.98,227.76
10797,2025-05-05,Central,Sadia Chowdhury,Stationery,Pen Set,Distributor,Credit Card,2,5.61,11.22
12494,2024-08-07,Central,Lamia Sultana,Stationery,Pen Set,WHOLESALE,bKash,16,6.01,96.16
12291,2025-07-12,CENTRAL,Tanvir Ahmed,Furniture,Sofa,Wholesale,Cash,14,409.38,5731.32
10840,2025-11-06,North,Tanvir Ahmed,Grocery,Coffee Jar,Retail Store,Nagad,25,6.83,170.75
12989,2024-11-11,North,Farzana Islam,Stationery,Pen Set,  Distributor  ,Credit Card,16,6.83,109.28
10925,2025-05-18,South,Nusrat Jahan,Grocery,Cooking Oil 1L,retail store,Nagad,4,3.3,13.2
10490,25/02/2024,West,Imran Kabir,Electronics,Tablet,Distributor,Nagad,1,325.78,325.78
12505,2024-11-29,Central,Arif Hossain,Furniture,Bookshelf,  Retail Store  ,Cash,8,94.55,756.4
11794,2025-05-26,Central,Tanvir Ahmed,Grocery,Snack Box,Wholesale,Credit Card,11,4.94,54.34
11100,2025-02-08,CENTRAL,Lamia Sultana,Furniture,Dining Table,Retail Store,Credit Card,1,362.1,362.1
11760,10/03/2024,  West  ,Tanvir Ahmed,Stationery,Backpack,Wholesale,Nagad,2,38.0,76.0
12323,2025-08-02,Central,Arif Hossain,Grocery,Tea Pack,Wholesale,Cash,6,3.69,22.14
12607,2025-11-01,NORTH,Arif Hossain,Grocery,Snack Box,Wholesale,Credit Card,13,5.12,66.56
11427,2025-09-12,NORTH,Lamia Sultana,Stationery,Pen Set,Wholesale,bKash,10,6.58,65.8
12364,03-30-2024,East,Lamia Sultana,Electronics,Smartwatch,DISTRIBUTOR,Nagad,11,141.95,1561.45
11383,08-04-2024,Central,Tanvir Ahmed,Apparel,Jeans,online,Nagad,11,35.97,395.67
10622,2024-02-08,Central,Arif Hossain,Apparel,Cap,Retail Store,Credit Card,15,9.89,148.35
11268,2024-01-31,West,Shakil Rahman,Apparel,Cap,Distributor,Bank Transfer,,9.45,37.8
10150,2024-04-16,,Lamia Sultana,Grocery,Rice 5kg,Distributor,Cash,19,8.21,155.99
10143,2024-03-03,CENTRAL,Shakil Rahman,Electronics,Monitor,Wholesale,Credit Card,16,244.6,3913.6
12896,2025-01-09,SOUTH,Nusrat Jahan,Grocery,Rice 5kg,  Distributor  ,Credit Card,17,7.93,134.81
11810,2024-05-30,central,Tanvir Ahmed,Grocery,Rice 5kg,Retail Store,bKash,10,7.47,74.7
12220,10/02/2025,east,Shakil Rahman,Furniture,Sofa,Online,Credit Card,21,442.58,9294.18
11926,2025-01-07,  East  ,Imran Kabir,Furniture,Bookshelf,  Online  ,Nagad,3,92.21,276.63
12320,2024-09-07,North,Imran Kabir,Electronics,Smartwatch,Online,Cash,1,158.9,158.9
10836,07-02-2024,North,Farzana Islam,Electronics,Laptop,Wholesale,Credit Card,13,893.47,11615.11
12293,10-07-2025,South,Mim Akter,Stationery,Backpack,Retail Store,Bank Transfer,10,40.06,400.6
11178,08-13-2024,West,Shakil Rahman,Stationery,Notebook,RETAIL STORE,Bank Transfer,11,1.93,21.23
11138,19/05/2024,WEST,Tanvir Ahmed,Apparel,Cap,WHOLESALE,Nagad,16,10.24,163.84
10912,2025-02-08,North,,Stationery,Backpack,Online,Credit Card,4,36.13,144.52
10185,04-06-2025,south,Imran Kabir,Grocery,Snack Box,Online,bKash,12,5.66,67.92
12318,2025-08-19,  North  ,Sadia Chowdhury,Furniture,Bookshelf,  Distributor  ,bKash,2,95.12,190.24
10345,11-02-2025,  West  ,Shakil Rahman,Furniture,Office Chair,Retail Store,Bank Transfer,3,,387.33
10521,07/01/2025,Central,Arif Hossain,Furniture,Sofa,Online,Bank Transfer,17,406.19,6905.23
11978,2025-03-28,SOUTH,Farzana Islam,Furniture,Desk,Retail Store,Nagad,3,181.0,543.0
11802,2024-01-06,south,Sadia Chowdhury,Furniture,Office Chair,wholesale,bKash,13,131.27,1706.51
10119,2024-03-21,Central,Rakib Hasan,Stationery,Desk Organizer,RETAIL STORE,bKash,20,20.12,402.4
12902,03/11/2024,North,Arif Hossain,Electronics,Smartwatch,Wholesale,Bank Transfer,23,150.17,3453.91
11133,12-04-2025,Central,Rakib Hasan,Grocery,Coffee Jar,Distributor,Credit Card,17,7.55,128.35
11119,03-27-2024,NORTH,Arif Hossain,Furniture,Desk,Distributor,Credit Card,4,184.78,739.12
10875,2025-04-07,south,Lamia Sultana,Furniture,Dining Table,  Wholesale  ,Cash,16,391.43,6262.88
12699,2024-01-28,  East  ,Farzana Islam,Furniture,Office Chair,Wholesale,Credit Card,15,114.11,1711.65
12427,2024-01-09,North,Nusrat Jahan,Stationery,Backpack,retail store,Credit Card,25,41.71,1042.75
11146,18/05/2025,East,Tanvir Ahmed,Furniture,Sofa,Online,Bank Transfer,7,414.53,2901.71
11676,2024-09-24,Central,Shakil Rahman,Grocery,Tea Pack,  Distributor  ,Nagad,4,4.36,17.44
12279,2024-04-02,SOUTH,Shakil Rahman,Stationery,Pen Set,WHOLESALE,bKash,5,6.89,34.45
10415,29/08/2024,west,Arif Hossain,Grocery,Snack Box,Wholesale,Nagad,16,4.87,77.92
11266,20/04/2024,Central,Shakil Rahman,Grocery,Coffee Jar,Distributor,Nagad,20,6.97,139.4
12838,21/06/2025,  East  ,Farzana Islam,Grocery,Rice 5kg,Retail Store,Cash,6,7.3,43.8
11498,2025-03-03,EAST,Rakib Hasan,Electronics,Smartwatch,Distributor,Cash,1,151.75,151.75
11582,2025-09-11,South,Nusrat Jahan,Stationery,Notebook,Online,Bank Transfer,12,2.17,26.04
12832,2025-08-22,central,Arif Hossain,Grocery,Snack Box,Wholesale,Cash,3,4.66,13.98
11122,09/11/2025,Central,Arif Hossain,Apparel,Cap,Retail Store,Credit Card,2,9.59,19.18
10879,2025-08-03,SOUTH,Farzana Islam,Stationery,Backpack,Distributor,bKash,4,36.14,144.56
10302,2024-10-25,central,Mim Akter,Electronics,Smartwatch,wholesale,Credit Card,14,149.54,2093.56
10010,2024-11-19,East,Tanvir Ahmed,Stationery,Pen Set,Retail Store,Credit Card,13,5.8,75.4
11039,2025-12-16,  West  ,Sadia Chowdhury,Furniture,Dining Table,Wholesale,bKash,19,323.36,6143.84
11631,21/06/2024,east,Sadia Chowdhury,Grocery,Tea Pack,DISTRIBUTOR,bKash,11,3.62,39.82
10275,01/10/2024,east,Farzana Islam,Electronics,Tablet,RETAIL STORE,Credit Card,13,320.53,4166.89
11464,2025-10-12,South,Arif Hossain,Apparel,Cap,Wholesale,bKash,24,11.11,266.64
11323,04/05/2024,CENTRAL,Sadia Chowdhury,Electronics,Headphones,Distributor,Credit Card,24,62.77,1506.48
11185,26/07/2024,North,Farzana Islam,Stationery,Notebook,Distributor,Credit Card,5,2.04,10.2
11403,2025-07-19,East,Rakib Hasan,Electronics,Smartphone,Online,bKash,17,435.49,7403.33
11846,2024-08-22,North,Imran Kabir,Grocery,Coffee Jar,distributor,Cash,9,6.94,62.46
12196,12-14-2025,east,Arif Hossain,Stationery,Pen Set,wholesale,Nagad,17,5.74,97.58
10424,13/12/2025,East,Shakil Rahman,Electronics,Headphones,Distributor,Bank Transfer,22,55.47,1220.34
10330,2025-07-04,East,Tanvir Ahmed,Electronics,Smartphone,Distributor,bKash,10,376.82,3768.2
10211,2025-07-18,EAST,Arif Hossain,Grocery,Rice 5kg,distributor,Bank Transfer,5,8.42,42.1
10011,10-20-2025,East,Nusrat Jahan,Furniture,Dining Table,WHOLESALE,Bank Transfer,15,327.5,4912.5
12215,2025-11-29,North,Shakil Rahman,Apparel,Jeans,wholesale,Bank Transfer,9,38.37,345.33
10882,01-30-2024,West,Rakib Hasan,Apparel,Jeans,WHOLESALE,bKash,10,40.04,400.4
10470,20/10/2025,South,Arif Hossain,Apparel,Sneakers,Online,Credit Card,6,56.45,338.7
11414,08/04/2024,Central,Mim Akter,Grocery,Coffee Jar,WHOLESALE,Cash,8,6.5,52.0
11616,2025-09-16,WEST,Shakil Rahman,Grocery,Cooking Oil 1L,Online,Nagad,15,2.82,42.3
12153,2024-08-15,East,Shakil Rahman,Electronics,Headphones,retail store,Credit Card,23,64.65,1486.95
12424,19/08/2024,east,,Stationery,Pen Set,wholesale,Cash,19,6.72,127.68
12987,2025-06-21,North,Mim Akter,Apparel,Sneakers,Retail Store,Credit Card,16,58.0,928.0
10769,2024-03-02,East,Rakib Hasan,Apparel,Jeans,Online,Nagad,9,32.69,294.21
12008,2024-07-08,Central,,Stationery,Desk Organizer,Online,Credit Card,7,19.89,139.23
12484,28/05/2024,south,Farzana Islam,Furniture,Bookshelf,Retail Store,Bank Transfer,6,82.69,496.14
12054,2024-03-21,North,Nusrat Jahan,Electronics,Tablet,retail store,Credit Card,20,282.25,5645.0
12827,01-19-2025,NORTH,Rakib Hasan,Grocery,Coffee Jar,Distributor,bKash,11,6.53,71.83
12184,2025-07-06,CENTRAL,Mim Akter,Stationery,Desk Organizer,Wholesale,Credit Card,6,16.48,98.88
12200,2024-02-14,North,Mim Akter,Grocery,Coffee Jar,Retail Store,bKash,9,6.86,61.74
12265,15/03/2024,west,Arif Hossain,Stationery,Notebook,wholesale,Nagad,12,1.82,21.84
11793,2024-11-07,East,Imran Kabir,Stationery,Backpack,DISTRIBUTOR,bKash,14,42.19,590.66
10904,2024-07-09,  North  ,Imran Kabir,Stationery,Desk Organizer,DISTRIBUTOR,Nagad,14,19.04,266.56
12106,2024-07-05,Central,Nusrat Jahan,Grocery,Rice 5kg,Wholesale,Nagad,22,7.4,162.8
11974,2025-12-30,central,Sadia Chowdhury,Stationery,Notebook,Wholesale,Nagad,24,2.21,53.04
10678,2024-11-11,South,Shakil Rahman,Furniture,Office Chair,Distributor,Credit Card,10,123.2,1232.0
12583,15/02/2025,Central,Tanvir Ahmed,Stationery,Desk Organizer,Wholesale,Bank Transfer,9,19.33,173.97
11310,2025-05-13,East,Lamia Sultana,Furniture,Dining Table,Retail Store,Cash,10,320.65,3206.5
12621,25/10/2024,  Central  ,Farzana Islam,Stationery,Notebook,Online,Bank Transfer,20,2.22,44.4
11716,2024-08-30,East,Farzana Islam,Electronics,Smartphone,Retail Store,Nagad,25,368.74,9218.5
11169,2024-10-23,South,Lamia Sultana,Stationery,Notebook,Distributor,bKash,2,2.28,4.56
11211,25/07/2024,North,Shakil Rahman,Furniture,Dining Table,Retail Store,Nagad,21,396.31,8322.51
12808,04/12/2025,north,Nusrat Jahan,Stationery,Pen Set,Distributor,Cash,21,6.3,132.3
10854,2025-02-28,East,Imran Kabir,Apparel,Cap,Distributor,bKash,13,9.63,125.19
11565,2024-09-08,Central,Nusrat Jahan,Stationery,Backpack,Online,Bank Transfer,11,41.73,459.03
10747,2024-07-16,West,Nusrat Jahan,Grocery,Rice 5kg,RETAIL STORE,Credit Card,1,8.64,8.64
11944,2025-11-12,  South  ,Imran Kabir,Furniture,Desk,Distributor,bKash,22,172.92,3804.24
12969,27/05/2024,South,Nusrat Jahan,Electronics,Tablet,  Retail Store  ,Bank Transfer,8,319.03,2552.24
12535,2025-05-29,East,Farzana Islam,Apparel,Jeans,Wholesale,Credit Card,11,35.78,393.58
11508,2024-08-14,south,Nusrat Jahan,Apparel,T-Shirt,Online,Cash,3,15.79,47.37
11561,03-17-2024,Central,Sadia Chowdhury,Furniture,Dining Table,Distributor,Credit Card,8,329.04,2632.32
11002,08-02-2025,West,Sadia Chowdhury,Apparel,Jeans,distributor,Nagad,11,36.89,405.79
11107,2024-02-25,North,Rakib Hasan,Stationery,Desk Organizer,  Distributor  ,Nagad,,17.57,404.11
11192,2025-05-26,East,Mim Akter,Apparel,Cap,Online,Cash,22,9.92,218.24
10058,2024-09-06,SOUTH,Imran Kabir,Grocery,Snack Box,Wholesale,Bank Transfer,5,5.32,26.6
10998,2024-03-02,South,Nusrat Jahan,Stationery,Desk Organizer,Retail Store,Credit Card,5,17.6,88.0
12126,12/03/2024,  North  ,Rakib Hasan,Stationery,Desk Organizer,Retail Store,Bank Transfer,6,16.45,98.7
10603,2024-07-16,South,Mim Akter,Furniture,Sofa,Distributor,Bank Transfer,1,482.54,482.54
12891,2025-09-01,north,Arif Hossain,Electronics,Smartwatch,Online,Nagad,13,148.04,1924.52
11718,2025-12-22,North,Lamia Sultana,Grocery,Tea Pack,online,Credit Card,5,3.8,19.0
12488,2024-08-12,SOUTH,Farzana Islam,Furniture,Dining Table,Online,Credit Card,14,351.95,4927.3
12094,2025-09-26,North,Nusrat Jahan,Apparel,Jeans,  Retail Store  ,Cash,7,38.65,270.55
10479,20/04/2024,South,Sadia Chowdhury,Electronics,Tablet,retail store,Cash,25,301.09,7527.25
10133,17/11/2025,south,Imran Kabir,Furniture,Dining Table,Wholesale,Cash,24,375.94,9022.56
11558,2025-02-22,West,Tanvir Ahmed,Stationery,Desk Organizer,Wholesale,Credit Card,12,19.11,229.32
10647,05-28-2024,East,Arif Hossain,Furniture,Desk,Retail Store,Bank Transfer,21,203.99,4283.79
10333,30/03/2024,North,Sadia Chowdhury,Furniture,Bookshelf,Distributor,Cash,15,100.47,1507.05
11774,2024-01-24,CENTRAL,Arif Hossain,Furniture,Sofa,Distributor,Cash,23,468.36,10772.28
10406,2025-03-17,CENTRAL,Lamia Sultana,Electronics,Headphones,WHOLESALE,Credit Card,21,56.47,1185.87
11000,2024-08-31,North,Arif Hossain,Apparel,Jacket,RETAIL STORE,Credit Card,17,71.81,1220.77
10964,2025-09-21,EAST,Imran Kabir,Electronics,Smartphone,Retail Store,Credit Card,11,378.15,4159.65
12818,11-07-2025,EAST,Shakil Rahman,Stationery,Pen Set,Distributor,Credit Card,1,6.09,6.09
12802,2024-09-25,South,Farzana Islam,Stationery,Pen Set,  Wholesale  ,Credit Card,21,6.68,140.28
10113,26/03/2025,NORTH,Rakib Hasan,Furniture,Sofa,Distributor,Credit Card,4,464.17,1856.68
11544,2024-09-29,West,Rakib Hasan,Furniture,Desk,Online,Nagad,18,174.49,3140.82
11651,2025-02-15,West,Farzana Islam,Grocery,Tea Pack,  Retail Store  ,Cash,7,3.83,26.81
12170,22/08/2025,  East  ,Tanvir Ahmed,Grocery,Rice 5kg,ONLINE,Cash,8,8.29,66.32
10892,2025-03-22,West,Shakil Rahman,Furniture,Office Chair,Retail Store,Bank Transfer,4,137.86,551.44
11888,2024-06-23,North,Lamia Sultana,Stationery,Notebook,online,bKash,13,2.21,28.73
10409,2024-03-30,NORTH,Mim Akter,Grocery,Cooking Oil 1L,ONLINE,Bank Transfer,10,3.32,33.2
10625,2025-01-25,central,Shakil Rahman,Stationery,Notebook,ONLINE,Nagad,3,2.19,6.57
10698,2025-09-23,west,Nusrat Jahan,Apparel,Sneakers,Retail Store,bKash,9,62.05,558.45
10564,2025-04-13,central,Mim Akter,Stationery,Notebook,Wholesale,bKash,4,2.15,8.6
11859,21/02/2025,Central,Imran Kabir,Apparel,Cap,Distributor,Nagad,6,10.26,61.56
11218,2025-09-13,West,Nusrat Jahan,Grocery,Rice 5kg,retail store,Nagad,3,9.12,27.36
12347,27/02/2024,West,Sadia Chowdhury,Furniture,Office Chair,Online,Nagad,12,120.18,1442.16
10645,2024-09-03,West,Arif Hossain,Furniture,Office Chair,Retail Store,Bank Transfer,19,112.58,2139.02
11966,05-15-2024,SOUTH,Nusrat Jahan,Furniture,Office Chair,RETAIL STORE,bKash,10,121.83,1218.3
12964,2025-10-20,South,Rakib Hasan,Furniture,Desk,WHOLESALE,Credit Card,12,194.52,2334.24
10804,2025-06-21,South,Nusrat Jahan,Stationery,Notebook,  Distributor  ,Bank Transfer,11,1.83,20.13
12369,2025-02-26,South,Tanvir Ahmed,Apparel,Jacket,wholesale,Nagad,8,69.19,553.52
12367,2024-10-19,East,Rakib Hasan,Stationery,Notebook,wholesale,Credit Card,2,2.3,4.6
12460,07-01-2024,CENTRAL,Lamia Sultana,Apparel,T-Shirt,Distributor,Cash,20,14.69,293.8
10837,2025-11-07,East,Lamia Sultana,Apparel,Jeans,online,Credit Card,25,36.05,901.25
12694,23/11/2024,central,Lamia Sultana,Furniture,Sofa,  Wholesale  ,Credit Card,16,432.76,6924.16
10902,2025-12-02,east,Sadia Chowdhury,Furniture,Office Chair,wholesale,Cash,20,111.94,2238.8
12638,05-31-2024,East,Imran Kabir,Apparel,Cap,wholesale,Bank Transfer,23,9.13,209.99
11995,10-31-2024,  East  ,Rakib Hasan,Grocery,Snack Box,distributor,Bank Transfer,6,4.53,27.18
10216,10-08-2024,North,Shakil Rahman,Stationery,Backpack,retail store,Nagad,5,42.25,211.25
12489,2024-12-22,  South  ,Tanvir Ahmed,Electronics,Monitor,online,Credit Card,7,239.14,1673.98
10807,2024-01-28,East,Sadia Chowdhury,Apparel,Cap,wholesale,bKash,1,9.39,9.39
11140,2025-04-04,central,Lamia Sultana,Apparel,Jeans,Online,Nagad,6,37.4,224.4
12984,07/06/2025,  West  ,Sadia Chowdhury,Apparel,T-Shirt,DISTRIBUTOR,Bank Transfer,20,15.05,301.0
12415,2025-12-08,South,Imran Kabir,Electronics,Tablet,Distributor,Bank Transfer,2,289.27,578.54
12224,06-13-2025,North,Mim Akter,Apparel,T-Shirt,Distributor,Nagad,21,14.96,314.16
12538,10-31-2024,EAST,Nusrat Jahan,Grocery,Cooking Oil 1L,Distributor,bKash,15,3.36,50.4
11812,05-06-2025,,Rakib Hasan,Stationery,Notebook,Distributor,bKash,7,1.89,13.23
10949,2024-05-10,WEST,Rakib Hasan,Grocery,Coffee Jar,Retail Store,Nagad,16,7.54,120.64
12721,2024-03-03,West,Shakil Rahman,Apparel,Jeans,Wholesale,Credit Card,14,36.28,507.92
11384,01-25-2025,South,Imran Kabir,Stationery,Backpack,Online,bKash,25,45.98,1149.5
11566,2024-03-10,central,Shakil Rahman,Apparel,Cap,ONLINE,bKash,23,10.78,247.94
10803,2025-02-28,West,Shakil Rahman,Grocery,Coffee Jar,  Retail Store  ,Bank Transfer,5,7.76,38.8
12988,2024-11-14,East,Shakil Rahman,Furniture,Dining Table,DISTRIBUTOR,Credit Card,12,400.91,4810.92
12481,02-13-2024,East,Shakil Rahman,Electronics,Tablet,Retail Store,Credit Card,13,283.32,3683.16
12061,2025-10-05,Central,Arif Hossain,Electronics,Tablet,RETAIL STORE,Credit Card,7,289.58,2027.06
10929,2025-03-24,SOUTH,Arif Hossain,Stationery,Backpack,online,Credit Card,15,45.63,684.45
12669,2024-04-12,North,Nusrat Jahan,Stationery,Desk Organizer,Wholesale,bKash,23,19.48,448.04
11461,01/11/2025,  North  ,Arif Hossain,Electronics,Headphones,Distributor,bKash,20,65.06,1301.2
11407,09/06/2024,North,Nusrat Jahan,Electronics,Headphones,ONLINE,Cash,17,59.03,1003.51
10515,2025-03-14,South,Lamia Sultana,Apparel,Cap,distributor,Cash,6,9.01,54.06
12765,2025-02-23,south,Sadia Chowdhury,Grocery,Coffee Jar,  Online  ,bKash,13,6.3,81.9
10462,2024-04-28,East,Mim Akter,Furniture,Office Chair,Distributor,Bank Transfer,4,133.54,534.16
11645,2025-12-14,South,Sadia Chowdhury,Furniture,Sofa,DISTRIBUTOR,Nagad,22,439.27,9663.94
10684,29/04/2024,CENTRAL,Imran Kabir,Furniture,Dining Table,Retail Store,Nagad,25,341.97,8549.25
11182,2025-10-22,NORTH,Imran Kabir,Electronics,Smartphone,retail store,Bank Transfer,13,370.02,4810.26
10657,10-25-2024,West,Arif Hossain,Electronics,Smartwatch,Online,bKash,15,149.93,2248.95
12423,2025-08-06,East,Lamia Sultana,Apparel,T-Shirt,  Online  ,Bank Transfer,20,15.71,314.2
11462,2024-01-15,South,Lamia Sultana,Apparel,Jacket,Distributor,Nagad,22,65.05,1431.1
11575,2025-08-21,  West  ,Rakib Hasan,Furniture,Bookshelf,Distributor,bKash,22,98.28,2162.16
11509,2025-02-02,Central,,Stationery,Desk Organizer,Distributor,Nagad,16,20.38,326.08
11952,20/09/2025,east,Shakil Rahman,Electronics,Smartphone,RETAIL STORE,Nagad,19,439.9,8358.1
12177,05/08/2025,South,Arif Hossain,Grocery,Cooking Oil 1L,Distributor,Nagad,4,3.45,13.8
12739,2024-06-16,South,Shakil Rahman,Furniture,Desk,Retail Store,Bank Transfer,19,181.2,3442.8
11307,12-05-2024,Central,Rakib Hasan,Stationery,Desk Organizer,Distributor,Cash,13,18.85,245.05
12329,2024-04-18,East,Lamia Sultana,Grocery,Rice 5kg,Online,Bank Transfer,25,7.42,185.5
11706,2024-06-30,East,Farzana Islam,Stationery,Backpack,  Distributor  ,Credit Card,5,42.24,211.2
11883,2025-03-16,West,Lamia Sultana,Grocery,Coffee Jar,RETAIL STORE,Bank Transfer,8,6.8,54.4
10499,01-30-2025,North,Mim Akter,Stationery,Pen Set,WHOLESALE,Credit Card,9,6.21,55.89
12876,01-07-2025,North,Sadia Chowdhury,Stationery,Desk Organizer,wholesale,Cash,23,17.45,401.35
10752,2024-03-06,WEST,Lamia Sultana,Apparel,T-Shirt,Retail Store,Nagad,4,13.93,55.72
11442,2025-03-02,Central,Sadia Chowdhury,Furniture,Desk,online,Cash,6,168.77,1012.62
10581,2024-10-17,West,Shakil Rahman,Furniture,Office Chair,Retail Store,bKash,15,126.79,1901.85
10519,08-05-2024,NORTH,Lamia Sultana,Electronics,Smartwatch,wholesale,Nagad,2,155.68,311.36
12809,28/01/2024,East,Mim Akter,Electronics,Laptop,Wholesale,Bank Transfer,13,892.25,11599.25
12006,2024-08-19,SOUTH,Rakib Hasan,Furniture,Sofa,Wholesale,Cash,2,504.27,1008.54
11041,2024-03-19,,Arif Hossain,Furniture,Sofa,Online,Cash,25,416.84,10421.0
10899,2025-10-21,Central,Rakib Hasan,Grocery,Tea Pack,RETAIL STORE,Credit Card,10,3.92,39.2
11001,2025-10-17,West,Mim Akter,Stationery,Notebook,Retail Store,bKash,7,2.19,15.33
11762,2025-07-03,SOUTH,Imran Kabir,Apparel,Cap,Retail Store,bKash,1,11.29,11.29
12632,2024-09-21,Central,Farzana Islam,Apparel,Jacket,Wholesale,Bank Transfer,13,62.48,812.24
11547,07-09-2025,North,Sadia Chowdhury,Electronics,Tablet,retail store,Credit Card,19,286.12,5436.28
12956,2025-10-17,North,Lamia Sultana,Apparel,Cap,Distributor,Bank Transfer,21,11.38,238.98
10958,2025-10-22,SOUTH,Tanvir Ahmed,Apparel,T-Shirt,Distributor,Nagad,4,15.91,63.64
12569,2025-05-23,  West  ,Farzana Islam,Grocery,Cooking Oil 1L,Distributor,Nagad,7,2.98,20.86
11564,2025-02-27,  West  ,Rakib Hasan,Apparel,T-Shirt,Online,Cash,5,16.78,83.9
12334,2025-05-03,NORTH,Arif Hossain,Apparel,T-Shirt,Retail Store,bKash,6,13.5,81.0
10870,2024-08-03,,Farzana Islam,Grocery,Tea Pack,Retail Store,Cash,6,4.52,27.12
12444,10/08/2025,North,Rakib Hasan,Electronics,Smartphone,distributor,Bank Transfer,4,381.55,1526.2
11226,03-28-2024,West,Sadia Chowdhury,Electronics,Headphones,  Wholesale  ,Credit Card,6,64.98,389.88
10294,2025-07-31,West,Farzana Islam,Stationery,Pen Set,Distributor,bKash,8,6.25,50.0
11118,2024-05-05,North,Arif Hossain,Stationery,Pen Set,Wholesale,Cash,2,5.59,11.18
10508,2024-10-29,South,Rakib Hasan,Furniture,Dining Table,Wholesale,Nagad,21,327.61,6879.81
10880,31/12/2025,West,Sadia Chowdhury,Stationery,Desk Organizer,Online,bKash,7,17.06,119.42
12854,22/07/2024,south,Mim Akter,Furniture,Office Chair,online,Nagad,17,122.53,2083.01
10183,2024-02-23,South,Nusrat Jahan,Stationery,Desk Organizer,Retail Store,Cash,21,18.36,385.56
12584,03/07/2025,Central,Rakib Hasan,Stationery,Notebook,Retail Store,Nagad,25,2.23,55.75
10217,2025-11-05,Central,Rakib Hasan,Stationery,Notebook,Retail Store,bKash,20,2.16,43.2
12647,07-29-2025,north,,Grocery,Coffee Jar,  Online  ,bKash,8,7.21,57.68
12616,2024-04-18,West,Tanvir Ahmed,Apparel,T-Shirt,Retail Store,Credit Card,19,16.0,304.0
11432,06/12/2024,West,Lamia Sultana,Grocery,Tea Pack,ONLINE,Cash,5,4.41,22.05
12502,10/12/2025,West,Lamia Sultana,Apparel,Cap,Retail Store,Nagad,10,9.87,98.7
11584,02-13-2025,North,Tanvir Ahmed,Electronics,Tablet,Wholesale,Bank Transfer,4,296.6,1186.4
10363,2025-05-26,West,Sadia Chowdhury,Stationery,Notebook,DISTRIBUTOR,Credit Card,19,1.88,35.72
10441,2024-08-15,Central,Rakib Hasan,Furniture,Bookshelf,  Distributor  ,Credit Card,12,86.02,1032.24
12430,11-05-2024,North,Nusrat Jahan,Furniture,Desk,Online,Credit Card,9,187.5,1687.5
12723,22/07/2024,North,Tanvir Ahmed,Electronics,Headphones,Distributor,Nagad,7,,397.39
11574,2025-09-30,North,Imran Kabir,Stationery,Desk Organizer,Distributor,Credit Card,13,16.28,211.64
11719,2025-12-03,North,Farzana Islam,Electronics,Smartphone,ONLINE,Bank Transfer,8,381.02,3048.16
11073,2025-03-10,west,Mim Akter,Apparel,Cap,Online,Bank Transfer,24,9.62,230.88
11900,2025-09-10,North,Rakib Hasan,Apparel,Jeans,Retail Store,Nagad,16,39.87,637.92
11671,2025-11-15,SOUTH,Rakib Hasan,Grocery,Rice 5kg,Retail Store,Nagad,9,8.96,80.64
10605,2025-04-24,central,Rakib Hasan,Grocery,Cooking Oil 1L,Distributor,Cash,9,3.35,30.15
10485,2024-12-26,South,Arif Hossain,Apparel,Jeans,Distributor,Credit Card,18,35.7,642.6
12292,02/11/2024,South,Lamia Sultana,Grocery,Coffee Jar,Retail Store,Cash,18,7.18,129.24
10617,2024-12-11,South,Rakib Hasan,Grocery,Rice 5kg,  Wholesale  ,Nagad,22,7.52,165.44
10128,18/03/2024,East,Mim Akter,Apparel,Sneakers,Online,Bank Transfer,5,59.87,299.35
12524,05-10-2025,Central,Lamia Sultana,Apparel,Jeans,Online,Bank Transfer,9,37.32,335.88
10478,2024-09-17,west,Rakib Hasan,Electronics,Smartphone,Wholesale,Credit Card,20,379.59,7591.8
12222,2025-12-11,South,Sadia Chowdhury,Furniture,Bookshelf,wholesale,Bank Transfer,22,91.66,2016.52
12151,2024-03-28,CENTRAL,,Electronics,Smartphone,Online,Bank Transfer,14,402.62,5636.68
11658,11/12/2024,West,Nusrat Jahan,Furniture,Office Chair,Retail Store,Nagad,15,135.86,2037.9
10372,05/04/2024,WEST,Tanvir Ahmed,Furniture,Sofa,retail store,Cash,2,508.64,1017.28
10857,2025-03-21,  South  ,Nusrat Jahan,Apparel,Sneakers,  Retail Store  ,Cash,14,53.88,754.32
10099,08-13-2025,CENTRAL,Lamia Sultana,Electronics,Smartphone,Online,Cash,2,436.31,872.62
10191,2024-10-25,Central,Lamia Sultana,Electronics,Monitor,Retail Store,bKash,14,198.09,2773.26
12623,29/11/2024,west,Lamia Sultana,Stationery,Pen Set,Retail Store,bKash,8,5.82,46.56
11852,2024-07-19,West,Rakib Hasan,Stationery,Desk Organizer,RETAIL STORE,Credit Card,20,19.41,388.2
11569,2025-01-17,North,,Grocery,Coffee Jar,Online,Nagad,1,7.29,7.29
11971,2025-03-11,,Rakib Hasan,Stationery,Backpack,Retail Store,Bank Transfer,6,42.11,252.66
11999,2025-01-21,south,Tanvir Ahmed,Furniture,Bookshelf,Online,Bank Transfer,10,90.25,902.5
12903,2024-08-28,East,Imran Kabir,Furniture,Sofa,ONLINE,Nagad,7,504.12,3528.84
12978,2024-07-03,South,Lamia Sultana,Electronics,Smartphone,Wholesale,Credit Card,4,453.57,1814.28
11589,24/05/2025,East,Farzana Islam,Furniture,Desk,Retail Store,Credit Card,7,175.77,1230.39
10988,2024-07-20,South,Imran Kabir,Electronics,Monitor,ONLINE,bKash,6,216.11,1296.66
12594,2025-12-22,North,Tanvir Ahmed,Apparel,T-Shirt,WHOLESALE,Nagad,9,13.87,124.83
10385,02-05-2024,EAST,Shakil Rahman,Furniture,Desk,wholesale,bKash,20,189.86,3797.2
11931,2024-10-02,East,Imran Kabir,Grocery,Rice 5kg,Online,Cash,24,7.3,175.2
11583,03/01/2025,South,Nusrat Jahan,Apparel,Sneakers,ONLINE,Nagad,16,53.01,848.16
10034,2024-07-28,Central,Arif Hossain,Grocery,Snack Box,  Distributor  ,Cash,22,5.4,118.8
11841,2025-05-26,central,Mim Akter,Grocery,Coffee Jar,Distributor,Credit Card,17,7.38,125.46
12537,03/04/2025,EAST,Lamia Sultana,Electronics,Headphones,Online,Cash,15,58.61,879.15
12559,2024-08-10,Central,Farzana Islam,Stationery,Desk Organizer,Online,bKash,21,16.33,342.93
11195,2025-03-10,west,Mim Akter,Furniture,Desk,  Distributor  ,Bank Transfer,16,193.2,3091.2
12142,16/04/2024,SOUTH,Sadia Chowdhury,Electronics,Monitor,  Distributor  ,Nagad,,240.04,1200.2
11979,11/12/2024,,Sadia Chowdhury,Stationery,Notebook,RETAIL STORE,Cash,1,1.82,1.82
11248,2025-08-08,Central,Mim Akter,Apparel,Cap,Distributor,bKash,14,9.6,134.4
12411,12-23-2024,  Central  ,Farzana Islam,Furniture,Office Chair,distributor,Credit Card,16,132.23,2115.68
10074,2025-08-29,West,Imran Kabir,Apparel,Cap,Retail Store,Credit Card,23,11.08,254.84
11904,2024-12-06,CENTRAL,Sadia Chowdhury,Stationery,Backpack,Online,Cash,1,40.07,40.07
12935,2024-12-03,WEST,Arif Hossain,Furniture,Desk,Wholesale,Credit Card,22,186.6,4105.2
12306,2025-02-06,South,Farzana Islam,Apparel,T-Shirt,ONLINE,Credit Card,10,17.09,170.9
10910,2025-03-02,South,Imran Kabir,Grocery,Cooking Oil 1L,Online,Credit Card,23,2.92,67.16
11024,2024-06-01,central,Tanvir Ahmed,Grocery,Coffee Jar,WHOLESALE,Nagad,13,6.7,87.1
10130,2024-04-20,East,Lamia Sultana,Grocery,Tea Pack,  Wholesale  ,Cash,22,3.83,84.26
12578,2025-10-11,  North  ,Farzana Islam,Grocery,Rice 5kg,wholesale,Cash,7,7.87,55.09
12579,2024-02-08,east,Tanvir Ahmed,Apparel,Sneakers,Distributor,Credit Card,7,58.7,410.9
12283,2024-02-14,West,Tanvir Ahmed,Apparel,Jeans,  Retail Store  ,bKash,2,35.55,71.1
12037,2025-11-10,East,Tanvir Ahmed,Stationery,Notebook,  Distributor  ,Bank Transfer,4,2.29,9.16
12261,12/02/2025,North,Sadia Chowdhury,Furniture,Bookshelf,DISTRIBUTOR,Credit Card,20,99.4,1988.0
12335,2024-05-10,South,Lamia Sultana,Furniture,Dining Table,Distributor,Nagad,21,396.08,8317.68
11521,2025-08-07,South,,Stationery,Pen Set,  Online  ,Nagad,24,6.01,144.24
11691,2025-10-03,Central,Nusrat Jahan,Grocery,Coffee Jar,Wholesale,bKash,12,6.66,79.92
11962,2025-12-06,Central,Nusrat Jahan,Apparel,Cap,Online,Bank Transfer,9,10.35,93.15
10690,17/06/2025,East,Sadia Chowdhury,Stationery,Notebook,Online,Credit Card,25,2.13,53.25
10117,2024-06-19,  West  ,Farzana Islam,Furniture,Office Chair,Online,Bank Transfer,23,116.98,2690.54
11199,2024-05-22,North,Tanvir Ahmed,Grocery,Cooking Oil 1L,Distributor,Cash,10,3.05,30.5
11906,2024-09-28,South,Lamia Sultana,Apparel,T-Shirt,distributor,Bank Transfer,1,15.49,15.49
10582,2024-11-29,South,Tanvir Ahmed,Furniture,Dining Table,ONLINE,Cash,16,355.88,5694.08
12999,2025-01-16,South,Shakil Rahman,Furniture,Desk,Online,Bank Transfer,,186.75,560.25
10959,2025-06-18,Central,Arif Hossain,Electronics,Smartphone,Online,Nagad,7,,3045.42
10356,2025-06-02,South,Tanvir Ahmed,Electronics,Headphones,online,Bank Transfer,10,63.43,634.3
12674,08-18-2025,Central,Tanvir Ahmed,Furniture,Bookshelf,Distributor,Credit Card,,87.41,1835.61
12550,2024-04-24,Central,Lamia Sultana,Apparel,T-Shirt,Online,Credit Card,2,15.5,31.0
12855,2024-10-27,north,Nusrat Jahan,Furniture,Sofa,Distributor,bKash,10,435.94,4359.4
12514,2025-02-10,west,Rakib Hasan,Electronics,Smartphone,wholesale,Credit Card,13,388.99,5056.87
12661,2025-09-11,North,Mim Akter,Electronics,Smartphone,Wholesale,Cash,24,435.12,10442.88
10061,2024-09-22,West,Rakib Hasan,Grocery,Snack Box,Wholesale,Bank Transfer,25,4.81,120.25
12350,02-04-2025,East,Tanvir Ahmed,Apparel,Jacket,Wholesale,Bank Transfer,7,69.63,487.41
12124,10-23-2024,West,Nusrat Jahan,Grocery,Coffee Jar,Retail Store,Bank Transfer,8,7.95,63.6
12458,2024-02-21,south,Mim Akter,Stationery,Notebook,  Wholesale  ,Nagad,22,2.26,49.72
10941,2024-12-14,north,Arif Hossain,Apparel,Jeans,Distributor,Nagad,25,37.06,926.5
11653,06-25-2025,EAST,Farzana Islam,Electronics,Monitor,Retail Store,Credit Card,1,198.26,198.26
12228,2024-07-27,south,Farzana Islam,Grocery,Rice 5kg,Retail Store,Credit Card,17,7.7,130.9
10400,23/11/2024,East,Farzana Islam,Grocery,Cooking Oil 1L,Retail Store,Cash,6,,19.08
11009,2024-08-03,south,Imran Kabir,Electronics,Laptop,ONLINE,Cash,10,861.94,8619.4
11091,06-16-2025,West,Shakil Rahman,Grocery,Rice 5kg,Retail Store,bKash,19,8.77,166.63
12038,2025-08-27,East,Tanvir Ahmed,Stationery,Desk Organizer,  Retail Store  ,Bank Transfer,25,17.81,445.25
11683,2025-06-25,west,Farzana Islam,Grocery,Rice 5kg,Retail Store,Nagad,10,8.31,83.1
11618,09/09/2025,East,Nusrat Jahan,Furniture,Sofa,Online,Credit Card,20,502.32,10046.4
12645,12-20-2024,West,Farzana Islam,Electronics,Monitor,Retail Store,Cash,19,198.98,3780.62
11344,2024-07-08,,Arif Hossain,Apparel,Sneakers,  Online  ,Cash,22,59.54,1309.88
12005,2025-08-30,North,Lamia Sultana,Electronics,Smartwatch,Retail Store,bKash,3,158.66,475.98
11788,19/08/2024,Central,Mim Akter,Grocery,Cooking Oil 1L,wholesale,Credit Card,21,3.18,66.78
12137,28/04/2024,West,Tanvir Ahmed,Electronics,Smartphone,  Retail Store  ,bKash,7,375.74,2630.18
12506,09-14-2025,West,Shakil Rahman,Grocery,Rice 5kg,Retail Store,Nagad,1,8.09,8.09
11267,20/06/2024,EAST,Mim Akter,Furniture,Dining Table,Online,Bank Transfer,2,398.83,797.66
12778,14/12/2024,West,Farzana Islam,Electronics,Headphones,Wholesale,Cash,4,61.67,246.68
10463,24/03/2025,South,Rakib Hasan,Electronics,Laptop,Distributor,Cash,20,822.02,16440.4
10422,2025-09-25,South,Shakil Rahman,Grocery,Rice 5kg,WHOLESALE,bKash,20,8.56,171.2
10638,06-23-2024,West,Lamia Sultana,Furniture,Office Chair,Online,Cash,2,116.52,233.04
12157,23/04/2024,  East  ,Sadia Chowdhury,Electronics,Smartphone,WHOLESALE,Credit Card,2,415.49,830.98
12032,2024-04-20,CENTRAL,Nusrat Jahan,Apparel,Cap,retail store,bKash,6,11.1,66.6
10473,05-01-2024,North,Sadia Chowdhury,Stationery,Desk Organizer,Wholesale,Cash,16,19.55,312.8
12917,03-18-2025,SOUTH,Nusrat Jahan,Grocery,Tea Pack,Retail Store,bKash,21,4.32,90.72
11896,09/06/2024,south,Sadia Chowdhury,Stationery,Backpack,online,Cash,13,37.91,492.83
10742,2025-12-25,West,Lamia Sultana,Furniture,Bookshelf,Online,Nagad,25,92.04,2301.0
10110,2025-04-02,Central,Lamia Sultana,Apparel,Jacket,Wholesale,bKash,18,66.37,1194.66
11373,2024-11-10,East,Shakil Rahman,Apparel,Jacket,Online,Credit Card,19,69.24,1315.56
12968,29/09/2025,East,Mim Akter,Furniture,Sofa,Distributor,Bank Transfer,18,471.79,8492.22
10849,2024-04-10,Central,Imran Kabir,Apparel,Sneakers,Distributor,Nagad,16,50.88,814.08
12729,2024-05-08,North,Shakil Rahman,Furniture,Bookshelf,Wholesale,Credit Card,14,97.17,1360.38
11153,2024-02-23,East,Arif Hossain,Furniture,Desk,ONLINE,bKash,,199.34,4385.48
12810,03/01/2024,east,Arif Hossain,Electronics,Smartwatch,Wholesale,bKash,12,144.69,1736.28
12539,2024-11-03,West,Farzana Islam,Apparel,T-Shirt,distributor,Nagad,23,16.52,379.96
10386,2024-03-30,West,Imran Kabir,Furniture,Bookshelf,  Wholesale  ,Credit Card,9,89.62,806.58
10166,2024-06-26,  North  ,Rakib Hasan,Furniture,Desk,Distributor,bKash,20,168.88,3377.6
12245,2024-03-03,CENTRAL,Arif Hossain,Grocery,Snack Box,Retail Store,Nagad,10,5.74,57.4
12955,01-21-2025,North,Sadia Chowdhury,Apparel,Jacket,Retail Store,Cash,25,69.73,1743.25
10416,2025-04-04,central,Lamia Sultana,Grocery,Rice 5kg,RETAIL STORE,Credit Card,6,9.1,54.6
11527,03-13-2024,North,Imran Kabir,Electronics,Laptop,Wholesale,Bank Transfer,14,968.48,13558.72
11551,2024-07-05,Central,Shakil Rahman,Apparel,Cap,Wholesale,Credit Card,16,9.02,144.32
11473,2025-04-23,Central,Nusrat Jahan,Apparel,T-Shirt,Distributor,bKash,9,13.62,122.58
12476,2024-07-28,Central,Mim Akter,Electronics,Monitor,  Online  ,bKash,24,203.88,4893.12
11463,2024-03-26,south,Arif Hossain,Electronics,Laptop,RETAIL STORE,Cash,6,859.22,5155.32
10075,2024-02-12,EAST,Lamia Sultana,Furniture,Office Chair,ONLINE,Nagad,12,123.98,1487.76
10282,2025-05-15,South,Sadia Chowdhury,Grocery,Snack Box,Distributor,Cash,24,5.3,127.2
12400,03-29-2024,North,Rakib Hasan,Apparel,Cap,  Online  ,Cash,14,11.44,160.16
11147,2024-06-08,West,Farzana Islam,Stationery,Pen Set,Wholesale,Credit Card,25,6.38,159.5
10190,04-23-2024,west,Lamia Sultana,Electronics,Smartphone,Wholesale,Credit Card,16,419.67,6714.72
10025,2025-04-23,West,Mim Akter,Electronics,Monitor,Wholesale,Bank Transfer,24,200.98,4823.52
12569,2025-05-23,West,Farzana Islam,Grocery,Cooking Oil 1L,  Distributor  ,Nagad,7,2.98,20.86
10801,13/01/2025,East,Imran Kabir,Electronics,Monitor,retail store,Bank Transfer,13,218.51,2840.63
11082,2025-01-21,South,Farzana Islam,Stationery,Notebook,Distributor,Credit Card,4,1.94,7.76
10763,16/04/2024,East,Lamia Sultana,Grocery,Tea Pack,Wholesale,Credit Card,24,3.65,87.6
12431,25/02/2024,North,Rakib Hasan,Apparel,Sneakers,RETAIL STORE,Nagad,1,51.44,51.44
10159,18/09/2024,South,Shakil Rahman,Electronics,Laptop,Retail Store,bKash,10,834.73,8347.3
10987,2024-12-08,East,Tanvir Ahmed,Stationery,Desk Organizer,  Wholesale  ,bKash,3,20.16,60.48
12679,2025-11-24,WEST,Rakib Hasan,Electronics,Smartwatch,Retail Store,bKash,20,167.97,3359.4
10222,2025-07-29,West,Rakib Hasan,Apparel,Jacket,Distributor,Nagad,4,63.69,254.76
11496,2025-04-20,Central,Sadia Chowdhury,Furniture,Dining Table,Wholesale,Credit Card,10,318.49,3184.9
10767,2024-05-28,Central,Sadia Chowdhury,Electronics,Tablet,  Online  ,Bank Transfer,7,339.59,2377.13
12325,06-17-2025,South,Sadia Chowdhury,Furniture,Office Chair,distributor,Cash,6,110.33,661.98
11757,2024-08-20,West,Rakib Hasan,Electronics,Smartphone,ONLINE,Cash,8,365.65,2925.2
11190,04/01/2025,north,Lamia Sultana,Apparel,Jacket,DISTRIBUTOR,Credit Card,3,73.05,219.15
12563,2025-01-17,,Lamia Sultana,Stationery,Desk Organizer,Retail Store,bKash,3,19.03,57.09
10316,2024-10-29,East,Tanvir Ahmed,Stationery,Pen Set,Wholesale,Credit Card,14,6.78,94.92
10414,2024-08-20,East,Arif Hossain,Electronics,Laptop,Wholesale,Nagad,18,777.96,14003.28
10666,08-25-2025,CENTRAL,Sadia Chowdhury,Stationery,Notebook,Retail Store,bKash,22,2.04,44.88
11123,2025-07-19,east,Nusrat Jahan,Furniture,Desk,retail store,Nagad,7,188.63,1320.41
11224,17/12/2025,  North  ,Lamia Sultana,Grocery,Tea Pack,Online,bKash,18,3.61,64.98
11994,2024-06-07,North,Imran Kabir,Furniture,Dining Table,distributor,bKash,22,320.73,7056.06
11950,10-01-2024,West,Nusrat Jahan,Furniture,Sofa,Retail Store,Credit Card,24,446.72,10721.28
12445,22/02/2025,NORTH,Nusrat Jahan,Electronics,Smartphone,retail store,Cash,15,404.1,6061.5
11765,08/07/2024,WEST,Lamia Sultana,Grocery,Rice 5kg,Wholesale,bKash,4,7.28,29.12
11731,2024-01-15,West,Rakib Hasan,Furniture,Bookshelf,Wholesale,Cash,14,98.81,1383.34
12278,2024-01-06,Central,Rakib Hasan,Grocery,Cooking Oil 1L,DISTRIBUTOR,Cash,2,2.77,5.54
12089,2025-07-26,West,Arif Hossain,Electronics,Monitor,DISTRIBUTOR,Bank Transfer,11,198.86,2187.46
10511,2024-09-15,South,Rakib Hasan,Stationery,Pen Set,Retail Store,Nagad,7,5.57,38.99
10108,2025-07-18,West,Sadia Chowdhury,Apparel,Sneakers,Retail Store,Bank Transfer,5,54.77,273.85
11923,20/07/2025,Central,Rakib Hasan,Stationery,Notebook,Wholesale,Bank Transfer,18,2.16,38.88
10872,2024-03-08,North,Rakib Hasan,Apparel,Sneakers,Distributor,Nagad,12,55.29,663.48
10335,2024-10-14,SOUTH,Tanvir Ahmed,Furniture,Desk,  Distributor  ,Nagad,20,186.24,3724.8
10724,2024-06-03,north,Lamia Sultana,Apparel,T-Shirt,Retail Store,Nagad,22,15.17,333.74
11358,12/09/2024,West,Arif Hossain,Electronics,Smartphone,ONLINE,Credit Card,2,367.66,735.32
10938,2025-06-24,East,Mim Akter,Stationery,Backpack,online,Cash,20,45.2,904.0
12085,22/03/2024,east,Imran Kabir,Stationery,Notebook,  Retail Store  ,Cash,22,2.14,47.08
10808,2025-05-18,North,Shakil Rahman,Apparel,Sneakers,  Wholesale  ,bKash,23,58.37,1342.51
10295,2025-05-27,east,Imran Kabir,Grocery,Snack Box,  Retail Store  ,Credit Card,24,5.72,137.28
10375,2024-10-05,West,Mim Akter,Apparel,Jacket,Distributor,Bank Transfer,8,59.71,477.68
10376,17/06/2024,Central,Farzana Islam,Furniture,Desk,RETAIL STORE,Credit Card,15,182.97,2744.55
12570,05/06/2025,west,Farzana Islam,Grocery,Cooking Oil 1L,Retail Store,Cash,24,3.15,75.6
11453,2025-12-12,West,Arif Hossain,Apparel,Jeans,Wholesale,Bank Transfer,,37.5,337.5
12210,2025-01-04,Central,Rakib Hasan,Stationery,Pen Set,  Online  ,Bank Transfer,8,6.45,51.6
10708,2024-12-18,East,Lamia Sultana,Furniture,Bookshelf,Distributor,Bank Transfer,3,94.11,282.33
12962,2024-01-04,West,Shakil Rahman,Electronics,Smartwatch,RETAIL STORE,bKash,17,154.57,2627.69
10392,2024-07-11,North,Mim Akter,Apparel,Cap,Retail Store,Nagad,16,10.36,165.76
10366,2025-03-02,West,Nusrat Jahan,Electronics,Smartwatch,distributor,bKash,24,147.0,3528.0
11052,08-25-2024,Central,Imran Kabir,Stationery,Pen Set,wholesale,Credit Card,7,5.56,38.92
10642,2025-05-16,North,Nusrat Jahan,Stationery,Notebook,Distributor,Cash,13,2.17,28.21
10589,2025-10-02,South,Shakil Rahman,Grocery,Coffee Jar,Online,Bank Transfer,8,7.2,57.6
12471,09-11-2025,  East  ,Arif Hossain,Electronics,Tablet,ONLINE,bKash,5,272.08,1360.4
12454,2024-03-06,West,Rakib Hasan,Grocery,Cooking Oil 1L,DISTRIBUTOR,Nagad,6,2.82,16.92
10223,2024-04-09,east,Sadia Chowdhury,Grocery,Rice 5kg,Retail Store,bKash,2,7.78,15.56
10360,2025-12-25,east,Rakib Hasan,Stationery,Notebook,online,Credit Card,5,2.15,10.75
11229,24/01/2025,South,Mim Akter,Grocery,Cooking Oil 1L,  Online  ,Nagad,2,3.4,6.8
12307,01/05/2024,east,Tanvir Ahmed,Stationery,Pen Set,retail store,Nagad,1,5.82,5.82
12619,2024-03-01,  South  ,Nusrat Jahan,Stationery,Desk Organizer,  Wholesale  ,Bank Transfer,1,18.45,18.45
11840,08/07/2025,WEST,Lamia Sultana,Grocery,Cooking Oil 1L,Wholesale,Credit Card,25,2.9,72.5
10214,2025-05-29,central,Rakib Hasan,Furniture,Dining Table,retail store,Bank Transfer,2,387.75,775.5
11773,2024-06-27,South,Farzana Islam,Apparel,Sneakers,Online,Bank Transfer,1,51.05,51.05
11958,02-24-2025,north,Farzana Islam,Electronics,Monitor,retail store,bKash,2,209.27,418.54
11772,2024-02-05,east,Imran Kabir,Apparel,T-Shirt,Online,Cash,4,14.63,58.52
10994,2025-02-24,west,Imran Kabir,Electronics,Headphones,ONLINE,Nagad,8,66.97,535.76
10146,04-07-2025,North,Farzana Islam,Stationery,Desk Organizer,  Retail Store  ,Bank Transfer,8,18.06,144.48
10041,2024-06-14,NORTH,Mim Akter,Apparel,T-Shirt,Retail Store,Cash,24,15.16,363.84
11595,2024-08-12,West,Sadia Chowdhury,Stationery,Notebook,Retail Store,bKash,17,1.86,31.62
11882,2025-01-14,West,,Grocery,Cooking Oil 1L,Online,Cash,4,2.93,11.72
12249,25/04/2024,South,,Furniture,Dining Table,Online,bKash,21,372.71,7826.91
11402,2024-10-22,WEST,Sadia Chowdhury,Apparel,Jacket,Retail Store,bKash,9,74.57,671.13
10633,2024-07-14,west,Imran Kabir,Electronics,Laptop,Distributor,Cash,11,838.21,9220.31
10114,2025-04-25,  South  ,Imran Kabir,Grocery,Rice 5kg,Retail Store,Credit Card,9,7.88,70.92
10906,2025-03-23,CENTRAL,Farzana Islam,Grocery,Snack Box,Distributor,Bank Transfer,3,5.63,16.89
10976,02-27-2025,WEST,Tanvir Ahmed,Electronics,Smartwatch,online,bKash,18,168.57,3034.26
11744,2024-08-16,East,Tanvir Ahmed,Apparel,Jeans,Wholesale,bKash,21,31.53,662.13
10943,2024-12-28,North,Mim Akter,Stationery,Notebook,  Distributor  ,Nagad,4,1.82,7.28
12909,2025-01-20,SOUTH,Rakib Hasan,Furniture,Bookshelf,  Wholesale  ,Bank Transfer,20,100.34,2006.8
12572,2025-10-10,East,Imran Kabir,Apparel,Cap,Online,Cash,10,10.13,101.3
12700,2025-10-29,North,Mim Akter,Stationery,Desk Organizer,Wholesale,Cash,16,18.59,297.44
10704,02/09/2025,Central,Sadia Chowdhury,Electronics,Monitor,Online,Nagad,15,215.9,3238.5
10721,09-23-2024,South,Tanvir Ahmed,Apparel,Jacket,  Distributor  ,Nagad,2,68.73,137.46
12103,2024-05-19,North,Imran Kabir,Stationery,Notebook,Distributor,Credit Card,1,2.24,2.24
10687,06/06/2024,central,Tanvir Ahmed,Electronics,Tablet,Wholesale,Nagad,7,295.51,2068.57
10438,2024-10-29,East,Rakib Hasan,Stationery,Desk Organizer,Online,Bank Transfer,9,20.28,182.52
10248,18/10/2024,North,Shakil Rahman,Apparel,T-Shirt,online,Cash,15,17.21,258.15
10584,05-08-2025,central,Arif Hossain,Stationery,Desk Organizer,distributor,Cash,18,17.22,309.96
12716,14/01/2025,  North  ,Farzana Islam,Furniture,Sofa,Online,Bank Transfer,21,504.79,10600.59
11673,06/09/2025,East,Nusrat Jahan,Grocery,Coffee Jar,WHOLESALE,Cash,1,7.4,7.4
10851,2024-09-28,West,Farzana Islam,Grocery,Cooking Oil 1L,  Retail Store  ,Cash,2,2.92,5.84
12825,2024-08-16,Central,Tanvir Ahmed,Furniture,Sofa,Online,bKash,15,445.98,6689.7
11827,2025-08-04,  South  ,Imran Kabir,Grocery,Tea Pack,WHOLESALE,Cash,15,4.14,62.1
12366,2024-10-09,NORTH,Nusrat Jahan,Grocery,Cooking Oil 1L,Online,Bank Transfer,5,2.88,14.4
12824,2024-06-15,North,Shakil Rahman,Electronics,Smartphone,  Retail Store  ,Cash,22,447.69,9849.18
10497,27/10/2024,South,Mim Akter,Apparel,Jeans,Distributor,Cash,7,39.82,278.74
12113,12/06/2024,South,Imran Kabir,Electronics,Smartwatch,Distributor,Bank Transfer,7,161.91,1133.37
10948,2025-08-21,Central,Imran Kabir,Electronics,Headphones,Wholesale,Cash,16,63.55,1016.8
12848,2025-04-30,Central,Rakib Hasan,Apparel,Sneakers,Online,Credit Card,22,54.51,1199.22
10768,2024-07-17,West,Mim Akter,Grocery,Cooking Oil 1L,Retail Store,Bank Transfer,21,2.97,62.37
11696,18/03/2025,CENTRAL,Rakib Hasan,Furniture,Bookshelf,Wholesale,Nagad,6,102.22,613.32
11061,2024-12-05,west,Shakil Rahman,Electronics,Smartwatch,Online,bKash,11,144.08,1584.88
10898,2024-02-14,East,Lamia Sultana,Grocery,Coffee Jar,Online,Cash,21,7.39,155.19
12996,2025-12-24,central,Sadia Chowdhury,Electronics,Headphones,DISTRIBUTOR,Bank Transfer,6,63.02,378.12
10591,18/12/2025,West,Lamia Sultana,Apparel,T-Shirt,wholesale,Cash,20,15.34,306.8
12491,2024-08-28,SOUTH,Shakil Rahman,Electronics,Headphones,Retail Store,Nagad,18,,1163.7
12522,2024-02-01,West,Rakib Hasan,Electronics,Smartwatch,wholesale,Credit Card,4,158.66,634.64
10606,10-29-2024,NORTH,Arif Hossain,Stationery,Pen Set,Retail Store,Bank Transfer,9,6.21,55.89
11668,2024-03-15,WEST,Rakib Hasan,Furniture,Office Chair,Retail Store,Cash,23,114.11,2624.53
11597,2025-06-16,EAST,Mim Akter,Apparel,Jeans,Wholesale,Nagad,17,36.55,621.35
12774,30/12/2025,North,Tanvir Ahmed,Furniture,Sofa,DISTRIBUTOR,Cash,3,513.56,1540.68
12051,24/01/2024,Central,Lamia Sultana,Electronics,Smartphone,online,Cash,13,453.66,5897.58
11078,01-07-2024,East,Nusrat Jahan,Apparel,Jeans,Wholesale,Cash,6,38.64,231.84
11114,11/12/2025,North,Lamia Sultana,Stationery,Pen Set,WHOLESALE,Cash,24,5.54,132.96
12617,2025-07-07,Central,Farzana Islam,Apparel,Cap,  Retail Store  ,Bank Transfer,13,11.48,149.24
11161,11-07-2025,South,Tanvir Ahmed,Apparel,T-Shirt,Online,Credit Card,,14.71,353.04
12636,2024-11-27,north,Farzana Islam,Furniture,Bookshelf,Distributor,bKash,25,86.38,2159.5
12326,2025-03-31,North,Lamia Sultana,Grocery,Coffee Jar,RETAIL STORE,Credit Card,4,6.46,25.84
12172,15/09/2025,South,Tanvir Ahmed,Electronics,Headphones,Distributor,Nagad,17,54.57,927.69
11922,2024-03-28,West,Tanvir Ahmed,Apparel,Jacket,DISTRIBUTOR,Bank Transfer,5,72.2,361.0
12565,03-22-2024,NORTH,Farzana Islam,Grocery,Rice 5kg,RETAIL STORE,Nagad,1,7.7,7.7
11915,2024-10-11,CENTRAL,Farzana Islam,Stationery,Desk Organizer,Wholesale,Nagad,3,17.8,53.4
12954,2025-09-16,NORTH,Nusrat Jahan,Stationery,Backpack,distributor,Bank Transfer,9,41.27,371.43
12073,2024-12-11,East,Rakib Hasan,Apparel,Cap,distributor,Nagad,24,10.52,252.48
10877,24/01/2024,West,Lamia Sultana,Furniture,Sofa,Retail Store,Credit Card,18,477.8,8600.4
10799,2024-07-19,CENTRAL,Nusrat Jahan,Apparel,T-Shirt,Retail Store,Cash,1,13.81,13.81
11975,2024-09-03,SOUTH,Arif Hossain,Electronics,Smartwatch,Retail Store,bKash,2,154.07,308.14
11615,2024-04-15,north,Arif Hossain,Apparel,T-Shirt,Distributor,Nagad,25,15.86,396.5
10905,25/10/2025,,,Electronics,Laptop,Wholesale,bKash,22,916.65,20166.3
11379,2024-08-28,North,Mim Akter,Apparel,Jacket,online,Nagad,12,60.27,723.24
12769,2025-12-12,Central,Nusrat Jahan,Electronics,Laptop,Wholesale,Credit Card,2,854.22,1708.44
12552,24/10/2024,North,Arif Hossain,Furniture,Office Chair,  Wholesale  ,Nagad,10,113.11,1131.1
12672,2024-04-19,East,Sadia Chowdhury,Electronics,Smartphone,online,bKash,25,428.99,10724.75
11448,15/11/2025,  Central  ,Lamia Sultana,Grocery,Tea Pack,Distributor,Nagad,16,3.81,60.96
11335,2025-11-05,east,Sadia Chowdhury,Apparel,Cap,Retail Store,Cash,10,11.31,113.1
11577,2025-09-08,South,Farzana Islam,Furniture,Bookshelf,ONLINE,Nagad,2,98.54,197.08
11163,30/11/2025,East,Farzana Islam,Apparel,Jacket,Online,Credit Card,18,71.02,1278.36
10320,06/10/2025,  West  ,Sadia Chowdhury,Apparel,Cap,Retail Store,Bank Transfer,6,9.47,56.82
11271,2025-09-08,Central,Farzana Islam,Apparel,Jeans,Wholesale,Cash,7,36.11,252.77
12174,2025-02-28,west,Lamia Sultana,Electronics,Smartphone,Wholesale,Credit Card,13,420.3,5463.9
10572,2024-09-23,west,Farzana Islam,Furniture,Bookshelf,Wholesale,Cash,12,89.11,1069.32
10629,2024-12-10,East,Imran Kabir,Furniture,Sofa,Retail Store,bKash,3,458.53,1375.59
10529,2025-02-28,East,Lamia Sultana,Furniture,Desk,Online,bKash,11,194.41,2138.51
11083,2025-11-19,Central,Nusrat Jahan,Apparel,T-Shirt,Wholesale,Bank Transfer,25,13.88,347.0
12410,2024-08-26,SOUTH,Tanvir Ahmed,Apparel,Jacket,DISTRIBUTOR,bKash,4,60.85,243.4
10139,07/07/2025,North,Shakil Rahman,Furniture,Dining Table,RETAIL STORE,bKash,9,384.87,3463.83
11261,2024-01-31,East,Farzana Islam,Furniture,Dining Table,retail store,Nagad,18,317.02,5706.36
10942,2024-11-07,Central,Lamia Sultana,Electronics,Laptop,  Distributor  ,bKash,24,854.83,20515.92
11396,03-22-2025,East,Sadia Chowdhury,Electronics,Laptop,Wholesale,Bank Transfer,10,926.0,9260.0
11889,2025-06-22,East,Lamia Sultana,Grocery,Rice 5kg,Distributor,Nagad,3,8.86,26.58
11536,2025-08-21,South,Lamia Sultana,Furniture,Office Chair,distributor,bKash,1,115.78,115.78
12693,03-06-2025,NORTH,Farzana Islam,Electronics,Headphones,Distributor,Bank Transfer,9,65.53,589.77
10710,2025-03-18,North,Shakil Rahman,Stationery,Backpack,Online,bKash,23,41.9,963.7
12613,2025-10-18,NORTH,Nusrat Jahan,Grocery,Snack Box,RETAIL STORE,Bank Transfer,21,4.94,103.74
10946,2025-04-10,North,Mim Akter,Stationery,Pen Set,Retail Store,Cash,4,5.62,22.48
12782,02/01/2025,East,Sadia Chowdhury,Grocery,Snack Box,ONLINE,bKash,10,5.47,54.7
11983,12/07/2025,EAST,Shakil Rahman,Stationery,Backpack,Retail Store,Credit Card,5,42.0,210.0
12395,28/06/2025,West,Nusrat Jahan,Grocery,Cooking Oil 1L,Online,Credit Card,2,2.9,5.8
12298,2025-02-01,North,Farzana Islam,Furniture,Office Chair,wholesale,Nagad,4,126.03,504.12
10771,02-25-2025,Central,Arif Hossain,Stationery,Pen Set,Retail Store,Credit Card,17,6.13,104.21
10585,2024-06-08,EAST,Mim Akter,Electronics,Tablet,Wholesale,Cash,10,270.79,2707.9
12899,2024-11-05,East,Rakib Hasan,Stationery,Notebook,Retail Store,Cash,3,1.9,5.7
12953,06/10/2024,CENTRAL,Sadia Chowdhury,Stationery,Desk Organizer,Wholesale,bKash,11,20.66,227.26
12384,2024-06-03,South,Nusrat Jahan,Stationery,Backpack,Retail Store,bKash,21,42.93,901.53
11875,2024-03-22,West,Rakib Hasan,Electronics,Smartphone,Wholesale,Credit Card,22,405.96,8931.12
12811,25/02/2024,east,Nusrat Jahan,Stationery,Pen Set,distributor,bKash,23,5.62,129.26
11435,10-01-2024,North,Mim Akter,Apparel,Jeans,Wholesale,Credit Card,23,33.33,766.59
11854,2024-11-29,CENTRAL,Rakib Hasan,Furniture,Desk,Retail Store,Credit Card,6,196.49,1178.94
12920,2024-08-31,South,Arif Hossain,Grocery,Rice 5kg,Distributor,Credit Card,13,8.8,114.4
10618,2025-02-26,east,Mim Akter,Stationery,Desk Organizer,Distributor,Cash,25,19.05,476.25
10824,15/08/2025,  Central  ,Lamia Sultana,Stationery,Pen Set,Online,Credit Card,25,5.42,135.5
12526,05-20-2024,East,Mim Akter,Furniture,Office Chair,Wholesale,Bank Transfer,11,135.97,1495.67
10022,2024-08-13,NORTH,Lamia Sultana,Electronics,Headphones,Retail Store,Nagad,1,55.06,55.06
10821,2024-05-01,Central,Lamia Sultana,Electronics,Monitor,ONLINE,Bank Transfer,9,200.38,1803.42
11283,06-24-2025,west,Sadia Chowdhury,Furniture,Dining Table,Online,Nagad,8,365.56,2924.48
11405,2024-10-29,  West  ,Sadia Chowdhury,Apparel,Cap,Retail Store,Bank Transfer,4,10.79,43.16
10660,2025-04-09,  East  ,Sadia Chowdhury,Grocery,Coffee Jar,Online,bKash,19,7.87,149.53
11517,2025-09-05,West,Mim Akter,Grocery,Snack Box,RETAIL STORE,Bank Transfer,9,4.9,44.1
11014,2025-01-18,South,Arif Hossain,Stationery,Notebook,wholesale,Nagad,16,2.06,32.96
10404,2024-10-28,  South  ,Sadia Chowdhury,Stationery,Pen Set,Online,Credit Card,1,5.88,5.88
11302,2024-04-06,east,Nusrat Jahan,Electronics,Smartwatch,Retail Store,bKash,4,146.42,585.68
10492,26/06/2024,West,Rakib Hasan,Furniture,Bookshelf,online,bKash,24,92.56,2221.44
12337,2025-03-07,South,Arif Hossain,Apparel,Jeans,Online,Credit Card,12,36.55,438.6
10930,2024-02-12,CENTRAL,Lamia Sultana,Electronics,Laptop,Online,Nagad,17,,13385.8
12188,30/09/2024,West,Imran Kabir,Stationery,Pen Set,  Wholesale  ,Credit Card,2,6.28,12.56
11012,28/10/2024,Central,Lamia Sultana,Furniture,Office Chair,  Retail Store  ,Nagad,5,117.83,589.15
12758,06-24-2024,East,Arif Hossain,Apparel,Cap,Retail Store,Nagad,25,9.8,245.0
12648,2024-05-10,North,Farzana Islam,Grocery,Rice 5kg,RETAIL STORE,bKash,19,8.67,164.73
12074,2025-10-03,,,Stationery,Notebook,Distributor,Bank Transfer,18,2.05,36.9
10140,2024-08-31,North,Rakib Hasan,Electronics,Monitor,online,Cash,19,215.81,4100.39
11640,2025-06-03,South,Arif Hossain,Furniture,Bookshelf,retail store,Credit Card,23,91.7,2109.1
12671,01/04/2024,central,Lamia Sultana,Stationery,Desk Organizer,Online,Credit Card,9,16.35,147.15
10230,2025-07-25,north,Imran Kabir,Electronics,Smartphone,Distributor,Cash,12,435.5,5226.0
10235,2025-06-20,North,,Stationery,Pen Set,WHOLESALE,bKash,21,6.48,136.08
10999,2025-04-25,East,Shakil Rahman,Grocery,Snack Box,Retail Store,bKash,10,5.25,52.5
12733,08-01-2025,North,Arif Hossain,Electronics,Smartphone,Online,Credit Card,6,419.5,2517.0
11381,30/11/2024,  West  ,Shakil Rahman,Grocery,Rice 5kg,retail store,Credit Card,20,8.78,175.6
12749,2024-07-14,East,Rakib Hasan,Stationery,Backpack,Distributor,Credit Card,6,43.05,258.3
11755,2025-02-26,East,Mim Akter,Furniture,Office Chair,Distributor,Credit Card,11,130.53,1435.83
12082,20/06/2025,East,Shakil Rahman,Furniture,Bookshelf,Distributor,bKash,13,91.37,1187.81
11623,01/09/2024,central,Farzana Islam,Stationery,Notebook,Online,Credit Card,12,2.09,25.08
11476,2024-06-15,North,Rakib Hasan,Apparel,Jacket,Distributor,Cash,15,67.39,1010.85
11445,2025-03-12,North,Nusrat Jahan,Furniture,Bookshelf,Distributor,Cash,19,97.41,1850.79
12237,2024-12-02,West,Nusrat Jahan,Electronics,Smartwatch,Online,Cash,23,158.83,3653.09
10833,2025-12-31,South,Imran Kabir,Grocery,Rice 5kg,WHOLESALE,Cash,25,8.36,209.0
10229,13/10/2024,North,Imran Kabir,Stationery,Backpack,Wholesale,Nagad,20,42.8,856.0
10435,2025-11-09,Central,Farzana Islam,Stationery,Desk Organizer,Online,Nagad,12,18.73,224.76
12905,2024-03-31,SOUTH,Nusrat Jahan,Grocery,Rice 5kg,wholesale,Bank Transfer,18,7.73,139.14
11497,03-11-2025,East,Tanvir Ahmed,Grocery,Coffee Jar,  Distributor  ,Cash,11,7.48,82.28
11350,12/12/2024,west,Shakil Rahman,Electronics,Smartwatch,Online,Credit Card,14,144.78,2026.92
11329,17/12/2025,South,Nusrat Jahan,Electronics,Smartphone,  Retail Store  ,Nagad,18,380.04,6840.72
11632,05/07/2025,  East  ,Arif Hossain,Furniture,Dining Table,distributor,Nagad,6,349.82,2098.92
11270,2024-12-02,North,Tanvir Ahmed,Furniture,Bookshelf,Distributor,Credit Card,7,91.47,640.29
10483,16/05/2024,West,Mim Akter,Furniture,Bookshelf,Distributor,Bank Transfer,5,90.29,451.45
10458,2025-12-21,  East  ,Arif Hossain,Stationery,Pen Set,Retail Store,Cash,14,5.84,81.76
11634,2025-09-20,south,Imran Kabir,Apparel,Sneakers,Online,Cash,19,62.85,1194.15
11614,2025-03-30,west,Farzana Islam,Apparel,Jeans,Retail Store,bKash,5,37.38,186.9
12957,11-04-2025,  North  ,Mim Akter,Stationery,Backpack,Online,bKash,14,36.01,504.14
10292,2025-12-09,CENTRAL,Tanvir Ahmed,Stationery,Notebook,Retail Store,bKash,19,2.04,38.76
12805,2024-05-02,Central,Arif Hossain,Stationery,Notebook,Retail Store,Bank Transfer,18,1.88,33.84
12355,21/02/2025,WEST,Lamia Sultana,Electronics,Smartwatch,Online,Nagad,5,158.98,794.9
10991,2025-10-02,North,Lamia Sultana,Stationery,Pen Set,Wholesale,Credit Card,15,6.27,94.05
13000,2024-01-25,South,Lamia Sultana,Apparel,Cap,Wholesale,Bank Transfer,15,11.28,169.2
10136,2024-07-13,East,Tanvir Ahmed,Apparel,Cap,Wholesale,Cash,4,11.37,45.48
10195,2024-05-18,South,Sadia Chowdhury,Stationery,Backpack,Wholesale,bKash,3,43.16,129.48
12380,2025-08-10,West,Tanvir Ahmed,Furniture,Office Chair,distributor,bKash,23,131.75,3030.25
11617,2025-10-03,North,Imran Kabir,Apparel,Jacket,Distributor,Credit Card,15,65.42,981.3
11230,24/01/2024,WEST,Nusrat Jahan,Apparel,Sneakers,ONLINE,bKash,25,58.9,1472.5
11650,2024-04-08,West,Rakib Hasan,Grocery,Coffee Jar,distributor,bKash,10,6.92,69.2
10098,11-26-2024,West,Farzana Islam,Stationery,Desk Organizer,Online,Bank Transfer,20,17.33,346.6
12077,2025-06-28,North,Sadia Chowdhury,Electronics,Smartwatch,  Wholesale  ,Nagad,16,149.42,2390.72
11023,2024-11-02,Central,Rakib Hasan,Apparel,Jeans,Distributor,Credit Card,10,38.7,387.0
12549,2025-10-06,Central,Lamia Sultana,Furniture,Dining Table,Distributor,Bank Transfer,14,337.92,4730.88
11672,2025-12-07,east,Nusrat Jahan,Grocery,Snack Box,distributor,Bank Transfer,1,5.02,5.02
11263,2024-07-23,south,Shakil Rahman,Electronics,Monitor,Distributor,Bank Transfer,3,217.17,651.51
10908,2025-03-11,North,Tanvir Ahmed,Electronics,Smartwatch,online,Nagad,14,138.54,1939.56
12179,2024-04-01,Central,Sadia Chowdhury,Grocery,Rice 5kg,Retail Store,Credit Card,14,7.31,102.34
12213,2025-01-16,Central,Lamia Sultana,Furniture,Office Chair,Distributor,Cash,20,109.67,2193.4
11487,2025-01-12,South,Lamia Sultana,Stationery,Notebook,Retail Store,bKash,,1.97,23.64
10842,2025-07-29,Central,Lamia Sultana,Grocery,Snack Box,WHOLESALE,Bank Transfer,6,5.13,30.78
11897,05-24-2025,NORTH,Shakil Rahman,Electronics,Laptop,Wholesale,bKash,15,904.9,13573.5
10446,2024-08-02,North,Tanvir Ahmed,Furniture,Bookshelf,Wholesale,Cash,25,98.4,2460.0
10390,30/06/2025,north,Nusrat Jahan,Furniture,Desk,Retail Store,Cash,24,164.52,3948.48
11228,09/02/2024,West,Farzana Islam,Grocery,Cooking Oil 1L,Distributor,Bank Transfer,18,2.82,50.76
11871,2025-10-12,  South  ,Imran Kabir,Stationery,Notebook,Distributor,Bank Transfer,9,1.87,16.83
12794,2025-02-25,North,Shakil Rahman,Stationery,Desk Organizer,Retail Store,Cash,25,20.17,504.25
12375,2025-04-18,East,Rakib Hasan,Stationery,Desk Organizer,Retail Store,Bank Transfer,15,16.79,251.85
12330,2025-07-17,Central,Mim Akter,Grocery,Cooking Oil 1L,Distributor,Nagad,3,3.25,9.75
10594,03-23-2024,East,Sadia Chowdhury,Apparel,Sneakers,Online,Cash,25,62.59,1564.75
12321,2024-06-04,Central,Shakil Rahman,Stationery,Desk Organizer,  Retail Store  ,Credit Card,4,16.6,66.4
12662,2025-02-13,East,Lamia Sultana,Furniture,Bookshelf,RETAIL STORE,Credit Card,22,96.55,2124.1
11895,21/03/2025,East,Mim Akter,Electronics,Headphones,RETAIL STORE,Bank Transfer,14,55.84,781.76
10713,05-13-2025,North,Farzana Islam,Furniture,Desk,Online,bKash,22,181.65,3996.3
10434,15/09/2024,West,Imran Kabir,Apparel,Jacket,Distributor,Bank Transfer,7,66.08,462.56
12933,25/06/2024,Central,Shakil Rahman,Furniture,Dining Table,Wholesale,Cash,21,329.14,6911.94
11662,2024-05-18,Central,Nusrat Jahan,Stationery,Desk Organizer,Distributor,Cash,15,19.64,294.6
11238,2025-11-26,South,Mim Akter,Stationery,Desk Organizer,Retail Store,bKash,19,20.5,389.5
12722,13/02/2025,WEST,Tanvir Ahmed,Electronics,Tablet,Retail Store,Credit Card,7,303.42,2123.94
11212,2025-05-10,North,Lamia Sultana,Furniture,Bookshelf,Online,Nagad,2,82.08,164.16
10826,04/07/2024,Central,Rakib Hasan,Grocery,Tea Pack,wholesale,Credit Card,12,4.58,54.96
10720,2024-12-05,West,Arif Hossain,Electronics,Tablet,Wholesale,Nagad,14,296.47,4150.58
12087,2024-12-17,West,Lamia Sultana,Stationery,Pen Set,retail store,bKash,17,6.31,107.27
10922,2024-12-18,South,Shakil Rahman,Grocery,Rice 5kg,  Retail Store  ,Bank Transfer,15,7.66,114.9
11062,25/11/2024,  South  ,,Stationery,Notebook,Wholesale,Nagad,6,2.02,12.12
12122,19/06/2024,Central,Arif Hossain,Apparel,Jeans,RETAIL STORE,bKash,11,37.22,409.42
10969,2024-07-27,West,Sadia Chowdhury,Apparel,Cap,online,Nagad,5,9.93,49.65
10819,2024-05-08,South,Rakib Hasan,Electronics,Smartphone,retail store,Cash,7,373.02,2611.14
12239,17/12/2025,south,Shakil Rahman,Furniture,Bookshelf,Online,Credit Card,21,97.66,2050.86
11154,10-15-2024,North,Imran Kabir,Grocery,Snack Box,  Wholesale  ,Cash,16,4.6,73.6
11537,2025-10-21,West,Lamia Sultana,Stationery,Desk Organizer,Retail Store,Cash,5,18.84,94.2
12730,20/07/2025,East,Rakib Hasan,Grocery,Coffee Jar,WHOLESALE,bKash,21,6.83,143.43
12040,10/04/2024,North,Arif Hossain,Electronics,Smartphone,Wholesale,Bank Transfer,22,443.06,9747.32
12508,2025-09-01,  West  ,Tanvir Ahmed,Stationery,Desk Organizer,online,Nagad,15,17.58,263.7
11553,2024-08-25,Central,Rakib Hasan,Grocery,Tea Pack,Retail Store,Credit Card,7,3.91,27.37
10972,2024-06-14,South,Lamia Sultana,Grocery,Tea Pack,distributor,Credit Card,24,4.13,99.12
11251,2025-07-20,north,Lamia Sultana,Furniture,Dining Table,wholesale,Cash,6,398.01,2388.06
12822,14/10/2024,,Imran Kabir,Electronics,Monitor,Retail Store,Cash,9,210.01,1890.09
11539,2024-12-16,WEST,Imran Kabir,Grocery,Cooking Oil 1L,Online,Credit Card,8,2.93,23.44
11285,2024-03-17,Central,Nusrat Jahan,Electronics,Headphones,Retail Store,Credit Card,16,54.9,878.4
12056,07-13-2024,Central,Mim Akter,Grocery,Snack Box,wholesale,Credit Card,7,5.06,35.42
12221,2024-06-13,South,Tanvir Ahmed,Stationery,Backpack,Online,Bank Transfer,6,37.18,223.08
12197,2024-06-03,South,Shakil Rahman,Electronics,Tablet,Wholesale,Bank Transfer,25,309.54,7738.5
11985,06-03-2025,East,Imran Kabir,Stationery,Notebook,Wholesale,Credit Card,14,2.03,28.42
12714,04/07/2024,north,Nusrat Jahan,Electronics,Smartwatch,Distributor,bKash,16,142.88,2286.08
10509,02-12-2024,Central,Arif Hossain,Apparel,T-Shirt,Retail Store,Credit Card,1,15.65,15.65
12800,2025-12-14,WEST,Nusrat Jahan,Furniture,Dining Table,Distributor,bKash,17,375.69,6386.73
10172,2025-10-23,north,,Electronics,Tablet,online,Nagad,6,272.94,1637.64
11495,2024-12-11,WEST,Farzana Islam,Grocery,Snack Box,Retail Store,Credit Card,23,5.24,120.52
11820,26/04/2025,EAST,Arif Hossain,Grocery,Tea Pack,Distributor,Cash,17,4.09,69.53
11722,2025-12-20,east,Rakib Hasan,Furniture,Desk,retail store,Credit Card,25,165.41,4135.25
11322,10-27-2025,North,Farzana Islam,Stationery,Desk Organizer,Online,Cash,4,17.7,70.8
11431,2024-01-26,North,Sadia Chowdhury,Apparel,Cap,Retail Store,Nagad,13,10.93,142.09
11735,2024-11-27,NORTH,Mim Akter,Furniture,Sofa,online,Credit Card,23,458.63,10548.49
10432,2025-06-09,SOUTH,Nusrat Jahan,Furniture,Desk,Distributor,Bank Transfer,1,200.91,200.91
10232,19/09/2025,WEST,Rakib Hasan,Grocery,Snack Box,Retail Store,Cash,11,4.7,51.7
10237,2025-12-23,South,Imran Kabir,Furniture,Sofa,  Wholesale  ,Credit Card,5,463.35,2316.75
10032,11/03/2024,North,Arif Hossain,Stationery,Pen Set,Online,bKash,20,5.5,110.0
10033,2025-08-31,North,Lamia Sultana,Furniture,Sofa,Retail Store,Nagad,2,474.68,949.36
11413,2024-08-25,WEST,Arif Hossain,Furniture,Bookshelf,  Retail Store  ,Cash,10,96.03,960.3
10134,16/05/2025,Central,Rakib Hasan,Stationery,Desk Organizer,Wholesale,Credit Card,20,18.04,360.8
10575,2025-10-08,North,Imran Kabir,Grocery,Coffee Jar,Distributor,Bank Transfer,5,7.82,39.1
11844,2025-12-03,  West  ,Lamia Sultana,Apparel,Jeans,WHOLESALE,Credit Card,19,33.64,639.16
11419,04-03-2025,SOUTH,Mim Akter,Apparel,Sneakers,online,Cash,14,52.54,735.56
10448,07-23-2024,West,Tanvir Ahmed,Grocery,Coffee Jar,online,Nagad,24,6.95,166.8
12680,2025-07-02,east,Sadia Chowdhury,Stationery,Desk Organizer,Wholesale,Credit Card,7,18.38,128.66
10466,25/11/2025,West,Lamia Sultana,Furniture,Office Chair,Wholesale,Nagad,15,113.44,1701.6
11341,2025-07-23,  West  ,Imran Kabir,Apparel,T-Shirt,Retail Store,Nagad,7,14.23,99.61
10281,06-05-2024,CENTRAL,Lamia Sultana,Electronics,Headphones,  Wholesale  ,Cash,7,58.95,412.65
10778,01-29-2025,East,Sadia Chowdhury,Grocery,Cooking Oil 1L,online,Credit Card,23,2.95,67.85
10744,11-29-2025,Central,Arif Hossain,Grocery,Rice 5kg,DISTRIBUTOR,Cash,10,8.0,80.0
10596,2024-02-04,SOUTH,Imran Kabir,Electronics,Laptop,Wholesale,bKash,7,862.93,6040.51
12724,2024-08-17,East,Shakil Rahman,Grocery,Cooking Oil 1L,Wholesale,Nagad,4,3.35,13.4
12977,2024-01-18,WEST,Nusrat Jahan,Stationery,Desk Organizer,Online,bKash,22,18.36,403.92
12341,2024-01-03,West,Shakil Rahman,Apparel,T-Shirt,wholesale,bKash,22,17.19,378.18
11057,2025-08-24,West,Arif Hossain,Stationery,Desk Organizer,  Retail Store  ,Nagad,23,20.65,474.95
11347,2024-02-22,North,Farzana Islam,Stationery,Backpack,wholesale,bKash,20,41.41,828.2
10688,12/06/2025,East,Mim Akter,Grocery,Snack Box,Retail Store,Credit Card,22,5.74,126.28
11281,2024-03-17,  North  ,,Electronics,Headphones,  Online  ,Cash,9,58.94,530.46
12986,14/12/2024,South,Farzana Islam,Electronics,Smartphone,distributor,Cash,21,364.27,7649.67
12464,2025-12-09,West,Nusrat Jahan,Apparel,Cap,Retail Store,Credit Card,18,11.04,198.72
11450,2025-11-11,north,Rakib Hasan,Apparel,T-Shirt,Wholesale,Bank Transfer,16,14.73,235.68
12965,2025-05-07,East,Rakib Hasan,Grocery,Snack Box,Wholesale,Bank Transfer,10,5.66,56.6
12611,2024-07-04,West,Tanvir Ahmed,Furniture,Office Chair,retail store,Cash,7,135.34,947.38
10218,2024-02-16,Central,Tanvir Ahmed,Stationery,Backpack,online,Credit Card,21,43.71,917.91
12461,2025-05-19,,Rakib Hasan,Electronics,Tablet,Retail Store,bKash,13,326.13,4239.69
12515,2025-07-01,North,Arif Hossain,Stationery,Notebook,retail store,Cash,9,1.98,17.82
12276,2024-03-05,North,Lamia Sultana,Apparel,Sneakers,Online,Credit Card,21,54.99,1154.79
11528,2025-05-07,CENTRAL,Arif Hossain,Stationery,Notebook,Online,Bank Transfer,24,1.83,43.92
10156,2025-03-29,CENTRAL,Tanvir Ahmed,Furniture,Desk,Online,Cash,22,181.08,3983.76
11265,2024-07-29,West,Farzana Islam,Furniture,Bookshelf,Distributor,bKash,24,91.98,2207.52
12981,2025-04-10,Central,Tanvir Ahmed,Grocery,Coffee Jar,online,Credit Card,19,6.53,124.07
11382,2024-02-01,East,Sadia Chowdhury,Apparel,Sneakers,distributor,Nagad,6,54.56,327.36
11489,10-31-2025,west,Farzana Islam,Furniture,Bookshelf,DISTRIBUTOR,Bank Transfer,6,90.58,543.48
11855,05-18-2024,CENTRAL,Arif Hossain,Stationery,Notebook,online,Bank Transfer,6,1.82,10.92
11096,2025-03-23,East,,Stationery,Notebook,wholesale,Nagad,8,1.91,15.28
12841,2025-09-23,,Sadia Chowdhury,Apparel,Jacket,  Wholesale  ,bKash,24,70.64,1695.36
12127,07/08/2024,west,Arif Hossain,Furniture,Dining Table,wholesale,Credit Card,16,376.94,6031.04
10983,2024-05-10,North,Lamia Sultana,Stationery,Pen Set,RETAIL STORE,Credit Card,9,6.8,61.2
12731,04-08-2025,West,Shakil Rahman,Furniture,Dining Table,Distributor,Credit Card,24,315.05,7561.2
12544,2025-12-01,Central,Imran Kabir,Electronics,Headphones,Retail Store,Cash,3,58.7,176.1
10290,23/01/2025,North,Tanvir Ahmed,Furniture,Bookshelf,ONLINE,Bank Transfer,13,93.44,1214.72
10626,2025-10-30,West,Imran Kabir,Apparel,Jacket,Online,bKash,20,73.59,1471.8
11948,07-24-2024,EAST,Shakil Rahman,Stationery,Desk Organizer,Retail Store,Bank Transfer,,20.09,462.07
10263,23/03/2024,West,Sadia Chowdhury,Grocery,Tea Pack,Wholesale,Bank Transfer,22,4.56,100.32
12911,2025-12-03,South,Tanvir Ahmed,Stationery,Backpack,Retail Store,bKash,6,36.22,217.32
11562,12/09/2024,West,Tanvir Ahmed,Grocery,Snack Box,Wholesale,Bank Transfer,9,5.73,51.57
12557,2025-08-17,  North  ,Sadia Chowdhury,Stationery,Desk Organizer,Online,Cash,17,17.55,298.35
10283,13/07/2025,south,Mim Akter,Grocery,Coffee Jar,Retail Store,bKash,16,6.62,105.92
11879,11/09/2024,North,Rakib Hasan,Apparel,Jacket,Retail Store,bKash,15,73.21,1098.15
10651,17/05/2024,North,Mim Akter,Furniture,Desk,Online,Bank Transfer,17,200.08,3401.36
12960,03-26-2025,NORTH,Nusrat Jahan,Apparel,Jeans,Online,Nagad,22,35.52,781.44
10506,2025-05-29,Central,Tanvir Ahmed,Stationery,Notebook,Online,Cash,4,1.94,7.76
11524,27/10/2024,West,Nusrat Jahan,Furniture,Desk,Distributor,bKash,3,202.25,606.75
10869,08-30-2024,East,Mim Akter,Stationery,Desk Organizer,  Online  ,Nagad,15,17.95,269.25
11276,2025-10-22,Central,Arif Hossain,Grocery,Rice 5kg,Online,Cash,1,7.34,7.34
10343,12-06-2025,West,Tanvir Ahmed,Furniture,Sofa,Wholesale,bKash,5,504.24,2521.2
10754,2024-06-26,East,Nusrat Jahan,Stationery,Pen Set,Online,Nagad,11,5.49,60.39
10732,2024-11-16,South,Arif Hossain,Furniture,Dining Table,DISTRIBUTOR,bKash,18,315.93,5686.74
11215,2024-02-08,Central,Imran Kabir,Furniture,Office Chair,Wholesale,Nagad,10,112.84,1128.4
12482,2024-11-17,  West  ,Arif Hossain,Stationery,Desk Organizer,Wholesale,bKash,17,,300.39
11543,2024-09-19,West,Lamia Sultana,Electronics,Laptop,Retail Store,bKash,24,803.82,19291.68
10187,2024-02-09,north,Mim Akter,Electronics,Headphones,Retail Store,bKash,10,67.76,677.6
10689,2024-11-14,West,Imran Kabir,Furniture,Office Chair,ONLINE,Credit Card,2,128.61,257.22
10696,2024-12-30,central,Lamia Sultana,Grocery,Cooking Oil 1L,  Wholesale  ,Nagad,10,2.95,29.5
10765,2025-11-24,Central,Mim Akter,Grocery,Snack Box,Wholesale,bKash,11,4.79,52.69
10173,16/01/2025,  Central  ,Arif Hossain,Grocery,Coffee Jar,RETAIL STORE,Cash,10,6.98,69.8
11043,2024-07-18,West,Imran Kabir,Electronics,Monitor,DISTRIBUTOR,Bank Transfer,13,200.08,2601.04
11173,2025-07-19,east,Nusrat Jahan,Stationery,Backpack,Distributor,Cash,4,37.71,150.84
12915,2024-11-27,South,Imran Kabir,Apparel,Jacket,Online,Bank Transfer,14,67.74,948.36
10717,05-08-2025,WEST,Mim Akter,Electronics,Smartwatch,online,Nagad,23,138.0,3174.0
11787,02-08-2025,North,Mim Akter,Apparel,Sneakers,Distributor,Nagad,17,58.53,995.01
12002,2024-07-28,  East  ,Tanvir Ahmed,Apparel,T-Shirt,DISTRIBUTOR,bKash,7,14.28,99.96
10764,04-28-2024,South,Tanvir Ahmed,Stationery,Pen Set,Wholesale,Nagad,3,6.74,20.22
10104,25/05/2025,North,Nusrat Jahan,Grocery,Coffee Jar,  Distributor  ,Nagad,21,7.07,148.47
10251,2025-02-14,west,Imran Kabir,Furniture,Dining Table,distributor,Credit Card,22,323.35,7113.7
10588,2024-06-16,Central,Imran Kabir,Furniture,Sofa,wholesale,bKash,23,487.93,11222.39
12828,2024-09-18,East,Mim Akter,Apparel,T-Shirt,RETAIL STORE,Bank Transfer,17,16.33,277.61
10379,2024-09-23,West,Arif Hossain,Furniture,Bookshelf,Online,Cash,6,81.7,490.2
11005,06/01/2025,SOUTH,Imran Kabir,Apparel,Sneakers,Retail Store,Credit Card,1,50.51,50.51
11028,2024-02-02,east,Mim Akter,Grocery,Snack Box,Online,Nagad,5,4.69,23.45
12941,2024-12-30,north,Farzana Islam,Grocery,Cooking Oil 1L,Wholesale,Cash,11,3.25,35.75
10176,07-26-2025,WEST,Rakib Hasan,Apparel,Jacket,ONLINE,Cash,13,68.96,896.48
11667,2025-01-14,WEST,Arif Hossain,Stationery,Notebook,  Retail Store  ,Nagad,22,2.15,47.3
11008,2024-01-23,Central,Nusrat Jahan,Furniture,Bookshelf,Retail Store,bKash,6,99.96,599.76
12312,2025-08-07,Central,Tanvir Ahmed,Grocery,Snack Box,Online,Bank Transfer,14,5.68,79.52
12149,2024-05-24,EAST,Farzana Islam,Furniture,Office Chair,Retail Store,Credit Card,,135.91,2174.56
10313,09-11-2024,NORTH,Mim Akter,Grocery,Snack Box,Online,Credit Card,22,5.33,117.26
12413,2024-11-12,Central,Sadia Chowdhury,Furniture,Sofa,WHOLESALE,Cash,18,479.86,8637.48
12591,07-09-2024,South,Arif Hossain,Electronics,Headphones,WHOLESALE,Credit Card,18,55.92,1006.56
11113,05-04-2024,NORTH,Farzana Islam,Grocery,Tea Pack,ONLINE,Credit Card,16,4.24,67.84
12474,2024-06-25,SOUTH,Sadia Chowdhury,Furniture,Sofa,retail store,Bank Transfer,20,486.31,9726.2
10141,2024-04-26,North,Rakib Hasan,Furniture,Bookshelf,Wholesale,Nagad,24,82.43,1978.32
11918,2025-02-02,West,Mim Akter,Stationery,Pen Set,online,Cash,25,6.05,151.25
11075,2024-04-29,South,Lamia Sultana,Furniture,Bookshelf,RETAIL STORE,Credit Card,25,83.08,2077.0
10332,04-14-2024,North,Sadia Chowdhury,Apparel,Cap,Retail Store,Bank Transfer,,11.08,265.92
12027,2024-10-19,central,Mim Akter,Stationery,Notebook,Online,Cash,19,1.89,35.91
11837,08-14-2024,North,,Apparel,Sneakers,Retail Store,Bank Transfer,8,55.82,446.56
10016,2024-04-18,east,Arif Hossain,Grocery,Rice 5kg,Retail Store,Nagad,21,7.8,163.8
12545,12-01-2024,East,Imran Kabir,Electronics,Tablet,Distributor,bKash,24,286.98,6887.52
11257,2025-02-04,,Sadia Chowdhury,Furniture,Office Chair,distributor,bKash,4,122.73,490.92
10702,01-28-2025,CENTRAL,Nusrat Jahan,Grocery,Cooking Oil 1L,RETAIL STORE,Bank Transfer,3,2.96,8.88
12336,10-11-2024,South,Tanvir Ahmed,Furniture,Desk,distributor,Credit Card,9,183.93,1655.37
11313,2024-05-26,CENTRAL,Rakib Hasan,Apparel,Cap,  Online  ,Cash,24,9.49,227.76
11171,2024-10-05,Central,Imran Kabir,Stationery,Desk Organizer,Wholesale,Nagad,7,17.03,119.21
11050,04-08-2024,East,Nusrat Jahan,Electronics,Laptop,ONLINE,bKash,22,800.68,17614.96
11899,05/04/2024,North,,Stationery,Pen Set,Distributor,Bank Transfer,16,6.71,107.36
12133,15/06/2024,North,Sadia Chowdhury,Stationery,Backpack,online,Cash,7,44.72,313.04
10115,2025-10-03,East,Arif Hossain,Grocery,Rice 5kg,Wholesale,Cash,23,8.97,206.31
11733,2024-06-11,  South  ,Tanvir Ahmed,Apparel,Jacket,WHOLESALE,Bank Transfer,10,71.98,719.8
11235,14/04/2025,East,Mim Akter,Stationery,Pen Set,online,bKash,5,6.15,30.75
12185,2024-11-23,Central,Tanvir Ahmed,Electronics,Headphones,Wholesale,Bank Transfer,16,64.0,1024.0
10541,2025-11-01,  Central  ,Farzana Islam,Electronics,Smartwatch,online,Bank Transfer,7,160.79,1125.53
10997,19/09/2024,,Lamia Sultana,Electronics,Smartwatch,Retail Store,Nagad,12,150.79,1809.48
12246,2024-10-07,central,Rakib Hasan,Apparel,Sneakers,Wholesale,Credit Card,15,58.86,882.9
11393,2025-12-07,South,Tanvir Ahmed,Grocery,Rice 5kg,  Wholesale  ,Credit Card,6,9.18,55.08
11940,09-12-2024,South,Rakib Hasan,Stationery,Notebook,Online,bKash,24,1.82,43.68
11856,2024-10-12,south,Lamia Sultana,Furniture,Desk,Distributor,Nagad,15,173.06,2595.9
10806,21/07/2025,SOUTH,Rakib Hasan,Stationery,Pen Set,Wholesale,Cash,16,5.46,87.36
10577,2025-03-31,East,Shakil Rahman,Apparel,Jacket,wholesale,Cash,25,72.52,1813.0
12727,08-18-2024,North,Lamia Sultana,Stationery,Backpack,RETAIL STORE,Nagad,5,40.62,203.1
12994,2024-01-23,South,Imran Kabir,Apparel,T-Shirt,Wholesale,Cash,3,15.12,45.36
10601,2024-06-10,South,Mim Akter,Grocery,Snack Box,online,bKash,16,4.61,73.76
10204,27/01/2025,North,Nusrat Jahan,Electronics,Smartphone,distributor,Cash,19,363.24,6901.56
10630,28/05/2025,West,Shakil Rahman,Electronics,Smartwatch,ONLINE,Bank Transfer,14,164.02,2296.28
11836,2024-04-03,west,Nusrat Jahan,Furniture,Desk,Online,bKash,19,195.32,3711.08
12500,2024-09-10,South,Tanvir Ahmed,Apparel,Cap,online,Cash,25,9.19,229.75
11800,2024-04-30,central,Tanvir Ahmed,Stationery,Desk Organizer,Distributor,Nagad,23,18.53,426.19
11326,28/07/2024,Central,Farzana Islam,Electronics,Smartphone,Online,bKash,4,407.37,1629.48
11124,09-18-2024,Central,Imran Kabir,Apparel,Jeans,Online,Nagad,9,34.84,313.56
12888,30/06/2025,WEST,Tanvir Ahmed,Stationery,Pen Set,Online,Nagad,14,5.46,76.44
11953,2024-01-21,West,Arif Hossain,Stationery,Pen Set,ONLINE,bKash,11,6.55,72.05
10504,21/02/2025,  Central  ,Farzana Islam,Furniture,Bookshelf,Retail Store,Cash,13,91.15,1184.95
10952,01-18-2025,South,Farzana Islam,Electronics,Smartwatch,distributor,Cash,10,146.02,1460.2
12785,2025-05-08,East,Nusrat Jahan,Electronics,Smartwatch,Distributor,Cash,24,170.39,4089.36
10800,11-21-2024,Central,Imran Kabir,Grocery,Rice 5kg,  Retail Store  ,Bank Transfer,20,8.41,168.2
11282,2025-04-16,east,Rakib Hasan,Stationery,Desk Organizer,Retail Store,Nagad,4,16.77,67.08
12853,2024-03-29,East,Tanvir Ahmed,Electronics,Tablet,retail store,Bank Transfer,25,313.17,7829.25
11993,17/07/2024,West,Sadia Chowdhury,Furniture,Dining Table,Retail Store,Nagad,13,377.84,4911.92
10782,20/12/2025,CENTRAL,Farzana Islam,Apparel,Jeans,Wholesale,Nagad,7,38.09,266.63
11188,03-13-2025,North,Nusrat Jahan,Grocery,Cooking Oil 1L,  Online  ,bKash,13,2.81,36.53
10932,2024-07-25,East,Mim Akter,Electronics,Smartphone,retail store,Credit Card,15,456.96,6854.4
10860,2025-10-24,WEST,Arif Hossain,Apparel,Sneakers,WHOLESALE,Bank Transfer,2,52.28,104.56
12271,04-08-2024,EAST,Imran Kabir,Furniture,Sofa,Retail Store,Credit Card,18,480.71,8652.78
10047,2025-11-06,East,Nusrat Jahan,Grocery,Tea Pack,retail store,Credit Card,7,4.0,28.0
10450,2025-08-25,south,Farzana Islam,Apparel,Jacket,  Wholesale  ,Nagad,10,61.21,612.1
12243,2025-10-21,North,Tanvir Ahmed,Grocery,Snack Box,DISTRIBUTOR,bKash,20,4.65,93.0
12789,2025-07-09,north,Imran Kabir,Furniture,Sofa,Wholesale,Credit Card,25,455.78,11394.5
10132,2024-11-07,North,Rakib Hasan,Apparel,Sneakers,Online,Credit Card,16,51.1,817.6
10158,08-13-2024,WEST,Arif Hossain,Apparel,Cap,  Distributor  ,Credit Card,13,11.46,148.98
11937,08-27-2025,East,Mim Akter,Furniture,Dining Table,  Retail Store  ,Bank Transfer,14,394.69,5525.66
10124,2024-08-23,North,Lamia Sultana,Electronics,Smartwatch,  Wholesale  ,Cash,20,165.07,3301.4
11305,2025-05-24,west,Nusrat Jahan,Electronics,Smartphone,retail store,Cash,1,384.44,384.44
12743,06-12-2024,,Lamia Sultana,Grocery,Coffee Jar,Distributor,Cash,3,7.89,23.67
11058,14/03/2025,Central,Farzana Islam,Furniture,Office Chair,DISTRIBUTOR,bKash,25,115.31,2882.75
10612,2024-08-01,South,Lamia Sultana,Electronics,Headphones,online,Credit Card,21,61.37,1288.77
11155,2024-10-14,Central,Rakib Hasan,Grocery,Cooking Oil 1L,Retail Store,bKash,25,2.79,69.75
10846,29/08/2025,South,Nusrat Jahan,Electronics,Monitor,  Retail Store  ,Cash,3,248.07,744.21
10795,05-28-2024,north,Tanvir Ahmed,Stationery,Backpack,Wholesale,Bank Transfer,15,45.28,679.2
10253,2025-10-31,East,Lamia Sultana,Apparel,Jacket,Online,Cash,12,69.76,837.12
12761,2024-07-06,West,Rakib Hasan,Electronics,Smartwatch,retail store,bKash,12,135.32,1623.84
12600,2025-12-05,WEST,Arif Hossain,Furniture,Bookshelf,Wholesale,Credit Card,13,85.84,1115.92
10843,23/11/2025,WEST,Lamia Sultana,Grocery,Tea Pack,WHOLESALE,Nagad,12,4.37,52.44
11571,2024-06-11,North,Arif Hossain,Electronics,Smartwatch,ONLINE,Nagad,17,166.74,2834.58
10278,22/04/2025,  Central  ,Mim Akter,Grocery,Cooking Oil 1L,distributor,Bank Transfer,18,3.19,57.42
10703,12-11-2025,West,Lamia Sultana,Stationery,Desk Organizer,DISTRIBUTOR,Nagad,8,16.98,135.84
12286,2024-12-18,WEST,Lamia Sultana,Stationery,Desk Organizer,retail store,Bank Transfer,5,18.88,94.4
11227,2024-11-20,South,Imran Kabir,Grocery,Coffee Jar,Distributor,Credit Card,11,8.04,88.44
10078,2024-09-08,West,Imran Kabir,Stationery,Desk Organizer,Distributor,Cash,3,17.46,52.38
11488,21/05/2024,central,Imran Kabir,Electronics,Smartwatch,Online,bKash,16,142.05,2272.8
10323,02-01-2025,East,Sadia Chowdhury,Grocery,Rice 5kg,Distributor,Nagad,20,7.99,159.8
12784,2024-03-05,South,Arif Hossain,Grocery,Cooking Oil 1L,Wholesale,Cash,21,2.71,56.91
11499,28/06/2025,Central,Farzana Islam,Apparel,T-Shirt,Distributor,Credit Card,24,14.99,359.76
10631,2025-02-08,West,Arif Hossain,Furniture,Desk,Retail Store,Bank Transfer,21,187.71,3941.91
12695,05-19-2025,North,Rakib Hasan,Apparel,Jacket,  Online  ,Bank Transfer,11,71.62,787.82
10227,03-17-2025,West,Shakil Rahman,Grocery,Snack Box,Online,Credit Card,5,5.6,28.0
12801,23/01/2024,  West  ,Tanvir Ahmed,Stationery,Desk Organizer,  Distributor  ,Cash,22,19.07,419.54
12829,2025-02-13,East,Shakil Rahman,Stationery,Desk Organizer,  Online  ,bKash,23,17.42,400.66
11017,2025-07-17,CENTRAL,Rakib Hasan,Grocery,Coffee Jar,DISTRIBUTOR,Cash,3,6.54,19.62
12264,24/06/2025,SOUTH,Imran Kabir,Stationery,Desk Organizer,Wholesale,Credit Card,8,18.63,149.04
12240,2024-10-20,West,Sadia Chowdhury,Stationery,Notebook,WHOLESALE,Nagad,17,2.25,38.25
12001,2025-09-16,EAST,Mim Akter,Stationery,Pen Set,Retail Store,Bank Transfer,23,5.49,126.27
10299,2025-02-02,East,Rakib Hasan,Electronics,Laptop,Wholesale,bKash,11,,9258.15
10683,2025-01-19,South,Shakil Rahman,Apparel,T-Shirt,ONLINE,Cash,21,15.5,325.5
12165,31/01/2024,WEST,Imran Kabir,Apparel,Sneakers,distributor,Bank Transfer,7,51.16,358.12
10265,10/03/2025,North,Shakil Rahman,Furniture,Office Chair,Wholesale,Nagad,18,119.38,2148.84
12399,2025-05-02,WEST,Farzana Islam,Grocery,Tea Pack,DISTRIBUTOR,Cash,2,3.96,7.92
10391,2024-08-30,west,Mim Akter,Furniture,Dining Table,Retail Store,bKash,19,342.83,6513.77
12480,2024-11-30,north,Farzana Islam,Grocery,Tea Pack,Online,Nagad,9,4.16,37.44
11380,27/07/2024,north,Arif Hossain,Stationery,Desk Organizer,Online,bKash,11,18.77,206.47
10129,2024-01-15,  Central  ,Mim Akter,Furniture,Sofa,ONLINE,Bank Transfer,9,465.36,4188.24
10126,2024-10-29,Central,Mim Akter,Grocery,Rice 5kg,RETAIL STORE,Credit Card,11,8.69,95.59
12713,2024-12-18,central,Sadia Chowdhury,Grocery,Snack Box,Wholesale,Cash,9,4.7,42.3
11721,07-08-2024,WEST,Shakil Rahman,Stationery,Pen Set,online,Bank Transfer,17,5.41,91.97
11156,2025-12-18,West,Nusrat Jahan,Apparel,Jeans,WHOLESALE,Credit Card,24,35.9,861.6
11533,2025-06-18,CENTRAL,Tanvir Ahmed,Stationery,Backpack,Retail Store,bKash,10,36.26,362.6
12203,2024-03-05,east,Tanvir Ahmed,Furniture,Bookshelf,Wholesale,Bank Transfer,16,98.0,1568.0
12706,2024-12-12,South,Sadia Chowdhury,Grocery,Cooking Oil 1L,Online,bKash,7,3.24,22.68
10208,2024-06-25,  North  ,Rakib Hasan,Grocery,Cooking Oil 1L,Online,Bank Transfer,23,3.03,69.69
10551,23/08/2025,West,Mim Akter,Electronics,Headphones,Wholesale,Bank Transfer,7,61.77,432.39
10557,2025-07-02,East,Imran Kabir,Furniture,Desk,distributor,Nagad,1,193.54,193.54
10161,2024-01-20,North,Imran Kabir,Stationery,Backpack,Online,Bank Transfer,15,45.21,678.15
10884,2025-12-31,South,Mim Akter,Electronics,Tablet,WHOLESALE,bKash,13,323.13,4200.69
12919,2025-05-04,North,Imran Kabir,Grocery,Snack Box,Wholesale,Cash,1,5.66,5.66
10662,2025-09-18,North,Arif Hossain,Grocery,Tea Pack,Wholesale,Nagad,6,3.98,23.88
10300,2024-04-14,east,Sadia Chowdhury,Electronics,Laptop,Distributor,Cash,5,783.55,3917.75
11697,2025-11-27,SOUTH,Imran Kabir,Electronics,Monitor,Retail Store,Cash,19,240.31,4565.89
12814,2024-04-05,West,Shakil Rahman,Electronics,Laptop,RETAIL STORE,Nagad,11,765.31,8418.41
12352,01-29-2025,west,Nusrat Jahan,Grocery,Cooking Oil 1L,Retail Store,bKash,5,3.03,15.15
10510,2024-12-18,CENTRAL,Farzana Islam,Grocery,Snack Box,distributor,bKash,7,5.02,35.14
11911,2025-11-04,NORTH,Rakib Hasan,Grocery,Rice 5kg,DISTRIBUTOR,bKash,10,8.54,85.4
10652,2024-05-20,SOUTH,Imran Kabir,Grocery,Tea Pack,WHOLESALE,Bank Transfer,6,3.79,22.74
10339,2025-05-14,CENTRAL,Shakil Rahman,Electronics,Tablet,Distributor,Bank Transfer,11,,3450.15
10667,2025-07-14,NORTH,Lamia Sultana,Grocery,Coffee Jar,online,bKash,9,7.38,66.42
11390,23/09/2024,South,Imran Kabir,Furniture,Dining Table,Retail Store,Nagad,10,344.89,3448.9
12527,29/08/2024,South,Farzana Islam,Furniture,Desk,Online,Cash,7,203.93,1427.51
12385,2024-10-21,CENTRAL,Nusrat Jahan,Grocery,Cooking Oil 1L,retail store,Credit Card,12,3.34,40.08
10018,02-29-2024,North,Mim Akter,Grocery,Rice 5kg,distributor,bKash,8,8.96,71.68
10213,2025-04-22,SOUTH,,Stationery,Notebook,Online,Bank Transfer,22,2.06,45.32
11037,04-18-2025,Central,Mim Akter,Stationery,Pen Set,  Wholesale  ,Bank Transfer,19,5.46,103.74
10514,2025-04-06,North,Nusrat Jahan,Apparel,Cap,  Distributor  ,Bank Transfer,11,10.54,115.94
11363,2024-03-21,West,Lamia Sultana,Electronics,Headphones,Wholesale,Cash,7,67.68,473.76
11835,20/07/2025,East,Nusrat Jahan,Apparel,Cap,Retail Store,Credit Card,19,9.79,186.01
12223,29/01/2024,East,Lamia Sultana,Grocery,Cooking Oil 1L,  Online  ,Bank Transfer,4,2.76,11.04
12702,04/11/2024,SOUTH,Sadia Chowdhury,Stationery,Notebook,Distributor,Credit Card,17,2.22,37.74
12229,30/01/2025,South,Imran Kabir,Grocery,Tea Pack,Distributor,Nagad,25,4.13,103.25
10224,14/08/2025,West,Nusrat Jahan,Grocery,Snack Box,Retail Store,Cash,24,4.89,117.36
12554,02/12/2024,West,Rakib Hasan,Stationery,Backpack,Distributor,Bank Transfer,21,43.1,905.1
11492,2024-01-12,  East  ,Rakib Hasan,Electronics,Smartphone,Wholesale,Bank Transfer,,,6806.08
12585,24/12/2025,  East  ,Mim Akter,Stationery,Desk Organizer,Distributor,Credit Card,8,19.94,159.52
11775,11-25-2025,South,Nusrat Jahan,Electronics,Monitor,online,Bank Transfer,13,199.64,2595.32
12763,2024-04-02,central,Shakil Rahman,Grocery,Cooking Oil 1L,retail store,Credit Card,6,3.29,19.74
11643,2025-05-03,Central,Sadia Chowdhury,Furniture,Office Chair,Online,Cash,23,112.44,2586.12
12541,07/05/2024,Central,Tanvir Ahmed,Grocery,Snack Box,  Retail Store  ,bKash,17,4.77,81.09
12869,15/05/2024,  South  ,Nusrat Jahan,Stationery,Pen Set,DISTRIBUTOR,Bank Transfer,7,5.48,38.36
11679,2024-05-26,West,Lamia Sultana,Electronics,Smartphone,Distributor,Bank Transfer,15,419.7,6295.5
11013,2024-03-24,east,Rakib Hasan,Electronics,Monitor,Wholesale,bKash,16,241.5,3864.0
12846,09-15-2025,Central,Sadia Chowdhury,Furniture,Office Chair,  Wholesale  ,Bank Transfer,4,126.67,506.68
12244,30/01/2025,Central,Arif Hossain,Stationery,Desk Organizer,Distributor,Nagad,20,18.76,375.2
11891,2025-02-06,Central,Nusrat Jahan,Electronics,Tablet,distributor,Credit Card,11,319.88,3518.68
11455,2025-01-18,CENTRAL,Arif Hossain,Grocery,Cooking Oil 1L,Retail Store,Bank Transfer,6,3.4,20.4
12007,02-02-2025,NORTH,Farzana Islam,Electronics,Monitor,Wholesale,Cash,4,223.39,893.56
10207,2025-09-18,East,Shakil Rahman,Stationery,Notebook,Wholesale,bKash,10,2.15,21.5
12022,21/04/2024,central,Rakib Hasan,Grocery,Snack Box,Wholesale,Nagad,16,5.28,84.48
12944,06-17-2025,WEST,Arif Hossain,Electronics,Laptop,Wholesale,Cash,14,936.78,13114.92
10118,2025-01-18,East,Tanvir Ahmed,Electronics,Laptop,Distributor,Cash,14,795.93,11143.02
10655,08/08/2025,West,Mim Akter,Electronics,Smartwatch,wholesale,Nagad,20,155.11,3102.2
10030,2024-07-13,  West  ,Arif Hossain,Grocery,Tea Pack,Wholesale,bKash,10,3.82,38.2
10561,2025-09-20,North,Farzana Islam,Apparel,Jeans,ONLINE,Bank Transfer,1,38.19,38.19
10241,19/12/2024,north,Lamia Sultana,Apparel,Jacket,Wholesale,Bank Transfer,25,71.58,1789.5
11340,2025-10-08,North,Sadia Chowdhury,Electronics,Laptop,DISTRIBUTOR,Nagad,1,,961.25
11229,01-24-2025,South,Mim Akter,Grocery,Cooking Oil 1L,online,Nagad,2,3.4,6.8
12451,2025-03-25,  East  ,Tanvir Ahmed,Furniture,Desk,Distributor,Credit Card,24,180.61,4334.64
11214,05-30-2025,south,Farzana Islam,Grocery,Tea Pack,Distributor,Bank Transfer,4,4.1,16.4
12492,18/09/2025,South,Imran Kabir,Apparel,Cap,retail store,Nagad,2,9.15,18.3
12195,2025-07-13,South,Imran Kabir,Apparel,Cap,DISTRIBUTOR,Nagad,5,9.0,45.0
10525,2025-08-15,east,Farzana Islam,Electronics,Monitor,DISTRIBUTOR,Cash,18,229.36,4128.48
10387,12-31-2025,Central,Nusrat Jahan,Grocery,Cooking Oil 1L,Online,Bank Transfer,12,3.06,36.72
12912,12/07/2024,NORTH,Farzana Islam,Electronics,Headphones,Wholesale,Nagad,8,65.42,523.36
11129,2024-10-07,East,Shakil Rahman,Electronics,Headphones,Retail Store,bKash,1,55.47,55.47
10940,05-09-2024,  North  ,Arif Hossain,Apparel,T-Shirt,DISTRIBUTOR,Bank Transfer,17,17.22,292.74
11066,2024-03-22,west,Nusrat Jahan,Apparel,Cap,Distributor,Bank Transfer,12,10.0,120.0
10517,18/07/2025,West,Mim Akter,Grocery,Coffee Jar,Distributor,Bank Transfer,4,6.61,26.44
10936,06-17-2024,North,Mim Akter,Stationery,Notebook,  Distributor  ,Bank Transfer,14,1.83,25.62
10127,05-28-2025,SOUTH,Arif Hossain,Furniture,Desk,Distributor,Nagad,9,199.37,1794.33
11418,2025-02-12,WEST,Imran Kabir,Apparel,Jacket,Wholesale,Bank Transfer,9,73.33,659.97
10421,2025-11-01,  East  ,Imran Kabir,Apparel,Cap,  Distributor  ,Bank Transfer,16,10.43,166.88
12780,2024-09-30,Central,Nusrat Jahan,Furniture,Bookshelf,Wholesale,Cash,25,87.01,2175.25
12163,2024-07-23,CENTRAL,Shakil Rahman,Apparel,Jacket,Wholesale,Cash,13,61.34,797.42
10627,2025-07-06,East,,Grocery,Rice 5kg,  Online  ,Cash,19,7.5,142.5
11409,2024-05-20,CENTRAL,Tanvir Ahmed,Apparel,Jeans,Online,bKash,19,34.79,661.01
12091,2025-05-07,  Central  ,Lamia Sultana,Electronics,Monitor,Online,Credit Card,20,224.63,4492.6
11612,2024-09-05,  South  ,Rakib Hasan,Electronics,Tablet,Wholesale,bKash,13,328.97,4276.61
10839,2025-04-05,North,Imran Kabir,Stationery,Notebook,Online,Bank Transfer,11,2.23,24.53
11137,18/06/2024,North,Farzana Islam,Electronics,Monitor,Retail Store,Credit Card,19,201.16,3822.04
11955,16/11/2025,,Shakil Rahman,Apparel,Sneakers,RETAIL STORE,Bank Transfer,20,57.27,1145.4
11724,2025-06-27,West,Shakil Rahman,Apparel,Jeans,Distributor,bKash,,37.23,37.23
12273,24/02/2024,West,Mim Akter,Furniture,Dining Table,Online,Bank Transfer,23,392.14,9019.22
12689,08/03/2024,East,Arif Hossain,Stationery,Pen Set,  Distributor  ,Nagad,8,5.44,43.52
10170,2025-08-17,NORTH,,Apparel,Jacket,wholesale,Bank Transfer,18,74.01,1332.18
11905,2025-08-28,  West  ,Sadia Chowdhury,Electronics,Tablet,Retail Store,Cash,8,303.7,2429.6
10423,05-01-2025,West,Mim Akter,Grocery,Rice 5kg,retail store,Credit Card,9,8.99,80.91
11970,31/12/2025,West,Nusrat Jahan,Grocery,Rice 5kg,  Retail Store  ,Cash,17,8.63,146.71
10927,2025-03-16,Central,Tanvir Ahmed,Furniture,Desk,Online,Cash,4,189.79,759.16
10439,2025-12-31,  North  ,Lamia Sultana,Grocery,Coffee Jar,Retail Store,Cash,8,7.5,60.0
10049,2025-09-02,Central,Shakil Rahman,Apparel,Jeans,Online,Credit Card,14,34.52,483.28
12067,10-06-2025,North,Rakib Hasan,Stationery,Pen Set,Retail Store,bKash,12,5.89,70.68
12075,2024-08-28,West,Farzana Islam,Electronics,Monitor,Distributor,bKash,18,220.09,3961.62
12409,2024-04-03,east,,Furniture,Dining Table,ONLINE,Nagad,21,382.37,8029.77
11115,2025-08-08,West,Sadia Chowdhury,Stationery,Pen Set,Wholesale,Cash,5,5.55,27.75
11465,2024-12-15,  East  ,Arif Hossain,Electronics,Headphones,DISTRIBUTOR,Credit Card,15,62.52,937.8
11725,2025-05-20,South,Farzana Islam,Apparel,Jacket,Online,Credit Card,12,73.17,878.04
10410,2024-06-23,south,Farzana Islam,Stationery,Desk Organizer,Online,bKash,21,17.51,367.71
12202,2024-11-21,East,Farzana Islam,Grocery,Cooking Oil 1L,online,Bank Transfer,21,2.72,57.12
12299,2024-02-25,East,Shakil Rahman,Electronics,Smartphone,Wholesale,Bank Transfer,22,430.27,9465.94
10665,2025-04-14,north,Lamia Sultana,Furniture,Desk,Distributor,Credit Card,16,200.49,3207.84
11720,2024-07-21,East,Arif Hossain,Electronics,Tablet,RETAIL STORE,Bank Transfer,23,344.09,7914.07
11106,2025-12-14,north,Arif Hossain,Grocery,Coffee Jar,Distributor,Cash,7,7.53,52.71
10669,2024-03-30,  Central  ,Lamia Sultana,Electronics,Monitor,distributor,Cash,2,203.99,407.98
10293,2024-11-18,East,Arif Hossain,Electronics,Laptop,Online,bKash,1,969.31,969.31
11203,2025-04-26,  Central  ,Imran Kabir,Electronics,Laptop,RETAIL STORE,bKash,24,794.77,19074.48
11088,2025-12-03,South,Mim Akter,Stationery,Backpack,  Wholesale  ,Nagad,22,44.7,983.4
11353,2025-05-23,East,Tanvir Ahmed,Grocery,Cooking Oil 1L,Online,Credit Card,17,2.87,48.79
12186,09-01-2025,West,Lamia Sultana,Furniture,Desk,Online,Cash,,166.12,2159.56
12887,10/01/2025,,Lamia Sultana,Furniture,Sofa,WHOLESALE,Nagad,8,501.47,4011.76
12790,2025-11-26,East,Imran Kabir,Apparel,Sneakers,Wholesale,bKash,13,59.88,778.44
12937,2025-04-23,Central,Mim Akter,Furniture,Bookshelf,WHOLESALE,Cash,24,103.04,2472.96
12708,2025-11-18,  West  ,Lamia Sultana,Grocery,Snack Box,Online,Bank Transfer,23,4.54,104.42
10296,09-11-2025,WEST,Nusrat Jahan,Electronics,Laptop,online,Cash,25,895.45,22386.25
10534,2025-04-09,Central,Shakil Rahman,Furniture,Dining Table,retail store,Cash,20,366.68,7333.6
11242,2025-12-19,west,Shakil Rahman,Stationery,Desk Organizer,  Wholesale  ,Cash,20,20.42,408.4
10388,03/10/2024,Central,Arif Hossain,Grocery,Tea Pack,Distributor,Bank Transfer,6,3.63,21.78
12574,2024-09-09,north,Farzana Islam,Apparel,Jacket,wholesale,Cash,13,74.04,962.52
10535,2024-07-26,WEST,Rakib Hasan,Furniture,Sofa,ONLINE,Credit Card,17,501.7,8528.9
10088,2025-05-05,North,Lamia Sultana,Grocery,Rice 5kg,  Distributor  ,Bank Transfer,15,7.88,118.2
12676,2024-01-24,East,Arif Hossain,Apparel,Jeans,RETAIL STORE,Credit Card,16,39.57,633.12
11087,2024-05-22,NORTH,Tanvir Ahmed,Apparel,Jacket,Wholesale,Bank Transfer,1,68.28,68.28
10776,2024-01-17,EAST,Shakil Rahman,Furniture,Desk,Retail Store,Credit Card,16,192.11,3073.76
11033,30/11/2024,North,Mim Akter,Electronics,Tablet,Online,bKash,14,299.33,4190.62
11386,2024-10-02,Central,Arif Hossain,Stationery,Desk Organizer,wholesale,Cash,7,19.96,139.72
11763,01/02/2025,East,Arif Hossain,Stationery,Backpack,Distributor,Nagad,6,44.35,266.1
11912,04-09-2024,West,Nusrat Jahan,Grocery,Cooking Oil 1L,Retail Store,Cash,25,3.4,85.0
10149,2025-02-24,central,Tanvir Ahmed,Apparel,Jeans,distributor,Credit Card,12,39.14,469.68
10318,2024-03-09,north,Sadia Chowdhury,Apparel,Sneakers,wholesale,Cash,10,50.11,501.1
12102,2025-05-29,East,Mim Akter,Stationery,Desk Organizer,DISTRIBUTOR,bKash,5,17.57,87.85
12649,2025-11-01,East,Farzana Islam,Grocery,Rice 5kg,RETAIL STORE,Credit Card,9,9.09,81.81
11698,2025-04-24,South,Rakib Hasan,Grocery,Snack Box,Wholesale,Cash,8,5.59,44.72
10055,28/03/2025,Central,Mim Akter,Grocery,Snack Box,wholesale,Bank Transfer,22,4.77,104.94
11408,04-12-2024,NORTH,Mim Akter,Grocery,Snack Box,online,Bank Transfer,23,5.49,126.27
10903,2025-02-01,central,Nusrat Jahan,Electronics,Headphones,Wholesale,Bank Transfer,16,58.03,928.48
12797,2024-07-06,North,Arif Hossain,Grocery,Coffee Jar,Retail Store,bKash,14,7.02,98.28
12833,02-21-2024,Central,Sadia Chowdhury,Stationery,Backpack,Retail Store,bKash,9,37.86,340.74
11986,21/01/2025,North,Tanvir Ahmed,Electronics,Smartwatch,Distributor,bKash,12,158.88,1906.56
11936,2024-08-04,Central,Nusrat Jahan,Furniture,Sofa,Online,Bank Transfer,20,480.02,9600.4
11421,2024-03-05,NORTH,Mim Akter,Electronics,Tablet,Distributor,Nagad,21,273.69,5747.49
10151,2025-01-11,South,Farzana Islam,Furniture,Sofa,Distributor,Nagad,4,490.79,1963.16
11913,2024-05-04,,Farzana Islam,Apparel,Cap,Online,bKash,1,11.38,11.38
11590,05/12/2024,Central,Mim Akter,Apparel,Jacket,  Online  ,Credit Card,1,72.94,72.94
12934,2025-05-28,central,Sadia Chowdhury,Grocery,Coffee Jar,Online,Nagad,17,6.55,111.35
11805,2024-01-22,  West  ,Sadia Chowdhury,Stationery,Notebook,Distributor,Bank Transfer,23,2.06,47.38
12118,03/05/2024,North,Arif Hossain,Electronics,Tablet,RETAIL STORE,Bank Transfer,21,305.16,6408.36
12952,2025-03-19,EAST,Lamia Sultana,Electronics,Smartphone,online,Nagad,21,366.62,7699.02
11284,2024-09-27,east,Sadia Chowdhury,Grocery,Tea Pack,RETAIL STORE,Credit Card,25,3.9,97.5
12207,2025-11-10,East,Arif Hossain,Grocery,Coffee Jar,wholesale,Nagad,18,7.38,132.84
11161,2025-11-07,South,Tanvir Ahmed,Apparel,T-Shirt,Online,Credit Card,24,14.71,353.04
10408,2024-02-20,East,Shakil Rahman,Stationery,Backpack,Retail Store,Credit Card,13,41.72,542.36
12882,02-06-2025,West,Tanvir Ahmed,Grocery,Snack Box,Distributor,Credit Card,8,4.55,36.4
12218,2024-07-15,  West  ,Shakil Rahman,Electronics,Smartwatch,distributor,bKash,17,165.2,2808.4
11159,2024-03-03,South,Mim Akter,Apparel,Jeans,  Wholesale  ,Bank Transfer,17,35.24,599.08
11312,2024-09-14,West,Mim Akter,Apparel,T-Shirt,Online,Credit Card,5,14.81,74.05
12722,2025-02-13,WEST,Tanvir Ahmed,Electronics,Tablet,  Retail Store  ,Credit Card,7,303.42,2123.94
10205,2025-08-10,EAST,Mim Akter,Furniture,Sofa,wholesale,Credit Card,5,464.56,2322.8
12418,2025-08-05,North,Farzana Islam,Grocery,Coffee Jar,Distributor,bKash,23,6.97,160.31
11601,09-28-2025,WEST,Sadia Chowdhury,Furniture,Dining Table,  Retail Store  ,Bank Transfer,9,362.76,3264.84
11377,04-27-2024,south,Rakib Hasan,Furniture,Desk,ONLINE,bKash,21,163.73,3438.33
12879,09-11-2024,West,Rakib Hasan,Grocery,Coffee Jar,  Wholesale  ,bKash,11,7.53,82.83
12398,08-22-2024,  West  ,Tanvir Ahmed,Grocery,Cooking Oil 1L,Distributor,Bank Transfer,19,3.32,63.08
11308,2024-05-05,  South  ,Tanvir Ahmed,Apparel,Jacket,distributor,Nagad,14,71.42,999.88
12256,18/11/2024,  West  ,Arif Hossain,Grocery,Tea Pack,Retail Store,bKash,10,4.01,40.1
10682,2025-12-02,Central,Tanvir Ahmed,Apparel,Cap,retail store,Nagad,11,11.0,121.0
10065,2025-01-24,West,Lamia Sultana,Furniture,Sofa,Online,Nagad,16,405.66,6490.56
10580,2024-03-26,North,Tanvir Ahmed,Grocery,Snack Box,Wholesale,Nagad,4,4.83,19.32
11470,2025-05-16,East,Sadia Chowdhury,Furniture,Bookshelf,DISTRIBUTOR,Credit Card,12,94.02,1128.24
10334,2025-10-09,South,Lamia Sultana,Electronics,Smartphone,Distributor,Nagad,14,376.6,5272.4
11695,30/09/2025,north,Arif Hossain,Furniture,Sofa,wholesale,Cash,14,410.72,5750.08
11500,10/10/2025,Central,Farzana Islam,Furniture,Office Chair,Retail Store,bKash,16,120.93,1934.88
12776,2025-06-19,South,Sadia Chowdhury,Furniture,Sofa,wholesale,Bank Transfer,12,458.62,5503.44
12266,2025-08-06,SOUTH,Mim Akter,Stationery,Desk Organizer,Wholesale,Credit Card,15,20.24,303.6
12012,10/09/2025,south,Tanvir Ahmed,Stationery,Backpack,Online,Cash,3,44.09,132.27
12626,2024-01-15,South,Nusrat Jahan,Furniture,Office Chair,WHOLESALE,bKash,12,135.08,1620.96
10730,2025-09-17,North,Arif Hossain,Stationery,Notebook,DISTRIBUTOR,Bank Transfer,21,2.23,46.83
12014,2024-06-23,Central,Rakib Hasan,Apparel,T-Shirt,Wholesale,bKash,24,14.09,338.16
10677,2024-12-24,West,Imran Kabir,Furniture,Dining Table,ONLINE,Cash,18,385.53,6939.54
11785,24/04/2024,SOUTH,Imran Kabir,Stationery,Pen Set,Online,Bank Transfer,17,6.22,105.74
11130,11-09-2024,north,Farzana Islam,Furniture,Sofa,  Retail Store  ,Nagad,19,497.4,9450.6
10566,2024-10-02,South,Arif Hossain,Stationery,Backpack,distributor,bKash,16,,729.44
10844,2025-01-10,North,Tanvir Ahmed,Apparel,Jacket,Online,bKash,12,71.66,859.92
10543,2024-07-27,central,Mim Akter,Stationery,Desk Organizer,Distributor,Bank Transfer,14,18.68,261.52
10089,2025-05-18,west,Farzana Islam,Electronics,Headphones,ONLINE,Bank Transfer,3,62.66,187.98
12635,2024-11-12,East,Mim Akter,Stationery,Backpack,  Retail Store  ,Nagad,5,45.73,228.65
11831,2024-07-04,West,,Grocery,Coffee Jar,ONLINE,bKash,4,6.93,27.72
12193,11-15-2024,North,Shakil Rahman,Stationery,Desk Organizer,  Wholesale  ,Nagad,5,16.49,82.45
11743,2025-02-02,Central,Shakil Rahman,Grocery,Coffee Jar,Online,Bank Transfer,25,6.64,166.0
12736,11/02/2024,SOUTH,Nusrat Jahan,Furniture,Office Chair,DISTRIBUTOR,Credit Card,5,132.29,661.45
11105,2025-11-25,Central,Imran Kabir,Furniture,Office Chair,Distributor,Bank Transfer,16,137.71,2203.36
11410,2024-07-10,EAST,Sadia Chowdhury,Furniture,Desk,RETAIL STORE,Bank Transfer,24,184.35,4424.4
11758,13/02/2024,North,Nusrat Jahan,Stationery,Notebook,wholesale,Credit Card,8,2.18,17.44
12314,11-09-2025,CENTRAL,Shakil Rahman,Furniture,Sofa,Retail Store,bKash,7,469.16,3284.12
12345,2024-01-30,Central,Arif Hossain,Electronics,Smartphone,Retail Store,Credit Card,9,384.79,3463.11
12365,01-25-2025,South,Mim Akter,Grocery,Snack Box,DISTRIBUTOR,Nagad,13,4.88,63.44
12475,10/11/2025,West,Imran Kabir,Furniture,Office Chair,Online,Cash,9,126.71,1140.39
11387,2025-04-11,East,Nusrat Jahan,Apparel,Jeans,Distributor,bKash,11,38.05,418.55
10632,2024-11-27,SOUTH,Farzana Islam,Stationery,Pen Set,DISTRIBUTOR,Bank Transfer,22,6.79,149.38
10354,2024-11-20,  North  ,Arif Hossain,Grocery,Snack Box,Online,Cash,5,4.98,24.9
11526,07/09/2024,  North  ,Lamia Sultana,Grocery,Snack Box,  Distributor  ,bKash,15,5.4,81.0
10885,2024-12-06,North,Farzana Islam,Stationery,Backpack,Online,Credit Card,8,40.71,325.68
12709,28/02/2024,Central,Imran Kabir,Apparel,Cap,RETAIL STORE,bKash,23,9.84,226.32
11580,2025-01-24,West,Tanvir Ahmed,Grocery,Rice 5kg,Wholesale,bKash,2,8.09,16.18
12110,2025-12-25,South,Farzana Islam,Apparel,Jacket,Retail Store,bKash,18,71.63,1289.34
10367,2024-08-16,East,Farzana Islam,Electronics,Smartwatch,online,bKash,17,171.8,2920.6
10452,2024-08-21,  South  ,Rakib Hasan,Grocery,Tea Pack,Wholesale,Credit Card,8,4.33,34.64
12370,2025-10-23,NORTH,Tanvir Ahmed,Grocery,Cooking Oil 1L,Online,Nagad,22,3.25,71.5
10060,2025-09-19,South,Sadia Chowdhury,Electronics,Tablet,Distributor,Bank Transfer,24,336.9,8085.6
12620,24/08/2024,West,Shakil Rahman,Apparel,Jacket,ONLINE,Nagad,15,71.84,1077.6
11865,2025-01-30,EAST,Tanvir Ahmed,Electronics,Headphones,Distributor,Bank Transfer,21,67.08,1408.68
11786,2025-11-11,Central,Tanvir Ahmed,Stationery,Notebook,Distributor,Nagad,6,2.17,13.02
10413,2024-03-04,east,Nusrat Jahan,Grocery,Coffee Jar,  Distributor  ,Nagad,5,7.62,38.1
10686,2025-01-18,  Central  ,Shakil Rahman,Apparel,Jeans,Retail Store,Credit Card,2,38.31,76.62
12673,04-17-2024,West,Arif Hossain,Electronics,Smartwatch,  Wholesale  ,Credit Card,21,163.41,3431.61
10762,2025-10-22,  South  ,Rakib Hasan,Grocery,Coffee Jar,Online,Credit Card,12,6.8,81.6
10239,09/09/2024,East,Shakil Rahman,Apparel,Cap,Wholesale,bKash,9,,93.6
12630,02/12/2025,Central,Rakib Hasan,Electronics,Tablet,Retail Store,bKash,16,285.12,4561.92
10662,18/09/2025,North,Arif Hossain,Grocery,Tea Pack,wholesale,Nagad,6,3.98,23.88
11195,2025-03-10,West,Mim Akter,Furniture,Desk,DISTRIBUTOR,Bank Transfer,16,193.2,3091.2
12768,2024-06-13,central,Lamia Sultana,Apparel,Jeans,Retail Store,bKash,10,38.82,388.2
12501,04-16-2025,Central,Sadia Chowdhury,Furniture,Sofa,Wholesale,Credit Card,17,483.16,8213.72
12690,11-19-2024,West,Lamia Sultana,Apparel,T-Shirt,Online,Credit Card,8,13.68,109.44
10426,2025-01-17,South,Imran Kabir,Furniture,Sofa,  Wholesale  ,Nagad,2,462.97,925.94
11010,2024-05-01,SOUTH,Arif Hossain,Apparel,Jacket,Wholesale,Credit Card,5,72.84,364.2
12497,2025-11-20,South,Lamia Sultana,Furniture,Desk,Retail Store,Credit Card,18,200.21,3603.78
10547,2024-09-26,Central,Imran Kabir,Furniture,Sofa,Online,Credit Card,8,446.72,3573.76
12269,2025-04-17,central,Mim Akter,Stationery,Notebook,Retail Store,Credit Card,12,1.97,23.64
10401,2024-08-02,EAST,Sadia Chowdhury,Electronics,Monitor,online,Cash,8,236.12,1888.96
12575,05-12-2025,South,Arif Hossain,Stationery,Notebook,  Retail Store  ,Bank Transfer,6,2.03,12.18
10746,19/04/2024,,Nusrat Jahan,Stationery,Notebook,DISTRIBUTOR,Bank Transfer,21,2.14,44.94
12308,09-18-2025,South,Imran Kabir,Furniture,Office Chair,online,Nagad,23,137.17,3154.91
12905,2024-03-31,South,,Grocery,Rice 5kg,WHOLESALE,Bank Transfer,18,7.73,139.14
12646,06-26-2024,north,Tanvir Ahmed,Grocery,Rice 5kg,WHOLESALE,Nagad,8,7.31,58.48
10598,2025-05-07,CENTRAL,Arif Hossain,Electronics,Monitor,Online,Cash,21,214.43,4503.03
10789,05-12-2025,EAST,Imran Kabir,Furniture,Dining Table,distributor,Cash,19,373.26,7091.94
12101,08/07/2025,  West  ,Mim Akter,Furniture,Desk,Distributor,Cash,21,177.28,3722.88
10037,2024-06-10,North,Nusrat Jahan,Furniture,Bookshelf,DISTRIBUTOR,Cash,15,99.76,1496.4
11732,2024-01-17,  Central  ,Rakib Hasan,Furniture,Desk,Retail Store,Credit Card,13,183.25,2382.25
11520,2025-02-24,north,Imran Kabir,Grocery,Cooking Oil 1L,WHOLESALE,Bank Transfer,7,3.18,22.26
11946,2025-02-27,West,Arif Hossain,Electronics,Monitor,distributor,bKash,4,246.47,985.88
11908,2025-10-17,Central,Imran Kabir,Apparel,Cap,ONLINE,Nagad,10,10.92,109.2
12910,2025-09-28,  South  ,Sadia Chowdhury,Furniture,Bookshelf,WHOLESALE,bKash,23,84.59,1945.57
10697,2025-12-16,North,Sadia Chowdhury,Furniture,Dining Table,RETAIL STORE,Credit Card,15,323.51,4852.65
10169,2025-04-17,North,Mim Akter,Apparel,Cap,Online,Cash,15,9.09,136.35
10386,2024-03-30,west,Imran Kabir,Furniture,Bookshelf,  Wholesale  ,Credit Card,9,89.62,806.58
10220,15/03/2024,South,Imran Kabir,Apparel,Sneakers,Distributor,Bank Transfer,23,50.32,1157.36
10028,2024-08-30,North,Arif Hossain,Stationery,Notebook,Online,Credit Card,6,2.0,12.0
12463,2025-11-26,north,Imran Kabir,Furniture,Desk,RETAIL STORE,Bank Transfer,11,192.83,2121.13
12268,2024-01-16,Central,Lamia Sultana,Apparel,Sneakers,Retail Store,Bank Transfer,10,62.94,629.4
10862,2024-11-01,North,Farzana Islam,Grocery,Rice 5kg,Distributor,Nagad,3,9.0,27.0
10153,2024-07-04,East,Mim Akter,Furniture,Bookshelf,Distributor,Credit Card,5,93.74,468.7
11894,2024-04-20,NORTH,Lamia Sultana,Electronics,Laptop,online,bKash,15,791.8,11877.0
11168,2024-03-10,East,Sadia Chowdhury,Stationery,Backpack,Online,Bank Transfer,16,40.19,643.04
10052,2024-11-12,East,Farzana Islam,Apparel,Cap,Distributor,Nagad,22,10.02,220.44
10815,25/02/2025,Central,Shakil Rahman,Electronics,Smartphone,  Distributor  ,Bank Transfer,11,452.09,4972.99
12107,2025-08-23,Central,Arif Hossain,Apparel,Jacket,WHOLESALE,Bank Transfer,20,74.67,1493.4
10418,2025-02-01,EAST,Mim Akter,Furniture,Dining Table,Online,Credit Card,18,349.77,6295.86
12441,2024-06-07,EAST,Nusrat Jahan,Furniture,Office Chair,Distributor,Credit Card,8,124.1,992.8
12837,2025-04-06,  Central  ,Arif Hossain,Grocery,Coffee Jar,wholesale,Bank Transfer,20,6.63,132.6
12076,2025-09-22,SOUTH,Arif Hossain,Grocery,Coffee Jar,RETAIL STORE,Credit Card,15,6.78,101.7
11176,2025-02-22,North,Arif Hossain,Apparel,Jacket,  Distributor  ,bKash,20,63.29,1265.8
10755,2024-06-17,west,Rakib Hasan,Apparel,Jeans,Distributor,Nagad,15,33.63,504.45
12943,2025-04-26,East,Farzana Islam,Apparel,Sneakers,Retail Store,Cash,14,53.28,745.92
11723,2024-10-30,South,Rakib Hasan,Furniture,Bookshelf,Wholesale,Nagad,20,90.28,1805.6
11857,01-21-2025,South,Rakib Hasan,Furniture,Office Chair,ONLINE,Credit Card,5,108.02,540.1
12304,19/05/2025,North,Sadia Chowdhury,Stationery,Backpack,Distributor,Credit Card,4,43.65,174.6
12610,2024-10-27,North,Rakib Hasan,Furniture,Sofa,Retail Store,Cash,5,425.66,2128.3
11433,08-30-2025,Central,Rakib Hasan,Electronics,Laptop,Retail Store,Bank Transfer,8,782.83,6262.64
12468,2025-12-19,West,Sadia Chowdhury,Apparel,Jeans,Distributor,Nagad,6,34.98,209.88
12084,2024-07-18,Central,Shakil Rahman,Furniture,Dining Table,Wholesale,bKash,18,399.04,7182.72
11318,2025-05-30,South,Arif Hossain,Grocery,Rice 5kg,Wholesale,Cash,22,8.63,189.86
11815,2024-08-18,SOUTH,Nusrat Jahan,Electronics,Smartwatch,Wholesale,Cash,9,150.24,1352.16
10135,2024-08-29,East,Nusrat Jahan,Apparel,T-Shirt,Wholesale,Bank Transfer,12,13.87,166.44
10600,2024-02-13,North,Imran Kabir,Apparel,Cap,retail store,Credit Card,19,10.96,208.24
11973,2024-02-25,NORTH,Lamia Sultana,Stationery,Desk Organizer,Online,bKash,8,19.52,156.16
11924,2024-11-15,Central,Tanvir Ahmed,Apparel,T-Shirt,Distributor,bKash,18,16.58,298.44
10137,2024-12-07,SOUTH,Lamia Sultana,Grocery,Rice 5kg,Online,Credit Card,8,9.18,73.44
12226,2024-06-26,central,Rakib Hasan,Grocery,Coffee Jar,Retail Store,Credit Card,19,7.34,139.46
12704,2025-07-22,west,Rakib Hasan,Grocery,Snack Box,Wholesale,bKash,17,,94.18
12659,05-29-2024,  East  ,Arif Hossain,Electronics,Smartwatch,Wholesale,Cash,5,143.82,719.1
11638,2025-01-31,,Rakib Hasan,Stationery,Pen Set,Wholesale,Nagad,24,5.79,138.96
12111,2024-07-23,South,Nusrat Jahan,Electronics,Monitor,Online,bKash,20,205.88,4117.6
11726,2025-11-21,WEST,Farzana Islam,Electronics,Smartwatch,Wholesale,Credit Card,3,146.94,440.82
10777,2025-04-19,Central,Lamia Sultana,Furniture,Sofa,Online,Bank Transfer,25,420.6,10515.0
11222,2024-10-20,Central,Sadia Chowdhury,Furniture,Office Chair,Online,Cash,13,120.27,1563.51
12109,11/06/2025,South,Tanvir Ahmed,Apparel,Sneakers,retail store,Cash,24,,1420.32
12026,2025-04-07,North,Tanvir Ahmed,Apparel,Cap,Online,Cash,23,10.73,246.79
12250,06-13-2025,west,Rakib Hasan,Grocery,Rice 5kg,  Retail Store  ,bKash,17,9.05,153.85
11097,2025-08-29,north,Farzana Islam,Electronics,Headphones,Online,Cash,7,65.17,456.19
11400,2024-07-01,East,Mim Akter,Stationery,Desk Organizer,Wholesale,Cash,5,16.39,81.95
11554,2025-09-16,Central,Sadia Chowdhury,Apparel,Jacket,Online,Cash,7,67.78,474.46
10168,2025-03-28,  South  ,Sadia Chowdhury,Apparel,Jacket,ONLINE,Bank Transfer,21,63.42,1331.82
12553,2025-11-17,East,Arif Hossain,Apparel,Sneakers,Distributor,Nagad,20,,1189.2
12261,2025-02-12,North,Sadia Chowdhury,Furniture,Bookshelf,distributor,Credit Card,20,99.4,1988.0
12707,2024-05-08,WEST,Rakib Hasan,Grocery,Coffee Jar,Distributor,Nagad,7,7.86,55.02
11325,2025-12-05,East,Tanvir Ahmed,Furniture,Bookshelf,Wholesale,Nagad,7,83.58,585.06
11343,02-04-2024,central,Tanvir Ahmed,Furniture,Office Chair,  Online  ,bKash,5,134.8,674.0
12434,23/12/2025,CENTRAL,Nusrat Jahan,Electronics,Smartwatch,online,Cash,,155.72,1868.64
11294,2025-10-23,Central,Imran Kabir,Stationery,Desk Organizer,Online,Credit Card,8,20.52,164.16
11269,2024-08-08,  South  ,Mim Akter,Apparel,Sneakers,  Retail Store  ,Credit Card,22,54.61,1201.42
10681,2024-02-27,Central,Mim Akter,Furniture,Sofa,Wholesale,Bank Transfer,17,438.68,7457.56
11177,2024-06-29,north,Mim Akter,Electronics,Monitor,Retail Store,Cash,9,251.44,2262.96
11949,2025-03-24,East,Rakib Hasan,Grocery,Coffee Jar,Wholesale,bKash,5,6.33,31.65
10705,2025-09-04,South,Shakil Rahman,Electronics,Tablet,Wholesale,Credit Card,4,321.41,1285.64
10246,29/10/2025,East,Shakil Rahman,Furniture,Bookshelf,online,Credit Card,19,86.22,1638.18
12815,2024-06-08,North,Sadia Chowdhury,Grocery,Rice 5kg,  Online  ,Nagad,14,8.46,118.44
11507,09-30-2024,North,Imran Kabir,Grocery,Cooking Oil 1L,  Retail Store  ,Cash,15,3.15,47.25
10210,2024-07-24,East,Arif Hossain,Furniture,Desk,Retail Store,Credit Card,5,172.65,863.25
10381,2024-07-21,North,Tanvir Ahmed,Furniture,Office Chair,Retail Store,bKash,13,119.17,1549.21
11954,2024-07-17,Central,Mim Akter,Stationery,Desk Organizer,ONLINE,Bank Transfer,6,16.69,100.14
10537,2025-07-06,North,Sadia Chowdhury,Stationery,Notebook,Retail Store,Nagad,1,2.25,2.25
12503,2025-01-12,North,Rakib Hasan,Grocery,Cooking Oil 1L,Wholesale,Bank Transfer,23,3.42,78.66
12227,02-22-2025,North,Shakil Rahman,Apparel,Sneakers,Wholesale,bKash,9,61.23,551.07
10002,04-05-2024,Central,Imran Kabir,Stationery,Notebook,  Online  ,Credit Card,7,1.92,13.44
10853,2024-12-21,Central,Sadia Chowdhury,Electronics,Smartwatch,Wholesale,bKash,3,159.43,478.29
12114,2025-02-17,North,Arif Hossain,Grocery,Tea Pack,Retail Store,Bank Transfer,17,4.31,73.27
10433,2024-09-15,SOUTH,Rakib Hasan,Electronics,Tablet,Online,bKash,20,330.38,6607.6
10562,2025-08-11,West,Mim Akter,Stationery,Notebook,  Distributor  ,Bank Transfer,9,2.05,18.45
11680,02-14-2024,central,Nusrat Jahan,Electronics,Monitor,RETAIL STORE,Cash,19,198.78,3776.82
10243,21/04/2024,  Central  ,Shakil Rahman,Furniture,Desk,distributor,bKash,20,195.34,3906.8
10411,2025-05-15,North,Shakil Rahman,Electronics,Tablet,Wholesale,Bank Transfer,22,289.88,6377.36
11575,2025-08-21,West,Rakib Hasan,Furniture,Bookshelf,Distributor,bKash,22,98.28,2162.16
11436,11-25-2024,Central,Sadia Chowdhury,Stationery,Desk Organizer,  Distributor  ,bKash,15,19.39,290.85
11647,2025-09-20,North,Mim Akter,Electronics,Smartwatch,Online,Credit Card,3,154.87,464.61
10163,2025-03-23,Central,Sadia Chowdhury,Apparel,Jeans,Distributor,Credit Card,4,33.63,134.52
10035,2024-11-19,West,Rakib Hasan,Furniture,Bookshelf,Distributor,Bank Transfer,25,102.05,2551.25
12282,23/03/2024,North,Mim Akter,Electronics,Monitor,RETAIL STORE,Bank Transfer,24,246.41,5913.84
10861,2024-06-29,North,Shakil Rahman,Apparel,Jeans,Distributor,Nagad,21,38.96,818.16
12606,21/04/2024,West,Rakib Hasan,Electronics,Monitor,Retail Store,Credit Card,7,227.73,1594.11
10554,2025-06-09,Central,Shakil Rahman,Stationery,Notebook,Distributor,Credit Card,9,2.24,20.16
11428,2024-07-26,  North  ,Shakil Rahman,Grocery,Snack Box,Distributor,Bank Transfer,4,4.83,19.32
12065,17/12/2025,West,Farzana Islam,Stationery,Desk Organizer,Wholesale,Bank Transfer,2,18.01,36.02
12238,2025-05-30,  Central  ,Nusrat Jahan,Electronics,Tablet,Distributor,Nagad,5,290.01,1450.05
12796,2025-11-12,North,,Furniture,Desk,Wholesale,Bank Transfer,7,163.0,1141.0
12590,2025-09-11,East,Farzana Islam,Grocery,Rice 5kg,Retail Store,Credit Card,1,8.45,8.45
12590,09-11-2025,east,Farzana Islam,Grocery,Rice 5kg,Retail Store,Credit Card,1,8.45,8.45
11751,2024-05-25,,Mim Akter,Electronics,Laptop,Wholesale,Cash,11,941.76,10359.36
11490,07/03/2025,West,Sadia Chowdhury,Apparel,Jacket,ONLINE,Cash,6,61.16,366.96
12270,2025-12-24,West,Sadia Chowdhury,Apparel,T-Shirt,Wholesale,Cash,3,16.02,48.06
12835,07-12-2024,North,Sadia Chowdhury,Grocery,Coffee Jar,Wholesale,bKash,12,6.96,83.52
10487,2024-10-20,North,Nusrat Jahan,Furniture,Office Chair,Distributor,bKash,22,115.52,2541.44
10071,2024-07-23,North,Tanvir Ahmed,Apparel,Jeans,Online,bKash,1,36.94,36.94
11051,11-26-2024,West,Arif Hossain,Furniture,Office Chair,Online,Cash,18,126.8,2282.4
11992,10-02-2025,North,Arif Hossain,Apparel,Cap,Online,Cash,24,9.65,231.6
11287,2024-04-18,East,Sadia Chowdhury,Stationery,Backpack,Retail Store,Nagad,5,38.19,190.95
11481,2025-02-09,East,Rakib Hasan,Electronics,Laptop,Distributor,Bank Transfer,6,862.87,5177.22
10125,2025-10-04,Central,Shakil Rahman,Furniture,Desk,  Retail Store  ,Credit Card,21,163.77,3439.17
11541,2025-11-11,Central,Nusrat Jahan,Electronics,Monitor,Retail Store,Cash,2,219.92,439.84
11145,19/04/2024,WEST,Mim Akter,Electronics,Smartwatch,Distributor,Cash,1,148.11,148.11
12951,2025-09-15,Central,Lamia Sultana,Apparel,T-Shirt,Retail Store,Credit Card,25,16.77,419.25
10162,2024-10-23,West,Lamia Sultana,Apparel,Cap,Wholesale,Bank Transfer,4,10.01,40.04
12628,2024-04-23,West,Sadia Chowdhury,Furniture,Bookshelf,retail store,Nagad,20,81.11,1622.2
11004,07/05/2025,West,Lamia Sultana,Furniture,Desk,Retail Store,bKash,24,196.58,4717.92
12368,2025-03-01,Central,Nusrat Jahan,Apparel,Cap,retail store,bKash,4,9.75,39.0
10716,13/07/2025,west,Nusrat Jahan,Electronics,Smartwatch,Distributor,Bank Transfer,19,148.76,2826.44
11274,2025-09-07,North,Farzana Islam,Apparel,Sneakers,Wholesale,bKash,11,57.63,633.93
10753,2025-11-25,North,Nusrat Jahan,Stationery,Pen Set,wholesale,Cash,13,5.89,76.57
11388,2024-03-22,,Sadia Chowdhury,Electronics,Monitor,Wholesale,Cash,12,228.83,2745.96
11599,2024-01-15,West,Tanvir Ahmed,Electronics,Monitor,RETAIL STORE,bKash,5,232.9,1164.5
12052,2025-04-09,North,Nusrat Jahan,Stationery,Backpack,Retail Store,bKash,8,36.89,295.12
11600,07/05/2025,,Mim Akter,Furniture,Desk,Online,Nagad,16,200.6,3209.6
10006,2025-01-05,West,Farzana Islam,Stationery,Notebook,Distributor,Nagad,19,1.9,36.1
11821,2024-12-16,west,Mim Akter,Stationery,Pen Set,ONLINE,Bank Transfer,18,6.18,111.24
10756,2024-01-17,South,Farzana Islam,Stationery,Notebook,  Wholesale  ,bKash,16,1.84,29.44
12637,2025-08-11,north,Sadia Chowdhury,Grocery,Coffee Jar,Distributor,Bank Transfer,20,7.35,147.0
10084,2024-09-14,East,Sadia Chowdhury,Stationery,Backpack,  Distributor  ,Cash,8,37.21,297.68
11709,2024-02-23,North,Sadia Chowdhury,Apparel,Cap,Distributor,bKash,21,9.6,201.6
12267,2024-03-30,Central,Nusrat Jahan,Electronics,Monitor,Retail Store,Credit Card,5,221.74,1108.7
12328,2025-06-21,Central,Rakib Hasan,Furniture,Office Chair,Online,Cash,4,123.67,494.68
11892,2025-10-31,East,Arif Hossain,Grocery,Coffee Jar,Distributor,Cash,23,7.73,177.79
11972,19/07/2024,East,Shakil Rahman,Grocery,Tea Pack,Retail Store,Credit Card,13,3.9,50.7
11204,2025-10-22,West,Imran Kabir,Stationery,Backpack,Distributor,Bank Transfer,,36.13,830.99
10394,14/12/2024,East,Lamia Sultana,Grocery,Rice 5kg,Retail Store,bKash,23,7.55,173.65
11035,2025-08-11,West,Sadia Chowdhury,Furniture,Bookshelf,Retail Store,Nagad,10,94.22,942.2
12354,26/11/2025,EAST,Shakil Rahman,Apparel,Cap,Retail Store,Credit Card,17,11.13,189.21
11213,2025-05-27,NORTH,Mim Akter,Electronics,Headphones,Distributor,Bank Transfer,7,58.72,411.04
12289,12-02-2025,,Lamia Sultana,Furniture,Bookshelf,Wholesale,bKash,6,82.55,495.3
10310,2025-12-10,west,Nusrat Jahan,Stationery,Notebook,Wholesale,Cash,3,2.21,6.63
11048,2025-03-30,central,Farzana Islam,Grocery,Rice 5kg,Wholesale,Cash,2,8.4,16.8
10442,2024-10-28,  East  ,Mim Akter,Apparel,Sneakers,Distributor,Nagad,15,61.2,918.0
10038,2024-05-17,CENTRAL,Tanvir Ahmed,Apparel,Cap,  Distributor  ,Credit Card,9,9.29,83.61
10284,07/01/2024,Central,Tanvir Ahmed,Stationery,Notebook,online,Credit Card,14,1.87,26.18
10194,06/12/2024,East,Nusrat Jahan,Apparel,T-Shirt,Online,Nagad,5,13.67,68.35
12342,2025-04-15,Central,Nusrat Jahan,Electronics,Headphones,Wholesale,Bank Transfer,12,59.97,719.64
11935,10-06-2024,South,Imran Kabir,Furniture,Dining Table,Online,Nagad,19,384.53,7306.07
10276,2024-08-01,North,Nusrat Jahan,Stationery,Notebook,Retail Store,Bank Transfer,11,1.95,21.45
12390,06-30-2025,North,Sadia Chowdhury,Stationery,Pen Set,WHOLESALE,Cash,9,6.57,59.13
12816,06/10/2025,NORTH,Nusrat Jahan,Electronics,Tablet,ONLINE,Nagad,18,272.36,4902.48
12145,2025-01-24,Central,Nusrat Jahan,Furniture,Office Chair,Distributor,Cash,3,132.31,396.93
11512,2024-07-31,West,Arif Hossain,Stationery,Notebook,Distributor,Credit Card,24,2.29,54.96
11186,2024-06-07,south,Shakil Rahman,Stationery,Desk Organizer,Distributor,Bank Transfer,8,16.45,131.6
12703,2024-06-25,West,Tanvir Ahmed,Grocery,Cooking Oil 1L,Retail Store,Nagad,11,2.89,31.79
10123,2024-01-23,East,Lamia Sultana,Grocery,Snack Box,Distributor,Cash,22,4.99,109.78
10348,2024-11-02,North,Farzana Islam,Electronics,Monitor,Distributor,Cash,5,219.05,1095.25
12513,2024-06-24,Central,Imran Kabir,Stationery,Pen Set,ONLINE,Cash,4,6.65,26.6
11109,2025-01-20,  East  ,Lamia Sultana,Furniture,Office Chair,Online,bKash,14,128.38,1797.32
10990,2024-12-14,south,Farzana Islam,Apparel,Jacket,Wholesale,bKash,2,71.85,143.7
11360,2025-11-04,South,Lamia Sultana,Furniture,Bookshelf,Wholesale,Bank Transfer,4,95.77,383.08
11234,2025-07-28,East,Lamia Sultana,Furniture,Sofa,Wholesale,Credit Card,20,427.34,8546.8
12924,07/09/2024,west,Rakib Hasan,Stationery,Notebook,Online,Credit Card,23,,46.0
10103,02/01/2024,east,Farzana Islam,Apparel,Jacket,Wholesale,Nagad,22,72.63,1597.86
10699,31/01/2024,EAST,Mim Akter,Grocery,Cooking Oil 1L,Wholesale,Bank Transfer,3,3.06,9.18
11292,2025-01-13,East,Tanvir Ahmed,Grocery,Snack Box,Wholesale,Cash,4,4.56,18.24
11622,2025-06-15,Central,Lamia Sultana,Grocery,Snack Box,Wholesale,Nagad,22,4.98,109.56
11559,08/11/2025,East,Tanvir Ahmed,Furniture,Sofa,RETAIL STORE,bKash,23,433.79,9977.17
11316,05-18-2024,Central,Rakib Hasan,Grocery,Tea Pack,RETAIL STORE,Cash,14,4.15,58.1
10436,12-10-2024,,Farzana Islam,Stationery,Backpack,Wholesale,Credit Card,9,42.41,381.69
10538,15/03/2025,West,Mim Akter,Grocery,Snack Box,Online,Nagad,8,5.67,45.36
10916,2025-04-30,North,Shakil Rahman,Stationery,Pen Set,Wholesale,bKash,14,5.43,76.02
10546,2025-10-13,central,Tanvir Ahmed,Apparel,Cap,RETAIL STORE,Bank Transfer,1,11.01,11.01
12000,2024-04-21,CENTRAL,Lamia Sultana,Apparel,Jacket,  Online  ,bKash,12,62.42,749.04
11699,2024-03-07,East,Lamia Sultana,Furniture,Sofa,  Online  ,Credit Card,3,407.41,1222.23
11258,2025-12-04,NORTH,Sadia Chowdhury,Electronics,Tablet,Online,bKash,14,298.14,4173.96
12598,2024-05-27,east,Farzana Islam,Furniture,Desk,WHOLESALE,Cash,6,175.03,1050.18
10157,2024-04-26,  West  ,Shakil Rahman,Stationery,Desk Organizer,Retail Store,Nagad,12,18.13,217.56
12129,2024-07-11,East,Imran Kabir,Electronics,Smartphone,  Online  ,Nagad,6,363.77,2182.62
11887,2024-12-04,north,Tanvir Ahmed,Apparel,Cap,RETAIL STORE,Cash,4,9.1,36.4
11939,2025-12-08,West,Lamia Sultana,Electronics,Laptop,retail store,Cash,5,887.53,4437.65
11249,03-15-2025,Central,Imran Kabir,Grocery,Cooking Oil 1L,Online,Nagad,5,3.4,17.0
12315,2024-01-03,Central,Mim Akter,Apparel,Jacket,Retail Store,Credit Card,13,66.48,864.24
12313,2025-05-03,NORTH,Arif Hossain,Stationery,Notebook,wholesale,Bank Transfer,9,1.82,16.38
10604,2025-07-26,east,Tanvir Ahmed,Apparel,Jeans,Wholesale,Bank Transfer,10,36.25,362.5
11189,22/04/2024,West,Farzana Islam,Apparel,Jeans,Wholesale,bKash,,32.39,259.12
11777,2025-11-18,  West  ,Nusrat Jahan,Apparel,Jacket,DISTRIBUTOR,Credit Card,9,74.15,667.35
12070,2025-08-31,South,Mim Akter,Electronics,Smartwatch,Wholesale,Bank Transfer,2,155.91,311.82
12401,2025-03-14,NORTH,Lamia Sultana,Apparel,T-Shirt,Distributor,Cash,9,13.56,122.04
12821,2024-09-02,Central,Tanvir Ahmed,Furniture,Office Chair,Retail Store,Credit Card,20,111.6,2232.0
11607,2025-06-27,Central,Lamia Sultana,Furniture,Bookshelf,  Retail Store  ,Nagad,17,82.06,1395.02
11454,2025-04-22,East,Rakib Hasan,Stationery,Desk Organizer,ONLINE,Cash,25,19.22,480.5
11681,24/07/2024,East,Rakib Hasan,Furniture,Bookshelf,Distributor,Bank Transfer,21,82.27,1727.67
10773,2024-06-01,West,Lamia Sultana,Furniture,Bookshelf,retail store,Nagad,19,101.21,1922.99
10056,2024-08-28,North,Shakil Rahman,Grocery,Cooking Oil 1L,Distributor,Credit Card,22,2.93,64.46
11298,2025-12-05,north,,Apparel,T-Shirt,  Wholesale  ,Cash,8,14.14,113.12
10286,2025-07-18,West,Tanvir Ahmed,Stationery,Desk Organizer,Online,Nagad,14,16.25,227.5
11157,2024-05-15,  Central  ,Rakib Hasan,Furniture,Desk,  Retail Store  ,Credit Card,13,163.73,2128.49
11938,2024-09-18,South,Lamia Sultana,Apparel,Jacket,ONLINE,Bank Transfer,21,68.34,1435.14
11560,2025-07-25,EAST,Imran Kabir,Apparel,T-Shirt,WHOLESALE,Cash,18,16.27,292.86
10919,05-14-2025,West,Lamia Sultana,Grocery,Coffee Jar,Distributor,Credit Card,13,7.15,92.95
11761,2024-12-23,South,Lamia Sultana,Electronics,Smartphone,WHOLESALE,Credit Card,23,368.06,8465.38
10845,12-19-2024,  East  ,Imran Kabir,Stationery,Notebook,  Online  ,Bank Transfer,12,2.01,24.12
11606,2025-11-27,WEST,Arif Hossain,Stationery,Pen Set,Retail Store,bKash,,6.56,52.48
10271,18/12/2024,WEST,Arif Hossain,Stationery,Pen Set,  Wholesale  ,Credit Card,21,6.41,134.61
11540,2024-12-31,East,Lamia Sultana,Furniture,Desk,Online,bKash,16,182.67,2922.72
10679,05/08/2025,North,Mim Akter,Apparel,T-Shirt,distributor,Bank Transfer,20,17.1,342.0
11989,2024-02-10,Central,Imran Kabir,Apparel,Jeans,ONLINE,Nagad,21,35.61,747.81
11356,2025-03-24,WEST,Imran Kabir,Grocery,Cooking Oil 1L,  Retail Store  ,Credit Card,4,3.37,13.48
10063,2024-06-03,East,Arif Hossain,Apparel,Jacket,Online,bKash,8,64.72,517.76
12517,18/04/2024,Central,Lamia Sultana,Stationery,Pen Set,Wholesale,Cash,18,5.92,106.56
12205,2025-07-18,Central,Tanvir Ahmed,Electronics,Smartwatch,Wholesale,Bank Transfer,5,138.63,693.15
12412,08/01/2024,CENTRAL,Sadia Chowdhury,Apparel,Jacket,Distributor,Bank Transfer,23,59.31,1364.13
12756,2024-04-07,central,Arif Hossain,Furniture,Dining Table,  Wholesale  ,Cash,12,391.35,4696.2
12521,05-06-2025,West,Lamia Sultana,Apparel,Sneakers,Online,Nagad,24,62.04,1488.96
10634,2024-05-29,,Mim Akter,Electronics,Headphones,WHOLESALE,Nagad,15,54.67,820.05
11474,2025-08-23,south,Sadia Chowdhury,Electronics,Smartwatch,Retail Store,Bank Transfer,11,148.96,1638.56
12164,23/12/2024,North,Lamia Sultana,Furniture,Office Chair,WHOLESALE,bKash,18,133.78,2408.04
11371,2024-05-15,south,Imran Kabir,Stationery,Backpack,Wholesale,bKash,1,38.81,38.81
10616,2025-01-01,Central,Imran Kabir,Furniture,Dining Table,online,Nagad,22,355.14,7813.08
12720,2025-08-05,SOUTH,Tanvir Ahmed,Stationery,Pen Set,Retail Store,Bank Transfer,18,5.42,97.56
11745,2024-11-23,West,Arif Hossain,Apparel,Cap,RETAIL STORE,Cash,16,11.46,183.36
11296,2024-08-13,West,Imran Kabir,Furniture,Dining Table,  Wholesale  ,Credit Card,24,387.11,9290.64
10859,2024-07-15,west,Nusrat Jahan,Stationery,Pen Set,Online,bKash,1,5.77,5.77
12682,2024-06-22,EAST,Sadia Chowdhury,Stationery,Backpack,ONLINE,Credit Card,21,38.57,809.97
10888,28/12/2025,West,Rakib Hasan,Grocery,Tea Pack,Online,Cash,17,4.03,68.51
11026,2025-07-25,West,Nusrat Jahan,Furniture,Sofa,WHOLESALE,Bank Transfer,1,447.15,447.15
10895,2025-08-07,Central,Nusrat Jahan,Apparel,Cap,Online,Nagad,6,10.04,60.24
10472,2024-08-28,South,Arif Hossain,Electronics,Smartwatch,Wholesale,Bank Transfer,3,152.22,456.66
11646,2025-11-28,Central,Imran Kabir,Furniture,Dining Table,Retail Store,Nagad,19,342.52,6507.88
11406,2024-05-20,West,Sadia Chowdhury,Electronics,Tablet,Distributor,Credit Card,,324.87,2923.83
12097,2025-06-20,Central,Arif Hossain,Grocery,Coffee Jar,Online,Nagad,16,7.28,116.48
11046,2024-03-20,North,Arif Hossain,Furniture,Bookshelf,Wholesale,bKash,22,98.18,2159.96
11262,2024-01-31,South,Mim Akter,Stationery,Pen Set,Online,bKash,11,5.61,61.71
10965,2025-02-26,West,Farzana Islam,Electronics,Headphones,  Distributor  ,bKash,11,57.87,636.57
12851,07/11/2025,  South  ,Farzana Islam,Furniture,Bookshelf,Retail Store,Bank Transfer,20,88.1,1762.0
10812,2024-10-23,EAST,Imran Kabir,Electronics,Headphones,distributor,Credit Card,10,61.94,619.4
11609,2024-10-12,  South  ,Arif Hossain,Stationery,Pen Set,Wholesale,bKash,2,6.84,13.68
12020,2025-01-30,West,Imran Kabir,Furniture,Bookshelf,ONLINE,Credit Card,5,96.41,482.05
11770,01-01-2024,Central,Tanvir Ahmed,Electronics,Laptop,Online,Cash,10,859.58,8595.8
11873,06-04-2024,SOUTH,Imran Kabir,Electronics,Smartphone,Retail Store,Bank Transfer,14,414.71,5805.94
11648,2024-01-31,south,Lamia Sultana,Furniture,Desk,Retail Store,bKash,21,203.8,4279.8
10796,2025-04-30,central,Arif Hossain,Furniture,Office Chair,Distributor,Cash,10,137.09,1370.9
10760,2025-01-05,North,Arif Hossain,Furniture,Desk,Online,Nagad,25,206.41,5160.25
10628,09-01-2025,SOUTH,Tanvir Ahmed,Stationery,Pen Set,Wholesale,Bank Transfer,19,6.16,117.04
10676,10-02-2025,North,Farzana Islam,Apparel,Jeans,  Online  ,Bank Transfer,4,37.95,151.8
10444,05-20-2024,EAST,Imran Kabir,Grocery,Snack Box,  Online  ,bKash,7,4.93,34.51
11890,20/10/2025,north,Sadia Chowdhury,Apparel,Jeans,distributor,bKash,25,37.62,940.5
12519,2024-01-18,,,Apparel,Sneakers,DISTRIBUTOR,bKash,12,54.83,657.96
12346,2024-06-15,NORTH,,Stationery,Backpack,wholesale,Bank Transfer,5,41.67,208.35
12792,2025-12-13,North,Rakib Hasan,Stationery,Notebook,  Wholesale  ,Bank Transfer,6,2.09,12.54
12204,05/07/2025,Central,Rakib Hasan,Grocery,Rice 5kg,  Distributor  ,Nagad,19,8.71,165.49
12753,2025-07-12,South,Rakib Hasan,Apparel,Jacket,Online,Nagad,8,70.01,560.08
10383,2025-04-17,North,Mim Akter,Grocery,Cooking Oil 1L,Online,Credit Card,2,2.83,5.66
10402,2025-03-24,North,Tanvir Ahmed,Apparel,Jacket,ONLINE,Bank Transfer,24,65.32,1567.68
11131,04/10/2024,central,Mim Akter,Grocery,Rice 5kg,Distributor,Nagad,20,7.4,148.0
10758,09-01-2024,South,Shakil Rahman,Furniture,Desk,Wholesale,Bank Transfer,6,189.47,1136.82
12507,11-07-2024,Central,Imran Kabir,Grocery,Cooking Oil 1L,Wholesale,Nagad,3,3.27,9.81
11486,2025-05-15,West,Arif Hossain,Grocery,Snack Box,online,Cash,22,5.43,119.46
11348,10/03/2024,East,Shakil Rahman,Electronics,Smartphone,Wholesale,Cash,6,456.81,2740.86
12404,05-19-2024,North,Lamia Sultana,Furniture,Office Chair,  Wholesale  ,Credit Card,24,127.85,3068.4
10878,02-20-2024,  West  ,Nusrat Jahan,Furniture,Office Chair,distributor,bKash,13,126.54,1645.02
12009,2025-07-16,North,Mim Akter,Electronics,Smartwatch,Wholesale,Credit Card,5,166.41,832.05
10004,2024-08-08,West,Mim Akter,Electronics,Smartphone,Distributor,bKash,25,393.66,9841.5
12171,2024-09-12,Central,Shakil Rahman,Stationery,Notebook,  Online  ,Cash,22,2.3,50.6
11649,2025-12-18,  North  ,Farzana Islam,Electronics,Headphones,Wholesale,Nagad,22,59.81,1315.82
12885,01/03/2024,North,Lamia Sultana,Furniture,Dining Table,Online,bKash,24,335.76,8058.24
10196,2024-02-12,,Nusrat Jahan,Grocery,Rice 5kg,ONLINE,bKash,11,9.07,99.77
10477,06-18-2025,east,Mim Akter,Furniture,Office Chair,Distributor,Nagad,12,129.06,1548.72
12997,08-01-2024,south,Farzana Islam,Furniture,Sofa,wholesale,Nagad,23,409.25,9412.75
10966,04/06/2025,South,Nusrat Jahan,Electronics,Laptop,Retail Store,Bank Transfer,25,872.19,21804.75
12251,04-29-2024,South,Rakib Hasan,Stationery,Pen Set,  Online  ,Credit Card,1,5.68,5.68
11550,27/09/2024,west,Arif Hossain,Apparel,Cap,Distributor,Cash,18,9.62,173.16
12834,26/09/2025,South,Rakib Hasan,Stationery,Desk Organizer,wholesale,Nagad,5,16.25,81.25
12536,2024-02-23,west,Farzana Islam,Stationery,Notebook,Online,Cash,17,2.23,37.91
12467,2025-12-01,  East  ,Lamia Sultana,Furniture,Office Chair,wholesale,Nagad,12,110.14,1321.68
12627,19/01/2024,South,Tanvir Ahmed,Electronics,Smartphone,ONLINE,Credit Card,18,411.9,7414.2
10734,2025-09-26,East,Nusrat Jahan,Furniture,Bookshelf,Online,Credit Card,3,82.28,246.84
11240,2025-03-12,West,Mim Akter,Grocery,Coffee Jar,distributor,Nagad,17,8.0,136.0
12845,2025-06-15,  North  ,Mim Akter,Furniture,Bookshelf,Retail Store,Credit Card,6,86.25,517.5
12405,2025-09-27,North,Nusrat Jahan,Furniture,Bookshelf,retail store,Bank Transfer,13,91.41,1188.33
11187,07-11-2025,,Tanvir Ahmed,Apparel,Cap,ONLINE,Credit Card,10,9.26,92.6
10599,28/11/2024,  South  ,Farzana Islam,Apparel,T-Shirt,RETAIL STORE,Bank Transfer,1,14.13,14.13
12332,2025-07-14,SOUTH,Sadia Chowdhury,Electronics,Headphones,  Retail Store  ,Credit Card,13,63.13,820.69
12867,2025-07-07,East,Tanvir Ahmed,Stationery,Desk Organizer,Wholesale,Nagad,1,16.88,16.88
12338,11/10/2025,South,Tanvir Ahmed,Furniture,Office Chair,Retail Store,Credit Card,7,137.36,961.52
11576,2024-06-05,South,Lamia Sultana,Stationery,Desk Organizer,Distributor,Nagad,7,19.68,137.76
10671,03-13-2025,  East  ,Mim Akter,Electronics,Headphones,Wholesale,Credit Card,18,54.97,989.46
12047,04/10/2025,South,Lamia Sultana,Furniture,Dining Table,Wholesale,Bank Transfer,5,319.4,1597.0
10827,17/11/2024,central,Nusrat Jahan,Grocery,Cooking Oil 1L,Wholesale,Credit Card,4,3.05,12.2
11430,2024-01-18,Central,Arif Hossain,Grocery,Tea Pack,Retail Store,Bank Transfer,16,4.33,69.28
12872,21/03/2024,CENTRAL,Farzana Islam,Electronics,Smartwatch,Distributor,bKash,3,142.49,427.47
12287,2025-06-11,North,,Apparel,Sneakers,ONLINE,Nagad,5,62.94,314.7
10691,07-24-2024,CENTRAL,Shakil Rahman,Apparel,T-Shirt,Retail Store,Cash,7,14.57,101.99
10329,2025-05-15,WEST,Sadia Chowdhury,Stationery,Desk Organizer,wholesale,Bank Transfer,6,16.57,99.42
10206,2024-07-09,East,Nusrat Jahan,Grocery,Tea Pack,online,Credit Card,16,4.12,65.92
10068,2024-05-18,Central,Tanvir Ahmed,Grocery,Snack Box,  Online  ,Bank Transfer,15,4.73,70.95
12446,2025-03-24,West,Sadia Chowdhury,Electronics,Monitor,Distributor,Credit Card,14,205.81,2881.34
11501,08-05-2025,West,Lamia Sultana,Apparel,Jacket,Retail Store,Nagad,15,59.16,887.4
12913,2024-10-31,east,Shakil Rahman,Furniture,Dining Table,RETAIL STORE,bKash,16,372.74,5963.84
12772,2025-04-19,  North  ,Tanvir Ahmed,Stationery,Backpack,DISTRIBUTOR,bKash,6,38.0,228.0
11980,17/06/2024,North,Tanvir Ahmed,Electronics,Laptop,online,Cash,25,922.72,23068.0
11484,2025-04-19,West,Nusrat Jahan,Grocery,Snack Box,Wholesale,Bank Transfer,23,4.8,110.4
11531,2025-10-19,south,Shakil Rahman,Furniture,Sofa,ONLINE,Cash,23,413.33,9506.59
11511,2025-02-16,CENTRAL,Rakib Hasan,Grocery,Cooking Oil 1L,Wholesale,Cash,2,3.2,6.4
11881,17/11/2024,South,Rakib Hasan,Apparel,T-Shirt,Wholesale,Credit Card,2,15.13,30.26
11423,09-11-2024,EAST,Imran Kabir,Furniture,Bookshelf,Retail Store,Nagad,1,81.81,81.81
12849,22/06/2025,Central,Imran Kabir,Electronics,Tablet,Wholesale,Credit Card,14,312.89,4380.46
10502,04/07/2025,south,Imran Kabir,Electronics,Smartphone,online,bKash,23,447.86,10300.78
12799,2024-02-17,SOUTH,Arif Hossain,Grocery,Tea Pack,Distributor,Nagad,13,4.07,52.91
11969,2024-06-10,SOUTH,Imran Kabir,Electronics,Smartwatch,Online,Credit Card,7,137.75,964.25
12533,20/12/2024,Central,Arif Hossain,Grocery,Tea Pack,retail store,Nagad,18,3.92,70.56
11752,2024-07-01,North,Imran Kabir,Grocery,Snack Box,Distributor,Bank Transfer,11,5.27,57.97
10017,2025-06-27,South,Mim Akter,Stationery,Pen Set,Retail Store,Nagad,1,6.3,6.3
10661,2024-05-06,NORTH,Shakil Rahman,Furniture,Sofa,Distributor,bKash,3,417.84,1253.52
10715,2024-08-19,Central,Sadia Chowdhury,Stationery,Desk Organizer,wholesale,Cash,6,18.11,108.66
10331,26/04/2024,West,Arif Hossain,Grocery,Snack Box,  Online  ,Nagad,9,5.47,49.23
10607,2025-09-26,central,Imran Kabir,Grocery,Rice 5kg,RETAIL STORE,Credit Card,12,8.75,105.0
10502,07-04-2025,SOUTH,Imran Kabir,Electronics,Smartphone,ONLINE,bKash,23,447.86,10300.78
12344,2024-11-01,North,Imran Kabir,Furniture,Dining Table,Online,Bank Transfer,13,390.7,5079.1
10396,2024-11-26,Central,Farzana Islam,Apparel,Sneakers,distributor,Cash,5,62.92,314.6
12901,2024-02-25,North,Mim Akter,Apparel,Jeans,wholesale,Nagad,11,37.82,416.02
11134,10-16-2025,  West  ,Lamia Sultana,Furniture,Desk,Distributor,Credit Card,12,193.84,2326.08
10500,2024-02-14,central,Mim Akter,Apparel,T-Shirt,Wholesale,Bank Transfer,10,16.87,168.7
12301,2024-07-05,South,Tanvir Ahmed,Electronics,Monitor,Online,bKash,15,247.56,3713.4
10610,2024-07-25,North,Rakib Hasan,Stationery,Notebook,Retail Store,Credit Card,4,2.04,8.16
11769,03-20-2024,west,Sadia Chowdhury,Stationery,Pen Set,Distributor,bKash,20,5.56,111.2
12856,05-20-2025,Central,Lamia Sultana,Grocery,Tea Pack,Online,Cash,14,3.63,50.82
10802,2024-03-30,East,Shakil Rahman,Apparel,Jacket,WHOLESALE,Nagad,7,,492.31
11737,2024-05-04,East,Shakil Rahman,Apparel,Jeans,Wholesale,Nagad,20,32.63,652.6
11625,2024-07-04,West,Tanvir Ahmed,Electronics,Tablet,Retail Store,Nagad,1,317.29,317.29
12726,2024-03-03,North,Imran Kabir,Furniture,Dining Table,distributor,Cash,6,392.09,2352.54
10430,2025-07-18,West,Rakib Hasan,Grocery,Snack Box,Wholesale,Nagad,12,4.93,59.16
10240,05-06-2025,East,Nusrat Jahan,Furniture,Bookshelf,Wholesale,Cash,12,93.61,1123.32
11783,2025-11-27,East,Sadia Chowdhury,Furniture,Bookshelf,Wholesale,Nagad,6,101.02,606.12
11694,2025-10-21,EAST,Sadia Chowdhury,Furniture,Dining Table,Wholesale,Cash,10,333.68,3336.8
10405,03-17-2024,East,Rakib Hasan,Electronics,Laptop,Wholesale,bKash,18,965.14,17372.52
11241,2024-06-30,South,Sadia Chowdhury,Apparel,T-Shirt,wholesale,Cash,18,15.73,283.14
11367,15/02/2024,north,Imran Kabir,Grocery,Coffee Jar,Wholesale,Bank Transfer,,6.66,53.28
12150,2024-08-24,East,Lamia Sultana,Grocery,Rice 5kg,Retail Store,Bank Transfer,18,8.19,147.42
10876,22/07/2024,  South  ,Lamia Sultana,Furniture,Bookshelf,Distributor,Cash,3,90.33,270.99
11338,2025-05-26,SOUTH,Nusrat Jahan,Electronics,Monitor,Online,Credit Card,22,224.2,4932.4
10967,02-20-2025,North,Mim Akter,Electronics,Headphones,WHOLESALE,Nagad,3,61.26,183.78
10935,2024-05-29,Central,Mim Akter,Grocery,Coffee Jar,ONLINE,Bank Transfer,25,6.32,158.0
10891,12/07/2024,South,Arif Hossain,Apparel,Sneakers,Wholesale,Credit Card,5,50.25,251.25
12469,2024-10-01,CENTRAL,Mim Akter,Furniture,Desk,Wholesale,bKash,6,182.36,1094.16
11686,05-02-2024,Central,Tanvir Ahmed,Grocery,Rice 5kg,  Wholesale  ,Nagad,8,8.72,69.76
10924,2025-12-08,West,Rakib Hasan,Grocery,Tea Pack,RETAIL STORE,Cash,24,,88.56
10008,19/12/2025,East,Mim Akter,Apparel,Jeans,Retail Store,Cash,22,37.17,817.74
12760,2025-10-14,South,Mim Akter,Furniture,Dining Table,Distributor,bKash,11,379.5,4174.5
11822,2025-06-09,East,Shakil Rahman,Electronics,Headphones,Distributor,Nagad,8,58.7,469.6
12813,08-16-2025,South,Farzana Islam,Grocery,Tea Pack,Distributor,Nagad,25,4.36,109.0
11365,2024-01-22,South,Sadia Chowdhury,Furniture,Office Chair,Wholesale,Credit Card,16,133.09,2129.44
10464,13/02/2025,East,Rakib Hasan,Electronics,Headphones,Online,Bank Transfer,15,58.08,871.2
10272,2025-01-20,WEST,Imran Kabir,Stationery,Backpack,Retail Store,Cash,6,43.54,261.24
12233,2024-05-23,South,Nusrat Jahan,Grocery,Tea Pack,ONLINE,Credit Card,7,3.75,26.25
10761,17/07/2024,West,Nusrat Jahan,Stationery,Pen Set,Distributor,Credit Card,4,6.59,26.36
11289,2024-04-19,Central,Farzana Islam,Furniture,Bookshelf,Retail Store,Bank Transfer,24,83.48,2003.52
11417,03-03-2024,East,Shakil Rahman,Furniture,Office Chair,Retail Store,Bank Transfer,18,131.15,2360.7
10269,12/08/2025,south,Arif Hossain,Furniture,Office Chair,Distributor,bKash,11,125.32,1378.52
10393,08/09/2025,north,Farzana Islam,Furniture,Sofa,Online,bKash,8,407.24,3257.92
11960,02-22-2025,North,Shakil Rahman,Apparel,T-Shirt,online,Nagad,4,17.22,68.88
11172,2025-04-11,South,Lamia Sultana,Furniture,Dining Table,Online,Nagad,17,376.93,6407.81
10527,2025-05-08,  West  ,Mim Akter,Furniture,Dining Table,DISTRIBUTOR,Bank Transfer,20,315.58,6311.6
11104,2024-11-02,  North  ,Rakib Hasan,Furniture,Desk,Wholesale,Bank Transfer,22,203.06,4467.32
11398,25/08/2025,East,Sadia Chowdhury,Grocery,Coffee Jar,retail store,Nagad,9,7.95,71.55
11029,2024-07-28,Central,Lamia Sultana,Apparel,Cap,Wholesale,Bank Transfer,13,9.16,119.08
10980,2024-08-27,South,Farzana Islam,Apparel,Jacket,Distributor,bKash,16,74.22,1187.52
11809,09/03/2024,East,Arif Hossain,Grocery,Snack Box,Distributor,Bank Transfer,22,4.73,104.06
12232,2025-10-30,North,Imran Kabir,Apparel,T-Shirt,Distributor,Cash,12,14.57,174.84
12844,2025-11-18,North,Lamia Sultana,Grocery,Cooking Oil 1L,WHOLESALE,Cash,13,2.92,37.96
11198,2024-07-27,North,Nusrat Jahan,Stationery,Pen Set,Distributor,Credit Card,1,5.94,5.94
12836,24/11/2024,central,Lamia Sultana,Stationery,Pen Set,Retail Store,bKash,25,6.23,155.75
10107,2025-05-25,North,Sadia Chowdhury,Electronics,Smartphone,Online,bKash,23,389.19,8951.37
10226,2024-12-27,West,Nusrat Jahan,Grocery,Snack Box,Retail Store,Nagad,2,4.56,9.12
12586,2025-04-09,West,Rakib Hasan,Apparel,Cap,Wholesale,Credit Card,9,11.22,100.98
10620,2025-09-02,West,Tanvir Ahmed,Grocery,Coffee Jar,  Online  ,Cash,1,7.21,7.21
12614,2025-10-29,South,Sadia Chowdhury,Electronics,Smartphone,wholesale,Credit Card,15,420.27,6304.05
10788,2024-10-25,East,Imran Kabir,Furniture,Sofa,WHOLESALE,Credit Card,7,412.08,2884.56
10707,22/09/2025,South,Sadia Chowdhury,Electronics,Smartphone,DISTRIBUTOR,Bank Transfer,19,404.72,7689.68
11811,2025-06-21,East,Tanvir Ahmed,Grocery,Rice 5kg,Online,Credit Card,22,7.73,170.06
12141,2025-01-24,North,Shakil Rahman,Stationery,Pen Set,Retail Store,Bank Transfer,11,5.71,62.81
11368,2025-07-08,Central,,Furniture,Sofa,  Distributor  ,Credit Card,25,444.13,11103.25
10578,07/07/2024,Central,Sadia Chowdhury,Apparel,Cap,WHOLESALE,bKash,1,9.31,9.31
11886,2024-10-25,West,Rakib Hasan,Electronics,Laptop,online,bKash,12,909.23,10910.76
11472,12-17-2025,EAST,Shakil Rahman,Furniture,Sofa,Retail Store,Cash,17,467.06,7940.02
11097,29/08/2025,NORTH,Farzana Islam,Electronics,Headphones,Online,Cash,7,65.17,456.19
10377,2024-11-11,Central,Mim Akter,Grocery,Rice 5kg,Retail Store,Bank Transfer,15,7.73,115.95
12340,05-13-2024,South,Mim Akter,Furniture,Office Chair,Retail Store,Credit Card,17,110.81,1883.77
12324,08-24-2024,  East  ,Rakib Hasan,Stationery,Desk Organizer,Wholesale,Credit Card,8,18.09,144.72
10420,2025-07-30,South,Rakib Hasan,Electronics,Tablet,Online,Credit Card,25,277.57,6939.25
11868,2025-01-15,NORTH,Arif Hossain,Apparel,T-Shirt,Retail Store,Nagad,1,15.18,15.18
12908,2024-02-10,Central,Imran Kabir,Furniture,Desk,Distributor,Cash,6,201.09,1206.54
11803,2024-12-14,  North  ,Shakil Rahman,Furniture,Sofa,Retail Store,bKash,22,470.65,10354.3
11736,2025-03-02,South,Arif Hossain,Apparel,Jeans,Wholesale,bKash,16,31.61,505.76
12581,2025-10-10,South,Arif Hossain,Furniture,Sofa,Online,Cash,9,481.1,4329.9
12024,2025-04-03,South,Shakil Rahman,Electronics,Laptop,Online,Nagad,25,806.24,20156.0
11056,10/03/2024,  East  ,Rakib Hasan,Grocery,Cooking Oil 1L,Distributor,Bank Transfer,11,2.71,29.81
10516,2025-11-26,West,Shakil Rahman,Furniture,Desk,DISTRIBUTOR,bKash,24,176.92,4246.08
12208,2025-06-02,west,Lamia Sultana,Furniture,Dining Table,Wholesale,Cash,13,364.63,4740.19
11903,2024-02-10,Central,Imran Kabir,Stationery,Backpack,retail store,Bank Transfer,15,45.64,684.6
11279,2024-02-18,Central,Farzana Islam,Electronics,Headphones,ONLINE,bKash,1,56.08,56.08
12534,2025-11-15,EAST,Rakib Hasan,Apparel,Cap,Retail Store,Nagad,10,9.43,94.3
10568,2024-05-14,east,Sadia Chowdhury,Apparel,Sneakers,Retail Store,Nagad,19,58.93,1119.67
12058,2024-10-09,Central,Tanvir Ahmed,Grocery,Tea Pack,  Online  ,Bank Transfer,10,4.59,45.9
10312,2025-02-14,WEST,Lamia Sultana,Grocery,Rice 5kg,WHOLESALE,Nagad,18,8.21,147.78
10706,2024-08-10,East,Sadia Chowdhury,Stationery,Desk Organizer,Online,Credit Card,5,20.19,100.95
11611,19/09/2025,North,Shakil Rahman,Apparel,T-Shirt,DISTRIBUTOR,bKash,20,17.1,342.0
11965,07-16-2024,NORTH,Lamia Sultana,Electronics,Monitor,Online,Cash,6,243.23,1459.38
12235,2024-06-22,South,Shakil Rahman,Grocery,Cooking Oil 1L,Retail Store,Bank Transfer,1,2.84,2.84
11627,28/11/2024,  South  ,Shakil Rahman,Apparel,Jacket,Wholesale,Credit Card,15,69.86,1047.9
12169,2024-02-21,,Tanvir Ahmed,Apparel,Jacket,Online,Credit Card,15,68.06,1020.9
12209,2025-11-06,east,Lamia Sultana,Electronics,Headphones,Distributor,Cash,2,55.66,111.32
12160,2024-05-31,north,Mim Akter,Electronics,Smartwatch,Wholesale,Credit Card,19,136.14,2586.66
10493,06-13-2024,West,Shakil Rahman,Grocery,Rice 5kg,Distributor,bKash,19,8.89,168.91
11702,2025-03-01,CENTRAL,Rakib Hasan,Apparel,T-Shirt,retail store,bKash,4,15.5,62.0
11742,30/09/2025,Central,Farzana Islam,Electronics,Headphones,Wholesale,bKash,11,55.22,607.42
12199,2025-02-21,South,Mim Akter,Electronics,Smartwatch,Retail Store,bKash,4,143.72,574.88
10481,26/06/2024,Central,Sadia Chowdhury,Stationery,Desk Organizer,retail store,Nagad,24,19.87,476.88
10309,2025-07-12,NORTH,Lamia Sultana,Grocery,Tea Pack,Retail Store,Nagad,6,4.28,25.68
12992,2024-08-25,West,Arif Hossain,Grocery,Snack Box,online,bKash,21,5.72,120.12
10083,2025-06-27,CENTRAL,Mim Akter,Furniture,Bookshelf,Wholesale,Nagad,12,90.57,1086.84
11196,2025-03-04,east,,Grocery,Snack Box,Retail Store,Bank Transfer,18,5.12,92.16
10259,2025-04-09,WEST,Farzana Islam,Furniture,Dining Table,Wholesale,Credit Card,5,359.91,1799.55
10809,2025-01-05,EAST,Sadia Chowdhury,Electronics,Laptop,online,Nagad,19,867.1,16474.9
12029,2025-10-19,Central,Imran Kabir,Grocery,Snack Box,DISTRIBUTOR,Nagad,20,5.45,109.0
10961,2025-08-26,North,Arif Hossain,Stationery,Desk Organizer,DISTRIBUTOR,Bank Transfer,2,18.41,36.82
10352,2025-11-05,CENTRAL,Lamia Sultana,Electronics,Smartphone,distributor,Credit Card,10,380.54,3805.4
12259,11-15-2025,North,Tanvir Ahmed,Electronics,Headphones,Wholesale,Bank Transfer,13,60.33,784.29
12691,07-17-2025,north,Imran Kabir,Electronics,Headphones,Wholesale,Cash,13,64.47,838.11
10867,2024-10-11,central,Imran Kabir,Electronics,Headphones,Wholesale,bKash,5,59.44,297.2
12003,08/02/2025,Central,Shakil Rahman,Apparel,Jeans,  Distributor  ,Credit Card,24,33.44,802.56
12985,2024-01-14,South,Mim Akter,Stationery,Pen Set,Distributor,Bank Transfer,16,6.06,96.96
10643,05-28-2025,East,Mim Akter,Electronics,Headphones,Distributor,bKash,9,66.18,595.62
11654,2024-06-25,  North  ,Lamia Sultana,Grocery,Tea Pack,distributor,Credit Card,7,4.24,29.68
10503,02-08-2024,South,Tanvir Ahmed,Grocery,Rice 5kg,  Wholesale  ,Cash,3,7.35,22.05
11666,2024-11-06,East,Tanvir Ahmed,Stationery,Pen Set,ONLINE,Credit Card,13,5.68,73.84
11399,07-31-2025,east,Sadia Chowdhury,Electronics,Smartphone,Distributor,Credit Card,,449.73,7645.41
10349,10-27-2025,North,Arif Hossain,Furniture,Desk,ONLINE,Nagad,6,181.8,1090.8
11968,2025-01-22,,Farzana Islam,Apparel,Sneakers,  Retail Store  ,Bank Transfer,1,51.86,51.86
10793,2024-07-07,South,Sadia Chowdhury,Apparel,Cap,DISTRIBUTOR,Cash,7,10.41,72.87
11869,2025-01-11,  West  ,Mim Akter,Apparel,Cap,Distributor,Cash,2,11.0,22.0
11825,2025-04-18,East,Arif Hossain,Apparel,Jeans,Distributor,bKash,19,36.05,684.95
11438,2024-02-09,South,Nusrat Jahan,Stationery,Notebook,Wholesale,Credit Card,14,2.05,28.7
12453,2025-10-17,EAST,Tanvir Ahmed,Stationery,Pen Set,wholesale,Cash,18,5.74,103.32
10425,2025-03-02,east,Sadia Chowdhury,Furniture,Desk,  Distributor  ,Cash,20,191.05,3821.0
11907,2025-03-16,West,Nusrat Jahan,Electronics,Smartphone,WHOLESALE,Credit Card,2,455.86,911.72
11799,05-29-2025,,Arif Hossain,Furniture,Dining Table,Wholesale,Credit Card,6,355.53,2133.18
11259,01/07/2024,South,Rakib Hasan,Apparel,Sneakers,Distributor,Credit Card,22,57.3,1260.6
10679,2025-08-05,NORTH,Mim Akter,Apparel,T-Shirt,Distributor,Bank Transfer,20,17.1,342.0
11998,11-22-2025,NORTH,Rakib Hasan,Apparel,Jacket,Wholesale,bKash,12,64.02,768.24
12972,2025-08-17,Central,Shakil Rahman,Electronics,Monitor,Wholesale,Bank Transfer,11,236.68,2603.48
12528,05-06-2025,  North  ,Shakil Rahman,Apparel,Sneakers,Wholesale,Cash,13,53.67,697.71
12803,20/02/2025,Central,Imran Kabir,Grocery,Rice 5kg,wholesale,Credit Card,13,7.61,98.93
12568,05-18-2024,North,Shakil Rahman,Stationery,Notebook,Distributor,Credit Card,10,1.91,19.1
11849,06-21-2025,  Central  ,Tanvir Ahmed,Electronics,Smartwatch,Distributor,Credit Card,9,151.99,1367.91
10192,20/06/2025,Central,Imran Kabir,Apparel,Jeans,RETAIL STORE,Credit Card,12,32.09,385.08
12192,2025-07-13,East,Lamia Sultana,Stationery,Desk Organizer,WHOLESALE,Bank Transfer,8,19.44,155.52
12152,2024-10-15,West,Nusrat Jahan,Stationery,Notebook,Retail Store,bKash,17,2.13,36.21
12376,2025-04-24,East,Imran Kabir,Grocery,Coffee Jar,Retail Store,bKash,1,6.5,6.5
11738,2025-04-29,,Rakib Hasan,Apparel,Jacket,Distributor,Nagad,3,58.79,176.37
12297,2025-11-13,North,Sadia Chowdhury,Apparel,T-Shirt,Distributor,Credit Card,20,13.88,277.6
10031,2024-02-21,Central,Tanvir Ahmed,Electronics,Smartwatch,DISTRIBUTOR,Credit Card,19,152.88,2904.72
11064,2025-06-03,south,Lamia Sultana,Furniture,Office Chair,Retail Store,bKash,3,120.79,362.37
10639,2025-02-01,North,Sadia Chowdhury,Stationery,Backpack,online,Credit Card,22,38.71,851.62
10249,2024-07-16,South,Arif Hossain,Stationery,Desk Organizer,wholesale,Cash,4,17.69,70.76
11149,2024-12-28,  West  ,Sadia Chowdhury,Apparel,T-Shirt,Retail Store,bKash,24,15.13,363.12
10724,2024-06-03,North,Lamia Sultana,Apparel,T-Shirt,Retail Store,Nagad,22,15.17,333.74
11108,28/05/2024,,Sadia Chowdhury,Furniture,Dining Table,Wholesale,Cash,7,334.09,2338.63
11273,05-20-2025,East,Nusrat Jahan,Grocery,Tea Pack,Retail Store,Credit Card,16,3.65,58.4
11303,2024-09-16,West,Mim Akter,Apparel,Sneakers,Distributor,Bank Transfer,12,55.81,669.72
12187,2025-09-06,CENTRAL,Sadia Chowdhury,Electronics,Smartphone,Distributor,bKash,22,402.35,8851.7
12388,2025-01-25,West,Farzana Islam,Grocery,Snack Box,Retail Store,bKash,2,4.62,9.24
12991,2025-08-19,West,Arif Hossain,Electronics,Headphones,online,Credit Card,21,60.57,1271.97
12577,09-19-2024,Central,Farzana Islam,Apparel,Jeans,Wholesale,Cash,3,38.65,115.95
10921,2025-10-23,WEST,Farzana Islam,Apparel,Sneakers,Wholesale,Nagad,12,55.66,667.92
11092,2025-11-20,South,Sadia Chowdhury,Stationery,Notebook,Online,Cash,18,2.29,41.22
11112,04-19-2025,Central,Rakib Hasan,Grocery,Tea Pack,Wholesale,Credit Card,21,3.98,83.58
12677,2025-04-24,Central,Tanvir Ahmed,Stationery,Desk Organizer,Wholesale,bKash,20,19.62,392.4
12121,11-04-2025,  South  ,Farzana Islam,Furniture,Sofa,wholesale,Cash,19,413.48,7856.12
11447,2025-06-18,SOUTH,Shakil Rahman,Furniture,Bookshelf,ONLINE,bKash,19,95.51,1814.69
10258,12-01-2024,Central,Arif Hossain,Stationery,Pen Set,Retail Store,bKash,17,6.06,103.02
11847,2025-10-22,South,Rakib Hasan,Apparel,Sneakers,retail store,Nagad,17,57.74,981.58
12128,01/06/2024,Central,Arif Hossain,Apparel,Jeans,Retail Store,bKash,1,38.61,38.61
10602,2025-12-19,North,Tanvir Ahmed,Stationery,Backpack,Distributor,bKash,18,43.91,790.38
12529,2025-03-23,East,Lamia Sultana,Apparel,Jacket,Retail Store,Nagad,11,61.27,673.97
12095,2024-11-20,North,Nusrat Jahan,Grocery,Snack Box,Wholesale,Bank Transfer,2,4.52,9.04
10984,21/09/2025,East,Nusrat Jahan,Furniture,Dining Table,ONLINE,Nagad,9,374.56,3371.04
12242,2025-05-01,central,Nusrat Jahan,Grocery,Rice 5kg,distributor,Credit Card,20,8.44,168.8
10256,2025-11-11,West,Arif Hossain,Stationery,Backpack,Wholesale,Nagad,7,43.62,305.34
12262,2025-09-21,central,Sadia Chowdhury,Stationery,Backpack,Online,Nagad,1,39.67,39.67
10674,2025-08-11,central,Mim Akter,Apparel,Sneakers,Distributor,Nagad,20,54.37,1087.4
11578,2025-11-04,  North  ,Mim Akter,Stationery,Backpack,Distributor,bKash,7,38.02,266.14
12839,2025-09-09,South,Farzana Islam,Apparel,Cap,  Distributor  ,bKash,17,10.87,184.79
12319,07/04/2024,South,Nusrat Jahan,Stationery,Pen Set,Distributor,Cash,3,5.42,16.26
10046,15/08/2024,north,Imran Kabir,Apparel,Jeans,online,Bank Transfer,7,38.65,270.55
10823,2024-06-13,South,Shakil Rahman,Electronics,Laptop,Distributor,Cash,17,930.92,15825.64
12066,2025-01-08,West,Arif Hossain,Grocery,Cooking Oil 1L,retail store,Credit Card,25,2.7,67.5
12214,2024-11-01,North,Tanvir Ahmed,Grocery,Rice 5kg,DISTRIBUTOR,bKash,17,9.14,155.38
11630,2025-01-26,WEST,Mim Akter,Electronics,Monitor,wholesale,bKash,7,212.56,1487.92
12028,2025-09-04,west,Shakil Rahman,Electronics,Monitor,Retail Store,Bank Transfer,23,229.5,5278.5
11065,2024-06-29,South,Nusrat Jahan,Grocery,Tea Pack,Retail Store,Bank Transfer,20,3.85,77.0
12874,09/07/2024,  East  ,Rakib Hasan,Stationery,Notebook,WHOLESALE,bKash,22,1.86,40.92
11359,12-24-2024,south,Shakil Rahman,Furniture,Sofa,  Online  ,Cash,,478.71,9574.2
10138,2024-08-09,North,Arif Hossain,Stationery,Pen Set,Retail Store,Nagad,8,5.89,47.12
11795,2025-12-06,West,Arif Hossain,Apparel,Sneakers,Online,Bank Transfer,19,58.03,1102.57
11074,2025-09-11,EAST,Tanvir Ahmed,Grocery,Rice 5kg,RETAIL STORE,Cash,15,9.09,136.35
10202,2025-10-16,  East  ,Lamia Sultana,Electronics,Monitor,  Wholesale  ,Cash,2,202.13,404.26
10743,2025-01-28,north,Arif Hossain,Grocery,Coffee Jar,Retail Store,Credit Card,23,7.73,177.79
10695,01-27-2025,North,Sadia Chowdhury,Electronics,Smartphone,Online,Credit Card,2,368.61,737.22
11223,03-26-2024,WEST,Mim Akter,Stationery,Pen Set,Distributor,Cash,22,6.02,132.44
12786,08-27-2025,West,Shakil Rahman,Furniture,Office Chair,Retail Store,Cash,20,108.48,2169.6
12668,12-26-2025,  South  ,Nusrat Jahan,Apparel,T-Shirt,Online,Credit Card,13,13.69,177.97
12486,2025-04-27,East,Sadia Chowdhury,Furniture,Office Chair,Online,Credit Card,20,121.4,2428.0
11467,2025-10-15,NORTH,Rakib Hasan,Apparel,Cap,  Online  ,bKash,12,10.15,121.8
11480,2024-05-22,East,Lamia Sultana,Stationery,Pen Set,Retail Store,Nagad,5,6.4,32.0
11839,24/03/2024,West,Nusrat Jahan,Stationery,Desk Organizer,Retail Store,Credit Card,14,19.41,271.74
11011,11-21-2024,South,Arif Hossain,Furniture,Desk,Wholesale,Cash,20,181.33,3626.6
12090,2024-07-17,east,Shakil Rahman,Apparel,Sneakers,Retail Store,Credit Card,10,58.14,581.4
11250,2024-08-24,WEST,Mim Akter,Grocery,Cooking Oil 1L,RETAIL STORE,Bank Transfer,4,3.23,12.92
10960,2024-10-08,north,Arif Hossain,Stationery,Notebook,retail store,Credit Card,7,1.92,13.44
10057,2025-09-17,NORTH,Tanvir Ahmed,Furniture,Desk,retail store,Bank Transfer,25,165.28,4132.0
11059,25/07/2024,South,Mim Akter,Electronics,Laptop,WHOLESALE,Cash,5,844.85,4224.25
11397,08/01/2024,Central,,Furniture,Desk,ONLINE,bKash,19,188.69,3585.11
11032,2024-08-26,NORTH,Imran Kabir,Furniture,Desk,Distributor,bKash,,191.68,1916.8
12966,2025-02-16,  West  ,Nusrat Jahan,Furniture,Office Chair,Online,Bank Transfer,6,133.3,799.8
11861,2024-11-18,West,Shakil Rahman,Grocery,Coffee Jar,  Distributor  ,Credit Card,16,6.65,106.4
10733,2024-04-16,,Imran Kabir,Electronics,Laptop,Online,Nagad,22,859.76,18914.72
11592,2024-08-16,South,Farzana Islam,Stationery,Pen Set,ONLINE,Cash,3,6.03,18.09
11483,2025-05-03,south,Rakib Hasan,Grocery,Rice 5kg,distributor,Credit Card,6,7.89,47.34
12257,2024-01-18,north,Tanvir Ahmed,Stationery,Backpack,Online,bKash,15,44.35,665.25
11542,2025-07-01,Central,Farzana Islam,Electronics,Headphones,Distributor,Nagad,24,62.07,1489.68
12483,2025-09-02,East,Imran Kabir,Grocery,Coffee Jar,distributor,Credit Card,14,7.57,105.98
12842,2024-03-13,South,Tanvir Ahmed,Electronics,Headphones,Distributor,Nagad,7,58.51,409.57
12359,30/09/2024,West,Imran Kabir,Apparel,Cap,Online,Cash,12,11.16,133.92
12639,2025-12-24,South,Shakil Rahman,Electronics,Smartwatch,Online,bKash,25,155.22,3880.5
11459,2024-04-16,West,Rakib Hasan,Stationery,Desk Organizer,Wholesale,Nagad,2,17.86,35.72
11713,2025-12-25,EAST,Mim Akter,Apparel,Sneakers,Wholesale,Bank Transfer,11,51.32,564.52
10670,15/08/2025,East,Lamia Sultana,Furniture,Desk,RETAIL STORE,Bank Transfer,12,203.92,2447.04
12178,07/11/2025,North,Shakil Rahman,Grocery,Rice 5kg,RETAIL STORE,Bank Transfer,5,7.25,36.25
10524,2025-04-25,  North  ,Nusrat Jahan,Apparel,Jeans,DISTRIBUTOR,Bank Transfer,15,39.21,588.15
10027,18/03/2024,South,Shakil Rahman,Furniture,Sofa,wholesale,bKash,15,495.9,7438.5
11117,11-05-2025,North,,Stationery,Desk Organizer,ONLINE,bKash,4,17.01,68.04
12900,2025-12-27,  East  ,Sadia Chowdhury,Stationery,Backpack,Distributor,Credit Card,13,45.69,593.97
10792,2024-06-14,East,Rakib Hasan,Furniture,Dining Table,retail store,bKash,8,325.23,2601.84
12892,2025-02-11,south,Shakil Rahman,Apparel,Cap,Distributor,Cash,13,9.39,122.07
12393,07-01-2024,Central,Lamia Sultana,Furniture,Bookshelf,retail store,bKash,24,102.56,2461.44
11160,2024-12-25,NORTH,Shakil Rahman,Electronics,Headphones,distributor,Cash,23,60.27,1386.21
12946,03-11-2024,South,Shakil Rahman,Electronics,Smartphone,DISTRIBUTOR,Cash,25,411.23,10280.75
11930,2025-11-04,Central,Farzana Islam,Apparel,Cap,  Distributor  ,Nagad,10,9.25,92.5
11220,2024-10-13,SOUTH,Shakil Rahman,Grocery,Tea Pack,Retail Store,Credit Card,19,3.96,75.24
12725,2024-09-04,Central,Shakil Rahman,Grocery,Cooking Oil 1L,Wholesale,Bank Transfer,18,2.7,48.6
10550,11-01-2025,South,Tanvir Ahmed,Furniture,Dining Table,DISTRIBUTOR,bKash,1,400.37,400.37
10001,2024-04-14,East,Nusrat Jahan,Electronics,Laptop,Retail Store,bKash,22,922.39,20292.58
12561,2024-01-12,North,Shakil Rahman,Grocery,Snack Box,distributor,Nagad,1,5.42,5.42
11346,2024-03-13,North,Sadia Chowdhury,Stationery,Pen Set,WHOLESALE,Bank Transfer,19,5.52,104.88
11567,24/04/2025,,Nusrat Jahan,Apparel,Jacket,  Retail Store  ,Cash,8,65.99,527.92
11961,09-18-2025,South,Farzana Islam,Stationery,Desk Organizer,DISTRIBUTOR,bKash,4,16.62,66.48
11957,2024-08-21,South,Arif Hossain,Apparel,Sneakers,DISTRIBUTOR,Bank Transfer,14,62.67,877.38
11941,2024-04-25,West,Rakib Hasan,Electronics,Monitor,Retail Store,Cash,19,198.15,3764.85
11022,11-22-2025,Central,Nusrat Jahan,Apparel,T-Shirt,Distributor,bKash,11,14.44,158.84
12132,2024-08-29,South,Tanvir Ahmed,Electronics,Laptop,Distributor,Cash,13,902.15,11727.95
12788,2025-06-01,north,Shakil Rahman,Grocery,Coffee Jar,Retail Store,Bank Transfer,17,6.76,114.92
10518,2025-10-03,East,Rakib Hasan,Stationery,Notebook,retail store,Cash,3,2.16,6.48
11748,2025-04-21,  North  ,Imran Kabir,Apparel,T-Shirt,Online,Cash,25,16.91,422.75
11352,19/09/2025,EAST,Farzana Islam,Stationery,Notebook,Wholesale,Nagad,3,2.24,6.72
10829,2024-08-19,East,Sadia Chowdhury,Electronics,Tablet,distributor,Bank Transfer,18,300.55,5409.9
12093,2025-04-09,East,Farzana Islam,Furniture,Sofa,Distributor,Cash,4,441.76,1767.04
12531,2024-09-12,North,Rakib Hasan,Apparel,Jeans,Online,Credit Card,13,32.62,424.06
11342,03-20-2025,east,Nusrat Jahan,Grocery,Coffee Jar,retail store,bKash,17,7.72,131.24
10636,2025-04-05,north,Mim Akter,Furniture,Bookshelf,Online,Cash,16,81.51,1304.16
10252,2025-01-27,  East  ,Nusrat Jahan,Furniture,Sofa,Online,Cash,8,455.26,3642.08
12285,08-20-2024,central,Shakil Rahman,Electronics,Smartwatch,Distributor,Cash,21,140.28,2945.88
12597,2024-09-18,central,Sadia Chowdhury,Electronics,Smartwatch,Retail Store,Bank Transfer,19,150.26,2854.94
11256,2024-05-25,  North  ,Sadia Chowdhury,Stationery,Notebook,Online,Credit Card,10,1.93,19.3
12490,2024-04-08,South,Arif Hossain,Stationery,Backpack,Wholesale,bKash,1,39.22,39.22
10353,2025-05-21,West,Shakil Rahman,Stationery,Pen Set,  Online  ,bKash,13,5.57,72.41
12473,11/11/2025,North,Rakib Hasan,Grocery,Cooking Oil 1L,Distributor,Cash,23,3.14,72.22
12595,2025-10-20,East,Mim Akter,Furniture,Desk,  Retail Store  ,Nagad,3,164.68,494.04
10328,2024-05-19,North,Mim Akter,Grocery,Snack Box,Online,Bank Transfer,7,5.52,38.64
10121,2025-03-28,west,Shakil Rahman,Apparel,T-Shirt,Retail Store,Credit Card,12,17.2,206.4
12741,2025-09-04,Central,Tanvir Ahmed,Electronics,Smartphone,wholesale,Cash,13,391.31,5087.03
11067,08/05/2025,West,Imran Kabir,Furniture,Sofa,Wholesale,bKash,1,490.72,490.72
10280,30/07/2025,EAST,Mim Akter,Apparel,Jeans,Wholesale,Credit Card,8,37.99,303.92
11585,2025-10-28,WEST,Shakil Rahman,Apparel,T-Shirt,Retail Store,Credit Card,21,,347.34
10247,05-22-2025,West,Rakib Hasan,Electronics,Smartphone,Online,Bank Transfer,6,453.66,2721.96
10832,2024-12-12,South,Farzana Islam,Stationery,Notebook,DISTRIBUTOR,bKash,7,2.1,14.7
11942,2024-07-30,North,Imran Kabir,Furniture,Office Chair,Online,Cash,15,112.33,1684.95
12030,2025-01-09,central,Shakil Rahman,Grocery,Rice 5kg,Retail Store,Nagad,19,7.97,151.43
11482,08/07/2024,South,Shakil Rahman,Furniture,Desk,Distributor,Credit Card,8,200.6,1604.8
11842,2025-09-07,south,Mim Akter,Grocery,Snack Box,Retail Store,Credit Card,23,5.35,123.05
10664,10-03-2025,East,Shakil Rahman,Electronics,Tablet,Wholesale,Cash,6,278.82,1672.92
12161,04/06/2025,North,Sadia Chowdhury,Electronics,Headphones,Online,bKash,2,60.13,120.26
11818,2024-03-17,Central,Arif Hossain,Furniture,Desk,Distributor,Bank Transfer,14,188.99,2645.86
12615,2025-12-09,North,Rakib Hasan,Apparel,Cap,DISTRIBUTOR,Cash,12,10.46,125.52
12462,2024-01-22,CENTRAL,Sadia Chowdhury,Furniture,Desk,  Retail Store  ,bKash,12,200.57,2406.84
12599,06-30-2025,South,Imran Kabir,Apparel,Jeans,Online,Credit Card,20,31.95,639.0
11236,2024-05-08,West,Shakil Rahman,Apparel,T-Shirt,Online,Bank Transfer,21,15.18,318.78
11707,29/12/2025,NORTH,Nusrat Jahan,Grocery,Cooking Oil 1L,  Distributor  ,Cash,3,2.97,8.91
10992,2024-05-10,north,Imran Kabir,Electronics,Laptop,Distributor,Credit Card,2,960.31,1920.62
11084,2024-08-04,  North  ,Lamia Sultana,Electronics,Headphones,ONLINE,Credit Card,17,65.88,1119.96
10641,2024-07-22,West,Lamia Sultana,Electronics,Headphones,  Online  ,bKash,17,68.5,1164.5
12339,2025-05-24,south,Rakib Hasan,Apparel,Jeans,retail store,Bank Transfer,12,38.94,467.28
11128,2025-02-20,East,Farzana Islam,Furniture,Office Chair,Online,Nagad,3,117.88,353.64
10264,2025-02-06,East,Farzana Islam,Stationery,Pen Set,retail store,Nagad,17,5.59,95.03
11703,2025-12-07,south,Arif Hossain,Stationery,Desk Organizer,wholesale,Cash,8,20.59,164.72
11789,2024-05-27,,Arif Hossain,Furniture,Desk,Online,Bank Transfer,3,193.27,579.81
11295,2024-03-08,NORTH,Tanvir Ahmed,Furniture,Office Chair,DISTRIBUTOR,bKash,18,111.03,1998.54
10614,2024-08-09,north,Farzana Islam,Apparel,Cap,Distributor,Credit Card,17,9.24,157.08
10918,2024-04-15,West,Tanvir Ahmed,Apparel,Cap,Distributor,Credit Card,21,11.12,233.52
12973,17/11/2024,West,Imran Kabir,Electronics,Monitor,Wholesale,Cash,7,230.63,1614.41
10382,2024-03-07,  Central  ,Shakil Rahman,Electronics,Smartwatch,online,Credit Card,7,168.84,1181.88
11460,05-02-2024,South,,Stationery,Pen Set,ONLINE,Bank Transfer,2,6.07,12.14
10347,2025-05-04,  East  ,Farzana Islam,Electronics,Laptop,Wholesale,bKash,3,813.65,2440.95
11151,01/05/2024,South,Nusrat Jahan,Apparel,T-Shirt,wholesale,Cash,14,15.33,214.62
11933,2025-07-28,North,Shakil Rahman,Grocery,Snack Box,RETAIL STORE,Nagad,8,4.6,36.8
11038,09-19-2025,West,Mim Akter,Electronics,Headphones,DISTRIBUTOR,Bank Transfer,6,60.23,361.38
10741,2024-02-08,NORTH,Sadia Chowdhury,Apparel,Sneakers,Retail Store,Credit Card,22,54.87,1207.14
11103,2024-03-01,south,Sadia Chowdhury,Stationery,Desk Organizer,Distributor,Bank Transfer,11,16.89,185.79
10279,2024-04-10,East,Arif Hossain,Apparel,Jacket,Wholesale,Bank Transfer,24,,1587.12
11594,2024-11-26,West,Sadia Chowdhury,Electronics,Headphones,Distributor,bKash,22,62.1,1366.2
12516,2024-12-03,North,Arif Hossain,Electronics,Smartphone,Retail Store,Credit Card,16,390.51,6248.16
10856,2025-10-03,  Central  ,Lamia Sultana,Grocery,Tea Pack,wholesale,Nagad,,4.12,8.24
11853,07-20-2025,east,Rakib Hasan,Electronics,Laptop,Online,Bank Transfer,25,843.4,21085.0
12478,2025-06-07,South,Farzana Islam,Furniture,Office Chair,Distributor,Cash,22,135.35,2977.7
10901,02-16-2025,North,Nusrat Jahan,Grocery,Rice 5kg,Retail Store,Bank Transfer,10,8.49,84.9
10245,30/10/2025,SOUTH,Tanvir Ahmed,Grocery,Rice 5kg,retail store,Bank Transfer,16,8.15,130.4
11572,2025-12-01,west,Lamia Sultana,Electronics,Smartwatch,RETAIL STORE,Credit Card,14,165.67,2319.38
11984,2024-06-28,east,,Stationery,Desk Organizer,Online,bKash,25,17.5,437.5
12372,2024-08-02,central,Shakil Rahman,Grocery,Rice 5kg,Distributor,bKash,12,8.83,105.96
10779,09-27-2025,West,Shakil Rahman,Electronics,Headphones,Retail Store,Credit Card,11,65.04,715.44
12929,2024-05-10,West,Imran Kabir,Furniture,Desk,Distributor,bKash,,195.54,977.7
12922,2025-05-22,WEST,Shakil Rahman,Electronics,Monitor,ONLINE,bKash,9,199.02,1791.18
10003,2025-04-04,Central,Nusrat Jahan,Stationery,Notebook,Wholesale,bKash,19,1.94,36.86
11369,2024-12-15,East,,Electronics,Smartwatch,Retail Store,Credit Card,24,166.1,3986.4
12656,2024-03-19,WEST,Rakib Hasan,Grocery,Tea Pack,  Retail Store  ,Cash,20,4.48,89.6
11829,2025-07-17,South,Shakil Rahman,Electronics,Laptop,Wholesale,Bank Transfer,19,939.5,17850.5
11832,07-02-2025,North,Shakil Rahman,Electronics,Laptop,Online,Nagad,9,792.08,7128.72
11753,27/02/2024,  East  ,Mim Akter,Electronics,Monitor,Online,Nagad,24,237.45,5698.8
12083,15/10/2025,South,Mim Akter,Grocery,Cooking Oil 1L,Distributor,bKash,8,3.18,25.44
11816,2025-11-18,East,Imran Kabir,Grocery,Rice 5kg,ONLINE,bKash,24,9.06,217.44
10228,06/08/2025,East,Tanvir Ahmed,Apparel,Sneakers,Wholesale,Credit Card,18,52.18,939.24
10244,2024-02-23,North,Arif Hossain,Furniture,Desk,Retail Store,bKash,4,180.6,722.4
12830,2024-09-11,north,Mim Akter,Stationery,Pen Set,Wholesale,Bank Transfer,17,5.95,101.15
12942,2025-02-12,East,Mim Akter,Stationery,Desk Organizer,  Wholesale  ,Nagad,11,17.68,194.48
10188,01-20-2024,west,Sadia Chowdhury,Grocery,Cooking Oil 1L,online,Credit Card,9,2.86,25.74
10545,2024-04-12,North,Nusrat Jahan,Grocery,Cooking Oil 1L,  Wholesale  ,bKash,7,3.08,21.56
12732,07/01/2025,,Tanvir Ahmed,Stationery,Desk Organizer,wholesale,Bank Transfer,25,18.06,451.5
10911,2024-07-10,West,Lamia Sultana,Stationery,Desk Organizer,Distributor,Cash,7,17.03,119.21
11264,2025-02-13,  West  ,Sadia Chowdhury,Stationery,Backpack,Wholesale,Nagad,7,38.5,269.5
12990,02-14-2025,South,Mim Akter,Electronics,Smartphone,Online,bKash,18,459.05,8262.9
10097,2025-12-17,West,Farzana Islam,Stationery,Backpack,Wholesale,Cash,13,45.43,590.59
11434,05-20-2025,  West  ,Arif Hossain,Grocery,Snack Box,Retail Store,Credit Card,9,5.01,45.09
10593,2025-05-20,,Farzana Islam,Grocery,Rice 5kg,Retail Store,Credit Card,7,7.88,55.16
11260,2025-09-20,North,Mim Akter,Stationery,Notebook,Distributor,Bank Transfer,20,2.07,41.4
12013,24/08/2024,  North  ,Arif Hossain,Stationery,Backpack,DISTRIBUTOR,bKash,13,41.3,536.9
11247,02-03-2024,West,Nusrat Jahan,Apparel,Jacket,Online,Bank Transfer,1,58.93,58.93
10443,2024-07-18,Central,Lamia Sultana,Grocery,Rice 5kg,Online,Bank Transfer,17,7.44,126.48
12880,2024-05-21,  North  ,Mim Akter,Stationery,Desk Organizer,  Retail Store  ,Credit Card,24,17.93,430.32
12295,2024-03-22,East,Sadia Chowdhury,Electronics,Tablet,Distributor,Cash,12,342.07,4104.84
12383,2024-12-18,  South  ,Lamia Sultana,Electronics,Smartwatch,Wholesale,bKash,5,161.97,809.85
10817,05-14-2024,West,Sadia Chowdhury,Stationery,Notebook,online,Credit Card,1,2.04,2.04
10855,2024-07-10,Central,Rakib Hasan,Stationery,Desk Organizer,  Online  ,Nagad,19,18.45,350.55
12081,2024-06-20,central,Tanvir Ahmed,Apparel,Sneakers,Online,Credit Card,9,61.87,556.83
10357,07-04-2025,West,Imran Kabir,Stationery,Desk Organizer,Online,Nagad,20,16.89,337.8
11120,03/11/2024,South,Imran Kabir,Apparel,Cap,  Online  ,bKash,2,11.37,22.74
11422,09/02/2025,  Central  ,Nusrat Jahan,Furniture,Bookshelf,Retail Store,Nagad,23,86.16,1981.68
11031,06/12/2025,north,Arif Hossain,Electronics,Smartphone,Retail Store,Credit Card,20,408.86,8177.2
10611,2025-09-30,Central,Imran Kabir,Electronics,Laptop,Wholesale,Nagad,23,890.44,20480.12
12162,2024-03-22,north,Sadia Chowdhury,Electronics,Smartphone,retail store,Cash,2,441.3,882.6
10735,09-11-2025,  Central  ,Farzana Islam,Stationery,Pen Set,  Online  ,Credit Card,5,5.96,29.8
10289,2025-04-15,West,Farzana Islam,Apparel,Jacket,Distributor,Bank Transfer,19,62.45,1186.55
11306,2025-10-16,South,Farzana Islam,Grocery,Tea Pack,Retail Store,Bank Transfer,4,4.57,18.28
11136,2024-11-08,central,Nusrat Jahan,Apparel,Sneakers,Distributor,Credit Card,14,60.1,841.4
10978,2024-06-30,West,Lamia Sultana,Electronics,Headphones,Distributor,Bank Transfer,25,66.18,1654.5
10926,02/01/2025,South,Nusrat Jahan,Grocery,Tea Pack,Online,Credit Card,9,3.96,35.64
12112,01-21-2025,East,Lamia Sultana,Electronics,Monitor,Online,Credit Card,24,198.45,4762.8
10255,16/05/2024,East,Mim Akter,Apparel,T-Shirt,  Retail Store  ,bKash,16,14.07,225.12
11471,29/01/2025,West,Rakib Hasan,Apparel,Cap,online,Nagad,5,10.34,51.7
10311,2025-11-05,south,Shakil Rahman,Grocery,Coffee Jar,Retail Store,Cash,5,7.55,37.75
10094,2024-08-25,Central,Sadia Chowdhury,Grocery,Coffee Jar,Distributor,Credit Card,10,7.54,75.4
11741,2025-05-15,Central,Lamia Sultana,Stationery,Pen Set,RETAIL STORE,bKash,19,6.1,115.9
12116,2024-06-07,EAST,Sadia Chowdhury,Apparel,Cap,Retail Store,Bank Transfer,19,11.36,215.84
12033,27/07/2025,SOUTH,Imran Kabir,Furniture,Bookshelf,Wholesale,Nagad,2,90.18,180.36
12414,2025-04-05,West,Shakil Rahman,Grocery,Coffee Jar,WHOLESALE,Nagad,10,7.85,78.5
11194,05-28-2024,NORTH,Lamia Sultana,Grocery,Rice 5kg,WHOLESALE,Cash,3,7.85,23.55
12687,2024-08-10,North,Tanvir Ahmed,Furniture,Sofa,Wholesale,Credit Card,7,445.95,3121.65
10428,2024-02-21,  North  ,Nusrat Jahan,Furniture,Desk,online,Bank Transfer,12,193.71,2324.52
12546,03-11-2025,North,Arif Hossain,Stationery,Notebook,online,Cash,22,2.04,44.88
10069,2024-12-11,  East  ,Nusrat Jahan,Apparel,Sneakers,  Wholesale  ,Cash,25,61.6,1540.0
11964,2025-04-08,North,Imran Kabir,Stationery,Backpack,DISTRIBUTOR,Cash,18,42.96,773.28
10091,2025-01-24,Central,Lamia Sultana,Grocery,Snack Box,  Retail Store  ,Nagad,15,5.64,84.6
10825,2024-08-07,,Rakib Hasan,Furniture,Desk,  Online  ,Credit Card,17,200.31,3405.27
11412,2025-09-20,South,Tanvir Ahmed,Stationery,Pen Set,Wholesale,Cash,13,6.35,82.55
12877,2025-03-30,Central,Rakib Hasan,Grocery,Rice 5kg,Retail Store,Credit Card,25,7.33,183.25
12812,2025-05-29,Central,Farzana Islam,Electronics,Tablet,Wholesale,Bank Transfer,1,298.98,298.98
12277,2024-08-04,east,Tanvir Ahmed,Apparel,Sneakers,Wholesale,bKash,5,53.33,266.65
10751,15/01/2024,Central,Tanvir Ahmed,Electronics,Tablet,Retail Store,bKash,6,317.45,1904.7
10923,2024-10-27,East,Lamia Sultana,Furniture,Dining Table,wholesale,bKash,24,377.25,9054.0
12866,2024-09-01,WEST,Imran Kabir,Furniture,Dining Table,retail store,Credit Card,17,347.53,5908.01
12740,2024-05-09,NORTH,Mim Akter,Electronics,Smartwatch,Retail Store,Credit Card,9,163.22,1468.98
10563,2025-06-22,West,Nusrat Jahan,Stationery,Backpack,Retail Store,Credit Card,14,40.78,570.92
10179,09-24-2025,  Central  ,Arif Hossain,Electronics,Smartwatch,Online,Cash,5,157.4,787.0
12742,2025-05-23,North,Farzana Islam,Stationery,Pen Set,RETAIL STORE,bKash,13,5.7,74.1
12176,2024-08-26,west,Lamia Sultana,Electronics,Tablet,Distributor,bKash,6,327.16,1962.96
11206,2025-03-09,Central,Shakil Rahman,Grocery,Coffee Jar,distributor,bKash,6,6.78,40.68
11055,2024-04-07,,,Stationery,Desk Organizer,Retail Store,Cash,20,17.66,353.2
10491,13/07/2025,  West  ,Nusrat Jahan,Furniture,Dining Table,  Distributor  ,Nagad,24,367.8,8827.2
12448,2025-08-18,NORTH,Farzana Islam,Apparel,Jeans,Retail Store,bKash,18,38.23,688.14
10093,2025-07-19,NORTH,Rakib Hasan,Furniture,Bookshelf,Retail Store,bKash,3,84.52,253.56
11598,2025-08-16,east,Imran Kabir,Apparel,Jeans,DISTRIBUTOR,bKash,24,39.68,952.32
11545,2024-07-31,South,Arif Hossain,Furniture,Office Chair,Distributor,Credit Card,8,115.32,922.56
11040,2025-12-15,South,Shakil Rahman,Electronics,Smartphone,distributor,Credit Card,24,432.24,10373.76
10814,2025-08-16,East,Mim Akter,Apparel,Jacket,  Online  ,Nagad,12,,862.56
12159,09/03/2025,East,Farzana Islam,Grocery,Coffee Jar,Wholesale,bKash,17,6.37,108.29
10794,2025-04-04,East,Mim Akter,Electronics,Monitor,Retail Store,Cash,18,251.65,4529.7
11636,26/03/2025,South,Nusrat Jahan,Electronics,Tablet,retail store,bKash,21,330.86,6948.06
12255,2025-06-06,East,Nusrat Jahan,Stationery,Backpack,Online,Nagad,25,36.47,911.75
12353,2025-02-24,East,Rakib Hasan,Electronics,Laptop,  Distributor  ,bKash,22,794.21,17472.62
10953,2024-11-08,South,Lamia Sultana,Electronics,Smartphone,Wholesale,Credit Card,10,381.56,3815.6
10073,2024-04-20,Central,Farzana Islam,Furniture,Dining Table,retail store,Cash,19,317.25,6027.75
11380,2024-07-27,NORTH,Arif Hossain,Stationery,Desk Organizer,Online,bKash,11,18.77,206.47
11207,2025-09-25,West,Rakib Hasan,Electronics,Smartwatch,retail store,Bank Transfer,2,143.21,286.42
12927,2024-03-20,Central,Arif Hossain,Stationery,Desk Organizer,Distributor,Nagad,9,18.89,170.01
10171,2025-05-02,  Central  ,Nusrat Jahan,Electronics,Tablet,Distributor,Nagad,17,281.31,4782.27
11027,13/12/2024,East,Tanvir Ahmed,Stationery,Pen Set,wholesale,Cash,8,6.03,48.24
11351,08-29-2024,,Nusrat Jahan,Apparel,T-Shirt,  Distributor  ,Credit Card,16,13.77,220.32
12281,2025-09-17,North,Farzana Islam,Stationery,Notebook,Distributor,Credit Card,6,2.22,13.32
12748,07/08/2025,  West  ,,Grocery,Rice 5kg,  Online  ,Credit Card,19,7.52,142.88
12362,2025-03-17,West,Lamia Sultana,Apparel,Sneakers,WHOLESALE,Credit Card,7,61.96,433.72
10536,2025-05-02,South,Lamia Sultana,Stationery,Desk Organizer,online,bKash,20,,378.0
12263,2025-07-21,West,Imran Kabir,Stationery,Pen Set,Retail Store,Cash,5,5.97,29.85
11477,29/04/2025,,Sadia Chowdhury,Electronics,Tablet,Wholesale,Bank Transfer,8,288.94,2311.52
11727,2025-04-06,north,Lamia Sultana,Apparel,Cap,DISTRIBUTOR,Cash,12,10.86,130.32
11514,2024-01-24,East,Lamia Sultana,Furniture,Dining Table,wholesale,Bank Transfer,25,400.17,10004.25
10531,2024-05-30,South,Arif Hossain,Stationery,Pen Set,Online,Nagad,2,5.65,11.3
12678,2024-01-29,North,Imran Kabir,Furniture,Sofa,ONLINE,Bank Transfer,18,482.65,8687.7
10656,09-08-2024,North,Sadia Chowdhury,Electronics,Smartwatch,WHOLESALE,Credit Card,17,155.17,2637.89
12057,2025-08-15,east,Shakil Rahman,Stationery,Backpack,  Online  ,bKash,11,36.48,401.28
12644,2025-12-19,Central,Farzana Islam,Electronics,Smartphone,RETAIL STORE,Nagad,11,370.72,4077.92
12072,2025-03-19,NORTH,Lamia Sultana,Electronics,Headphones,Retail Store,Nagad,24,62.97,1511.28
12456,2025-04-07,  South  ,Sadia Chowdhury,Stationery,Pen Set,RETAIL STORE,bKash,19,6.55,124.45
11750,06-15-2024,EAST,Nusrat Jahan,Apparel,Sneakers,WHOLESALE,Cash,19,51.27,974.13
11549,2024-10-04,North,Shakil Rahman,Stationery,Desk Organizer,Wholesale,Nagad,16,19.04,304.64
10081,2024-09-04,North,Arif Hossain,Apparel,Cap,RETAIL STORE,Credit Card,24,10.02,240.48
10364,06-05-2025,north,Lamia Sultana,Furniture,Bookshelf,ONLINE,bKash,,81.99,81.99
10182,2024-10-15,  East  ,Lamia Sultana,Grocery,Cooking Oil 1L,Wholesale,Bank Transfer,25,2.99,74.75
11675,09-19-2024,  South  ,Arif Hossain,Grocery,Rice 5kg,distributor,bKash,22,8.63,189.86
12143,07-25-2025,  North  ,Farzana Islam,Apparel,Jeans,Distributor,Credit Card,22,34.95,768.9
10019,2025-11-06,West,Farzana Islam,Electronics,Laptop,Retail Store,bKash,16,966.21,15459.36
12998,19/10/2025,  East  ,Arif Hossain,Stationery,Notebook,Distributor,Cash,6,2.3,13.8
12015,2024-09-02,  Central  ,Arif Hossain,Furniture,Dining Table,Retail Store,Credit Card,15,339.06,5085.9
12862,2025-02-05,West,Shakil Rahman,Electronics,Headphones,  Distributor  ,Nagad,22,59.49,1308.78
10457,04-26-2024,West,Farzana Islam,Stationery,Pen Set,online,Cash,4,6.15,24.6
10654,2025-04-13,West,Lamia Sultana,Electronics,Smartphone,Wholesale,Cash,8,402.76,3222.08
10285,2025-04-11,South,Tanvir Ahmed,Furniture,Office Chair,Retail Store,Nagad,12,109.81,1317.72
11300,26/11/2025,South,Shakil Rahman,Apparel,T-Shirt,ONLINE,bKash,25,16.7,417.5
10322,2024-07-10,East,Farzana Islam,Furniture,Desk,ONLINE,Nagad,12,176.67,2120.04
11637,2025-05-09,EAST,Nusrat Jahan,Furniture,Office Chair,Online,Nagad,15,120.44,1806.6
11210,2024-06-15,east,Tanvir Ahmed,Apparel,Cap,retail store,Cash,18,9.27,166.86
10831,2024-05-26,West,Arif Hossain,Electronics,Tablet,Online,Credit Card,13,300.05,3900.65
10644,2024-06-04,North,Arif Hossain,Apparel,Sneakers,  Distributor  ,bKash,11,61.84,680.24
11401,2024-12-21,Central,Shakil Rahman,Furniture,Sofa,Distributor,Credit Card,10,423.63,4236.3
12201,2025-01-03,west,Mim Akter,Stationery,Notebook,online,bKash,9,2.18,19.62
11996,2024-04-16,East,Arif Hossain,Grocery,Cooking Oil 1L,Wholesale,bKash,10,3.42,34.2
10680,2024-02-06,East,Mim Akter,Furniture,Desk,wholesale,Bank Transfer,21,168.11,3530.31
12432,2024-12-07,South,Farzana Islam,Apparel,T-Shirt,Retail Store,Bank Transfer,13,16.74,217.62
11170,2025-06-09,South,Imran Kabir,Electronics,Monitor,wholesale,Nagad,3,207.1,621.3
10650,2025-08-03,NORTH,Lamia Sultana,Furniture,Desk,distributor,Nagad,20,172.39,3447.8
10054,2024-01-01,central,Shakil Rahman,Furniture,Dining Table,WHOLESALE,Nagad,10,340.1,3401.0
10066,2024-08-12,West,Imran Kabir,Apparel,Jacket,retail store,Bank Transfer,9,65.58,590.22
12345,30/01/2024,CENTRAL,,Electronics,Smartphone,Retail Store,Credit Card,9,384.79,3463.11
10737,2024-03-16,West,Mim Akter,Grocery,Tea Pack,distributor,bKash,9,4.38,39.42
12495,11/02/2025,  East  ,Farzana Islam,Electronics,Smartwatch,Wholesale,bKash,15,138.93,2083.95
10893,05-19-2025,West,Mim Akter,Grocery,Rice 5kg,Wholesale,Bank Transfer,4,8.89,35.56
12894,03-06-2025,  North  ,Nusrat Jahan,Grocery,Coffee Jar,Wholesale,Credit Card,5,6.84,34.2
12542,2024-02-08,South,Nusrat Jahan,Electronics,Laptop,Retail Store,Bank Transfer,17,865.82,14718.94
10886,2025-05-31,Central,Tanvir Ahmed,Apparel,Cap,Online,Cash,,9.95,199.0
12696,10/04/2024,Central,Mim Akter,Furniture,Desk,Wholesale,Nagad,11,178.3,1961.3
11814,04/05/2025,  South  ,Rakib Hasan,Stationery,Notebook,retail store,Credit Card,17,2.29,38.93
11254,07-02-2025,SOUTH,Nusrat Jahan,Apparel,Jeans,Distributor,bKash,8,37.86,302.88
12470,2025-08-03,east,Rakib Hasan,Grocery,Coffee Jar,Retail Store,Cash,5,6.33,31.65
11917,2024-06-13,North,Rakib Hasan,Stationery,Notebook,Retail Store,Cash,17,2.21,37.57
10913,09-25-2025,West,Lamia Sultana,Grocery,Coffee Jar,Wholesale,Cash,20,6.93,138.6
11391,2025-05-21,  West  ,Imran Kabir,Electronics,Laptop,  Retail Store  ,Nagad,21,952.31,19998.51
11796,2024-03-29,North,Imran Kabir,Apparel,Sneakers,  Online  ,Bank Transfer,16,52.97,847.52
11349,25/09/2025,Central,Nusrat Jahan,Electronics,Smartwatch,Distributor,Bank Transfer,2,155.47,310.94
12098,05-12-2024,WEST,Tanvir Ahmed,Stationery,Pen Set,DISTRIBUTOR,Cash,8,6.67,53.36
10254,2025-02-19,North,Sadia Chowdhury,Electronics,Monitor,Distributor,bKash,22,225.64,4964.08
12728,09/08/2025,South,Arif Hossain,Furniture,Sofa,Online,bKash,4,497.5,1990.0
11548,29/03/2025,Central,Tanvir Ahmed,Grocery,Tea Pack,wholesale,Credit Card,25,4.24,106.0
10950,2025-04-29,Central,Farzana Islam,Furniture,Dining Table,Retail Store,Bank Transfer,2,380.32,760.64
11808,07/08/2025,North,Tanvir Ahmed,Furniture,Desk,RETAIL STORE,Credit Card,6,191.91,1151.46
10920,2025-08-13,South,Tanvir Ahmed,Stationery,Desk Organizer,ONLINE,Bank Transfer,11,18.69,205.59
10917,2025-04-05,WEST,Sadia Chowdhury,Furniture,Desk,Wholesale,Credit Card,19,172.92,3285.48
11045,2024-06-23,  South  ,Sadia Chowdhury,Furniture,Sofa,DISTRIBUTOR,bKash,1,473.29,473.29
11244,2025-03-06,West,Arif Hossain,Stationery,Notebook,Online,Cash,7,1.91,13.37
11245,05-07-2024,west,Farzana Islam,Grocery,Snack Box,Retail Store,Bank Transfer,,5.71,68.52
12566,10-23-2025,Central,Sadia Chowdhury,Stationery,Pen Set,Distributor,bKash,11,5.92,65.12
11682,2024-07-07,EAST,Arif Hossain,Grocery,Cooking Oil 1L,Online,bKash,21,2.85,59.85
11806,2024-10-12,North,Imran Kabir,Apparel,Cap,Wholesale,Credit Card,14,10.39,145.46
12280,2024-03-08,Central,Mim Akter,Electronics,Tablet,  Online  ,Bank Transfer,2,328.97,657.94
11205,2024-06-13,North,Tanvir Ahmed,Electronics,Smartphone,Retail Store,Nagad,1,399.64,399.64
12217,2025-03-29,EAST,Imran Kabir,Electronics,Headphones,Distributor,Bank Transfer,11,62.06,682.66
10956,2024-04-01,West,Sadia Chowdhury,Stationery,Desk Organizer,  Retail Store  ,Cash,20,19.19,383.8
10722,01-28-2024,Central,Tanvir Ahmed,Stationery,Pen Set,Distributor,Nagad,10,6.13,61.3
10175,2025-08-19,Central,Rakib Hasan,Apparel,Jacket,Distributor,Credit Card,22,60.8,1337.6
12181,2024-01-23,South,Farzana Islam,Stationery,Desk Organizer,Online,Bank Transfer,24,19.96,479.04
10260,23/01/2024,NORTH,Arif Hossain,Grocery,Snack Box,Wholesale,Cash,13,4.82,62.66
12485,2024-06-16,East,Farzana Islam,Furniture,Office Chair,ONLINE,Cash,20,115.59,2311.8
10780,09/01/2025,EAST,Tanvir Ahmed,Electronics,Smartwatch,online,Bank Transfer,15,158.22,2373.3
11443,04/07/2025,East,Nusrat Jahan,Electronics,Laptop,Retail Store,Credit Card,15,835.34,12530.1
10316,2024-10-29,  East  ,Tanvir Ahmed,Stationery,Pen Set,Wholesale,Credit Card,14,6.78,94.92
12665,2025-06-24,Central,Arif Hossain,Stationery,Backpack,Retail Store,Credit Card,17,38.77,659.09
12705,01-11-2024,West,Imran Kabir,Electronics,Tablet,Distributor,bKash,15,318.95,4784.25
10787,2025-03-02,South,Arif Hossain,Grocery,Cooking Oil 1L,ONLINE,Cash,22,3.11,68.42
10890,2024-11-16,East,Lamia Sultana,Grocery,Tea Pack,  Distributor  ,Nagad,14,4.49,62.86
12360,15/02/2025,East,Sadia Chowdhury,Grocery,Snack Box,distributor,Bank Transfer,19,5.39,102.41
11025,12-14-2024,South,Arif Hossain,Furniture,Sofa,Wholesale,Bank Transfer,3,440.22,1320.66
11642,2025-03-22,central,Sadia Chowdhury,Electronics,Tablet,WHOLESALE,Nagad,3,341.49,1024.47
12078,05-12-2024,Central,Imran Kabir,Furniture,Dining Table,Wholesale,bKash,11,360.16,3961.76
12216,11-30-2024,WEST,Sadia Chowdhury,Stationery,Desk Organizer,wholesale,Credit Card,14,17.38,243.32
11570,2025-08-11,EAST,Arif Hossain,Electronics,Smartwatch,Wholesale,Cash,11,158.79,1746.69
11299,14/01/2024,  South  ,Mim Akter,Electronics,Smartphone,WHOLESALE,bKash,22,407.46,8964.12
12408,06/03/2025,East,Lamia Sultana,Electronics,Tablet,Wholesale,Nagad,12,287.79,3453.48
12173,2025-06-25,Central,Sadia Chowdhury,Stationery,Backpack,Wholesale,Nagad,16,42.39,678.24
10373,2024-04-07,East,Sadia Chowdhury,Stationery,Desk Organizer,online,Nagad,17,16.8,285.6
10583,2024-06-30,Central,Sadia Chowdhury,Stationery,Backpack,retail store,Nagad,19,,797.62
12396,2025-11-16,North,Nusrat Jahan,Grocery,Tea Pack,online,Bank Transfer,11,3.83,42.13
11357,2024-08-31,  South  ,Mim Akter,Apparel,Jacket,wholesale,Credit Card,8,59.99,479.92
11457,10-24-2025,Central,Tanvir Ahmed,Apparel,Jacket,Distributor,Credit Card,9,68.93,620.37
11689,27/05/2024,South,Sadia Chowdhury,Grocery,Coffee Jar,Distributor,bKash,10,7.41,74.1
11239,07/05/2024,  North  ,Shakil Rahman,Apparel,Jacket,Distributor,Nagad,23,66.61,1532.03
12144,02/06/2024,East,Tanvir Ahmed,Stationery,Pen Set,DISTRIBUTOR,bKash,20,5.83,116.6
12692,13/11/2024,South,Lamia Sultana,Grocery,Cooking Oil 1L,distributor,bKash,18,2.77,49.86
10080,13/10/2024,South,Mim Akter,Furniture,Sofa,distributor,Cash,20,483.88,9677.6
12781,2024-12-09,SOUTH,Shakil Rahman,Grocery,Cooking Oil 1L,Distributor,Bank Transfer,7,3.08,21.56
10694,09-19-2025,  South  ,Rakib Hasan,Apparel,Cap,Online,Cash,11,10.35,113.85
10155,2025-09-02,EAST,Shakil Rahman,Apparel,Jeans,  Distributor  ,Nagad,3,39.23,117.69
11101,2025-11-27,South,Shakil Rahman,Grocery,Tea Pack,retail store,Bank Transfer,15,3.75,56.25
12735,2024-12-22,CENTRAL,Nusrat Jahan,Stationery,Notebook,Retail Store,bKash,7,1.92,13.44
10077,2025-10-28,  South  ,Imran Kabir,Apparel,Sneakers,retail store,Nagad,9,57.97,521.73
12603,20/08/2025,east,Nusrat Jahan,Electronics,Smartwatch,Wholesale,Nagad,1,135.37,135.37
11768,2024-12-01,East,Nusrat Jahan,Furniture,Desk,Wholesale,Bank Transfer,15,206.29,3094.35
12642,2024-08-20,East,Mim Akter,Electronics,Tablet,RETAIL STORE,Bank Transfer,12,317.79,3813.48
11819,13/01/2025,Central,Farzana Islam,Grocery,Rice 5kg,retail store,Credit Card,9,7.99,71.91
11910,2024-03-22,central,Nusrat Jahan,Apparel,Jeans,  Online  ,Bank Transfer,11,37.16,408.76
10692,2024-06-10,West,Farzana Islam,Stationery,Backpack,DISTRIBUTOR,bKash,9,37.14,334.26
10513,18/11/2025,West,Mim Akter,Furniture,Dining Table,Distributor,bKash,21,335.52,7045.92
10579,04-15-2024,north,Nusrat Jahan,Furniture,Bookshelf,Retail Store,Bank Transfer,4,82.44,329.76
11779,04/09/2025,north,Shakil Rahman,Grocery,Cooking Oil 1L,distributor,Credit Card,12,3.04,36.48
10307,12/12/2025,SOUTH,Shakil Rahman,Grocery,Snack Box,Distributor,Nagad,7,5.1,35.7
12567,12-01-2024,north,Lamia Sultana,Furniture,Sofa,Online,Nagad,18,494.73,8905.14
11184,01/10/2024,North,,Electronics,Monitor,RETAIL STORE,Credit Card,5,249.62,1248.1
12417,2025-03-12,Central,Imran Kabir,Furniture,Office Chair,Distributor,Nagad,20,113.59,2271.8
10915,2025-03-22,South,Sadia Chowdhury,Furniture,Office Chair,Retail Store,bKash,21,133.75,2808.75
11150,2024-05-16,North,Nusrat Jahan,Apparel,Jeans,  Distributor  ,Credit Card,13,35.18,457.34
12715,2025-12-24,West,Nusrat Jahan,Grocery,Cooking Oil 1L,Retail Store,Credit Card,6,2.83,16.98
12455,2025-06-30,central,Mim Akter,Stationery,Notebook,wholesale,Bank Transfer,10,2.16,21.6
12993,2025-02-25,West,Arif Hossain,Apparel,Jacket,Distributor,Cash,16,67.84,1085.44
11280,01-12-2025,South,Rakib Hasan,Apparel,Sneakers,Online,bKash,18,63.11,1135.98
12861,2024-03-21,North,Mim Akter,Apparel,Cap,DISTRIBUTOR,Nagad,24,10.84,260.16
11624,2025-04-16,West,Tanvir Ahmed,Stationery,Desk Organizer,Distributor,Bank Transfer,19,20.09,381.71
12043,2025-11-14,West,Nusrat Jahan,Electronics,Smartphone,Online,Credit Card,17,403.42,6858.14
10076,2025-05-16,  Central  ,Mim Akter,Apparel,T-Shirt,online,Bank Transfer,4,15.13,60.52
12305,2025-12-26,  West  ,Lamia Sultana,Furniture,Desk,ONLINE,Cash,24,188.54,4524.96
10346,2024-08-19,,Farzana Islam,Electronics,Smartphone,Retail Store,Nagad,17,428.0,7276.0
11633,2024-05-29,North,Farzana Islam,Electronics,Smartphone,Wholesale,Cash,23,394.02,9062.46
11641,2024-08-17,Central,Nusrat Jahan,Apparel,T-Shirt,  Distributor  ,Nagad,15,14.51,217.65
10467,2025-05-14,Central,Tanvir Ahmed,Grocery,Tea Pack,Retail Store,Bank Transfer,4,4.49,17.96
11449,2024-06-17,South,Farzana Islam,Electronics,Smartphone,Retail Store,bKash,16,447.46,7159.36
12191,2024-10-26,north,Sadia Chowdhury,Grocery,Tea Pack,Wholesale,bKash,21,3.65,76.65
12131,2024-08-30,South,Mim Akter,Grocery,Tea Pack,  Distributor  ,bKash,21,4.13,86.73
12004,2025-04-22,North,Farzana Islam,Furniture,Office Chair,  Wholesale  ,Nagad,24,134.36,3224.64
11424,2024-02-13,North,Arif Hossain,Electronics,Smartwatch,WHOLESALE,Bank Transfer,6,145.62,873.72
11901,2025-12-29,West,Tanvir Ahmed,Furniture,Desk,Online,Cash,11,198.01,2178.11
12363,2024-01-23,South,Mim Akter,Furniture,Office Chair,Distributor,Cash,18,128.93,2320.74
10101,2024-11-24,West,Mim Akter,Grocery,Rice 5kg,Wholesale,Cash,22,7.41,163.02
12518,18/02/2024,SOUTH,Sadia Chowdhury,Furniture,Office Chair,Distributor,Credit Card,1,114.39,114.39
12447,2024-02-28,  Central  ,Mim Akter,Grocery,Snack Box,Distributor,bKash,6,4.85,29.1
10040,2024-04-04,central,Sadia Chowdhury,Furniture,Bookshelf,Distributor,Credit Card,21,90.53,1901.13
11659,09-09-2024,WEST,Farzana Islam,Stationery,Desk Organizer,Online,Cash,12,16.84,202.08
10397,12/11/2025,East,Rakib Hasan,Grocery,Coffee Jar,distributor,bKash,19,7.73,146.87
11054,2024-03-09,,Lamia Sultana,Electronics,Monitor,Distributor,Credit Card,7,220.61,1544.27
12766,2024-07-08,central,Mim Akter,Apparel,T-Shirt,Wholesale,bKash,3,15.29,45.87
10624,2024-06-26,south,Farzana Islam,Grocery,Snack Box,Distributor,Bank Transfer,16,5.53,88.48
12060,2024-03-17,West,Arif Hossain,Furniture,Sofa,retail store,bKash,1,498.82,498.82
10023,2025-06-10,North,Tanvir Ahmed,Electronics,Smartphone,  Distributor  ,Credit Card,8,387.85,3102.8
10587,2024-08-24,  North  ,Imran Kabir,Grocery,Tea Pack,distributor,Nagad,1,4.15,4.15
11021,2024-08-21,East,Arif Hossain,Apparel,T-Shirt,ONLINE,Cash,4,13.94,55.76
12819,2024-03-31,Central,Rakib Hasan,Stationery,Backpack,Wholesale,Cash,3,40.19,120.57
10474,2025-07-16,West,Imran Kabir,Electronics,Laptop,Online,Nagad,1,940.51,940.51
10009,2025-01-23,Central,Nusrat Jahan,Stationery,Pen Set,Retail Store,Bank Transfer,9,6.88,61.92
10365,2024-06-02,north,Sadia Chowdhury,Electronics,Smartphone,Distributor,Bank Transfer,6,453.12,2718.72
12211,2024-03-21,East,Farzana Islam,Grocery,Rice 5kg,ONLINE,Bank Transfer,14,8.57,119.98
12018,02-17-2024,west,Imran Kabir,Apparel,Jeans,Wholesale,Bank Transfer,17,37.57,638.69
10850,2025-09-21,west,Arif Hossain,Furniture,Bookshelf,DISTRIBUTOR,bKash,10,89.18,891.8
12897,2024-08-23,South,Tanvir Ahmed,Electronics,Headphones,online,Bank Transfer,22,,1427.58
10184,2024-03-26,North,Arif Hossain,Apparel,Cap,Online,Cash,25,9.4,235.0
12932,2025-12-16,North,Rakib Hasan,Electronics,Monitor,wholesale,Bank Transfer,6,205.56,1233.36
11877,2024-09-08,Central,Rakib Hasan,Apparel,Jacket,distributor,Nagad,8,71.74,573.92
10233,02/11/2024,central,Mim Akter,Stationery,Backpack,Wholesale,Nagad,16,44.16,706.56
10700,2025-09-10,West,Rakib Hasan,Apparel,Sneakers,Distributor,Cash,19,51.25,973.75
12979,03/08/2025,EAST,Farzana Islam,Stationery,Notebook,Online,bKash,21,2.19,45.99
12123,2024-11-11,Central,Nusrat Jahan,Furniture,Dining Table,Distributor,Nagad,9,351.56,3164.04
10005,2024-09-27,North,Mim Akter,Electronics,Tablet,Distributor,Nagad,2,324.73,649.46
12034,2025-04-13,  West  ,Rakib Hasan,Electronics,Smartwatch,WHOLESALE,Credit Card,,150.66,3766.5
10560,2024-07-26,  South  ,Shakil Rahman,Furniture,Desk,Retail Store,bKash,8,199.64,1597.12
12452,2024-11-24,West,Farzana Islam,Apparel,Cap,Wholesale,Bank Transfer,9,10.03,90.27
10828,02-11-2024,WEST,Mim Akter,Stationery,Pen Set,Distributor,Nagad,3,5.89,17.67
11166,2025-04-30,North,Farzana Islam,Furniture,Sofa,  Distributor  ,Cash,25,427.72,10693.0
12650,2024-08-17,West,Imran Kabir,Apparel,T-Shirt,Wholesale,Cash,25,16.84,421.0
11060,2024-10-11,Central,Sadia Chowdhury,Electronics,Smartphone,Distributor,bKash,11,424.36,4667.96
11018,2025-08-20,West,Arif Hossain,Electronics,Headphones,Distributor,bKash,2,60.98,121.96
11293,29/06/2024,SOUTH,,Grocery,Coffee Jar,retail store,Bank Transfer,20,6.78,135.6
10054,01/01/2024,Central,Shakil Rahman,Furniture,Dining Table,Wholesale,Nagad,10,340.1,3401.0
11332,03-31-2025,Central,Shakil Rahman,Grocery,Rice 5kg,online,Nagad,2,9.02,18.04
10834,07/06/2025,,Sadia Chowdhury,Apparel,Sneakers,Wholesale,Bank Transfer,9,51.53,463.77
11505,2025-03-23,East,Lamia Sultana,Furniture,Office Chair,Wholesale,bKash,9,130.41,1173.69
11934,2024-08-11,CENTRAL,Farzana Islam,Furniture,Desk,Online,Bank Transfer,24,193.87,4652.88
11621,2025-03-20,Central,Sadia Chowdhury,Grocery,Cooking Oil 1L,  Retail Store  ,Nagad,22,2.9,63.8
11475,2024-01-09,North,Mim Akter,Grocery,Snack Box,Online,Cash,6,5.03,30.18
11811,21/06/2025,East,Tanvir Ahmed,Grocery,Rice 5kg,ONLINE,Credit Card,22,7.73,170.06
11759,2025-10-11,central,Mim Akter,Furniture,Desk,Distributor,Bank Transfer,22,179.81,3955.82
12275,2025-08-14,East,Imran Kabir,Grocery,Rice 5kg,Retail Store,Credit Card,5,7.45,37.25
11193,05-31-2024,NORTH,Rakib Hasan,Apparel,T-Shirt,Retail Store,Cash,13,15.18,197.34
12031,2024-01-22,  South  ,Mim Akter,Stationery,Pen Set,Online,Cash,25,6.15,153.75
11739,2024-11-16,South,Nusrat Jahan,Apparel,Sneakers,Distributor,bKash,21,62.09,1303.89
10873,07/10/2025,WEST,Tanvir Ahmed,Stationery,Backpack,Online,bKash,15,,658.65
12898,2024-02-25,West,Farzana Islam,Electronics,Tablet,Distributor,Bank Transfer,12,309.49,3713.88
12747,2025-12-19,east,Imran Kabir,Stationery,Desk Organizer,Online,bKash,1,20.21,20.21
10811,2025-12-10,North,Rakib Hasan,Furniture,Dining Table,Distributor,Bank Transfer,5,346.27,1731.35
12712,2025-02-25,North,Mim Akter,Grocery,Tea Pack,Retail Store,Cash,15,3.66,54.9
12852,2025-05-22,North,Tanvir Ahmed,Grocery,Rice 5kg,Wholesale,Bank Transfer,7,8.48,59.36
12290,04/09/2024,EAST,Sadia Chowdhury,Apparel,Jeans,  Distributor  ,Nagad,11,39.12,430.32
11015,30/04/2025,EAST,,Furniture,Bookshelf,wholesale,Bank Transfer,9,94.08,846.72
12206,2024-11-30,East,Imran Kabir,Electronics,Tablet,Online,bKash,20,283.85,5677.0
10215,2025-12-27,east,Rakib Hasan,Stationery,Pen Set,RETAIL STORE,Cash,8,5.92,47.36
11320,2025-08-17,NORTH,Rakib Hasan,Electronics,Tablet,Distributor,bKash,17,297.98,5065.66
12543,06/05/2025,CENTRAL,Farzana Islam,Stationery,Pen Set,DISTRIBUTOR,bKash,18,6.11,109.98
10727,2024-04-28,Central,Mim Akter,Furniture,Desk,Online,Cash,2,169.54,339.08
10542,2025-10-29,,Farzana Islam,Apparel,Sneakers,  Retail Store  ,Bank Transfer,19,52.99,1006.81
12860,2025-09-11,west,Nusrat Jahan,Apparel,Jacket,Distributor,Credit Card,3,67.57,202.71
11452,08-07-2024,East,Arif Hossain,Apparel,Cap,Online,Nagad,6,11.36,68.16
11826,10/10/2025,East,Nusrat Jahan,Electronics,Monitor,retail store,Nagad,11,208.07,2288.77
11362,12-15-2025,East,Nusrat Jahan,Apparel,Cap,  Distributor  ,Cash,18,10.26,184.68
12959,2024-01-18,East,Arif Hossain,Stationery,Pen Set,Distributor,Nagad,15,5.69,85.35
10816,26/07/2025,South,Rakib Hasan,Furniture,Office Chair,retail store,bKash,20,128.69,2573.8
12629,2024-01-03,north,Shakil Rahman,Stationery,Notebook,online,Bank Transfer,1,2.09,2.09
11389,2025-03-04,WEST,Lamia Sultana,Electronics,Headphones,  Retail Store  ,Bank Transfer,8,62.54,500.32
12023,27/09/2024,Central,Rakib Hasan,Grocery,Coffee Jar,retail store,Nagad,10,7.61,76.1
10772,2025-03-14,WEST,Sadia Chowdhury,Furniture,Dining Table,DISTRIBUTOR,Credit Card,24,391.35,9392.4
12663,2025-07-13,North,Farzana Islam,Apparel,T-Shirt,Wholesale,bKash,18,13.8,248.4
10167,2025-10-20,WEST,,Electronics,Smartphone,Wholesale,Nagad,21,458.65,9631.65
10096,2024-11-10,South,Farzana Islam,Furniture,Bookshelf,Online,bKash,20,97.85,1957.0
11522,2025-10-02,Central,Nusrat Jahan,Electronics,Headphones,Retail Store,Nagad,16,64.27,1028.32
11364,2025-01-16,East,Arif Hossain,Stationery,Pen Set,  Retail Store  ,Credit Card,24,6.62,158.88
11798,2025-09-20,,,Grocery,Rice 5kg,Wholesale,bKash,14,7.39,103.46
11784,2025-10-09,South,Lamia Sultana,Apparel,Cap,distributor,Nagad,24,9.4,225.6
11959,2024-08-14,NORTH,Farzana Islam,Grocery,Snack Box,wholesale,bKash,24,4.77,114.48
10488,2025-04-08,East,Nusrat Jahan,Electronics,Monitor,ONLINE,Cash,4,231.89,927.56
12666,2024-01-19,NORTH,Imran Kabir,Grocery,Snack Box,Wholesale,Cash,12,5.56,66.72
12309,2024-04-06,NORTH,Arif Hossain,Apparel,T-Shirt,Distributor,Nagad,8,17.21,137.68
11144,24/09/2025,SOUTH,Shakil Rahman,Stationery,Desk Organizer,Online,Bank Transfer,16,16.46,263.36
11813,2025-02-01,West,Nusrat Jahan,Grocery,Coffee Jar,Online,bKash,18,7.41,133.38
11843,2025-02-18,SOUTH,Nusrat Jahan,Furniture,Sofa,Distributor,Cash,9,432.99,3896.91
10384,2025-11-30,  West  ,Sadia Chowdhury,Stationery,Desk Organizer,Online,Bank Transfer,14,16.98,237.72
10549,2024-02-04,  North  ,Nusrat Jahan,Grocery,Coffee Jar,distributor,bKash,20,7.19,143.8
10971,2024-10-06,South,Tanvir Ahmed,Stationery,Backpack,Online,Bank Transfer,20,38.51,770.2
10059,2025-04-20,west,Nusrat Jahan,Electronics,Laptop,retail store,Nagad,2,883.45,1766.9
12688,2025-09-26,SOUTH,Shakil Rahman,Stationery,Backpack,Retail Store,Credit Card,18,44.66,803.88
11080,2024-04-22,SOUTH,Sadia Chowdhury,Furniture,Desk,Retail Store,Nagad,15,187.52,2812.8
12138,2025-09-12,west,Rakib Hasan,Grocery,Coffee Jar,ONLINE,Credit Card,25,7.61,190.25
12738,30/09/2025,  West  ,Lamia Sultana,Electronics,Smartphone,  Distributor  ,bKash,7,435.51,3048.57
11692,2025-02-01,west,Sadia Chowdhury,Grocery,Coffee Jar,Wholesale,Bank Transfer,15,6.94,104.1
10863,2024-04-24,North,Imran Kabir,Grocery,Tea Pack,RETAIL STORE,bKash,19,4.33,82.27
12198,2024-11-03,WEST,Tanvir Ahmed,Stationery,Notebook,  Online  ,Credit Card,3,1.91,5.73
12895,2025-10-17,WEST,Tanvir Ahmed,Grocery,Rice 5kg,Distributor,Bank Transfer,5,8.72,43.6
11272,23/10/2025,East,Lamia Sultana,Electronics,Smartwatch,Online,Nagad,14,160.58,2248.12
10449,03/10/2025,CENTRAL,Nusrat Jahan,Electronics,Headphones,Online,Credit Card,24,57.73,1385.52
12068,2025-07-06,West,Mim Akter,Furniture,Office Chair,Online,Cash,15,136.11,2041.65
12582,2024-11-20,Central,Lamia Sultana,Grocery,Rice 5kg,RETAIL STORE,Nagad,7,9.05,63.35
12976,2025-07-17,Central,Imran Kabir,Apparel,Cap,Retail Store,Bank Transfer,7,10.26,71.82
12381,2024-02-05,central,Farzana Islam,Furniture,Sofa,Wholesale,bKash,7,418.68,2930.76
10378,2024-12-01,SOUTH,Shakil Rahman,Electronics,Laptop,Online,bKash,5,784.38,3921.9
11635,2024-06-07,West,Tanvir Ahmed,Apparel,Jeans,retail store,Nagad,22,40.19,884.18
11804,2024-05-22,west,Farzana Islam,Grocery,Cooking Oil 1L,Online,bKash,5,3.26,16.3
10174,2024-04-06,NORTH,Mim Akter,Apparel,Cap,  Online  ,Cash,18,10.7,192.6
12499,10-28-2025,west,Sadia Chowdhury,Electronics,Tablet,Wholesale,Credit Card,2,301.69,603.38
12394,15/01/2025,,Rakib Hasan,Grocery,Rice 5kg,DISTRIBUTOR,bKash,21,7.3,153.3
12604,08/04/2024,central,Mim Akter,Grocery,Coffee Jar,Online,Credit Card,16,6.73,107.68
12443,05/06/2024,South,Nusrat Jahan,Apparel,Jeans,retail store,Nagad,20,38.44,768.8
10738,2024-07-01,East,Tanvir Ahmed,Grocery,Coffee Jar,Distributor,Cash,15,6.42,96.3
10053,2025-11-11,CENTRAL,Rakib Hasan,Grocery,Tea Pack,Retail Store,Bank Transfer,13,4.28,55.64
11523,2025-04-13,  Central  ,Imran Kabir,Apparel,T-Shirt,Retail Store,bKash,12,16.21,194.52
10198,2025-03-23,East,Shakil Rahman,Electronics,Monitor,ONLINE,Cash,13,238.88,3105.44
11608,2024-06-11,Central,Nusrat Jahan,Stationery,Backpack,Retail Store,Cash,4,42.8,171.2
10270,2024-11-03,East,Rakib Hasan,Apparel,Jeans,retail store,Bank Transfer,9,32.03,288.27
11712,2025-02-01,  West  ,Nusrat Jahan,Electronics,Headphones,  Wholesale  ,Bank Transfer,2,64.43,128.86
10866,02-27-2024,west,Imran Kabir,Furniture,Bookshelf,Distributor,Nagad,16,93.0,1488.0
11071,2025-10-18,EAST,Imran Kabir,Grocery,Coffee Jar,Wholesale,Cash,19,6.42,121.98
10520,26/08/2025,  South  ,Mim Akter,Stationery,Desk Organizer,Wholesale,bKash,24,20.06,481.44
10277,2025-12-13,SOUTH,Farzana Islam,Electronics,Smartphone,Wholesale,bKash,20,430.38,8607.6
11180,2024-07-12,South,Sadia Chowdhury,Electronics,Tablet,Retail Store,bKash,19,306.79,5829.01
12351,2024-01-09,SOUTH,Lamia Sultana,Stationery,Pen Set,WHOLESALE,Cash,10,6.37,63.7
12397,2024-01-14,  North  ,Arif Hossain,Stationery,Backpack,  Distributor  ,bKash,22,36.72,807.84
10319,06-12-2025,east,Farzana Islam,Electronics,Laptop,Retail Store,bKash,6,882.28,5293.68
11277,2025-02-13,east,Shakil Rahman,Electronics,Tablet,distributor,Cash,3,311.73,935.19
11209,2024-10-03,North,Mim Akter,Grocery,Cooking Oil 1L,Wholesale,bKash,4,2.78,11.12
11766,30/08/2025,South,Nusrat Jahan,Electronics,Monitor,DISTRIBUTOR,bKash,10,217.85,2178.5
11519,01-04-2024,South,Rakib Hasan,Apparel,Sneakers,wholesale,Cash,18,60.91,1096.38
11440,10-27-2025,  Central  ,Mim Akter,Apparel,Jacket,Distributor,Nagad,6,60.8,364.8
12961,01-09-2025,West,Sadia Chowdhury,Apparel,Cap,  Distributor  ,Nagad,4,10.64,42.56
12893,2025-09-23,East,Rakib Hasan,Furniture,Dining Table,online,Bank Transfer,16,319.58,5113.28
12419,2024-07-02,North,Mim Akter,Apparel,Jeans,Wholesale,Credit Card,12,,414.72
10197,2025-10-24,  Central  ,Sadia Chowdhury,Stationery,Desk Organizer,Distributor,Credit Card,7,17.49,122.43
11478,2024-02-11,East,Sadia Chowdhury,Apparel,Cap,Wholesale,Cash,8,10.91,87.28
12939,2025-09-27,  West  ,Nusrat Jahan,Apparel,Cap,Retail Store,Credit Card,15,9.39,140.85
12548,2024-08-17,West,Lamia Sultana,Furniture,Dining Table,Online,Cash,7,386.19,2703.33
12564,2025-11-15,Central,Tanvir Ahmed,Apparel,Cap,Wholesale,Credit Card,11,9.49,104.39
11705,01-21-2024,east,Sadia Chowdhury,Electronics,Smartwatch,Retail Store,Bank Transfer,16,170.5,2728.0
10177,2025-01-05,Central,Farzana Islam,Apparel,Jeans,Wholesale,Nagad,1,34.67,34.67
10894,2024-07-03,East,Farzana Islam,Furniture,Office Chair,Retail Store,Cash,6,130.5,783.0
12247,2025-07-07,south,Tanvir Ahmed,Apparel,Sneakers,ONLINE,Nagad,24,62.75,1506.0
10219,2025-10-04,Central,Imran Kabir,Apparel,Jeans,ONLINE,Bank Transfer,18,34.03,612.54
12493,2024-09-06,west,Rakib Hasan,Grocery,Snack Box,Wholesale,Bank Transfer,8,4.72,37.76
10200,10-27-2024,west,Lamia Sultana,Grocery,Rice 5kg,Retail Store,Nagad,11,7.41,81.51
11392,2025-03-04,West,Tanvir Ahmed,Furniture,Desk,Retail Store,Credit Card,9,196.45,1768.05
10152,2025-11-04,West,Arif Hossain,Stationery,Pen Set,Online,Nagad,23,5.8,133.4
12657,10-27-2024,West,Arif Hossain,Grocery,Snack Box,Distributor,Nagad,16,5.08,81.28
10109,2025-06-03,North,Shakil Rahman,Stationery,Pen Set,WHOLESALE,Cash,9,6.63,59.67
12645,20/12/2024,  West  ,Farzana Islam,Electronics,Monitor,Retail Store,Cash,19,198.98,3780.62
12156,2024-06-25,East,Mim Akter,Grocery,Snack Box,distributor,Bank Transfer,8,4.81,38.48
12771,2024-05-12,West,Tanvir Ahmed,Electronics,Monitor,Wholesale,Bank Transfer,13,213.48,2775.24
11451,2025-01-29,South,Arif Hossain,Stationery,Notebook,Wholesale,Bank Transfer,23,2.04,46.92
11395,2025-09-15,North,Mim Akter,Furniture,Bookshelf,Distributor,Nagad,20,83.42,1668.4
10036,2025-07-04,  Central  ,Lamia Sultana,Electronics,Tablet,Online,Credit Card,7,307.94,2155.58
11754,2024-04-14,North,Farzana Islam,Furniture,Sofa,Retail Store,bKash,17,423.38,7197.46
12820,06-24-2024,Central,Farzana Islam,Electronics,Tablet,  Wholesale  ,Credit Card,16,300.46,4807.36
12633,2024-09-12,Central,Lamia Sultana,Electronics,Laptop,Distributor,bKash,14,790.23,11063.22
11657,2025-11-30,East,Shakil Rahman,Stationery,Notebook,ONLINE,Cash,6,2.1,12.6
12757,08/10/2024,East,Sadia Chowdhury,Electronics,Smartphone,distributor,Bank Transfer,2,448.34,896.68
11603,2024-09-26,West,Farzana Islam,Grocery,Snack Box,Distributor,Nagad,3,5.48,16.44
12865,2024-03-24,Central,Arif Hossain,Electronics,Smartphone,RETAIL STORE,bKash,18,362.41,6523.38
11420,2025-09-11,South,Farzana Islam,Furniture,Dining Table,  Distributor  ,bKash,18,316.74,5701.32
12931,2024-12-13,North,Mim Akter,Stationery,Notebook,Distributor,Nagad,8,1.93,15.44
12440,2024-10-19,South,Farzana Islam,Stationery,Notebook,Wholesale,Bank Transfer,3,2.03,6.09
12389,2025-10-22,South,Imran Kabir,Grocery,Rice 5kg,Online,Cash,18,7.64,137.52
10896,10-18-2024,west,Farzana Islam,Electronics,Smartphone,Distributor,Credit Card,22,458.13,10078.86
10847,2025-07-05,North,,Electronics,Headphones,Retail Store,Credit Card,11,54.56,600.16
10937,2024-10-29,South,Lamia Sultana,Electronics,Monitor,Online,Nagad,14,220.11,3081.54
11710,06/10/2024,West,,Apparel,Jacket,Distributor,Credit Card,24,74.67,1792.08
12166,2025-03-26,South,Nusrat Jahan,Electronics,Headphones,Wholesale,bKash,9,66.57,599.13
10085,2024-08-09,North,Arif Hossain,Furniture,Bookshelf,Retail Store,bKash,24,91.89,2205.36
11688,13/09/2024,West,Nusrat Jahan,Stationery,Desk Organizer,WHOLESALE,Nagad,12,20.61,247.32
10887,07-02-2024,SOUTH,Arif Hossain,Grocery,Tea Pack,Online,Nagad,9,3.77,33.93
11981,2025-03-25,North,Nusrat Jahan,Stationery,Notebook,Wholesale,Credit Card,18,2.12,38.16
11602,2024-07-09,East,Arif Hossain,Electronics,Monitor,Distributor,Cash,9,216.75,1950.75
11956,2024-11-28,West,Sadia Chowdhury,Apparel,T-Shirt,  Retail Store  ,bKash,2,16.72,33.44
12751,2025-11-13,central,Farzana Islam,Furniture,Office Chair,distributor,bKash,2,123.52,247.04
12684,2024-09-22,Central,Imran Kabir,Electronics,Tablet,Distributor,Bank Transfer,13,319.98,4159.74
12697,20/08/2024,,Lamia Sultana,Furniture,Sofa,Wholesale,bKash,24,448.13,10755.12
10740,05/02/2024,North,Sadia Chowdhury,Furniture,Dining Table,Distributor,Credit Card,3,321.16,963.48
12327,2024-07-12,south,Arif Hossain,Apparel,Jeans,Online,bKash,14,37.63,526.82
10111,2024-07-12,Central,Imran Kabir,Apparel,Cap,Wholesale,Cash,23,9.6,220.8
12560,14/08/2025,West,Arif Hossain,Stationery,Backpack,Online,Credit Card,8,42.1,336.8
10981,19/07/2024,West,Lamia Sultana,Electronics,Headphones,retail store,Credit Card,,59.94,1258.74
12759,2025-06-04,South,Imran Kabir,Grocery,Coffee Jar,Retail Store,Credit Card,9,7.0,63.0
10007,2024-04-13,  South  ,Shakil Rahman,Electronics,Laptop,online,bKash,13,824.07,10712.91
11110,02-23-2024,  North  ,Mim Akter,Furniture,Office Chair,wholesale,bKash,4,137.41,549.64
12272,2025-03-22,EAST,Farzana Islam,Stationery,Pen Set,Wholesale,bKash,9,5.67,51.03
12926,2025-06-19,  West  ,Lamia Sultana,Apparel,Cap,Retail Store,Credit Card,,11.45,80.15
10359,2024-03-29,West,Nusrat Jahan,Electronics,Headphones,Online,bKash,14,55.74,780.36
10453,2025-01-10,NORTH,Lamia Sultana,Furniture,Desk,Retail Store,Credit Card,23,191.27,4399.21
11734,2025-05-26,  South  ,Nusrat Jahan,Stationery,Backpack,Wholesale,Nagad,14,40.35,564.9
12403,19/01/2024,North,Sadia Chowdhury,Apparel,Jeans,Online,bKash,9,32.98,296.82
11715,2024-05-11,East,Arif Hossain,Electronics,Monitor,Online,Credit Card,25,203.89,5097.25
12303,22/09/2024,SOUTH,Rakib Hasan,Electronics,Headphones,  Distributor  ,Nagad,15,63.51,952.65
10238,06-26-2024,  West  ,Arif Hossain,Stationery,Backpack,Wholesale,Cash,15,45.12,676.8
11644,31/12/2025,  East  ,Lamia Sultana,Apparel,T-Shirt,distributor,Credit Card,20,15.34,306.8
12640,2025-06-09,CENTRAL,Rakib Hasan,Electronics,Monitor,retail store,bKash,15,230.81,3462.15
11563,2024-10-09,North,Farzana Islam,Stationery,Desk Organizer,  Online  ,Cash,18,17.86,321.48
10576,22/03/2024,Central,Lamia Sultana,Apparel,Sneakers,WHOLESALE,Credit Card,6,54.22,325.32
12783,2025-08-04,West,Rakib Hasan,Apparel,Jeans,WHOLESALE,Nagad,2,33.96,67.92
10480,2024-01-05,West,Sadia Chowdhury,Stationery,Notebook,Retail Store,Bank Transfer,17,2.17,36.89
11333,06-11-2024,  West  ,Sadia Chowdhury,Apparel,Jeans,DISTRIBUTOR,Credit Card,12,35.88,430.56
12416,2024-11-18,North,Imran Kabir,Apparel,T-Shirt,retail store,Cash,23,14.33,329.59
10619,07-17-2025,south,Lamia Sultana,Apparel,Cap,Retail Store,Bank Transfer,24,9.64,231.36
11828,2025-01-20,Central,Farzana Islam,Furniture,Bookshelf,Distributor,Credit Card,18,103.14,1856.52
10338,2025-01-19,  West  ,Rakib Hasan,Furniture,Sofa,Distributor,Bank Transfer,15,,6202.5
10067,2024-05-10,East,Imran Kabir,Electronics,Tablet,Retail Store,Bank Transfer,20,310.06,6201.2
10672,27/02/2025,North,Shakil Rahman,Grocery,Cooking Oil 1L,distributor,Nagad,17,2.86,48.62
12883,2024-05-12,  West  ,Tanvir Ahmed,Grocery,Cooking Oil 1L,Distributor,Credit Card,24,3.1,74.4
11587,03/03/2024,  South  ,Rakib Hasan,Furniture,Dining Table,wholesale,Credit Card,20,385.21,7704.2
10344,2024-03-25,East,Farzana Islam,Apparel,Jeans,Distributor,Cash,12,37.31,447.72
12826,2025-12-22,central,Shakil Rahman,Electronics,Smartphone,Wholesale,Bank Transfer,2,384.99,769.98
11771,10-23-2025,North,Tanvir Ahmed,Stationery,Pen Set,Distributor,bKash,7,6.86,48.02
11020,2024-08-27,West,Tanvir Ahmed,Apparel,Jacket,  Retail Store  ,Bank Transfer,9,68.99,620.91
12752,2025-04-22,CENTRAL,Sadia Chowdhury,Grocery,Coffee Jar,Retail Store,Cash,20,8.0,160.0
10739,2024-05-27,WEST,Rakib Hasan,Furniture,Dining Table,  Wholesale  ,Credit Card,18,382.26,6880.68
12302,2025-12-17,North,Tanvir Ahmed,Stationery,Backpack,Retail Store,Bank Transfer,2,36.79,73.58
10225,2025-05-24,Central,Sadia Chowdhury,Furniture,Sofa,Wholesale,Cash,1,415.13,415.13
10731,04/02/2025,East,Farzana Islam,Apparel,Jacket,DISTRIBUTOR,Nagad,15,71.06,1065.9
12361,01-14-2025,south,Mim Akter,Apparel,Jacket,  Retail Store  ,Bank Transfer,19,66.17,1257.23
11862,2024-05-23,west,Rakib Hasan,Electronics,Smartphone,Wholesale,Nagad,21,439.38,9226.98
11456,2025-08-23,WEST,Mim Akter,Electronics,Smartphone,Retail Store,Credit Card,10,392.85,3928.5
10398,2025-12-19,east,Rakib Hasan,Grocery,Tea Pack,RETAIL STORE,Credit Card,19,3.99,75.81
10783,2024-02-25,  East  ,Shakil Rahman,Furniture,Bookshelf,Wholesale,Cash,3,89.39,268.17
10897,2024-06-06,East,Lamia Sultana,Electronics,Tablet,ONLINE,Cash,1,276.08,276.08
12847,2025-07-12,Central,Imran Kabir,Apparel,Cap,retail store,Nagad,2,10.62,21.24
11469,2024-07-11,  Central  ,Mim Akter,Apparel,Jeans,wholesale,bKash,9,39.23,353.07
12593,2025-04-17,Central,Tanvir Ahmed,Furniture,Office Chair,DISTRIBUTOR,Bank Transfer,5,108.22,541.1
10914,2024-07-14,NORTH,Rakib Hasan,Grocery,Tea Pack,Retail Store,Credit Card,4,4.42,17.68
12921,2025-10-07,east,Rakib Hasan,Apparel,Cap,Distributor,bKash,10,9.21,92.1
12062,04/12/2025,Central,Arif Hossain,Grocery,Cooking Oil 1L,distributor,Bank Transfer,20,3.03,60.6
10221,2025-09-13,West,Sadia Chowdhury,Grocery,Coffee Jar,RETAIL STORE,Cash,5,6.85,34.25
11030,2025-04-07,West,Farzana Islam,Grocery,Cooking Oil 1L,Distributor,Nagad,21,3.37,70.77
10552,10-10-2024,Central,Shakil Rahman,Electronics,Laptop,Distributor,Cash,8,893.85,7150.8
12092,02-08-2024,Central,Mim Akter,Electronics,Smartphone,Retail Store,Cash,3,443.86,1331.58
10013,2024-04-22,Central,Sadia Chowdhury,Furniture,Desk,Online,Credit Card,5,190.24,951.2
12021,2024-09-17,South,Farzana Islam,Electronics,Headphones,RETAIL STORE,bKash,11,59.34,652.74
10048,2024-12-05,East,Mim Akter,Apparel,T-Shirt,Wholesale,Nagad,1,13.93,13.93
10273,2024-02-29,South,Shakil Rahman,Grocery,Cooking Oil 1L,Retail Store,Bank Transfer,18,3.01,54.18
12080,2025-02-03,North,Shakil Rahman,Furniture,Bookshelf,Online,Cash,13,97.37,1265.81
11880,2025-02-13,  Central  ,Arif Hossain,Electronics,Monitor,DISTRIBUTOR,Bank Transfer,14,229.16,3208.24
11866,2025-05-05,East,Mim Akter,Electronics,Smartwatch,Wholesale,Credit Card,3,148.22,444.66
11579,28/01/2024,East,Nusrat Jahan,Furniture,Sofa,retail store,Cash,5,503.73,2518.65
12717,17/06/2024,North,Sadia Chowdhury,Grocery,Snack Box,Online,Bank Transfer,2,5.47,10.94
10957,16/02/2024,south,,Grocery,Coffee Jar,Distributor,Nagad,22,7.86,172.92
12117,11-04-2025,Central,Farzana Islam,Apparel,Jeans,Wholesale,Bank Transfer,18,33.61,604.98
12530,03-24-2024,South,Mim Akter,Furniture,Dining Table,Online,Bank Transfer,5,340.15,1700.75
12039,2025-01-22,East,Farzana Islam,Furniture,Sofa,WHOLESALE,Nagad,,450.78,5409.36
12971,07-09-2025,north,Imran Kabir,Stationery,Notebook,distributor,Cash,21,2.12,44.52
12019,2024-07-16,  South  ,Imran Kabir,Electronics,Monitor,online,Credit Card,2,226.61,453.22
11746,2024-03-03,south,Lamia Sultana,Stationery,Pen Set,Online,Cash,24,6.73,161.52
10079,01-30-2024,West,Lamia Sultana,Grocery,Cooking Oil 1L,WHOLESALE,Cash,16,3.34,53.44
10775,2024-01-13,  West  ,Nusrat Jahan,Electronics,Tablet,Online,Nagad,23,324.88,7472.24
11111,2024-02-04,WEST,Rakib Hasan,Apparel,Cap,wholesale,bKash,4,9.6,38.4
10608,06-20-2025,North,Arif Hossain,Furniture,Bookshelf,Wholesale,bKash,22,92.19,2028.18
11919,2025-10-14,SOUTH,Rakib Hasan,Stationery,Desk Organizer,Retail Store,Nagad,16,19.68,314.88
12886,2024-09-25,East,Rakib Hasan,Electronics,Smartphone,ONLINE,Nagad,11,375.81,4133.91
12624,05-31-2025,West,Shakil Rahman,Apparel,Cap,wholesale,Credit Card,6,9.29,55.74
12317,18/09/2024,West,,Electronics,Laptop,Wholesale,Cash,5,956.0,4780.0
10701,2025-06-29,North,Mim Akter,Electronics,Tablet,Online,Cash,15,300.06,4500.9
10288,15/07/2024,North,Arif Hossain,Furniture,Office Chair,Retail Store,bKash,20,123.79,2475.8
11370,2025-07-01,North,,Grocery,Coffee Jar,Wholesale,Cash,15,7.04,105.6
10154,08/08/2024,South,Tanvir Ahmed,Grocery,Rice 5kg,  Online  ,Nagad,13,8.04,104.52
10341,07-14-2025,East,Mim Akter,Furniture,Sofa,  Distributor  ,Cash,19,419.69,7974.11
10257,31/07/2025,Central,Sadia Chowdhury,Stationery,Notebook,DISTRIBUTOR,Credit Card,4,1.83,7.32
12925,16/10/2024,West,Shakil Rahman,Stationery,Backpack,Wholesale,Credit Card,19,40.48,769.12
11141,06-10-2025,South,Farzana Islam,Stationery,Pen Set,Distributor,bKash,12,6.83,81.96
11792,2025-01-01,East,Sadia Chowdhury,Electronics,Laptop,Online,Bank Transfer,22,850.64,18714.08
11613,03-13-2024,Central,Nusrat Jahan,Grocery,Coffee Jar,retail store,Cash,8,7.99,63.92
12439,2025-08-05,North,Tanvir Ahmed,Grocery,Snack Box,Distributor,bKash,9,4.98,44.82
12562,18/02/2024,north,Sadia Chowdhury,Stationery,Pen Set,Wholesale,Nagad,12,5.87,70.44
11776,2025-08-13,West,Imran Kabir,Grocery,Coffee Jar,Retail Store,Credit Card,2,7.45,14.9
12182,12/02/2025,central,Tanvir Ahmed,Stationery,Backpack,Online,Nagad,9,39.04,351.36
10995,2025-09-27,West,Imran Kabir,Stationery,Notebook,wholesale,Bank Transfer,20,1.85,37.0
11963,03-31-2024,south,Imran Kabir,Electronics,Tablet,Distributor,Credit Card,17,313.72,5333.24
10712,2024-06-06,CENTRAL,Imran Kabir,Furniture,Desk,Distributor,Bank Transfer,10,206.89,2068.9
12641,06-27-2025,South,Imran Kabir,Apparel,T-Shirt,Retail Store,Credit Card,12,15.38,184.56
11068,28/06/2024,  East  ,Lamia Sultana,Grocery,Rice 5kg,Retail Store,Nagad,9,,71.64
11747,11-01-2024,South,Imran Kabir,Stationery,Backpack,Wholesale,Credit Card,9,38.04,342.36
11660,2025-05-06,WEST,,Grocery,Cooking Oil 1L,Distributor,Credit Card,22,3.23,71.06
10609,18/10/2025,central,Shakil Rahman,Stationery,Pen Set,DISTRIBUTOR,Bank Transfer,11,5.57,61.27
10181,06-30-2025,,Shakil Rahman,Furniture,Sofa,Wholesale,bKash,8,439.82,3518.56
11355,05-08-2025,Central,Imran Kabir,Furniture,Dining Table,Online,Nagad,2,348.87,697.74
11221,2024-09-19,South,Sadia Chowdhury,Electronics,Laptop,distributor,Bank Transfer,25,951.29,23782.25
10786,2024-10-09,East,Farzana Islam,Grocery,Cooking Oil 1L,Online,bKash,4,3.22,12.88
12605,2025-09-22,North,Tanvir Ahmed,Apparel,Cap,Wholesale,bKash,15,9.22,138.3
11929,21/03/2024,North,Rakib Hasan,Apparel,Jacket,Retail Store,Nagad,,59.3,474.4
11458,01/02/2024,East,Shakil Rahman,Grocery,Rice 5kg,ONLINE,Nagad,23,9.06,208.38
10615,2025-11-03,West,Nusrat Jahan,Furniture,Dining Table,Retail Store,Nagad,8,364.88,2919.04
12551,2024-08-27,WEST,Nusrat Jahan,Stationery,Backpack,  Online  ,Nagad,22,43.09,947.98
11053,2025-02-02,North,Imran Kabir,Apparel,Jeans,Distributor,Credit Card,7,35.51,248.57
12422,2024-10-26,South,Shakil Rahman,Grocery,Coffee Jar,Distributor,Cash,24,6.69,160.56
11374,10/01/2024,West,Sadia Chowdhury,Apparel,Jeans,online,Bank Transfer,15,,477.3
10315,18/01/2025,Central,Arif Hossain,Apparel,Jeans,Retail Store,Bank Transfer,13,35.55,462.15
11253,13/05/2024,central,Farzana Islam,Electronics,Smartwatch,Wholesale,Credit Card,15,158.79,2381.85
11833,2024-03-02,WEST,Nusrat Jahan,Electronics,Monitor,Online,Nagad,1,204.13,204.13
12134,22/12/2024,  North  ,Rakib Hasan,Stationery,Notebook,retail store,Nagad,22,1.81,39.82
12115,2024-11-24,South,Mim Akter,Grocery,Cooking Oil 1L,WHOLESALE,Bank Transfer,9,3.26,29.34
10757,2025-12-11,North,Lamia Sultana,Electronics,Smartphone,distributor,Bank Transfer,25,407.6,10190.0
12634,2025-06-19,South,Sadia Chowdhury,Electronics,Monitor,Online,Credit Card,3,215.51,646.53
12871,2025-09-02,North,Arif Hossain,Grocery,Coffee Jar,Wholesale,Credit Card,6,6.37,38.22
12711,2024-12-01,West,Nusrat Jahan,Stationery,Pen Set,Wholesale,Credit Card,20,6.68,133.6
10556,2024-03-10,NORTH,Sadia Chowdhury,Grocery,Snack Box,Online,Cash,13,5.29,68.77
12406,2024-03-16,West,Tanvir Ahmed,Stationery,Desk Organizer,WHOLESALE,bKash,6,18.12,108.72
10454,2024-02-19,east,Arif Hossain,Electronics,Tablet,Online,Nagad,22,278.11,6118.42
11851,11-01-2025,North,Lamia Sultana,Electronics,Smartphone,Online,Nagad,24,377.59,9062.16
12558,23/05/2025,north,Shakil Rahman,Apparel,Jacket,  Retail Store  ,Bank Transfer,25,72.7,1817.5
10675,2024-07-03,CENTRAL,Sadia Chowdhury,Furniture,Dining Table,Wholesale,Bank Transfer,20,335.36,6707.2
10469,11-08-2025,East,Arif Hossain,Stationery,Pen Set,  Online  ,Bank Transfer,24,5.77,138.48
12069,2025-10-28,Central,Rakib Hasan,Apparel,Sneakers,Online,Nagad,25,62.38,1559.5
12798,2025-04-07,East,Farzana Islam,Grocery,Snack Box,  Online  ,Nagad,17,5.31,90.27
12504,2024-04-06,  West  ,Rakib Hasan,Grocery,Snack Box,Distributor,Nagad,5,4.9,24.5
12438,2025-08-16,North,Shakil Rahman,Furniture,Office Chair,Retail Store,Bank Transfer,14,123.13,1723.82
10106,2025-07-18,Central,Nusrat Jahan,Electronics,Monitor,retail store,Cash,1,228.37,228.37
11657,11-30-2025,East,Shakil Rahman,Stationery,Notebook,Online,Cash,6,2.1,12.6
11102,2025-05-29,North,Lamia Sultana,Apparel,Jeans,distributor,Cash,23,32.58,749.34
12889,06/10/2024,West,Shakil Rahman,Grocery,Tea Pack,Distributor,Cash,21,4.19,87.99
10403,19/01/2025,West,Imran Kabir,Furniture,Sofa,Distributor,Nagad,4,498.24,1992.96
12420,2025-03-12,south,Sadia Chowdhury,Furniture,Dining Table,Wholesale,bKash,10,335.54,3355.4
12940,2024-05-24,NORTH,Arif Hossain,Grocery,Rice 5kg,Online,Nagad,14,7.37,103.18
10974,12-25-2025,CENTRAL,Mim Akter,Furniture,Dining Table,distributor,Cash,15,338.89,5083.35
12356,08-13-2024,Central,Lamia Sultana,Apparel,T-Shirt,  Wholesale  ,Cash,7,15.6,109.2
12512,10-23-2024,Central,Arif Hossain,Grocery,Tea Pack,online,Cash,11,3.61,39.71
12683,06-15-2024,south,Nusrat Jahan,Apparel,Jeans,WHOLESALE,bKash,4,34.92,139.68
12386,2025-03-13,South,Rakib Hasan,Furniture,Bookshelf,  Retail Store  ,Bank Transfer,3,92.41,277.23
10062,2024-03-20,WEST,Nusrat Jahan,Apparel,Cap,Distributor,Bank Transfer,23,9.71,223.33
12754,05/11/2024,CENTRAL,Farzana Islam,Apparel,Jacket,Retail Store,Credit Card,25,67.32,1683.0
10407,07-13-2024,North,Farzana Islam,Grocery,Cooking Oil 1L,Distributor,bKash,14,3.22,45.08
12232,2025-10-30,North,Imran Kabir,Apparel,T-Shirt,Distributor,Cash,12,14.57,174.84
11670,08-21-2024,South,Mim Akter,Apparel,T-Shirt,  Retail Store  ,Bank Transfer,12,16.94,203.28
10962,2025-06-24,west,Rakib Hasan,Electronics,Headphones,wholesale,Credit Card,11,59.73,657.03
12983,2025-04-10,Central,Imran Kabir,Furniture,Bookshelf,Distributor,Nagad,2,86.46,172.92
12949,09-29-2025,South,Imran Kabir,Grocery,Rice 5kg,Retail Store,Credit Card,10,8.82,88.2
10526,2024-09-14,,Lamia Sultana,Grocery,Coffee Jar,Online,Nagad,13,8.0,104.0
12429,12-10-2024,South,Shakil Rahman,Stationery,Backpack,wholesale,Cash,16,44.0,704.0
12762,2024-11-03,South,Mim Akter,Electronics,Smartwatch,Wholesale,bKash,15,141.45,2121.75
11756,12-12-2025,Central,Tanvir Ahmed,Grocery,Coffee Jar,Wholesale,Bank Transfer,5,7.26,36.3
12498,03/05/2025,South,Sadia Chowdhury,Furniture,Bookshelf,Online,Nagad,11,96.94,1066.34
10142,2025-05-30,Central,Lamia Sultana,Grocery,Tea Pack,ONLINE,Bank Transfer,8,4.55,36.4
11790,2025-10-15,West,Shakil Rahman,Apparel,Jeans,retail store,Nagad,4,39.83,159.32
12120,2025-08-13,EAST,Rakib Hasan,Furniture,Office Chair,RETAIL STORE,bKash,19,135.29,2570.51
12248,2025-10-26,East,Rakib Hasan,Apparel,Jeans,Retail Store,Nagad,8,36.68,293.44
10082,2024-04-05,  West  ,Sadia Chowdhury,Stationery,Pen Set,Wholesale,Credit Card,10,5.73,57.3
11232,02-25-2024,Central,Nusrat Jahan,Grocery,Coffee Jar,Distributor,bKash,3,7.87,23.61
10725,02-03-2024,South,Sadia Chowdhury,Furniture,Bookshelf,RETAIL STORE,Nagad,11,103.14,1134.54
11315,09-03-2025,West,Farzana Islam,Grocery,Coffee Jar,DISTRIBUTOR,Cash,10,6.6,66.0
11255,2025-10-04,NORTH,Shakil Rahman,Grocery,Tea Pack,online,bKash,1,4.24,4.24
12655,2025-06-05,SOUTH,Imran Kabir,Furniture,Sofa,WHOLESALE,Credit Card,13,500.32,6504.16
12236,2024-01-13,south,Farzana Islam,Stationery,Desk Organizer,  Wholesale  ,Cash,21,18.64,391.44
10131,2025-10-12,Central,Mim Akter,Electronics,Smartwatch,RETAIL STORE,Credit Card,15,169.1,2536.5
11319,2025-04-17,West,Sadia Chowdhury,Grocery,Tea Pack,Wholesale,Bank Transfer,1,4.51,4.51
10595,2024-07-15,  West  ,Farzana Islam,Electronics,Headphones,Wholesale,bKash,9,66.26,596.34
11797,2024-12-11,SOUTH,Farzana Islam,Electronics,Laptop,Wholesale,Bank Transfer,8,893.27,7146.16
10029,2024-01-03,,Tanvir Ahmed,Grocery,Cooking Oil 1L,Retail Store,Bank Transfer,13,2.9,37.7
10597,26/11/2024,South,Sadia Chowdhury,Electronics,Smartwatch,  Wholesale  ,Cash,6,158.59,951.54
12950,2024-06-26,South,Arif Hossain,Apparel,Jeans,Wholesale,Credit Card,2,38.48,76.96
10305,2025-09-23,East,Nusrat Jahan,Electronics,Headphones,Wholesale,Nagad,7,60.87,426.09
12045,19/01/2025,East,Tanvir Ahmed,Furniture,Dining Table,Online,Credit Card,17,319.9,5438.3
10820,2025-03-17,North,Farzana Islam,Electronics,Tablet,online,Bank Transfer,2,284.73,569.46
12035,07-29-2025,West,Rakib Hasan,Electronics,Monitor,RETAIL STORE,Cash,24,210.55,5053.2
10148,2025-03-18,North,Farzana Islam,Furniture,Sofa,Online,Credit Card,4,488.77,1955.08
12863,01-03-2024,WEST,Tanvir Ahmed,Stationery,Notebook,Wholesale,Bank Transfer,2,1.94,3.88
10498,01/04/2025,Central,Tanvir Ahmed,Stationery,Desk Organizer,ONLINE,Cash,8,20.27,162.16
10883,2025-12-01,West,Nusrat Jahan,Furniture,Dining Table,DISTRIBUTOR,Nagad,21,355.09,7456.89
11425,21/01/2025,South,Tanvir Ahmed,Electronics,Smartphone,Distributor,Credit Card,21,400.08,8401.68
11301,10/09/2024,west,Lamia Sultana,Stationery,Backpack,  Online  ,Bank Transfer,16,37.09,593.44
10766,2024-07-23,  South  ,Farzana Islam,Electronics,Headphones,retail store,Bank Transfer,13,67.37,875.81
12044,2025-05-30,North,Tanvir Ahmed,Grocery,Coffee Jar,online,Bank Transfer,7,6.43,45.01
12858,06/10/2025,North,Lamia Sultana,Grocery,Tea Pack,ONLINE,Bank Transfer,2,4.58,9.16
11044,2025-04-17,South,Mim Akter,Apparel,T-Shirt,Wholesale,Bank Transfer,3,13.81,41.43
12588,20/05/2025,East,Nusrat Jahan,Electronics,Smartphone,online,Nagad,7,414.84,2903.88
10043,08/01/2025,West,Rakib Hasan,Stationery,Pen Set,Online,Cash,2,6.75,13.5
11334,2024-03-05,East,Arif Hossain,Stationery,Pen Set,Wholesale,Nagad,6,6.38,38.28
11728,2025-07-13,West,Shakil Rahman,Grocery,Tea Pack,Wholesale,Cash,24,3.79,90.96
12651,2024-05-27,West,Tanvir Ahmed,Apparel,Jacket,Distributor,bKash,15,65.31,979.65
10431,2024-06-15,East,Tanvir Ahmed,Apparel,T-Shirt,Wholesale,Credit Card,,16.42,311.98
11610,04-24-2025,WEST,Arif Hossain,Grocery,Tea Pack,Wholesale,Bank Transfer,11,3.74,41.14
10147,2024-11-16,west,Farzana Islam,Grocery,Coffee Jar,Distributor,Bank Transfer,22,6.75,148.5
10459,2024-08-28,  West  ,Nusrat Jahan,Electronics,Smartwatch,wholesale,Cash,1,135.48,135.48
11079,03-17-2025,NORTH,Imran Kabir,Electronics,Laptop,wholesale,Cash,6,802.49,4814.94
10790,24/06/2024,West,Shakil Rahman,Stationery,Desk Organizer,Retail Store,Cash,9,17.22,154.98
12525,2024-02-09,West,Mim Akter,Grocery,Snack Box,  Retail Store  ,Cash,13,4.68,60.84
11515,2025-09-13,south,Imran Kabir,Stationery,Desk Organizer,retail store,Bank Transfer,4,16.64,66.56
10852,2024-04-07,South,Lamia Sultana,Stationery,Desk Organizer,Online,Nagad,19,17.72,336.68
11049,2024-07-23,South,Nusrat Jahan,Electronics,Tablet,Distributor,bKash,3,271.2,813.6
10395,22/06/2025,North,Rakib Hasan,Apparel,T-Shirt,Retail Store,Credit Card,12,17.1,205.2
11929,21/03/2024,NORTH,Rakib Hasan,Apparel,Jacket,Retail Store,Nagad,8,59.3,474.4
12970,2024-06-24,Central,Arif Hossain,Electronics,Tablet,online,bKash,8,305.36,2442.88
10714,2025-03-11,SOUTH,Imran Kabir,Furniture,Office Chair,  Wholesale  ,Nagad,20,113.39,2267.8
11780,07/07/2025,South,Mim Akter,Grocery,Snack Box,DISTRIBUTOR,Nagad,5,4.9,24.5
12906,2024-01-27,North,Lamia Sultana,Electronics,Monitor,Retail Store,bKash,20,217.79,4355.8
10325,2024-07-06,North,Nusrat Jahan,Furniture,Bookshelf,distributor,Credit Card,12,96.6,1159.2
10482,2025-01-28,Central,Lamia Sultana,Electronics,Tablet,Distributor,Nagad,14,343.46,4808.44
10501,2025-07-04,CENTRAL,Farzana Islam,Furniture,Bookshelf,Online,bKash,18,81.16,1460.88
11372,2025-08-07,South,Arif Hossain,Apparel,T-Shirt,  Distributor  ,Cash,13,13.64,177.32
10429,2025-11-28,West,Arif Hossain,Apparel,Jacket,  Wholesale  ,Credit Card,1,62.43,62.43
10471,09-03-2024,  South  ,Farzana Islam,Grocery,Coffee Jar,wholesale,Cash,11,8.0,88.0
11591,2025-01-21,South,Imran Kabir,Electronics,Monitor,Online,Nagad,25,230.92,5773.0
12212,2025-03-07,Central,Arif Hossain,Electronics,Smartphone,wholesale,bKash,11,384.86,4233.46
10944,2024-12-13,  East  ,Lamia Sultana,Electronics,Tablet,Online,Bank Transfer,8,330.4,2643.2
11404,2025-05-15,North,Arif Hossain,Electronics,Smartwatch,retail store,Credit Card,1,148.86,148.86
10267,07-30-2024,west,Lamia Sultana,Electronics,Monitor,ONLINE,bKash,3,203.55,610.65
10640,01-24-2025,North,Shakil Rahman,Apparel,T-Shirt,WHOLESALE,bKash,17,17.16,291.72
12807,10-25-2024,East,Rakib Hasan,Apparel,Cap,wholesale,Nagad,6,9.08,54.48
10212,24/02/2025,EAST,Imran Kabir,Electronics,Laptop,Wholesale,Nagad,25,852.0,21300.0
11943,2025-11-27,east,Imran Kabir,Electronics,Headphones,WHOLESALE,Nagad,9,60.65,545.85
11876,07-25-2025,East,Sadia Chowdhury,Apparel,Cap,Distributor,Nagad,18,11.22,201.96
10539,17/05/2024,east,Lamia Sultana,Grocery,Coffee Jar,ONLINE,Bank Transfer,9,7.13,64.17
12947,2024-07-25,EAST,Tanvir Ahmed,Stationery,Desk Organizer,retail store,bKash,17,18.03,306.51
11089,10/10/2025,South,Tanvir Ahmed,Stationery,Desk Organizer,Distributor,Credit Card,12,20.13,241.56
10494,2024-11-26,  West  ,Rakib Hasan,Electronics,Headphones,  Online  ,bKash,20,54.76,1095.2
11439,2024-01-10,South,Arif Hossain,Stationery,Desk Organizer,wholesale,Bank Transfer,10,16.73,167.3
12322,2025-11-25,South,Rakib Hasan,Grocery,Coffee Jar,Online,Cash,11,7.98,87.78
10087,2024-10-26,East,Tanvir Ahmed,Stationery,Pen Set,Online,Nagad,23,6.82,156.86
11652,2025-09-12,West,Farzana Islam,Electronics,Headphones,  Distributor  ,Credit Card,2,68.73,137.46
11361,2024-08-13,Central,Nusrat Jahan,Electronics,Headphones,wholesale,Cash,15,64.7,970.5
10295,2025-05-27,East,Imran Kabir,Grocery,Snack Box,Retail Store,Credit Card,24,5.72,137.28
11416,2025-05-15,EAST,Imran Kabir,Apparel,T-Shirt,Retail Store,Bank Transfer,20,15.05,301.0
10934,2024-05-21,South,Rakib Hasan,Grocery,Tea Pack,Wholesale,bKash,14,4.01,56.14
12140,2025-03-24,West,Rakib Hasan,Stationery,Notebook,DISTRIBUTOR,Nagad,8,1.9,15.2
11085,2024-12-11,Central,Shakil Rahman,Grocery,Snack Box,Wholesale,Bank Transfer,20,5.04,100.8
10476,2025-04-08,east,Arif Hossain,Furniture,Sofa,Wholesale,Cash,4,415.96,1663.84
11095,12-09-2025,North,Rakib Hasan,Apparel,Sneakers,Wholesale,Credit Card,11,61.49,676.39
10475,2024-12-15,Central,Arif Hossain,Stationery,Backpack,Retail Store,Bank Transfer,12,44.25,531.0
12653,22/09/2024,SOUTH,Shakil Rahman,Apparel,Sneakers,Wholesale,bKash,8,54.31,434.48
11466,05/07/2024,west,Farzana Islam,Electronics,Smartwatch,ONLINE,Credit Card,24,138.24,3317.76
11823,2024-07-15,  Central  ,Nusrat Jahan,Apparel,Jeans,Distributor,Cash,11,36.03,396.33
11764,2025-02-06,East,Nusrat Jahan,Stationery,Backpack,Distributor,Cash,4,42.5,170.0
10064,2025-07-09,North,Imran Kabir,Furniture,Desk,Wholesale,Cash,15,180.71,2710.65
11701,2024-12-12,Central,Mim Akter,Electronics,Headphones,Wholesale,Bank Transfer,23,56.63,1302.49
11586,2024-09-11,east,Mim Akter,Grocery,Rice 5kg,Online,bKash,6,8.33,49.98
10160,06-29-2025,,Rakib Hasan,Electronics,Tablet,  Retail Store  ,Bank Transfer,23,287.26,6606.98
11297,2025-10-14,  South  ,Rakib Hasan,Apparel,Sneakers,RETAIL STORE,Cash,10,59.21,592.1
12252,2025-03-20,NORTH,Farzana Islam,Furniture,Office Chair,wholesale,Bank Transfer,13,111.44,1448.72
11867,2024-05-29,Central,Rakib Hasan,Furniture,Bookshelf,ONLINE,Credit Card,24,97.0,2328.0
12104,24/10/2025,East,Mim Akter,Electronics,Smartphone,Retail Store,Nagad,8,367.27,2938.16
12139,2024-05-12,North,Imran Kabir,Electronics,Laptop,Wholesale,Credit Card,6,773.89,4643.34
12982,07-20-2025,Central,Arif Hossain,Grocery,Cooking Oil 1L,Retail Store,Bank Transfer,20,3.37,67.4
11493,2025-10-11,north,Shakil Rahman,Grocery,Coffee Jar,  Wholesale  ,Cash,4,7.36,29.44
10362,20/06/2025,North,Mim Akter,Apparel,T-Shirt,Wholesale,Cash,3,14.49,43.47
10889,2024-10-14,east,Tanvir Ahmed,Apparel,T-Shirt,Retail Store,Bank Transfer,24,14.85,356.4
10039,2025-09-11,CENTRAL,Rakib Hasan,Electronics,Monitor,Distributor,Cash,7,237.47,1662.29
11518,02-17-2025,East,Arif Hossain,Apparel,T-Shirt,Wholesale,bKash,16,16.34,261.44
11426,2024-01-16,North,Farzana Islam,Apparel,T-Shirt,Wholesale,Credit Card,24,16.61,398.64
10120,2025-04-17,West,Lamia Sultana,Stationery,Pen Set,RETAIL STORE,bKash,21,5.78,121.38
10308,2024-09-05,EAST,Shakil Rahman,Furniture,Sofa,Wholesale,Nagad,11,447.31,4920.41
10848,13/12/2025,  Central  ,Imran Kabir,Grocery,Snack Box,Distributor,Credit Card,16,5.23,83.68
12806,07/01/2024,SOUTH,Sadia Chowdhury,Apparel,Jeans,Online,Bank Transfer,18,35.2,633.6
11125,2025-12-12,WEST,Farzana Islam,Furniture,Sofa,DISTRIBUTOR,Bank Transfer,5,465.29,2326.45
12750,11-21-2024,South,Mim Akter,Electronics,Headphones,distributor,Credit Card,4,58.06,232.24
10165,25/12/2024,Central,Farzana Islam,Furniture,Office Chair,Retail Store,Cash,24,136.75,3282.0
11878,2025-02-18,east,Mim Akter,Grocery,Coffee Jar,Distributor,Bank Transfer,2,7.97,15.94
10242,2025-11-02,  East  ,Farzana Islam,Apparel,T-Shirt,Distributor,Bank Transfer,9,16.3,146.7
10301,27/01/2024,Central,Arif Hossain,Grocery,Coffee Jar,Wholesale,Credit Card,3,6.92,20.76
10533,2024-05-26,South,Nusrat Jahan,Grocery,Coffee Jar,Wholesale,Nagad,19,7.74,147.06
10351,05-23-2024,WEST,Mim Akter,Electronics,Smartwatch,Wholesale,Cash,8,145.39,1163.12
11086,2025-01-22,East,Nusrat Jahan,Apparel,Jacket,Distributor,Bank Transfer,20,59.43,1188.6
