OrderID,OrderDate,Region,SalesRep,Category,Product,Channel,PaymentMethod,Quantity,UnitPrice,Revenue,OrderMonth,OrderYear,EstimatedProfit,OrderSegment
11568,2024-05-02,East,Shakil Rahman,Apparel,Jeans,Online,bKash,21.0,35.09,736.89,2024-05,2024,110.53,Large
11850,2025-02-23,West,Shakil Rahman,Apparel,Jeans,Retail Store,bKash,10.0,32.96,329.6,2025-02,2025,49.44,Medium
10749,2024-02-13,North,Mim Akter,Grocery,Rice 5kg,Online,Cash,13.0,7.44,96.72,2024-02,2024,14.51,Medium
10250,2025-08-04,South,Tanvir Ahmed,Grocery,Tea Pack,Distributor,Cash,22.0,4.36,95.92,2025-08,2025,14.39,Large
12155,2024-11-11,Central,Sadia Chowdhury,Grocery,Coffee Jar,Distributor,Bank Transfer,20.0,6.41,128.2,2024-11,2024,19.23,Large
12190,2025-07-25,South,Sadia Chowdhury,Stationery,Pen Set,Distributor,Nagad,8.0,5.9,47.2,2025-07,2025,7.08,Medium
11920,2024-11-25,South,Sadia Chowdhury,Electronics,Monitor,Wholesale,Bank Transfer,21.0,218.29,4584.09,2024-11,2024,1375.23,Large
11135,2024-12-28,West,Sadia Chowdhury,Furniture,Dining Table,Retail Store,Bank Transfer,15.0,358.95,5384.25,2024-12,2024,1615.28,Large
11197,2024-03-26,Central,Arif Hossain,Stationery,Desk Organizer,Retail Store,Bank Transfer,19.0,19.42,368.98,2024-03,2024,55.35,Large
12576,2024-01-05,Central,Imran Kabir,Furniture,Dining Table,Wholesale,Bank Transfer,11.0,394.98,4344.78,2024-01,2024,1303.43,Medium
10945,2025-11-19,East,Shakil Rahman,Stationery,Pen Set,Distributor,Nagad,5.0,6.47,32.35,2025-11,2025,4.85,Medium
12105,2024-08-01,North,Mim Akter,Furniture,Desk,Distributor,Credit Card,1.0,176.58,176.58,2024-08,2024,52.97,Small
11629,2024-11-09,East,Mim Akter,Grocery,Rice 5kg,Retail Store,Cash,4.0,9.03,36.12,2024-11,2024,5.42,Small
11502,2025-06-08,North,Rakib Hasan,Apparel,Jacket,Online,Bank Transfer,24.0,59.78,1434.72,2025-06,2025,215.21,Large
10798,2024-08-13,East,Tanvir Ahmed,Stationery,Notebook,Wholesale,Nagad,15.0,1.98,29.7,2024-08,2024,4.46,Large
12042,2024-10-05,South,Nusrat Jahan,Grocery,Snack Box,Distributor,Nagad,21.0,5.62,118.02,2024-10,2024,17.7,Large
11740,2024-05-10,Central,Mim Akter,Grocery,Tea Pack,Distributor,bKash,11.0,4.38,48.18,2024-05,2024,7.23,Medium
12449,2024-05-14,South,Tanvir Ahmed,Grocery,Cooking Oil 1L,Retail Store,Cash,2.0,2.8,5.6,2024-05,2024,0.84,Small
11678,2025-02-01,North,Farzana Islam,Grocery,Coffee Jar,Retail Store,Credit Card,6.0,6.45,38.7,2025-02,2025,5.81,Medium
12011,2025-11-27,North,Imran Kabir,Apparel,Cap,Online,Nagad,7.0,9.98,69.86,2025-11,2025,10.48,Medium
10909,2024-01-17,East,Shakil Rahman,Stationery,Backpack,Online,Nagad,4.0,43.41,173.64,2024-01,2024,26.05,Small
10496,2025-10-07,North,Arif Hossain,Furniture,Dining Table,Retail Store,Bank Transfer,18.0,350.3,6305.4,2025-10,2025,1891.62,Large
11036,2025-04-01,East,Nusrat Jahan,Stationery,Desk Organizer,Online,bKash,3.0,19.91,59.73,2025-04,2025,8.96,Small
10358,2025-07-03,North,Arif Hossain,Electronics,Headphones,Retail Store,bKash,11.0,59.86,658.46,2025-07,2025,197.54,Medium
10189,2024-10-22,Central,Arif Hossain,Furniture,Dining Table,Wholesale,Credit Card,8.0,341.35,2730.8,2024-10,2024,819.24,Medium
12466,2024-10-04,Central,Lamia Sultana,Grocery,Snack Box,Distributor,Credit Card,15.0,4.53,67.95,2024-10,2024,10.19,Large
10555,2024-12-13,West,Imran Kabir,Stationery,Backpack,Wholesale,bKash,25.0,40.59,1014.75,2024-12,2024,152.21,Large
11684,2025-02-23,East,Tanvir Ahmed,Furniture,Dining Table,Online,Credit Card,17.0,361.75,6149.75,2025-02,2025,1844.92,Large
10569,2024-07-19,East,Nusrat Jahan,Electronics,Monitor,Wholesale,Bank Transfer,5.0,242.0,1210.0,2024-07,2024,363.0,Medium
12050,2025-10-02,North,Arif Hossain,Furniture,Bookshelf,Online,Bank Transfer,16.0,101.76,1628.16,2025-10,2025,488.45,Large
11132,2025-11-25,East,Imran Kabir,Electronics,Smartphone,Retail Store,Cash,18.0,415.17,7473.06,2025-11,2025,2241.92,Large
12520,2025-07-08,East,Lamia Sultana,Electronics,Smartwatch,Retail Store,Bank Transfer,22.0,166.68,3666.96,2025-07,2025,1100.09,Large
11063,2025-10-11,West,Farzana Islam,Electronics,Laptop,Retail Store,Credit Card,5.0,964.38,4821.9,2025-10,2025,1446.57,Medium
12779,2024-11-02,North,Unknown,Grocery,Rice 5kg,Retail Store,bKash,23.0,7.57,174.11,2024-11,2024,26.12,Large
12571,2024-03-02,South,Mim Akter,Stationery,Pen Set,Retail Store,Nagad,23.0,5.41,124.43,2024-03,2024,18.66,Large
11485,2024-11-30,South,Mim Akter,Electronics,Tablet,Retail Store,Bank Transfer,10.0,331.48,3314.8,2024-11,2024,994.44,Medium
10337,2024-05-29,East,Rakib Hasan,Grocery,Rice 5kg,Retail Store,bKash,23.0,7.84,180.32,2024-05,2024,27.05,Large
11252,2025-10-05,North,Tanvir Ahmed,Furniture,Office Chair,Wholesale,Credit Card,25.0,125.8,3145.0,2025-10,2025,943.5,Large
10673,2025-12-06,North,Farzana Islam,Furniture,Dining Table,Online,Bank Transfer,1.0,396.72,7934.4,2025-12,2025,2380.32,Small
11976,2025-06-21,South,Arif Hossain,Stationery,Notebook,Online,Cash,18.0,1.85,33.3,2025-06,2025,4.99,Large
12618,2025-07-23,Central,Imran Kabir,Apparel,Cap,Distributor,Bank Transfer,14.0,10.98,153.72,2025-07,2025,23.06,Medium
11534,2025-04-08,East,Shakil Rahman,Apparel,Cap,Distributor,bKash,21.0,9.76,204.96,2025-04,2025,30.74,Large
11687,2025-08-08,Central,Farzana Islam,Electronics,Smartwatch,Online,Bank Transfer,21.0,149.48,3139.08,2025-08,2025,941.72,Large
11077,2024-04-01,Central,Imran Kabir,Apparel,Cap,Distributor,Bank Transfer,4.0,10.59,42.36,2024-04,2024,6.35,Small
12540,2024-07-27,South,Shakil Rahman,Stationery,Desk Organizer,Distributor,Nagad,2.0,17.7,35.4,2024-07,2024,5.31,Small
10858,2025-10-23,South,Imran Kabir,Electronics,Monitor,Distributor,Cash,6.0,212.1,1272.6,2025-10,2025,381.78,Medium
12675,2024-03-19,East,Mim Akter,Grocery,Snack Box,Online,Credit Card,7.0,5.7,39.9,2024-03,2024,5.98,Medium
12374,2025-10-25,North,Sadia Chowdhury,Grocery,Rice 5kg,Retail Store,bKash,22.0,7.25,159.5,2025-10,2025,23.92,Large
11596,2025-09-21,North,Farzana Islam,Furniture,Desk,Wholesale,Cash,4.0,173.24,692.96,2025-09,2025,207.89,Small
10728,2025-11-30,East,Sadia Chowdhury,Grocery,Coffee Jar,Retail Store,Bank Transfer,23.0,6.98,160.54,2025-11,2025,24.08,Large
11532,2024-12-04,East,Mim Akter,Grocery,Cooking Oil 1L,Distributor,Bank Transfer,15.0,3.22,48.3,2024-12,2024,7.24,Large
12791,2025-06-15,North,Mim Akter,Grocery,Snack Box,Distributor,Credit Card,12.0,5.52,66.24,2025-06,2025,9.94,Medium
10455,2024-05-06,North,Imran Kabir,Electronics,Laptop,Wholesale,Bank Transfer,18.0,818.71,14736.78,2024-05,2024,4421.03,Large
12459,2025-10-06,North,Sadia Chowdhury,Electronics,Tablet,Distributor,Credit Card,8.0,314.87,2518.96,2025-10,2025,755.69,Medium
12945,2025-01-26,North,Mim Akter,Furniture,Bookshelf,Online,Bank Transfer,12.0,86.75,1041.0,2025-01,2025,312.3,Medium
11216,2024-06-13,North,Unknown,Grocery,Rice 5kg,Retail Store,bKash,17.0,8.23,139.91,2024-06,2024,20.99,Large
11872,2024-08-13,Central,Imran Kabir,Furniture,Office Chair,Distributor,Bank Transfer,1.0,109.32,218.64,2024-08,2024,65.59,Small
10544,2024-11-10,South,Mim Akter,Stationery,Desk Organizer,Wholesale,Cash,1.0,17.75,337.25,2024-11,2024,50.59,Small
12667,2024-11-14,South,Farzana Islam,Electronics,Laptop,Retail Store,Cash,7.0,904.51,6331.57,2024-11,2024,1899.47,Medium
10072,2025-12-17,West,Farzana Islam,Furniture,Desk,Retail Store,Bank Transfer,9.0,196.51,1768.59,2025-12,2025,530.58,Medium
11411,2025-03-20,North,Arif Hossain,Furniture,Desk,Retail Store,Credit Card,3.0,184.08,552.24,2025-03,2025,165.67,Small
12378,2024-06-04,Central,Tanvir Ahmed,Apparel,Jacket,Online,Credit Card,16.0,72.42,1158.72,2024-06,2024,173.81,Large
11991,2024-02-18,South,Farzana Islam,Stationery,Pen Set,Online,Cash,4.0,6.7,26.8,2024-02,2024,4.02,Small
12787,2025-11-19,South,Sadia Chowdhury,Electronics,Smartwatch,Online,Cash,1.0,136.87,1916.18,2025-11,2025,574.85,Small
11909,2024-08-28,Central,Nusrat Jahan,Electronics,Tablet,Distributor,Credit Card,13.0,312.06,4056.78,2024-08,2024,1217.03,Medium
11175,2025-10-26,South,Nusrat Jahan,Electronics,Monitor,Online,Credit Card,12.0,232.8,2793.6,2025-10,2025,838.08,Medium
10830,2024-01-14,North,Unknown,Grocery,Cooking Oil 1L,Distributor,bKash,22.0,3.07,67.54,2024-01,2024,10.13,Large
11530,2025-11-03,North,Rakib Hasan,Apparel,Cap,Distributor,Bank Transfer,11.0,9.35,102.85,2025-11,2025,15.43,Medium
12770,2024-11-24,South,Sadia Chowdhury,Electronics,Smartwatch,Wholesale,Credit Card,13.0,145.54,1892.02,2024-11,2024,567.61,Medium
12498,2025-03-05,South,Sadia Chowdhury,Furniture,Bookshelf,Online,Nagad,11.0,96.94,1066.34,2025-03,2025,319.9,Medium
10024,2025-04-29,Central,Rakib Hasan,Grocery,Cooking Oil 1L,Wholesale,bKash,14.0,2.84,39.76,2025-04,2025,5.96,Medium
11290,2025-11-08,South,Shakil Rahman,Electronics,Tablet,Online,Bank Transfer,17.0,303.95,5167.15,2025-11,2025,1550.14,Large
11628,2024-12-22,South,Arif Hossain,Apparel,Jeans,Distributor,Bank Transfer,1.0,38.64,966.0,2024-12,2024,144.9,Small
11375,2025-08-16,Central,Nusrat Jahan,Apparel,Sneakers,Wholesale,Credit Card,3.0,53.3,159.9,2025-08,2025,23.98,Small
12698,2025-08-03,East,Imran Kabir,Furniture,Bookshelf,Distributor,Cash,25.0,91.41,2285.25,2025-08,2025,685.58,Large
10693,2024-11-22,South,Arif Hossain,Stationery,Notebook,Distributor,Nagad,9.0,1.87,16.83,2024-11,2024,2.52,Medium
11588,2024-06-25,Central,Imran Kabir,Apparel,Jacket,Retail Store,Bank Transfer,6.0,73.71,442.26,2024-06,2024,66.34,Medium
11179,2025-12-01,South,Sadia Chowdhury,Stationery,Desk Organizer,Retail Store,Bank Transfer,5.0,20.26,101.3,2025-12,2025,15.19,Medium
11693,2024-08-10,South,Arif Hossain,Apparel,Sneakers,Retail Store,bKash,23.0,52.13,1198.99,2024-08,2024,179.85,Large
11977,2025-03-13,Central,Rakib Hasan,Apparel,Jacket,Retail Store,Credit Card,16.0,72.32,1157.12,2025-03,2025,173.57,Large
11246,2025-03-06,West,Tanvir Ahmed,Grocery,Coffee Jar,Distributor,bKash,10.0,6.77,67.7,2025-03,2025,10.15,Medium
10975,2025-12-09,South,Sadia Chowdhury,Apparel,Jacket,Distributor,Credit Card,5.0,69.0,345.0,2025-12,2025,51.75,Medium
11982,2024-11-16,Central,Tanvir Ahmed,Electronics,Monitor,Retail Store,Cash,13.0,234.97,3054.61,2024-11,2024,916.38,Medium
10653,2025-11-18,North,Shakil Rahman,Electronics,Tablet,Wholesale,bKash,7.0,326.83,2287.81,2025-11,2025,686.34,Medium
10663,2024-05-28,South,Mim Akter,Grocery,Rice 5kg,Retail Store,bKash,6.0,8.74,52.44,2024-05,2024,7.87,Medium
12843,2024-06-04,Central,Lamia Sultana,Electronics,Smartphone,Wholesale,Cash,21.0,444.36,9331.56,2024-06,2024,2799.47,Large
12373,2024-09-30,West,Arif Hossain,Apparel,Jeans,Wholesale,Cash,22.0,37.19,818.18,2024-09,2024,122.73,Large
12146,2025-12-12,Central,Lamia Sultana,Electronics,Smartphone,Distributor,bKash,19.0,409.66,7783.54,2025-12,2025,2335.06,Large
12331,2025-01-25,West,Sadia Chowdhury,Apparel,Cap,Retail Store,Credit Card,18.0,10.29,185.22,2025-01,2025,27.78,Large
10012,2025-03-14,Central,Arif Hossain,Furniture,Desk,Distributor,Nagad,19.0,179.97,3419.43,2025-03,2025,1025.83,Large
10013,2024-04-22,Central,Sadia Chowdhury,Furniture,Desk,Online,Credit Card,5.0,190.24,951.2,2024-04,2024,285.36,Medium
11945,2025-03-19,West,Tanvir Ahmed,Grocery,Tea Pack,Distributor,Credit Card,15.0,3.76,56.4,2025-03,2025,8.46,Large
12878,2025-08-13,Central,Unknown,Grocery,Rice 5kg,Distributor,bKash,9.0,8.04,72.36,2025-08,2025,10.85,Medium
11729,2025-04-17,North,Mim Akter,Stationery,Pen Set,Wholesale,Bank Transfer,11.0,6.79,74.69,2025-04,2025,11.2,Medium
11685,2024-04-16,East,Mim Akter,Stationery,Pen Set,Online,bKash,22.0,5.75,126.5,2024-04,2024,18.97,Large
12219,2025-02-18,South,Nusrat Jahan,Electronics,Tablet,Distributor,Cash,13.0,328.75,4273.75,2025-02,2025,1282.12,Medium
10933,2024-06-24,West,Mim Akter,Electronics,Smartphone,Distributor,Nagad,3.0,386.6,1159.8,2024-06,2024,347.94,Small
11337,2025-09-24,South,Mim Akter,Stationery,Backpack,Distributor,Nagad,13.0,36.68,476.84,2025-09,2025,71.53,Medium
10507,2025-02-08,North,Shakil Rahman,Apparel,Cap,Wholesale,Bank Transfer,22.0,9.08,199.76,2025-02,2025,29.96,Large
11987,2025-01-21,Central,Shakil Rahman,Electronics,Headphones,Retail Store,Bank Transfer,19.0,55.84,1060.96,2025-01,2025,318.29,Large
11914,2024-05-04,South,Farzana Islam,Electronics,Headphones,Wholesale,Cash,17.0,65.49,1113.33,2024-05,2024,334.0,Large
11817,2025-09-21,Central,Nusrat Jahan,Grocery,Coffee Jar,Retail Store,Bank Transfer,17.0,7.86,133.62,2025-09,2025,20.04,Large
10871,2025-04-27,North,Shakil Rahman,Apparel,Sneakers,Online,Bank Transfer,24.0,55.18,1324.32,2025-04,2025,198.65,Large
10977,2024-01-02,Central,Farzana Islam,Grocery,Coffee Jar,Online,Nagad,22.0,7.08,155.76,2024-01,2024,23.36,Large
11139,2025-03-11,West,Tanvir Ahmed,Stationery,Notebook,Retail Store,Credit Card,23.0,2.07,47.61,2025-03,2025,7.14,Large
12670,2024-03-04,North,Tanvir Ahmed,Stationery,Desk Organizer,Retail Store,bKash,23.0,17.11,393.53,2024-03,2024,59.03,Large
12556,2024-11-02,West,Arif Hossain,Grocery,Snack Box,Online,bKash,17.0,5.18,88.06,2024-11,2024,13.21,Large
11535,2024-10-26,South,Rakib Hasan,Grocery,Tea Pack,Retail Store,Nagad,13.0,3.86,50.18,2024-10,2024,7.53,Medium
10266,2024-07-12,West,Mim Akter,Furniture,Desk,Retail Store,Cash,24.0,196.45,4714.8,2024-07,2024,1414.44,Large
11327,2025-02-18,West,Tanvir Ahmed,Stationery,Desk Organizer,Online,Cash,16.0,20.62,329.92,2025-02,2025,49.49,Large
11525,2025-03-30,West,Sadia Chowdhury,Furniture,Dining Table,Retail Store,Nagad,8.0,384.72,3077.76,2025-03,2025,923.33,Medium
10723,2025-09-22,North,Shakil Rahman,Furniture,Dining Table,Distributor,bKash,9.0,339.08,3051.72,2025-09,2025,915.52,Medium
12433,2024-03-01,South,Mim Akter,Stationery,Desk Organizer,Distributor,Bank Transfer,18.0,20.43,367.74,2024-03,2024,55.16,Large
11546,2025-10-11,West,Farzana Islam,Stationery,Desk Organizer,Online,Cash,3.0,17.08,51.24,2025-10,2025,7.69,Small
10947,2024-05-13,North,Farzana Islam,Grocery,Coffee Jar,Online,Bank Transfer,16.0,6.68,106.88,2024-05,2024,16.03,Large
11801,2025-09-07,East,Rakib Hasan,Furniture,Sofa,Online,Cash,11.0,453.01,4983.11,2025-09,2025,1494.93,Medium
10567,2025-05-03,South,Sadia Chowdhury,Apparel,Jacket,Wholesale,bKash,23.0,70.72,1626.56,2025-05,2025,243.98,Large
10144,2024-11-25,West,Sadia Chowdhury,Grocery,Rice 5kg,Online,Credit Card,20.0,7.5,150.0,2024-11,2024,22.5,Large
10719,2024-02-24,Central,Lamia Sultana,Electronics,Monitor,Distributor,Nagad,11.0,227.43,2501.73,2024-02,2024,750.52,Medium
11243,2025-02-25,North,Farzana Islam,Electronics,Laptop,Online,Nagad,4.0,870.49,3481.96,2025-02,2025,1044.59,Small
11126,2025-04-11,East,Nusrat Jahan,Electronics,Monitor,Distributor,Nagad,21.0,243.13,5105.73,2025-04,2025,1531.72,Large
10042,2025-12-07,North,Farzana Islam,Grocery,Snack Box,Online,bKash,2.0,5.54,11.08,2025-12,2025,1.66,Small
12348,2024-08-27,West,Sadia Chowdhury,Apparel,Sneakers,Online,Bank Transfer,23.0,54.92,1263.16,2024-08,2024,189.47,Large
12046,2024-02-25,East,Lamia Sultana,Apparel,T-Shirt,Online,Cash,15.0,15.03,225.45,2024-02,2024,33.82,Large
11366,2024-03-02,Central,Imran Kabir,Apparel,Jacket,Distributor,Credit Card,9.0,72.39,651.51,2024-03,2024,97.73,Medium
10745,2024-10-23,Central,Mim Akter,Electronics,Headphones,Online,Bank Transfer,21.0,57.05,1198.05,2024-10,2024,359.42,Large
10209,2025-07-09,East,Mim Akter,Electronics,Monitor,Online,Nagad,10.0,247.02,2470.2,2025-07,2025,741.06,Medium
11201,2025-12-19,North,Imran Kabir,Furniture,Sofa,Distributor,Credit Card,4.0,479.56,1918.24,2025-12,2025,575.47,Small
12823,2025-11-27,South,Shakil Rahman,Stationery,Desk Organizer,Distributor,Nagad,16.0,20.25,324.0,2025-11,2025,48.6,Large
12079,2024-01-01,North,Arif Hossain,Furniture,Sofa,Distributor,Nagad,13.0,477.4,6206.2,2024-01,2024,1861.86,Medium
12225,2025-08-25,Central,Tanvir Ahmed,Electronics,Laptop,Online,Bank Transfer,17.0,973.67,16552.39,2025-08,2025,4965.72,Large
12382,2025-02-04,Unknown,Mim Akter,Grocery,Snack Box,Retail Store,Nagad,6.0,5.63,33.78,2025-02,2025,5.07,Medium
12371,2024-03-22,East,Rakib Hasan,Grocery,Snack Box,Retail Store,Credit Card,12.0,5.41,64.92,2024-03,2024,9.74,Medium
12296,2024-02-04,Central,Rakib Hasan,Furniture,Desk,Online,Nagad,18.0,204.16,3674.88,2024-02,2024,1102.46,Large
12857,2024-01-06,South,Nusrat Jahan,Stationery,Desk Organizer,Distributor,Credit Card,23.0,19.97,459.31,2024-01,2024,68.9,Large
10841,2025-05-14,West,Rakib Hasan,Furniture,Sofa,Distributor,Bank Transfer,25.0,417.31,10432.75,2025-05,2025,3129.82,Large
12685,2025-09-26,West,Mim Akter,Electronics,Tablet,Online,Bank Transfer,23.0,278.88,6414.24,2025-09,2025,1924.27,Large
11468,2025-01-23,South,Rakib Hasan,Furniture,Bookshelf,Distributor,Credit Card,23.0,87.46,2011.58,2025-01,2025,603.47,Large
11042,2025-06-02,West,Rakib Hasan,Apparel,Sneakers,Distributor,bKash,2.0,55.85,111.7,2025-06,2025,16.76,Small
10465,2025-12-13,West,Rakib Hasan,Grocery,Coffee Jar,Online,bKash,24.0,6.4,153.6,2025-12,2025,23.04,Large
11181,2025-02-07,North,Shakil Rahman,Furniture,Bookshelf,Retail Store,bKash,22.0,94.68,2082.96,2025-02,2025,624.89,Large
10369,2024-09-05,East,Lamia Sultana,Apparel,Jeans,Distributor,Nagad,15.0,34.72,520.8,2024-09,2024,78.12,Large
12017,2025-01-10,Unknown,Arif Hossain,Apparel,Jeans,Wholesale,Credit Card,21.0,31.69,665.49,2025-01,2025,99.82,Large
12059,2025-04-26,South,Shakil Rahman,Furniture,Sofa,Online,Bank Transfer,18.0,417.18,7509.24,2025-04,2025,2252.77,Large
11354,2024-02-26,West,Shakil Rahman,Apparel,Sneakers,Retail Store,Credit Card,1.0,60.14,60.14,2024-02,2024,9.02,Small
12916,2024-01-31,South,Arif Hossain,Stationery,Notebook,Retail Store,Credit Card,1.0,2.16,2.16,2024-01,2024,0.32,Small
10813,2024-06-20,South,Rakib Hasan,Electronics,Smartwatch,Online,Nagad,18.0,147.1,2647.8,2024-06,2024,794.34,Large
11902,2024-07-25,North,Farzana Islam,Apparel,Jacket,Wholesale,Nagad,7.0,60.9,426.3,2024-07,2024,63.94,Medium
11019,2025-02-22,West,Sadia Chowdhury,Stationery,Backpack,Wholesale,Bank Transfer,12.0,44.05,528.6,2025-02,2025,79.29,Medium
11167,2025-12-29,South,Nusrat Jahan,Furniture,Office Chair,Wholesale,Nagad,9.0,134.75,1212.75,2025-12,2025,363.82,Medium
10553,2024-06-28,West,Lamia Sultana,Furniture,Sofa,Online,Cash,14.0,461.95,6467.3,2024-06,2024,1940.19,Medium
10970,2024-02-01,Central,Imran Kabir,Furniture,Desk,Wholesale,Credit Card,15.0,205.25,3078.75,2024-02,2024,923.62,Large
11516,2024-06-11,North,Lamia Sultana,Furniture,Desk,Distributor,bKash,25.0,196.99,4924.75,2024-06,2024,1477.42,Large
12025,2024-02-17,West,Arif Hossain,Apparel,Jeans,Retail Store,Bank Transfer,7.0,33.55,234.85,2024-02,2024,35.23,Medium
10268,2025-02-15,Central,Tanvir Ahmed,Electronics,Tablet,Retail Store,Credit Card,15.0,287.58,4313.7,2025-02,2025,1294.11,Large
10100,2025-08-22,Central,Sadia Chowdhury,Furniture,Sofa,Distributor,bKash,14.0,476.41,6669.74,2025-08,2025,2000.92,Medium
12253,2024-05-04,Central,Arif Hossain,Electronics,Smartwatch,Wholesale,Bank Transfer,1.0,155.54,155.54,2024-05,2024,46.66,Small
12258,2025-08-25,North,Mim Akter,Grocery,Cooking Oil 1L,Distributor,Cash,13.0,3.03,39.39,2025-08,2025,5.91,Medium
12631,2024-02-15,Central,Lamia Sultana,Grocery,Snack Box,Wholesale,Nagad,13.0,4.51,58.63,2024-02,2024,8.79,Medium
12928,2024-01-15,North,Lamia Sultana,Stationery,Desk Organizer,Distributor,Cash,10.0,18.89,188.9,2024-01,2024,28.34,Medium
10649,2024-06-04,West,Shakil Rahman,Apparel,Sneakers,Wholesale,Cash,25.0,52.08,1302.0,2024-06,2024,195.3,Large
12426,2025-08-12,South,Lamia Sultana,Stationery,Desk Organizer,Wholesale,bKash,22.0,19.88,437.36,2025-08,2025,65.6,Large
11127,2025-01-23,West,Rakib Hasan,Stationery,Pen Set,Distributor,Bank Transfer,1.0,6.85,6.85,2025-01,2025,1.03,Small
12718,2024-01-10,Central,Mim Akter,Furniture,Dining Table,Online,Cash,18.0,350.36,6306.48,2024-01,2024,1891.94,Large
11491,2025-02-11,West,Farzana Islam,Stationery,Notebook,Distributor,Credit Card,13.0,2.2,28.6,2025-02,2025,4.29,Medium
12975,2024-02-29,North,Mim Akter,Apparel,Cap,Wholesale,Nagad,18.0,10.45,188.1,2024-02,2024,28.22,Large
12300,2024-11-18,Unknown,Lamia Sultana,Furniture,Office Chair,Distributor,bKash,9.0,128.96,1160.64,2024-11,2024,348.19,Medium
12088,2025-12-28,South,Arif Hossain,Apparel,T-Shirt,Online,Nagad,13.0,14.88,193.44,2025-12,2025,29.02,Medium
10532,2024-03-28,West,Lamia Sultana,Furniture,Dining Table,Online,Cash,7.0,358.7352941176471,2480.17,2024-03,2024,744.05,Medium
10548,2024-02-28,West,Imran Kabir,Stationery,Notebook,Distributor,Nagad,25.0,2.21,55.25,2024-02,2024,8.29,Large
11573,2025-10-25,South,Mim Akter,Grocery,Coffee Jar,Online,bKash,19.0,6.89,130.91,2025-10,2025,19.64,Large
10864,2024-04-02,Central,Arif Hossain,Electronics,Smartwatch,Distributor,Bank Transfer,8.0,157.49,1259.92,2024-04,2024,377.98,Medium
10586,2024-01-09,East,Shakil Rahman,Stationery,Pen Set,Wholesale,Nagad,23.0,6.78,155.94,2024-01,2024,23.39,Large
10193,2025-01-17,West,Sadia Chowdhury,Stationery,Notebook,Online,Bank Transfer,9.0,2.17,19.53,2025-01,2025,2.93,Medium
11225,2024-08-16,West,Rakib Hasan,Electronics,Headphones,Wholesale,Credit Card,13.0,67.11,872.43,2024-08,2024,261.73,Medium
12071,2024-01-17,South,Imran Kabir,Stationery,Backpack,Distributor,Nagad,1.0,37.27,223.62,2024-01,2024,33.54,Small
11479,2025-02-14,West,Imran Kabir,Stationery,Notebook,Distributor,Nagad,19.0,1.81,34.39,2025-02,2025,5.16,Large
11967,2024-07-28,Central,Rakib Hasan,Grocery,Cooking Oil 1L,Online,Credit Card,12.0,3.17,38.04,2024-07,2024,5.71,Medium
12930,2024-06-09,West,Farzana Islam,Stationery,Backpack,Retail Store,Credit Card,23.0,41.48,954.04,2024-06,2024,143.11,Large
12167,2024-03-06,South,Farzana Islam,Grocery,Coffee Jar,Distributor,Nagad,17.0,6.72,114.24,2024-03,2024,17.14,Large
12310,2024-09-06,Central,Rakib Hasan,Apparel,Cap,Distributor,Cash,12.0,10.72,128.64,2024-09,2024,19.3,Medium
12311,2024-04-02,North,Mim Akter,Apparel,Jeans,Wholesale,Credit Card,2.0,35.07,70.14,2024-04,2024,10.52,Small
12864,2024-04-30,Unknown,Shakil Rahman,Stationery,Pen Set,Distributor,Cash,18.0,5.81,104.58,2024-04,2024,15.69,Large
10199,2025-06-15,South,Sadia Chowdhury,Grocery,Tea Pack,Wholesale,Cash,9.0,4.4,39.6,2025-06,2025,5.94,Medium
11003,2025-05-22,South,Farzana Islam,Grocery,Tea Pack,Wholesale,Credit Card,1.0,4.52,36.16,2025-05,2025,5.42,Small
11593,2025-03-26,West,Sadia Chowdhury,Electronics,Laptop,Wholesale,Nagad,5.0,947.09,4735.45,2025-03,2025,1420.64,Medium
11164,2025-10-27,East,Mim Akter,Furniture,Bookshelf,Distributor,bKash,9.0,85.73,771.57,2025-10,2025,231.47,Medium
12313,2025-05-03,North,Arif Hossain,Stationery,Notebook,Wholesale,Bank Transfer,9.0,1.82,16.38,2025-05,2025,2.46,Medium
10530,2024-01-23,West,Nusrat Jahan,Grocery,Coffee Jar,Retail Store,Bank Transfer,8.0,6.38,51.04,2024-01,2024,7.66,Medium
11555,2024-06-10,South,Nusrat Jahan,Furniture,Bookshelf,Wholesale,bKash,20.0,95.91,1918.2,2024-06,2024,575.46,Large
12764,2024-12-01,North,Shakil Rahman,Furniture,Bookshelf,Retail Store,Nagad,1.0,94.62,94.62,2024-12,2024,28.39,Small
10021,2025-07-04,West,Mim Akter,Furniture,Bookshelf,Wholesale,Nagad,4.0,86.58,346.32,2025-07,2025,103.9,Small
10736,2025-04-23,North,Rakib Hasan,Stationery,Pen Set,Distributor,Cash,22.0,6.8,149.6,2025-04,2025,22.44,Large
10327,2024-05-23,Central,Rakib Hasan,Stationery,Pen Set,Wholesale,Cash,6.0,5.87,35.22,2024-05,2024,5.28,Medium
12660,2025-01-22,East,Tanvir Ahmed,Apparel,Jeans,Distributor,Bank Transfer,18.0,32.83,590.94,2025-01,2025,88.64,Large
10314,2025-03-16,North,Lamia Sultana,Furniture,Dining Table,Wholesale,Cash,4.0,315.92,1263.68,2025-03,2025,379.1,Small
11304,2024-10-03,East,Arif Hossain,Apparel,Jacket,Wholesale,Credit Card,22.0,66.94,1472.68,2024-10,2024,220.9,Large
10726,2024-08-31,South,Sadia Chowdhury,Furniture,Dining Table,Wholesale,Bank Transfer,22.0,353.52,7777.44,2024-08,2024,2333.23,Large
11781,2025-04-23,South,Lamia Sultana,Apparel,Sneakers,Wholesale,Cash,12.0,60.05,720.6,2025-04,2025,108.09,Medium
12890,2024-12-03,East,Shakil Rahman,Furniture,Office Chair,Distributor,Cash,8.0,123.41,987.28,2024-12,2024,296.18,Medium
10495,2025-12-25,West,Lamia Sultana,Stationery,Backpack,Distributor,Credit Card,11.0,41.25,453.75,2025-12,2025,68.06,Medium
11099,2024-11-23,Central,Nusrat Jahan,Electronics,Smartwatch,Wholesale,Bank Transfer,25.0,148.69,3717.25,2024-11,2024,1115.18,Large
11604,2025-04-13,Central,Rakib Hasan,Grocery,Rice 5kg,Online,bKash,4.0,7.44,29.76,2025-04,2025,4.46,Small
12573,2025-08-21,East,Imran Kabir,Furniture,Office Chair,Wholesale,bKash,16.0,125.04,2000.64,2025-08,2025,600.19,Large
10355,2024-03-15,East,Arif Hossain,Stationery,Desk Organizer,Retail Store,Bank Transfer,1.0,18.84,18.84,2024-03,2024,2.83,Small
12612,2025-04-01,South,Tanvir Ahmed,Apparel,T-Shirt,Distributor,Cash,16.0,16.81,268.96,2025-04,2025,40.34,Large
11947,2025-04-29,East,Rakib Hasan,Furniture,Bookshelf,Wholesale,Credit Card,25.0,92.92,2323.0,2025-04,2025,696.9,Large
10522,2024-12-06,South,Arif Hossain,Furniture,Dining Table,Retail Store,Bank Transfer,6.0,364.56,2187.36,2024-12,2024,656.21,Medium
11208,2024-11-16,Central,Farzana Islam,Furniture,Dining Table,Wholesale,Bank Transfer,21.0,371.17,7794.57,2024-11,2024,2338.37,Large
10236,2024-01-20,South,Tanvir Ahmed,Grocery,Cooking Oil 1L,Online,bKash,15.0,2.94,44.1,2024-01,2024,6.62,Large
12183,2025-06-09,North,Sadia Chowdhury,Furniture,Desk,Distributor,Nagad,24.0,203.72,4889.28,2025-06,2025,1466.78,Large
10326,2025-01-27,West,Lamia Sultana,Stationery,Desk Organizer,Retail Store,Nagad,14.0,17.04,238.56,2025-01,2025,35.78,Medium
10986,2024-02-18,West,Mim Akter,Stationery,Desk Organizer,Online,bKash,9.0,20.33,182.97,2024-02,2024,27.45,Medium
12602,2025-02-04,North,Lamia Sultana,Furniture,Office Chair,Distributor,bKash,14.0,129.64,1814.96,2025-02,2025,544.49,Medium
12189,2024-12-29,East,Farzana Islam,Furniture,Office Chair,Wholesale,Credit Card,14.0,109.32,1530.48,2024-12,2024,459.14,Medium
11656,2024-01-02,West,Rakib Hasan,Stationery,Pen Set,Retail Store,Bank Transfer,20.0,5.46,109.2,2024-01,2024,16.38,Large
11864,2024-02-22,South,Sadia Chowdhury,Grocery,Tea Pack,Retail Store,Bank Transfer,8.0,4.55,36.4,2024-02,2024,5.46,Medium
11858,2025-04-22,West,Imran Kabir,Grocery,Snack Box,Wholesale,Nagad,21.0,5.68,119.28,2025-04,2025,17.89,Large
11529,2024-05-07,East,Imran Kabir,Grocery,Rice 5kg,Wholesale,Bank Transfer,4.0,7.49,29.96,2024-05,2024,4.49,Small
12850,2024-11-10,East,Tanvir Ahmed,Grocery,Cooking Oil 1L,Distributor,bKash,16.0,2.89,46.24,2024-11,2024,6.94,Large
11328,2024-06-05,East,Lamia Sultana,Furniture,Dining Table,Wholesale,Nagad,14.0,327.8,4589.2,2024-06,2024,1376.76,Medium
11152,2024-04-22,East,Imran Kabir,Grocery,Cooking Oil 1L,Wholesale,bKash,4.0,3.29,13.16,2024-04,2024,1.97,Small
10822,2024-07-23,North,Farzana Islam,Apparel,T-Shirt,Retail Store,Nagad,6.0,16.01,96.06,2024-07,2024,14.41,Medium
11916,2024-09-13,South,Imran Kabir,Electronics,Headphones,Retail Store,Nagad,24.0,54.27,1302.48,2024-09,2024,390.74,Large
10781,2025-12-27,South,Arif Hossain,Apparel,Jacket,Online,Nagad,25.0,61.83,1545.75,2025-12,2025,231.86,Large
11928,2024-04-26,Central,Lamia Sultana,Furniture,Dining Table,Online,Cash,4.0,400.28,1601.12,2024-04,2024,480.34,Small
11665,2025-08-24,North,Nusrat Jahan,Electronics,Smartwatch,Online,Cash,24.0,168.76,4050.24,2025-08,2025,1215.07,Large
10571,2024-04-11,East,Shakil Rahman,Apparel,Sneakers,Online,Bank Transfer,23.0,51.75,1190.25,2024-04,2024,178.54,Large
12358,2025-07-12,South,Shakil Rahman,Furniture,Desk,Retail Store,Credit Card,8.0,165.49,1323.92,2025-07,2025,397.18,Medium
10637,2025-05-09,South,Nusrat Jahan,Furniture,Dining Table,Distributor,Nagad,20.0,378.87,7577.4,2025-05,2025,2273.22,Large
12136,2025-05-26,West,Farzana Islam,Stationery,Desk Organizer,Retail Store,Nagad,3.0,18.94,56.82,2025-05,2025,8.52,Small
11076,2024-06-18,Central,Farzana Islam,Grocery,Coffee Jar,Retail Store,Bank Transfer,14.0,6.74,94.36,2024-06,2024,14.15,Medium
10274,2024-09-18,Central,Rakib Hasan,Grocery,Snack Box,Wholesale,bKash,7.0,4.91,34.37,2024-09,2024,5.16,Medium
10993,2024-04-14,East,Lamia Sultana,Grocery,Rice 5kg,Wholesale,Credit Card,22.0,7.31,160.82,2024-04,2024,24.12,Large
12804,2024-07-15,West,Rakib Hasan,Electronics,Laptop,Online,Bank Transfer,19.0,888.54,16882.26,2024-07,2024,5064.68,Large
11749,2025-03-30,West,Arif Hossain,Furniture,Sofa,Retail Store,Nagad,25.0,440.33,11008.25,2025-03,2025,3302.48,Large
12421,2025-02-06,Central,Shakil Rahman,Electronics,Headphones,Distributor,Nagad,12.0,67.84,814.08,2025-02,2025,244.22,Medium
12923,2025-04-09,East,Arif Hossain,Grocery,Coffee Jar,Retail Store,Bank Transfer,14.0,6.54,91.56,2025-04,2025,13.73,Medium
12510,2025-04-18,Central,Shakil Rahman,Furniture,Dining Table,Online,Bank Transfer,8.0,340.29,2722.32,2025-04,2025,816.7,Medium
12974,2024-03-08,Central,Lamia Sultana,Electronics,Smartwatch,Online,Bank Transfer,15.0,154.28,2314.2,2024-03,2024,694.26,Large
12967,2025-07-07,East,Farzana Islam,Furniture,Office Chair,Online,Bank Transfer,17.0,112.49,1912.33,2025-07,2025,573.7,Large
12230,2025-06-10,East,Rakib Hasan,Grocery,Snack Box,Distributor,Cash,6.0,4.89,29.34,2025-06,2025,4.4,Medium
11291,2024-08-05,Central,Farzana Islam,Apparel,T-Shirt,Distributor,Bank Transfer,5.0,14.99,74.95,2024-08,2024,11.24,Medium
11183,2025-01-28,North,Lamia Sultana,Stationery,Pen Set,Online,Bank Transfer,1.0,5.57,5.57,2025-01,2025,0.84,Small
10412,2024-07-10,South,Mim Akter,Stationery,Desk Organizer,Wholesale,Cash,15.0,16.4,246.0,2024-07,2024,36.9,Large
11385,2024-05-04,South,Lamia Sultana,Electronics,Laptop,Wholesale,Nagad,17.0,934.62,15888.54,2024-05,2024,4766.56,Large
10262,2025-02-22,North,Sadia Chowdhury,Stationery,Notebook,Online,Cash,6.0,2.18,13.08,2025-02,2025,1.96,Medium
11093,2024-09-03,West,Farzana Islam,Grocery,Cooking Oil 1L,Wholesale,Nagad,8.0,2.86,22.88,2024-09,2024,3.43,Medium
12793,2025-12-15,Central,Shakil Rahman,Electronics,Laptop,Distributor,Credit Card,15.0,903.09,13546.35,2025-12,2025,4063.9,Large
12479,2025-07-10,East,Arif Hossain,Electronics,Monitor,Retail Store,Bank Transfer,14.0,227.47,3184.58,2025-07,2025,955.37,Medium
12904,2025-07-14,East,Arif Hossain,Stationery,Desk Organizer,Wholesale,Bank Transfer,1.0,17.88,17.88,2025-07,2025,2.68,Small
12349,2025-01-05,Central,Arif Hossain,Furniture,Office Chair,Wholesale,Cash,2.0,117.1,234.2,2025-01,2025,70.26,Small
10540,2024-07-12,East,Lamia Sultana,Furniture,Office Chair,Wholesale,Cash,1.0,129.27,129.27,2024-07,2024,38.78,Small
12592,2024-03-10,East,Rakib Hasan,Furniture,Bookshelf,Online,Cash,21.0,100.07,2101.47,2024-03,2024,630.44,Large
10748,2025-10-20,West,Imran Kabir,Stationery,Pen Set,Online,Nagad,10.0,6.15,61.5,2025-10,2025,9.22,Medium
10718,2025-09-16,West,Arif Hossain,Stationery,Backpack,Online,Nagad,3.0,38.45,115.35,2025-09,2025,17.3,Small
10389,2025-06-26,North,Shakil Rahman,Stationery,Pen Set,Online,Bank Transfer,12.0,6.55,78.6,2025-06,2025,11.79,Medium
12643,2025-04-10,East,Rakib Hasan,Furniture,Sofa,Retail Store,Cash,1.0,405.95,405.95,2025-04,2025,121.78,Small
12457,2024-02-18,North,Rakib Hasan,Electronics,Smartphone,Online,Credit Card,4.0,413.09,1652.36,2024-02,2024,495.71,Small
10324,2025-09-21,East,Sadia Chowdhury,Electronics,Headphones,Retail Store,Cash,19.0,55.27,1050.13,2025-09,2025,315.04,Large
11143,2024-09-28,East,Shakil Rahman,Stationery,Notebook,Wholesale,Cash,7.0,1.8,12.6,2024-09,2024,1.89,Medium
10086,2025-01-04,North,Nusrat Jahan,Stationery,Backpack,Distributor,bKash,6.0,39.02,234.12,2025-01,2025,35.12,Medium
10907,2025-06-19,South,Rakib Hasan,Grocery,Tea Pack,Distributor,bKash,14.0,3.9,54.6,2025-06,2025,8.19,Medium
12158,2025-02-26,North,Tanvir Ahmed,Electronics,Smartwatch,Retail Store,Credit Card,18.0,143.62,2585.16,2025-02,2025,775.55,Large
12755,2024-07-22,West,Sadia Chowdhury,Grocery,Rice 5kg,Wholesale,Nagad,7.0,8.96,62.72,2024-07,2024,9.41,Medium
12652,2024-03-31,West,Tanvir Ahmed,Furniture,Bookshelf,Online,Nagad,11.0,91.73277310924371,949.52,2024-03,2024,284.86,Medium
10835,2024-08-24,North,Shakil Rahman,Grocery,Rice 5kg,Wholesale,Bank Transfer,21.0,9.08,190.68,2024-08,2024,28.6,Large
11415,2024-04-28,West,Mim Akter,Apparel,Sneakers,Retail Store,Bank Transfer,6.0,55.89,335.34,2024-04,2024,50.3,Medium
11174,2024-10-11,South,Shakil Rahman,Electronics,Smartwatch,Online,bKash,5.0,145.14,725.7,2024-10,2024,217.71,Medium
10635,2024-02-25,East,Rakib Hasan,Furniture,Desk,Online,Credit Card,8.0,204.7,1637.6,2024-02,2024,491.28,Medium
11921,2024-12-29,West,Nusrat Jahan,Electronics,Laptop,Online,Nagad,1.0,974.88,974.88,2024-12,2024,292.46,Small
10996,2024-04-15,Central,Mim Akter,Electronics,Tablet,Retail Store,Credit Card,1.0,314.64,314.64,2024-04,2024,94.39,Small
11513,2024-01-31,East,Mim Akter,Apparel,Jacket,Wholesale,Bank Transfer,5.0,68.65,343.25,2024-01,2024,51.49,Medium
10368,2024-03-29,West,Shakil Rahman,Grocery,Rice 5kg,Distributor,Cash,18.0,8.11,145.98,2024-03,2024,21.9,Large
12194,2024-05-25,Central,Mim Akter,Electronics,Smartphone,Online,Bank Transfer,6.0,458.12,2748.72,2024-05,2024,824.62,Medium
12580,2024-09-27,South,Sadia Chowdhury,Stationery,Notebook,Retail Store,Credit Card,5.0,2.04,10.2,2024-09,2024,1.53,Medium
12658,2025-01-05,South,Lamia Sultana,Electronics,Monitor,Online,bKash,1.0,200.01,200.01,2025-01,2025,60.0,Small
11674,2025-10-14,West,Rakib Hasan,Grocery,Rice 5kg,Retail Store,Credit Card,4.0,7.43,29.72,2025-10,2025,4.46,Small
12608,2025-02-21,North,Shakil Rahman,Furniture,Office Chair,Distributor,Cash,4.0,137.96,551.84,2025-02,2025,165.55,Small
12775,2024-09-10,South,Farzana Islam,Apparel,Jeans,Wholesale,Cash,10.0,32.52,325.2,2024-09,2024,48.78,Medium
11711,2025-10-01,East,Arif Hossain,Grocery,Rice 5kg,Online,bKash,1.0,8.67,8.67,2025-10,2025,1.3,Small
11932,2024-02-13,Central,Unknown,Electronics,Laptop,Online,Bank Transfer,16.0,937.02,14992.32,2024-02,2024,4497.7,Large
11339,2024-03-06,North,Rakib Hasan,Furniture,Desk,Wholesale,Bank Transfer,2.0,189.54,379.08,2024-03,2024,113.72,Small
12795,2024-09-30,North,Nusrat Jahan,Electronics,Headphones,Retail Store,Bank Transfer,14.0,62.88,880.32,2024-09,2024,264.1,Medium
11898,2025-11-05,West,Rakib Hasan,Grocery,Tea Pack,Distributor,Bank Transfer,11.0,4.56,50.16,2025-11,2025,7.52,Medium
12148,2024-11-10,East,Arif Hossain,Apparel,Cap,Distributor,Bank Transfer,25.0,11.31,282.75,2024-11,2024,42.41,Large
12868,2024-10-16,Central,Mim Akter,Apparel,Jeans,Online,Bank Transfer,23.0,35.33,812.59,2024-10,2024,121.89,Large
10954,2024-02-15,North,Arif Hossain,Grocery,Rice 5kg,Distributor,Credit Card,14.0,8.16,114.24,2024-02,2024,17.14,Medium
11121,2025-05-17,Central,Sadia Chowdhury,Stationery,Backpack,Retail Store,Nagad,23.0,39.13,899.99,2025-05,2025,135.0,Large
12936,2025-12-15,Unknown,Arif Hossain,Apparel,T-Shirt,Online,Bank Transfer,3.0,17.2,51.6,2025-12,2025,7.74,Small
12873,2025-07-04,West,Farzana Islam,Furniture,Sofa,Online,Cash,9.0,467.27,4205.43,2025-07,2025,1261.63,Medium
11782,2024-03-29,Central,Imran Kabir,Furniture,Sofa,Distributor,Bank Transfer,20.0,433.49,8669.8,2024-03,2024,2600.94,Large
12010,2025-10-14,South,Imran Kabir,Stationery,Notebook,Distributor,Bank Transfer,23.0,2.05,47.15,2025-10,2025,7.07,Large
10350,2024-03-29,West,Lamia Sultana,Furniture,Desk,Wholesale,bKash,4.0,168.3,673.2,2024-03,2024,201.96,Small
11925,2025-12-13,Unknown,Tanvir Ahmed,Apparel,T-Shirt,Distributor,bKash,9.0,16.56,149.04,2025-12,2025,22.36,Medium
10818,2025-12-27,South,Sadia Chowdhury,Apparel,Jacket,Distributor,bKash,10.0,58.97,589.7,2025-12,2025,88.46,Medium
12048,2025-03-27,East,Shakil Rahman,Apparel,Jeans,Online,Bank Transfer,15.0,36.74,551.1,2025-03,2025,82.66,Large
12294,2025-04-01,North,Mim Akter,Furniture,Dining Table,Distributor,Credit Card,15.0,396.11,5941.65,2025-04,2025,1782.5,Large
10287,2025-12-15,Central,Shakil Rahman,Stationery,Backpack,Online,Nagad,22.0,40.31,886.82,2025-12,2025,133.02,Large
10874,2025-08-12,West,Nusrat Jahan,Furniture,Office Chair,Distributor,Cash,3.0,111.32,333.96,2025-08,2025,100.19,Small
12260,2024-03-29,North,Imran Kabir,Electronics,Laptop,Distributor,Cash,23.0,784.19,18036.37,2024-03,2024,5410.91,Large
10321,2025-08-29,North,Lamia Sultana,Grocery,Coffee Jar,Retail Store,Bank Transfer,14.0,6.98,97.72,2025-08,2025,14.66,Medium
11336,2025-11-05,West,Imran Kabir,Electronics,Monitor,Wholesale,Nagad,6.0,229.68,1378.08,2025-11,2025,413.42,Medium
10565,2025-08-17,North,Tanvir Ahmed,Grocery,Tea Pack,Retail Store,Bank Transfer,4.0,3.93,15.72,2025-08,2025,2.36,Small
10711,2024-04-08,West,Imran Kabir,Apparel,Sneakers,Wholesale,Nagad,22.0,51.88,1141.36,2024-04,2024,171.2,Large
12737,2024-10-17,Unknown,Farzana Islam,Apparel,Jacket,Retail Store,Cash,11.0,71.44,785.84,2024-10,2024,117.88,Medium
11148,2025-03-14,West,Mim Akter,Furniture,Sofa,Distributor,Cash,6.0,465.35,2792.1,2025-03,2025,837.63,Medium
10340,2025-02-11,West,Mim Akter,Electronics,Monitor,Online,Nagad,1.0,251.25,1758.75,2025-02,2025,527.62,Small
10105,2025-03-24,East,Arif Hossain,Electronics,Smartphone,Retail Store,Cash,23.0,408.47,9394.81,2025-03,2025,2818.44,Large
10558,2024-03-18,East,Farzana Islam,Apparel,Jeans,Wholesale,Cash,18.0,39.65,713.7,2024-03,2024,107.06,Large
12710,2025-12-04,East,Tanvir Ahmed,Apparel,Jeans,Distributor,Credit Card,17.0,39.76,675.92,2025-12,2025,101.39,Large
12407,2025-03-24,North,Lamia Sultana,Grocery,Cooking Oil 1L,Retail Store,bKash,21.0,2.99,62.79,2025-03,2025,9.42,Large
10989,2024-01-25,North,Tanvir Ahmed,Electronics,Monitor,Wholesale,Bank Transfer,19.0,241.85,4595.15,2024-01,2024,1378.54,Large
12664,2024-10-11,South,Tanvir Ahmed,Furniture,Sofa,Wholesale,bKash,8.0,442.95,3543.6,2024-10,2024,1063.08,Medium
11791,2024-07-31,North,Tanvir Ahmed,Furniture,Office Chair,Distributor,Credit Card,6.0,132.83,796.98,2024-07,2024,239.09,Medium
11378,2024-08-21,Central,Mim Akter,Stationery,Desk Organizer,Online,Nagad,2.0,20.48,40.96,2024-08,2024,6.14,Small
10437,2024-09-03,East,Nusrat Jahan,Apparel,Jacket,Retail Store,Nagad,2.0,71.59,143.18,2024-09,2024,21.48,Small
10658,2025-09-19,West,Rakib Hasan,Apparel,Jacket,Wholesale,Cash,2.0,69.71,139.42,2025-09,2025,20.91,Small
10303,2024-06-22,Central,Nusrat Jahan,Electronics,Monitor,Retail Store,Bank Transfer,5.0,212.79,1063.95,2024-06,2024,319.18,Medium
11714,2024-09-30,Central,Nusrat Jahan,Apparel,Jacket,Wholesale,Cash,3.0,73.34,220.02,2024-09,2024,33.0,Small
11288,2024-11-07,West,Lamia Sultana,Apparel,Sneakers,Retail Store,Bank Transfer,3.0,53.32,159.96,2024-11,2024,23.99,Small
12135,2025-09-18,West,Shakil Rahman,Apparel,Jeans,Retail Store,Credit Card,7.0,39.48,276.36,2025-09,2025,41.45,Medium
12465,2024-11-08,East,Shakil Rahman,Furniture,Bookshelf,Wholesale,Credit Card,17.0,99.91,1698.47,2024-11,2024,509.54,Large
10573,2024-12-25,East,Tanvir Ahmed,Stationery,Backpack,Wholesale,Credit Card,22.0,45.63,1003.86,2024-12,2024,150.58,Large
11098,2025-08-13,East,Rakib Hasan,Electronics,Smartwatch,Distributor,Bank Transfer,24.0,135.06,3241.44,2025-08,2025,972.43,Large
11556,2024-08-22,West,Lamia Sultana,Apparel,Cap,Wholesale,Cash,9.0,10.18,91.62,2024-08,2024,13.74,Medium
12995,2025-06-02,East,Sadia Chowdhury,Furniture,Dining Table,Retail Store,Bank Transfer,22.0,333.23,7331.06,2025-06,2025,2199.32,Large
12016,2025-12-13,North,Farzana Islam,Apparel,Sneakers,Distributor,Credit Card,24.0,61.29,1470.96,2025-12,2025,220.64,Large
11158,2024-02-22,West,Tanvir Ahmed,Furniture,Desk,Retail Store,Credit Card,13.0,180.33,2344.29,2024-02,2024,703.29,Medium
10559,2025-11-30,East,Unknown,Grocery,Tea Pack,Distributor,bKash,7.0,4.1,28.7,2025-11,2025,4.3,Medium
11990,2024-12-29,South,Imran Kabir,Grocery,Cooking Oil 1L,Wholesale,Nagad,1.0,3.28,3.28,2024-12,2024,0.49,Small
12377,2025-03-07,North,Mim Akter,Electronics,Monitor,Retail Store,Bank Transfer,3.0,199.35,598.05,2025-03,2025,179.42,Small
11047,2024-02-05,West,Mim Akter,Apparel,Jeans,Retail Store,bKash,22.0,36.16,795.52,2024-02,2024,119.33,Large
12104,2025-10-24,East,Mim Akter,Electronics,Smartphone,Retail Store,Nagad,8.0,367.27,2938.16,2025-10,2025,881.45,Medium
12180,2025-01-13,East,Farzana Islam,Furniture,Office Chair,Online,bKash,22.0,129.05,2839.1,2025-01,2025,851.73,Large
11324,2025-05-22,South,Arif Hossain,Stationery,Notebook,Retail Store,Nagad,5.0,1.91,9.55,2025-05,2025,1.43,Medium
11070,2025-01-18,South,Tanvir Ahmed,Furniture,Desk,Online,Nagad,16.0,180.2,2883.2,2025-01,2025,864.96,Large
12425,2024-08-17,North,Arif Hossain,Grocery,Tea Pack,Retail Store,bKash,2.0,4.19,8.38,2024-08,2024,1.26,Small
12379,2025-04-19,North,Shakil Rahman,Furniture,Desk,Retail Store,Cash,22.0,200.1,4402.2,2025-04,2025,1320.66,Large
10440,2024-07-04,Central,Shakil Rahman,Grocery,Tea Pack,Retail Store,Nagad,10.0,3.7,37.0,2024-07,2024,5.55,Medium
11007,2024-06-27,North,Nusrat Jahan,Apparel,T-Shirt,Retail Store,Cash,8.0,16.82,134.56,2024-06,2024,20.18,Medium
12914,2024-11-24,Central,Tanvir Ahmed,Stationery,Pen Set,Wholesale,Cash,3.0,5.89,17.67,2024-11,2024,2.65,Small
12168,2025-02-16,North,Tanvir Ahmed,Furniture,Sofa,Online,Cash,14.0,452.88,6340.32,2025-02,2025,1902.1,Medium
10505,2025-07-01,East,Tanvir Ahmed,Grocery,Coffee Jar,Wholesale,Credit Card,1.0,7.42,7.42,2025-07,2025,1.11,Small
11552,2025-03-18,West,Rakib Hasan,Stationery,Desk Organizer,Retail Store,Credit Card,22.0,17.57,386.54,2025-03,2025,57.98,Large
10342,2024-01-17,North,Tanvir Ahmed,Grocery,Tea Pack,Online,Bank Transfer,4.0,4.53,18.12,2024-01,2024,2.72,Small
10231,2024-02-09,Central,Imran Kabir,Furniture,Dining Table,Online,Credit Card,5.0,377.44,1887.2,2024-02,2024,566.16,Medium
11081,2024-09-22,South,Tanvir Ahmed,Furniture,Desk,Retail Store,bKash,14.0,181.83,2545.62,2024-09,2024,763.69,Medium
11605,2025-07-20,East,Shakil Rahman,Apparel,Jeans,Wholesale,Bank Transfer,3.0,39.96,119.88,2025-07,2025,17.98,Small
11237,2025-12-14,North,Nusrat Jahan,Stationery,Notebook,Retail Store,Bank Transfer,18.0,2.19,39.42,2025-12,2025,5.91,Large
12744,2024-07-27,Central,Shakil Rahman,Grocery,Cooking Oil 1L,Online,Nagad,15.0,2.96,44.4,2024-07,2024,6.66,Large
10178,2024-05-20,East,Sadia Chowdhury,Furniture,Desk,Retail Store,bKash,5.0,165.47,827.35,2024-05,2024,248.2,Medium
10979,2024-01-10,West,Mim Akter,Electronics,Laptop,Retail Store,Bank Transfer,8.0,922.92,7383.36,2024-01,2024,2215.01,Medium
11626,2024-09-16,East,Imran Kabir,Apparel,T-Shirt,Online,Bank Transfer,12.0,16.57,198.84,2024-09,2024,29.83,Medium
12437,2024-10-26,South,Nusrat Jahan,Furniture,Office Chair,Distributor,Bank Transfer,6.0,115.95,695.7,2024-10,2024,208.71,Medium
11860,2025-01-11,North,Nusrat Jahan,Grocery,Cooking Oil 1L,Online,Nagad,10.0,2.79,27.9,2025-01,2025,4.18,Medium
10380,2025-04-18,Central,Arif Hossain,Grocery,Coffee Jar,Retail Store,Credit Card,4.0,7.71,30.84,2025-04,2025,4.63,Small
10102,2025-07-17,West,Sadia Chowdhury,Furniture,Bookshelf,Distributor,Bank Transfer,2.0,91.23,182.46,2025-07,2025,54.74,Small
12686,2024-04-28,South,Farzana Islam,Stationery,Backpack,Distributor,Credit Card,14.0,44.95,629.3,2024-04,2024,94.4,Medium
10750,2024-02-07,Central,Rakib Hasan,Stationery,Desk Organizer,Retail Store,Credit Card,24.0,16.84,404.16,2024-02,2024,60.62,Large
12288,2024-02-06,Central,Farzana Islam,Furniture,Bookshelf,Retail Store,Credit Card,9.0,88.48,796.32,2024-02,2024,238.9,Medium
10451,2025-12-04,East,Sadia Chowdhury,Electronics,Headphones,Distributor,Bank Transfer,5.0,59.14,295.7,2025-12,2025,88.71,Medium
10460,2025-06-07,Central,Sadia Chowdhury,Electronics,Laptop,Retail Store,Credit Card,3.0,918.76,2756.28,2025-06,2025,826.88,Small
10963,2024-05-27,North,Arif Hossain,Electronics,Laptop,Retail Store,Cash,6.0,819.31,4915.86,2024-05,2024,1474.76,Medium
10784,2025-12-27,Central,Arif Hossain,Grocery,Coffee Jar,Online,Bank Transfer,18.0,7.49,134.82,2025-12,2025,20.22,Large
12625,2024-05-31,East,Shakil Rahman,Stationery,Desk Organizer,Wholesale,bKash,23.0,20.05,461.15,2024-05,2024,69.17,Large
10306,2025-01-24,North,Imran Kabir,Furniture,Bookshelf,Distributor,Nagad,11.0,90.91,1000.01,2025-01,2025,300.0,Medium
10261,2025-03-09,South,Unknown,Electronics,Monitor,Online,Credit Card,12.0,236.52,2838.24,2025-03,2025,851.47,Medium
12918,2024-11-08,West,Sadia Chowdhury,Furniture,Desk,Wholesale,Bank Transfer,7.0,204.27,1429.89,2024-11,2024,428.97,Medium
10468,2025-12-22,North,Shakil Rahman,Grocery,Rice 5kg,Distributor,Credit Card,22.0,8.25,181.5,2025-12,2025,27.22,Large
12523,2024-10-04,East,Farzana Islam,Furniture,Sofa,Online,bKash,10.0,439.09,4390.9,2024-10,2024,1317.27,Medium
11997,2025-10-08,West,Tanvir Ahmed,Apparel,T-Shirt,Wholesale,Cash,13.0,14.09,183.17,2025-10,2025,27.48,Medium
10570,2024-05-17,North,Rakib Hasan,Furniture,Sofa,Wholesale,Bank Transfer,21.0,463.16,9726.36,2024-05,2024,2917.91,Large
11988,2025-01-13,East,Arif Hossain,Grocery,Cooking Oil 1L,Retail Store,Cash,22.0,2.74,60.28,2025-01,2025,9.04,Large
10770,2024-10-29,West,Rakib Hasan,Grocery,Coffee Jar,Distributor,bKash,20.0,6.57,131.4,2024-10,2024,19.71,Large
10939,2025-10-26,South,Arif Hossain,Grocery,Coffee Jar,Wholesale,Cash,13.0,7.66,99.58,2025-10,2025,14.94,Medium
11162,2024-07-08,East,Lamia Sultana,Apparel,Sneakers,Online,Bank Transfer,9.0,62.54,562.86,2024-07,2024,84.43,Medium
11845,2025-01-25,North,Imran Kabir,Electronics,Tablet,Distributor,Cash,1.0,306.82,306.82,2025-01,2025,92.05,Small
11664,2025-05-24,West,Lamia Sultana,Apparel,Cap,Wholesale,Cash,25.0,9.72,243.0,2025-05,2025,36.45,Large
11286,2025-05-14,South,Sadia Chowdhury,Electronics,Monitor,Wholesale,bKash,4.0,216.72,866.88,2025-05,2025,260.06,Small
10709,2025-07-16,South,Shakil Rahman,Stationery,Desk Organizer,Online,Cash,2.0,16.2,32.4,2025-07,2025,4.86,Small
12472,2024-03-14,South,Rakib Hasan,Apparel,Cap,Distributor,Credit Card,11.0,11.31,124.41,2024-03,2024,18.66,Medium
12316,2024-06-13,East,Mim Akter,Grocery,Cooking Oil 1L,Online,bKash,21.0,2.96,62.16,2024-06,2024,9.32,Large
12817,2024-06-18,South,Imran Kabir,Electronics,Tablet,Retail Store,Nagad,20.0,340.94,6818.8,2024-06,2024,2045.64,Large
10112,2025-12-23,West,Tanvir Ahmed,Grocery,Cooking Oil 1L,Distributor,Bank Transfer,13.0,2.99,38.87,2025-12,2025,5.83,Medium
10685,2024-08-31,East,Imran Kabir,Apparel,T-Shirt,Online,Bank Transfer,12.0,15.19,182.28,2024-08,2024,27.34,Medium
12477,2024-03-06,Unknown,Shakil Rahman,Stationery,Notebook,Retail Store,bKash,21.0,1.84,38.64,2024-03,2024,5.8,Large
10590,2024-07-11,East,Arif Hossain,Stationery,Backpack,Distributor,Bank Transfer,3.0,37.82,113.46,2024-07,2024,17.02,Small
10621,2024-01-23,East,Nusrat Jahan,Apparel,T-Shirt,Retail Store,Cash,25.0,16.58,414.5,2024-01,2024,62.18,Large
12392,2025-09-14,South,Rakib Hasan,Furniture,Desk,Online,Credit Card,10.0,173.42,1734.2,2025-09,2025,520.26,Medium
11557,2024-11-18,South,Shakil Rahman,Apparel,Jacket,Distributor,Cash,15.0,63.51,952.65,2024-11,2024,142.9,Large
11848,2024-04-02,West,Mim Akter,Furniture,Office Chair,Online,bKash,23.0,135.48,3116.04,2024-04,2024,934.81,Large
10045,2025-11-16,North,Rakib Hasan,Furniture,Sofa,Distributor,Bank Transfer,24.0,496.21,11909.04,2025-11,2025,3572.71,Large
10486,2025-06-19,Central,Shakil Rahman,Stationery,Desk Organizer,Wholesale,Credit Card,4.0,16.31,65.24,2025-06,2025,9.79,Small
11231,2024-10-07,South,Farzana Islam,Apparel,Jacket,Retail Store,Credit Card,13.0,67.3628448275862,777.79,2024-10,2024,116.67,Medium
11219,2025-07-14,North,Tanvir Ahmed,Stationery,Desk Organizer,Retail Store,Cash,3.0,18.45,55.35,2025-07,2025,8.3,Small
11275,2024-01-05,North,Shakil Rahman,Furniture,Dining Table,Online,Nagad,15.0,339.88,5098.2,2024-01,2024,1529.46,Large
12049,2025-02-25,North,Sadia Chowdhury,Grocery,Cooking Oil 1L,Retail Store,Bank Transfer,22.0,2.8,61.6,2025-02,2025,9.24,Large
10865,2024-08-11,Central,Imran Kabir,Apparel,Jacket,Retail Store,Bank Transfer,5.0,60.24,301.2,2024-08,2024,45.18,Medium
12096,2024-06-02,South,Farzana Islam,Stationery,Backpack,Distributor,Credit Card,25.0,39.54,988.5,2024-06,2024,148.28,Large
12601,2025-12-12,South,Arif Hossain,Grocery,Rice 5kg,Wholesale,Bank Transfer,21.0,7.54,158.34,2025-12,2025,23.75,Large
12555,2024-02-22,South,Arif Hossain,Apparel,Cap,Online,Nagad,6.0,9.36,56.16,2024-02,2024,8.42,Medium
10489,2025-12-13,Central,Imran Kabir,Stationery,Pen Set,Retail Store,Nagad,10.0,6.44,64.4,2025-12,2025,9.66,Medium
12532,2025-10-10,North,Sadia Chowdhury,Furniture,Office Chair,Retail Store,bKash,15.0,122.84,1842.6,2025-10,2025,552.78,Large
10456,2025-11-09,North,Shakil Rahman,Furniture,Desk,Wholesale,Credit Card,17.0,174.15,2960.55,2025-11,2025,888.17,Large
11655,2025-11-30,Central,Nusrat Jahan,Grocery,Cooking Oil 1L,Distributor,Credit Card,5.0,3.15,15.75,2025-11,2025,2.36,Medium
11043,2024-07-18,Unknown,Imran Kabir,Electronics,Monitor,Distributor,Bank Transfer,1.0,200.08,2601.04,2024-07,2024,780.31,Small
10955,2025-09-12,West,Unknown,Apparel,Cap,Wholesale,Bank Transfer,5.0,10.195076923076922,54.5,2025-09,2025,8.17,Medium
10338,2025-01-19,West,Rakib Hasan,Furniture,Sofa,Distributor,Bank Transfer,15.0,413.5,6202.5,2025-01,2025,1860.75,Large
11767,2025-06-07,South,Lamia Sultana,Electronics,Monitor,Distributor,bKash,1.0,215.04,215.04,2025-06,2025,64.51,Small
11429,2024-08-15,West,Shakil Rahman,Stationery,Desk Organizer,Wholesale,Credit Card,14.0,18.72,262.08,2024-08,2024,39.31,Medium
12509,2024-10-09,Central,Mim Akter,Grocery,Tea Pack,Distributor,Bank Transfer,3.0,4.55,13.65,2024-10,2024,2.05,Small
12773,2025-11-20,West,Imran Kabir,Grocery,Rice 5kg,Retail Store,bKash,4.0,7.61,30.44,2025-11,2025,4.57,Small
12979,2025-03-08,East,Farzana Islam,Stationery,Notebook,Online,bKash,21.0,2.19,45.99,2025-03,2025,6.9,Large
11191,2024-07-04,South,Imran Kabir,Stationery,Pen Set,Distributor,Nagad,22.0,6.04,132.88,2024-07,2024,19.93,Large
11314,2024-12-29,East,Nusrat Jahan,Stationery,Notebook,Online,Bank Transfer,8.0,2.21,17.68,2024-12,2024,2.65,Medium
12831,2025-03-14,South,Nusrat Jahan,Grocery,Coffee Jar,Retail Store,bKash,2.0,6.97,13.94,2025-03,2025,2.09,Small
11072,2025-03-22,Unknown,Lamia Sultana,Electronics,Laptop,Retail Store,bKash,9.0,928.89,8360.01,2025-03,2025,2508.0,Medium
11006,2024-07-18,North,Rakib Hasan,Electronics,Smartwatch,Distributor,Bank Transfer,21.0,156.96,3296.16,2024-07,2024,988.85,Large
12734,2025-09-26,North,Mim Akter,Furniture,Desk,Distributor,bKash,2.0,174.58,349.16,2025-09,2025,104.75,Small
10881,2024-07-30,West,Imran Kabir,Apparel,Jacket,Retail Store,Bank Transfer,20.0,62.0,1240.0,2024-07,2024,186.0,Large
11233,2025-05-03,East,Rakib Hasan,Grocery,Tea Pack,Retail Store,Cash,16.0,4.08,65.28,2025-05,2025,9.79,Large
10445,2025-05-14,South,Mim Akter,Stationery,Desk Organizer,Retail Store,Credit Card,11.0,19.04,209.44,2025-05,2025,31.42,Medium
10370,2025-02-23,Central,Nusrat Jahan,Grocery,Cooking Oil 1L,Retail Store,Credit Card,1.0,2.87,2.87,2025-02,2025,0.43,Small
10417,2024-03-21,South,Rakib Hasan,Furniture,Desk,Online,Bank Transfer,22.0,181.59,3994.98,2024-03,2024,1198.49,Large
11506,2025-11-25,Central,Tanvir Ahmed,Furniture,Bookshelf,Wholesale,bKash,10.0,87.14,871.4,2025-11,2025,261.42,Medium
11202,2025-01-09,Central,Rakib Hasan,Electronics,Tablet,Online,bKash,5.0,275.92,1379.6,2025-01,2025,413.88,Medium
10298,2025-09-25,South,Lamia Sultana,Grocery,Coffee Jar,Wholesale,Credit Card,10.0,7.7,77.0,2025-09,2025,11.55,Medium
11863,2024-09-15,South,Tanvir Ahmed,Grocery,Cooking Oil 1L,Retail Store,Bank Transfer,16.0,3.0654621848739496,48.0,2024-09,2024,7.2,Large
11620,2024-03-26,East,Imran Kabir,Apparel,Cap,Distributor,Cash,1.0,9.25,9.25,2024-03,2024,1.39,Small
12875,2024-05-30,North,Shakil Rahman,Stationery,Desk Organizer,Wholesale,bKash,1.0,17.61,17.61,2024-05,2024,2.64,Small
12963,2024-10-10,East,Arif Hossain,Furniture,Dining Table,Wholesale,Nagad,4.0,364.92,1459.68,2024-10,2024,437.9,Small
11217,2025-01-03,West,Rakib Hasan,Stationery,Backpack,Distributor,Cash,20.0,44.56,891.2,2025-01,2025,133.68,Large
10304,2024-09-10,South,Farzana Islam,Apparel,Sneakers,Retail Store,Bank Transfer,14.0,53.62,750.68,2024-09,2024,112.6,Medium
12701,2024-11-21,North,Nusrat Jahan,Furniture,Sofa,Online,Bank Transfer,10.0,515.1,5151.0,2024-11,2024,1545.3,Medium
12777,2024-10-26,West,Nusrat Jahan,Grocery,Rice 5kg,Distributor,Nagad,6.0,8.45,50.7,2024-10,2024,7.6,Medium
12681,2024-07-05,West,Imran Kabir,Furniture,Office Chair,Online,Credit Card,10.0,124.41,1244.1,2024-07,2024,373.23,Medium
11090,2025-09-19,South,Lamia Sultana,Apparel,Sneakers,Wholesale,Bank Transfer,3.0,54.29,162.87,2025-09,2025,24.43,Small
11619,2024-10-13,West,Imran Kabir,Furniture,Sofa,Online,Credit Card,24.0,487.4,11697.6,2024-10,2024,3509.28,Large
12870,2025-05-30,West,Shakil Rahman,Furniture,Dining Table,Distributor,Credit Card,17.0,393.75,6693.75,2025-05,2025,2008.12,Large
12333,2024-10-09,Central,Sadia Chowdhury,Furniture,Dining Table,Retail Store,Nagad,11.0,399.13,4390.43,2024-10,2024,1317.13,Medium
10838,2025-05-31,South,Shakil Rahman,Grocery,Coffee Jar,Wholesale,Bank Transfer,9.0,7.25,65.25,2025-05,2025,9.79,Medium
12041,2024-09-14,Central,Mim Akter,Furniture,Desk,Distributor,Credit Card,7.0,196.97,1378.79,2024-09,2024,413.64,Medium
11690,2025-03-18,East,Rakib Hasan,Furniture,Sofa,Distributor,Credit Card,10.0,421.2,4212.0,2025-03,2025,1263.6,Medium
10623,2024-09-19,East,Lamia Sultana,Furniture,Bookshelf,Retail Store,bKash,10.0,83.07,830.7,2024-09,2024,249.21,Medium
12428,2025-05-05,South,Farzana Islam,Furniture,Office Chair,Wholesale,Credit Card,11.0,117.04,1287.44,2025-05,2025,386.23,Medium
12746,2024-10-07,South,Imran Kabir,Grocery,Tea Pack,Retail Store,Bank Transfer,16.0,3.92,62.72,2024-10,2024,9.41,Large
12099,2025-07-24,West,Rakib Hasan,Stationery,Backpack,Retail Store,Cash,25.0,40.28,1007.0,2025-07,2025,151.05,Large
10203,2025-09-14,Central,Rakib Hasan,Grocery,Tea Pack,Online,bKash,22.0,4.38,96.36,2025-09,2025,14.45,Large
11717,2025-08-19,North,Mim Akter,Electronics,Laptop,Online,bKash,21.0,970.2,20374.2,2025-08,2025,6112.26,Large
11830,2025-10-05,South,Shakil Rahman,Stationery,Desk Organizer,Online,Bank Transfer,16.0,18.88,302.08,2025-10,2025,45.31,Large
10044,2024-06-07,North,Mim Akter,Furniture,Desk,Wholesale,Nagad,8.0,200.91,1607.28,2024-06,2024,482.18,Medium
11331,2024-10-17,West,Imran Kabir,Electronics,Tablet,Retail Store,Credit Card,15.0,279.01,4185.15,2024-10,2024,1255.54,Large
10186,2025-01-30,West,Arif Hossain,Grocery,Rice 5kg,Distributor,bKash,3.0,7.95,23.85,2025-01,2025,3.58,Small
11927,2024-07-08,North,Tanvir Ahmed,Apparel,Sneakers,Distributor,Cash,23.0,50.78,1167.94,2024-07,2024,175.19,Large
12511,2025-07-03,East,Nusrat Jahan,Grocery,Snack Box,Wholesale,Nagad,18.0,4.63,83.34,2025-07,2025,12.5,Large
10291,2025-03-20,North,Rakib Hasan,Electronics,Monitor,Online,Bank Transfer,21.0,241.14,5063.94,2025-03,2025,1519.18,Large
12609,2024-01-07,South,Arif Hossain,Electronics,Smartwatch,Online,Bank Transfer,15.0,144.63,2169.45,2024-01,2024,650.83,Large
12436,2024-07-14,North,Nusrat Jahan,Stationery,Backpack,Distributor,bKash,14.0,37.58,526.12,2024-07,2024,78.92,Medium
12980,2025-10-26,North,Arif Hossain,Stationery,Desk Organizer,Retail Store,Credit Card,16.0,16.23,259.68,2025-10,2025,38.95,Large
12907,2025-12-16,South,Nusrat Jahan,Grocery,Cooking Oil 1L,Retail Store,Nagad,1.0,2.86,45.76,2025-12,2025,6.86,Small
10297,2025-05-17,East,Tanvir Ahmed,Stationery,Desk Organizer,Distributor,Bank Transfer,8.0,17.8,142.4,2025-05,2025,21.36,Medium
12357,2025-11-13,East,Sadia Chowdhury,Furniture,Desk,Retail Store,Cash,2.0,178.41,356.82,2025-11,2025,107.05,Small
10528,2025-10-20,South,Nusrat Jahan,Furniture,Sofa,Online,Nagad,9.0,428.8,3859.2,2025-10,2025,1157.76,Medium
10201,2025-12-07,East,Sadia Chowdhury,Apparel,Jacket,Wholesale,bKash,15.0,64.21,963.15,2025-12,2025,144.47,Large
10050,2025-08-13,Central,Arif Hossain,Apparel,Sneakers,Online,Bank Transfer,7.0,53.0,371.0,2025-08,2025,55.65,Medium
11834,2024-08-13,East,Imran Kabir,Stationery,Backpack,Retail Store,bKash,20.0,42.04,840.8,2024-08,2024,126.12,Large
11700,2024-06-03,North,Mim Akter,Electronics,Headphones,Distributor,bKash,7.0,58.61,410.27,2024-06,2024,123.08,Medium
12108,2025-10-14,West,Nusrat Jahan,Grocery,Cooking Oil 1L,Wholesale,Bank Transfer,15.0,3.24,48.6,2025-10,2025,7.29,Large
12859,2025-07-05,North,Sadia Chowdhury,Stationery,Backpack,Retail Store,bKash,19.0,39.47,749.93,2025-07,2025,112.49,Large
10122,2025-01-28,East,Sadia Chowdhury,Apparel,Sneakers,Distributor,bKash,16.0,50.97,815.52,2025-01,2025,122.33,Large
11321,2025-11-17,North,Imran Kabir,Stationery,Backpack,Retail Store,Bank Transfer,1.0,40.63,40.63,2025-11,2025,6.09,Small
11870,2024-07-02,West,Sadia Chowdhury,Stationery,Notebook,Wholesale,Nagad,22.0,2.19,48.18,2024-07,2024,7.23,Large
10810,2025-12-08,West,Farzana Islam,Grocery,Tea Pack,Distributor,Nagad,1.0,4.45,4.45,2025-12,2025,0.67,Small
11663,2025-05-17,West,Imran Kabir,Apparel,Sneakers,Wholesale,Credit Card,1.0,56.25,56.25,2025-05,2025,8.44,Small
12254,2024-03-04,East,Imran Kabir,Apparel,Jeans,Online,Cash,24.0,33.56,805.44,2024-03,2024,120.82,Large
11016,2024-08-28,South,Nusrat Jahan,Stationery,Notebook,Retail Store,Bank Transfer,1.0,1.91,24.83,2024-08,2024,3.72,Small
10095,2024-04-27,South,Shakil Rahman,Grocery,Rice 5kg,Retail Store,Bank Transfer,18.0,7.65,137.7,2024-04,2024,20.65,Large
10092,2024-04-11,West,Shakil Rahman,Apparel,Cap,Online,Nagad,25.0,9.52,238.0,2024-04,2024,35.7,Large
10973,2025-07-23,North,Imran Kabir,Electronics,Headphones,Online,bKash,9.0,67.17,604.53,2025-07,2025,181.36,Medium
10471,2024-09-03,South,Farzana Islam,Grocery,Coffee Jar,Wholesale,Cash,11.0,8.0,88.0,2024-09,2024,13.2,Medium
11034,2025-02-02,Central,Imran Kabir,Electronics,Smartphone,Wholesale,Credit Card,7.0,372.99,2610.93,2025-02,2025,783.28,Medium
10592,2024-04-14,South,Tanvir Ahmed,Apparel,T-Shirt,Online,bKash,10.0,14.51,145.1,2024-04,2024,21.76,Medium
10523,2025-05-14,West,Mim Akter,Stationery,Pen Set,Online,bKash,8.0,5.49,43.92,2025-05,2025,6.59,Medium
11503,2025-10-30,West,Tanvir Ahmed,Apparel,Sneakers,Retail Store,Cash,24.0,61.64,1479.36,2025-10,2025,221.9,Large
11838,2024-09-01,South,Shakil Rahman,Furniture,Desk,Online,Credit Card,22.0,175.88,3869.36,2024-09,2024,1160.81,Large
12343,2024-03-13,Central,Arif Hossain,Stationery,Notebook,Retail Store,bKash,22.0,1.81,39.82,2024-03,2024,5.97,Large
12130,2025-05-30,Central,Sadia Chowdhury,Electronics,Headphones,Wholesale,Nagad,17.0,66.95,1138.15,2025-05,2025,341.44,Large
11069,2024-12-07,East,Imran Kabir,Apparel,Sneakers,Wholesale,Credit Card,5.0,59.33,296.65,2024-12,2024,44.5,Medium
10070,2025-06-07,East,Farzana Islam,Apparel,Sneakers,Wholesale,Credit Card,2.0,63.25,126.5,2025-06,2025,18.97,Small
11669,2024-07-29,Central,Tanvir Ahmed,Furniture,Dining Table,Online,Bank Transfer,23.0,325.18,7479.14,2024-07,2024,2243.74,Large
12119,2025-08-01,South,Nusrat Jahan,Electronics,Tablet,Wholesale,bKash,21.0,313.69,6587.49,2025-08,2025,1976.25,Large
10648,2024-11-21,North,Arif Hossain,Furniture,Bookshelf,Online,bKash,5.0,97.36,486.8,2024-11,2024,146.04,Medium
10759,2024-12-22,South,Sadia Chowdhury,Electronics,Smartwatch,Online,Cash,14.0,135.17,1892.38,2024-12,2024,567.71,Medium
12654,2024-11-21,West,Imran Kabir,Grocery,Rice 5kg,Retail Store,bKash,25.0,7.4,185.0,2024-11,2024,27.75,Large
10785,2024-11-07,West,Lamia Sultana,Stationery,Backpack,Distributor,Credit Card,15.0,36.87,553.05,2024-11,2024,82.96,Large
11538,2025-10-25,Central,Mim Akter,Stationery,Backpack,Wholesale,Bank Transfer,6.0,44.71,268.26,2025-10,2025,40.24,Medium
12958,2024-04-02,East,Rakib Hasan,Stationery,Backpack,Online,bKash,12.0,45.11,541.32,2024-04,2024,81.2,Medium
12125,2024-04-29,East,Shakil Rahman,Stationery,Backpack,Wholesale,Nagad,6.0,44.93,269.58,2024-04,2024,40.44,Medium
12589,2025-02-18,Central,Nusrat Jahan,Grocery,Tea Pack,Retail Store,bKash,10.0,4.36,43.6,2025-02,2025,6.54,Medium
11951,2024-01-21,East,Arif Hossain,Apparel,T-Shirt,Distributor,Bank Transfer,3.0,15.63,46.89,2024-01,2024,7.03,Small
12719,2025-03-11,North,Mim Akter,Stationery,Pen Set,Retail Store,Credit Card,19.0,5.41,102.79,2025-03,2025,15.42,Large
11444,2024-12-24,West,Lamia Sultana,Electronics,Smartwatch,Retail Store,Credit Card,21.0,155.97,3275.37,2024-12,2024,982.61,Large
12391,2024-05-28,East,Sadia Chowdhury,Grocery,Cooking Oil 1L,Distributor,bKash,7.0,3.43,24.01,2024-05,2024,3.6,Medium
10371,2024-04-16,East,Tanvir Ahmed,Apparel,T-Shirt,Wholesale,Cash,7.0,15.49,108.43,2024-04,2024,16.26,Medium
11278,2025-12-14,Central,Tanvir Ahmed,Apparel,Sneakers,Wholesale,Cash,15.0,56.28,844.2,2025-12,2025,126.63,Large
11200,2024-05-21,South,Nusrat Jahan,Stationery,Desk Organizer,Retail Store,Credit Card,4.0,20.53,82.12,2024-05,2024,12.32,Small
12284,2024-09-19,East,Tanvir Ahmed,Grocery,Snack Box,Online,Bank Transfer,23.0,5.54,127.42,2024-09,2024,19.11,Large
10020,2025-07-06,Central,Lamia Sultana,Furniture,Bookshelf,Wholesale,bKash,25.0,97.42,2435.5,2025-07,2025,730.65,Large
11730,2025-01-29,West,Sadia Chowdhury,Grocery,Coffee Jar,Retail Store,bKash,14.0,7.96,111.44,2025-01,2025,16.72,Medium
12234,2024-03-27,Central,Lamia Sultana,Grocery,Tea Pack,Wholesale,Nagad,15.0,4.04,60.6,2024-03,2024,9.09,Large
12442,2025-02-04,South,Rakib Hasan,Apparel,T-Shirt,Distributor,Bank Transfer,11.0,14.18,155.98,2025-02,2025,23.4,Medium
12241,2025-11-17,South,Shakil Rahman,Grocery,Tea Pack,Distributor,Cash,12.0,3.86,46.32,2025-11,2025,6.95,Medium
11437,2024-05-10,North,Imran Kabir,Stationery,Notebook,Online,Bank Transfer,25.0,1.81,45.25,2024-05,2024,6.79,Large
12154,2025-09-22,South,Tanvir Ahmed,Apparel,T-Shirt,Online,Credit Card,12.0,16.9,202.8,2025-09,2025,30.42,Medium
12948,2025-04-26,North,Arif Hossain,Stationery,Desk Organizer,Retail Store,Cash,2.0,19.49,38.98,2025-04,2025,5.85,Small
12055,2025-11-16,South,Imran Kabir,Grocery,Rice 5kg,Retail Store,Nagad,11.0,7.46,82.06,2025-11,2025,12.31,Medium
10791,2025-04-11,North,Unknown,Apparel,Jacket,Distributor,Cash,6.0,68.55,411.3,2025-04,2025,61.7,Medium
11661,2025-07-30,Central,Farzana Islam,Stationery,Notebook,Distributor,Nagad,19.0,2.15,40.85,2025-07,2025,6.13,Large
10668,2025-10-30,North,Rakib Hasan,Stationery,Pen Set,Retail Store,Credit Card,12.0,5.46,65.52,2025-10,2025,9.83,Medium
12402,2024-11-24,West,Lamia Sultana,Electronics,Smartwatch,Retail Store,Nagad,15.0,155.52,2332.8,2024-11,2024,699.84,Large
11394,2024-05-10,Central,Imran Kabir,Furniture,Dining Table,Wholesale,Cash,13.0,375.98,4887.74,2024-05,2024,1466.32,Medium
11677,2024-05-10,North,Arif Hossain,Grocery,Cooking Oil 1L,Wholesale,bKash,17.0,3.45,58.65,2024-05,2024,8.8,Large
10317,2025-04-11,South,Mim Akter,Electronics,Laptop,Distributor,Cash,7.0,875.74,6130.18,2025-04,2025,1839.05,Medium
10145,2025-09-03,Central,Lamia Sultana,Furniture,Bookshelf,Distributor,Bank Transfer,17.0,87.64,1489.88,2025-09,2025,446.96,Large
11708,2025-01-08,Central,Lamia Sultana,Grocery,Rice 5kg,Wholesale,bKash,9.0,7.58,68.22,2025-01,2025,10.23,Medium
12100,2025-07-05,Central,Arif Hossain,Electronics,Headphones,Wholesale,Bank Transfer,15.0,58.19,872.85,2025-07,2025,261.86,Large
12036,2025-06-16,East,Lamia Sultana,Stationery,Pen Set,Distributor,bKash,5.0,6.39,31.95,2025-06,2025,4.79,Medium
10613,2025-12-26,North,Mim Akter,Electronics,Tablet,Wholesale,Cash,2.0,331.77,663.54,2025-12,2025,199.06,Small
11441,2025-04-18,Central,Mim Akter,Stationery,Pen Set,Distributor,Bank Transfer,7.0,6.8,47.6,2025-04,2025,7.14,Medium
12884,2025-12-07,West,Shakil Rahman,Electronics,Monitor,Online,Nagad,19.0,204.64,3888.16,2025-12,2025,1166.45,Large
10427,2025-06-20,Unknown,Arif Hossain,Furniture,Office Chair,Wholesale,bKash,19.0,108.87,2068.53,2025-06,2025,620.56,Large
11704,2025-04-29,North,Tanvir Ahmed,Furniture,Sofa,Retail Store,Bank Transfer,13.0,458.65,5962.45,2025-04,2025,1788.74,Medium
12231,2025-01-05,Central,Nusrat Jahan,Electronics,Monitor,Distributor,Cash,25.0,251.9,6297.5,2025-01,2025,1889.25,Large
10336,2025-11-26,East,Lamia Sultana,Apparel,Jacket,Distributor,Nagad,4.0,60.7,242.8,2025-11,2025,36.42,Small
10805,2025-02-28,North,Tanvir Ahmed,Stationery,Desk Organizer,Wholesale,Cash,6.0,18.7,112.2,2025-02,2025,16.83,Medium
12487,2025-12-08,Central,Lamia Sultana,Grocery,Snack Box,Distributor,Nagad,17.0,4.62,78.54,2025-12,2025,11.78,Large
10951,2024-05-03,North,Lamia Sultana,Stationery,Backpack,Wholesale,Credit Card,12.0,41.72,500.64,2024-05,2024,75.1,Medium
10868,2025-12-08,North,Lamia Sultana,Apparel,Jacket,Online,Credit Card,22.0,62.39,1372.58,2025-12,2025,205.89,Large
10180,2024-02-14,South,Lamia Sultana,Furniture,Desk,Retail Store,Bank Transfer,14.0,178.39,2497.46,2024-02,2024,749.24,Medium
10234,2025-09-03,Unknown,Imran Kabir,Apparel,Jacket,Distributor,Credit Card,16.0,62.81,1004.96,2025-09,2025,150.74,Large
12450,2025-04-10,North,Lamia Sultana,Apparel,Sneakers,Online,Credit Card,23.0,51.74,1190.02,2025-04,2025,178.5,Large
12622,2025-02-17,West,Shakil Rahman,Furniture,Office Chair,Online,Credit Card,19.0,130.11,2472.09,2025-02,2025,741.63,Large
10461,2025-04-20,South,Sadia Chowdhury,Electronics,Headphones,Distributor,Cash,2.0,55.5,111.0,2025-04,2025,33.3,Small
11165,2025-08-23,North,Rakib Hasan,Grocery,Rice 5kg,Online,Credit Card,21.0,8.83,185.43,2025-08,2025,27.81,Large
12938,2025-03-14,West,Tanvir Ahmed,Stationery,Backpack,Distributor,Nagad,22.0,40.44,889.68,2025-03,2025,133.45,Large
11884,2025-01-20,East,Rakib Hasan,Stationery,Pen Set,Distributor,Nagad,3.0,5.55,16.65,2025-01,2025,2.5,Small
11376,2024-10-09,North,Sadia Chowdhury,Stationery,Backpack,Retail Store,Cash,9.0,44.69,402.21,2024-10,2024,60.33,Medium
12547,2025-03-29,West,Sadia Chowdhury,Apparel,Jacket,Online,Bank Transfer,24.0,64.66,1551.84,2025-03,2025,232.78,Large
10928,2024-12-29,South,Sadia Chowdhury,Electronics,Smartwatch,Distributor,Cash,25.0,136.75,3418.75,2024-12,2024,1025.62,Large
10090,2024-09-11,South,Lamia Sultana,Electronics,Smartphone,Distributor,Credit Card,4.0,415.81,1663.24,2024-09,2024,498.97,Small
12053,2025-02-14,East,Rakib Hasan,Furniture,Bookshelf,Retail Store,Cash,4.0,91.51,366.04,2025-02,2025,109.81,Small
10774,2025-06-27,North,Sadia Chowdhury,Grocery,Rice 5kg,Online,Bank Transfer,13.0,8.16,106.08,2025-06,2025,15.91,Medium
10729,2025-04-04,Central,Imran Kabir,Apparel,Jeans,Online,Cash,13.0,37.44,486.72,2025-04,2025,73.01,Medium
11874,2024-09-28,North,Farzana Islam,Apparel,Jeans,Retail Store,Credit Card,24.0,35.72,857.28,2024-09,2024,128.59,Large
10985,2025-02-20,West,Tanvir Ahmed,Grocery,Rice 5kg,Distributor,Bank Transfer,9.0,7.44,66.96,2025-02,2025,10.04,Medium
11824,2025-09-19,East,Lamia Sultana,Grocery,Tea Pack,Wholesale,bKash,5.0,4.4,22.0,2025-09,2025,3.3,Medium
12767,2024-03-27,North,Nusrat Jahan,Apparel,T-Shirt,Online,Credit Card,19.0,14.32,272.08,2024-03,2024,40.81,Large
11317,2024-07-06,North,Shakil Rahman,Apparel,Jacket,Wholesale,Nagad,13.0,71.21,925.73,2024-07,2024,138.86,Medium
11885,2024-04-04,North,Rakib Hasan,Electronics,Monitor,Wholesale,Bank Transfer,23.0,233.64,5373.72,2024-04,2024,1612.12,Large
10419,2025-08-24,Central,Sadia Chowdhury,Apparel,Jacket,Online,Nagad,17.0,71.2,1210.4,2025-08,2025,181.56,Large
11510,2024-04-06,East,Mim Akter,Electronics,Headphones,Distributor,Bank Transfer,15.0,66.82,1002.3,2024-04,2024,300.69,Large
10014,2025-04-24,North,Imran Kabir,Grocery,Snack Box,Wholesale,Nagad,17.0,4.81,81.77,2025-04,2025,12.27,Large
10374,2025-09-11,Central,Lamia Sultana,Grocery,Rice 5kg,Online,Bank Transfer,5.0,7.67,38.35,2025-09,2025,5.75,Medium
10646,2025-10-30,East,Unknown,Apparel,Cap,Retail Store,bKash,5.0,10.45,52.25,2025-10,2025,7.84,Medium
11142,2024-12-12,West,Rakib Hasan,Grocery,Coffee Jar,Distributor,Credit Card,22.0,6.74,148.28,2024-12,2024,22.24,Large
10659,2025-08-22,West,Farzana Islam,Furniture,Sofa,Online,bKash,23.0,457.0700862068965,10728.81,2025-08,2025,3218.64,Large
10051,2025-03-17,Central,Arif Hossain,Grocery,Rice 5kg,Retail Store,Cash,3.0,9.1,27.3,2025-03,2025,4.1,Small
10026,2024-07-15,West,Mim Akter,Electronics,Laptop,Online,bKash,7.0,878.96,6152.72,2024-07,2024,1845.82,Medium
10968,2025-07-22,North,Shakil Rahman,Grocery,Cooking Oil 1L,Online,bKash,21.0,3.29,69.09,2025-07,2025,10.36,Large
10931,2025-06-02,East,Rakib Hasan,Electronics,Smartphone,Distributor,Bank Transfer,16.0,433.26,6932.16,2025-06,2025,2079.65,Large
10982,2024-07-17,Central,Sadia Chowdhury,Apparel,Cap,Retail Store,Nagad,22.0,10.85,238.7,2024-07,2024,35.8,Large
12387,2025-04-15,West,Farzana Islam,Electronics,Tablet,Online,Nagad,2.0,308.36,616.72,2025-04,2025,185.02,Small
12274,2024-12-20,East,Rakib Hasan,Apparel,Jacket,Online,Nagad,22.0,63.27,1391.94,2024-12,2024,208.79,Large
11778,2025-03-21,West,Tanvir Ahmed,Furniture,Desk,Online,Nagad,18.0,204.85,3687.3,2025-03,2025,1106.19,Large
12587,2025-01-27,West,Arif Hossain,Electronics,Monitor,Online,Credit Card,9.0,240.66,2165.94,2025-01,2025,649.78,Medium
12840,2024-01-31,South,Rakib Hasan,Stationery,Notebook,Wholesale,Credit Card,1.0,2.25,2.25,2024-01,2024,0.34,Small
12147,2024-09-10,South,Sadia Chowdhury,Electronics,Laptop,Online,bKash,7.0,855.07,5985.49,2024-09,2024,1795.65,Medium
12435,2024-03-27,East,Imran Kabir,Furniture,Bookshelf,Wholesale,bKash,3.0,86.01,258.03,2024-03,2024,77.41,Small
11446,2025-08-29,West,Shakil Rahman,Apparel,Cap,Retail Store,Credit Card,5.0,9.26,46.3,2025-08,2025,6.94,Medium
11807,2025-05-01,North,Farzana Islam,Grocery,Rice 5kg,Distributor,Cash,13.0,8.21,106.73,2025-05,2025,16.01,Medium
11581,2024-06-28,South,Imran Kabir,Grocery,Cooking Oil 1L,Online,Credit Card,17.0,3.38,57.46,2024-06,2024,8.62,Large
12086,2024-12-17,Central,Mim Akter,Apparel,Jeans,Wholesale,bKash,13.0,32.97,428.61,2024-12,2024,64.29,Medium
10399,2024-08-14,South,Lamia Sultana,Stationery,Notebook,Distributor,Nagad,21.0,2.08,43.68,2024-08,2024,6.55,Large
11330,2025-11-14,East,Unknown,Grocery,Tea Pack,Wholesale,Cash,9.0,3.99,35.91,2025-11,2025,5.39,Medium
12596,2024-10-10,East,Farzana Islam,Grocery,Snack Box,Retail Store,bKash,18.0,5.69,102.42,2024-10,2024,15.36,Large
10361,2025-01-15,East,Arif Hossain,Furniture,Sofa,Distributor,bKash,5.0,489.35,2446.75,2025-01,2025,734.02,Medium
10116,2025-08-10,North,Lamia Sultana,Grocery,Snack Box,Online,bKash,22.0,5.65,124.3,2025-08,2025,18.64,Large
11094,2025-01-27,West,Tanvir Ahmed,Electronics,Laptop,Retail Store,Cash,25.0,824.58,20614.5,2025-01,2025,6184.35,Large
11494,2025-01-08,East,Sadia Chowdhury,Grocery,Snack Box,Distributor,Nagad,4.0,5.48,21.92,2025-01,2025,3.29,Small
11311,2025-08-30,West,Tanvir Ahmed,Apparel,T-Shirt,Retail Store,Cash,4.0,13.7,54.8,2025-08,2025,8.22,Small
10484,2024-08-02,Central,Mim Akter,Stationery,Backpack,Retail Store,bKash,20.0,43.14,862.8,2024-08,2024,129.42,Large
12175,2024-08-09,West,Imran Kabir,Apparel,T-Shirt,Online,bKash,16.0,14.57,233.12,2024-08,2024,34.97,Large
11995,2024-10-31,East,Rakib Hasan,Grocery,Snack Box,Distributor,Bank Transfer,6.0,4.53,27.18,2024-10,2024,4.08,Medium
12063,2024-06-30,Central,Nusrat Jahan,Grocery,Cooking Oil 1L,Online,Nagad,18.0,3.21,57.78,2024-06,2024,8.67,Large
11116,2025-02-07,Central,Rakib Hasan,Electronics,Monitor,Wholesale,Credit Card,18.0,242.96,4373.28,2025-02,2025,1311.98,Large
11309,2025-12-02,East,Farzana Islam,Stationery,Backpack,Online,Bank Transfer,5.0,40.66,203.3,2025-12,2025,30.5,Medium
11639,2024-11-23,West,Mim Akter,Apparel,Jacket,Distributor,bKash,18.0,64.3,1157.4,2024-11,2024,173.61,Large
12496,2024-07-13,East,Farzana Islam,Grocery,Snack Box,Online,Credit Card,5.0,5.33,26.65,2024-07,2024,4.0,Medium
10574,2024-12-29,Central,Arif Hossain,Furniture,Dining Table,Retail Store,Cash,11.0,373.9,4112.9,2024-12,2024,1233.87,Medium
12745,2024-03-18,South,Rakib Hasan,Electronics,Smartwatch,Wholesale,Bank Transfer,23.0,143.59,3302.57,2024-03,2024,990.77,Large
10512,2025-11-18,Central,Sadia Chowdhury,Stationery,Notebook,Online,Cash,3.0,1.93,5.79,2025-11,2025,0.87,Small
10015,2024-04-24,North,Arif Hossain,Stationery,Notebook,Distributor,Cash,10.0,2.02,20.2,2024-04,2024,3.03,Medium
12881,2025-07-22,North,Rakib Hasan,Stationery,Backpack,Distributor,Bank Transfer,15.0,36.06,540.9,2025-07,2025,81.13,Large
10447,2025-03-20,West,Farzana Islam,Stationery,Pen Set,Retail Store,Nagad,21.0,6.04,126.84,2025-03,2025,19.03,Large
11462,2024-01-15,South,Lamia Sultana,Apparel,Jacket,Distributor,Nagad,22.0,65.05,1431.1,2024-01,2024,214.66,Large
10900,2025-02-12,North,Arif Hossain,Electronics,Monitor,Wholesale,Credit Card,9.0,207.79,1870.11,2025-02,2025,561.03,Medium
12064,2025-04-05,North,Mim Akter,Apparel,Sneakers,Retail Store,Nagad,24.0,49.82,1195.68,2025-04,2025,179.35,Large
11893,2025-04-17,East,Mim Akter,Grocery,Cooking Oil 1L,Retail Store,bKash,5.0,3.23,16.15,2025-04,2025,2.42,Medium
11504,2025-09-22,South,Lamia Sultana,Grocery,Rice 5kg,Distributor,Cash,17.0,8.28,140.76,2025-09,2025,21.11,Large
10164,2024-12-13,Central,Farzana Islam,Stationery,Desk Organizer,Wholesale,Cash,8.0,18.40890909090909,141.6,2024-12,2024,21.24,Medium
11345,2024-12-26,South,Nusrat Jahan,Stationery,Desk Organizer,Wholesale,Nagad,12.0,18.98,227.76,2024-12,2024,34.16,Medium
10797,2025-05-05,Central,Sadia Chowdhury,Stationery,Pen Set,Distributor,Credit Card,2.0,5.61,11.22,2025-05,2025,1.68,Small
12494,2024-08-07,Central,Lamia Sultana,Stationery,Pen Set,Wholesale,bKash,16.0,6.01,96.16,2024-08,2024,14.42,Large
12291,2025-07-12,Central,Tanvir Ahmed,Furniture,Sofa,Wholesale,Cash,14.0,409.38,5731.32,2025-07,2025,1719.4,Medium
10840,2025-11-06,North,Tanvir Ahmed,Grocery,Coffee Jar,Retail Store,Nagad,25.0,6.83,170.75,2025-11,2025,25.61,Large
12989,2024-11-11,North,Farzana Islam,Stationery,Pen Set,Distributor,Credit Card,16.0,6.83,109.28,2024-11,2024,16.39,Large
10925,2025-05-18,South,Nusrat Jahan,Grocery,Cooking Oil 1L,Retail Store,Nagad,4.0,3.3,13.2,2025-05,2025,1.98,Small
10490,2024-02-25,West,Imran Kabir,Electronics,Tablet,Distributor,Nagad,1.0,325.78,325.78,2024-02,2024,97.73,Small
12505,2024-11-29,Central,Arif Hossain,Furniture,Bookshelf,Retail Store,Cash,8.0,94.55,756.4,2024-11,2024,226.92,Medium
11794,2025-05-26,Central,Tanvir Ahmed,Grocery,Snack Box,Wholesale,Credit Card,11.0,4.94,54.34,2025-05,2025,8.15,Medium
11100,2025-02-08,Central,Lamia Sultana,Furniture,Dining Table,Retail Store,Credit Card,1.0,362.1,362.1,2025-02,2025,108.63,Small
11760,2024-10-03,West,Tanvir Ahmed,Stationery,Backpack,Wholesale,Nagad,2.0,38.0,76.0,2024-10,2024,11.4,Small
12323,2025-08-02,Central,Arif Hossain,Grocery,Tea Pack,Wholesale,Cash,6.0,3.69,22.14,2025-08,2025,3.32,Medium
12607,2025-11-01,North,Arif Hossain,Grocery,Snack Box,Wholesale,Credit Card,13.0,5.12,66.56,2025-11,2025,9.98,Medium
11427,2025-09-12,North,Lamia Sultana,Stationery,Pen Set,Wholesale,bKash,10.0,6.58,65.8,2025-09,2025,9.87,Medium
12364,2024-03-30,East,Lamia Sultana,Electronics,Smartwatch,Distributor,Nagad,11.0,141.95,1561.45,2024-03,2024,468.44,Medium
11383,2024-08-04,Central,Tanvir Ahmed,Apparel,Jeans,Online,Nagad,11.0,35.97,395.67,2024-08,2024,59.35,Medium
10622,2024-02-08,Central,Arif Hossain,Apparel,Cap,Retail Store,Credit Card,15.0,9.89,148.35,2024-02,2024,22.25,Large
11268,2024-01-31,West,Shakil Rahman,Apparel,Cap,Distributor,Bank Transfer,1.0,9.45,37.8,2024-01,2024,5.67,Small
10150,2024-04-16,Unknown,Lamia Sultana,Grocery,Rice 5kg,Distributor,Cash,19.0,8.21,155.99,2024-04,2024,23.4,Large
10143,2024-03-03,Central,Shakil Rahman,Electronics,Monitor,Wholesale,Credit Card,16.0,244.6,3913.6,2024-03,2024,1174.08,Large
12896,2025-01-09,South,Nusrat Jahan,Grocery,Rice 5kg,Distributor,Credit Card,17.0,7.93,134.81,2025-01,2025,20.22,Large
11810,2024-05-30,Central,Tanvir Ahmed,Grocery,Rice 5kg,Retail Store,bKash,10.0,7.47,74.7,2024-05,2024,11.2,Medium
12220,2025-10-02,East,Shakil Rahman,Furniture,Sofa,Online,Credit Card,21.0,442.58,9294.18,2025-10,2025,2788.25,Large
11926,2025-01-07,East,Imran Kabir,Furniture,Bookshelf,Online,Nagad,3.0,92.21,276.63,2025-01,2025,82.99,Small
12320,2024-09-07,North,Imran Kabir,Electronics,Smartwatch,Online,Cash,1.0,158.9,158.9,2024-09,2024,47.67,Small
10836,2024-07-02,North,Farzana Islam,Electronics,Laptop,Wholesale,Credit Card,13.0,893.47,11615.11,2024-07,2024,3484.53,Medium
12293,2025-10-07,South,Mim Akter,Stationery,Backpack,Retail Store,Bank Transfer,10.0,40.06,400.6,2025-10,2025,60.09,Medium
11178,2024-08-13,West,Shakil Rahman,Stationery,Notebook,Retail Store,Bank Transfer,11.0,1.93,21.23,2024-08,2024,3.18,Medium
11138,2024-05-19,West,Tanvir Ahmed,Apparel,Cap,Wholesale,Nagad,16.0,10.24,163.84,2024-05,2024,24.58,Large
10912,2025-02-08,North,Unknown,Stationery,Backpack,Online,Credit Card,4.0,36.13,144.52,2025-02,2025,21.68,Small
10185,2025-04-06,South,Imran Kabir,Grocery,Snack Box,Online,bKash,12.0,5.66,67.92,2025-04,2025,10.19,Medium
12318,2025-08-19,North,Sadia Chowdhury,Furniture,Bookshelf,Distributor,bKash,2.0,95.12,190.24,2025-08,2025,57.07,Small
10345,2025-11-02,West,Shakil Rahman,Furniture,Office Chair,Retail Store,Bank Transfer,3.0,123.64008620689656,387.33,2025-11,2025,116.2,Small
10521,2025-07-01,Central,Arif Hossain,Furniture,Sofa,Online,Bank Transfer,17.0,406.19,6905.23,2025-07,2025,2071.57,Large
11978,2025-03-28,South,Farzana Islam,Furniture,Desk,Retail Store,Nagad,3.0,181.0,543.0,2025-03,2025,162.9,Small
11802,2024-01-06,South,Sadia Chowdhury,Furniture,Office Chair,Wholesale,bKash,13.0,131.27,1706.51,2024-01,2024,511.95,Medium
10119,2024-03-21,Central,Rakib Hasan,Stationery,Desk Organizer,Retail Store,bKash,20.0,20.12,402.4,2024-03,2024,60.36,Large
12902,2024-03-11,North,Arif Hossain,Electronics,Smartwatch,Wholesale,Bank Transfer,23.0,150.17,3453.91,2024-03,2024,1036.17,Large
11133,2025-12-04,Central,Rakib Hasan,Grocery,Coffee Jar,Distributor,Credit Card,17.0,7.55,128.35,2025-12,2025,19.25,Large
11119,2024-03-27,North,Arif Hossain,Furniture,Desk,Distributor,Credit Card,4.0,184.78,739.12,2024-03,2024,221.74,Small
10875,2025-04-07,South,Lamia Sultana,Furniture,Dining Table,Wholesale,Cash,16.0,391.43,6262.88,2025-04,2025,1878.86,Large
12699,2024-01-28,East,Farzana Islam,Furniture,Office Chair,Wholesale,Credit Card,15.0,114.11,1711.65,2024-01,2024,513.5,Large
12427,2024-01-09,North,Nusrat Jahan,Stationery,Backpack,Retail Store,Credit Card,25.0,41.71,1042.75,2024-01,2024,156.41,Large
11146,2025-05-18,East,Tanvir Ahmed,Furniture,Sofa,Online,Bank Transfer,7.0,414.53,2901.71,2025-05,2025,870.51,Medium
11676,2024-09-24,Central,Shakil Rahman,Grocery,Tea Pack,Distributor,Nagad,4.0,4.36,17.44,2024-09,2024,2.62,Small
12279,2024-04-02,South,Shakil Rahman,Stationery,Pen Set,Wholesale,bKash,5.0,6.89,34.45,2024-04,2024,5.17,Medium
10415,2024-08-29,West,Arif Hossain,Grocery,Snack Box,Wholesale,Nagad,16.0,4.87,77.92,2024-08,2024,11.69,Large
11266,2024-04-20,Central,Shakil Rahman,Grocery,Coffee Jar,Distributor,Nagad,20.0,6.97,139.4,2024-04,2024,20.91,Large
12838,2025-06-21,East,Farzana Islam,Grocery,Rice 5kg,Retail Store,Cash,6.0,7.3,43.8,2025-06,2025,6.57,Medium
11498,2025-03-03,East,Rakib Hasan,Electronics,Smartwatch,Distributor,Cash,1.0,151.75,151.75,2025-03,2025,45.52,Small
11582,2025-09-11,South,Nusrat Jahan,Stationery,Notebook,Online,Bank Transfer,12.0,2.17,26.04,2025-09,2025,3.91,Medium
12832,2025-08-22,Central,Arif Hossain,Grocery,Snack Box,Wholesale,Cash,3.0,4.66,13.98,2025-08,2025,2.1,Small
11122,2025-09-11,Central,Arif Hossain,Apparel,Cap,Retail Store,Credit Card,2.0,9.59,19.18,2025-09,2025,2.88,Small
10879,2025-08-03,South,Farzana Islam,Stationery,Backpack,Distributor,bKash,4.0,36.14,144.56,2025-08,2025,21.68,Small
10302,2024-10-25,Central,Mim Akter,Electronics,Smartwatch,Wholesale,Credit Card,14.0,149.54,2093.56,2024-10,2024,628.07,Medium
10010,2024-11-19,East,Tanvir Ahmed,Stationery,Pen Set,Retail Store,Credit Card,13.0,5.8,75.4,2024-11,2024,11.31,Medium
11039,2025-12-16,West,Sadia Chowdhury,Furniture,Dining Table,Wholesale,bKash,19.0,323.36,6143.84,2025-12,2025,1843.15,Large
11631,2024-06-21,East,Sadia Chowdhury,Grocery,Tea Pack,Distributor,bKash,11.0,3.62,39.82,2024-06,2024,5.97,Medium
10275,2024-01-10,East,Farzana Islam,Electronics,Tablet,Retail Store,Credit Card,13.0,320.53,4166.89,2024-01,2024,1250.07,Medium
11464,2025-10-12,South,Arif Hossain,Apparel,Cap,Wholesale,bKash,24.0,11.11,266.64,2025-10,2025,40.0,Large
11323,2024-04-05,Central,Sadia Chowdhury,Electronics,Headphones,Distributor,Credit Card,24.0,62.77,1506.48,2024-04,2024,451.94,Large
11185,2024-07-26,North,Farzana Islam,Stationery,Notebook,Distributor,Credit Card,5.0,2.04,10.2,2024-07,2024,1.53,Medium
11403,2025-07-19,East,Rakib Hasan,Electronics,Smartphone,Online,bKash,17.0,435.49,7403.33,2025-07,2025,2221.0,Large
11846,2024-08-22,North,Imran Kabir,Grocery,Coffee Jar,Distributor,Cash,9.0,6.94,62.46,2024-08,2024,9.37,Medium
12196,2025-12-14,East,Arif Hossain,Stationery,Pen Set,Wholesale,Nagad,17.0,5.74,97.58,2025-12,2025,14.64,Large
10424,2025-12-13,East,Shakil Rahman,Electronics,Headphones,Distributor,Bank Transfer,22.0,55.47,1220.34,2025-12,2025,366.1,Large
10330,2025-07-04,East,Tanvir Ahmed,Electronics,Smartphone,Distributor,bKash,10.0,376.82,3768.2,2025-07,2025,1130.46,Medium
10211,2025-07-18,East,Arif Hossain,Grocery,Rice 5kg,Distributor,Bank Transfer,5.0,8.42,42.1,2025-07,2025,6.32,Medium
10011,2025-10-20,East,Nusrat Jahan,Furniture,Dining Table,Wholesale,Bank Transfer,15.0,327.5,4912.5,2025-10,2025,1473.75,Large
12215,2025-11-29,North,Shakil Rahman,Apparel,Jeans,Wholesale,Bank Transfer,9.0,38.37,345.33,2025-11,2025,51.8,Medium
10882,2024-01-30,West,Rakib Hasan,Apparel,Jeans,Wholesale,bKash,10.0,40.04,400.4,2024-01,2024,60.06,Medium
10470,2025-10-20,South,Arif Hossain,Apparel,Sneakers,Online,Credit Card,6.0,56.45,338.7,2025-10,2025,50.8,Medium
11414,2024-08-04,Central,Mim Akter,Grocery,Coffee Jar,Wholesale,Cash,8.0,6.5,52.0,2024-08,2024,7.8,Medium
11616,2025-09-16,West,Shakil Rahman,Grocery,Cooking Oil 1L,Online,Nagad,15.0,2.82,42.3,2025-09,2025,6.34,Large
12153,2024-08-15,East,Shakil Rahman,Electronics,Headphones,Retail Store,Credit Card,23.0,64.65,1486.95,2024-08,2024,446.08,Large
12424,2024-08-19,East,Unknown,Stationery,Pen Set,Wholesale,Cash,19.0,6.72,127.68,2024-08,2024,19.15,Large
12987,2025-06-21,North,Mim Akter,Apparel,Sneakers,Retail Store,Credit Card,16.0,58.0,928.0,2025-06,2025,139.2,Large
10769,2024-03-02,East,Rakib Hasan,Apparel,Jeans,Online,Nagad,9.0,32.69,294.21,2024-03,2024,44.13,Medium
12008,2024-07-08,Central,Unknown,Stationery,Desk Organizer,Online,Credit Card,7.0,19.89,139.23,2024-07,2024,20.88,Medium
12484,2024-05-28,South,Farzana Islam,Furniture,Bookshelf,Retail Store,Bank Transfer,6.0,82.69,496.14,2024-05,2024,148.84,Medium
12054,2024-03-21,North,Nusrat Jahan,Electronics,Tablet,Retail Store,Credit Card,20.0,282.25,5645.0,2024-03,2024,1693.5,Large
12827,2025-01-19,North,Rakib Hasan,Grocery,Coffee Jar,Distributor,bKash,11.0,6.53,71.83,2025-01,2025,10.77,Medium
12184,2025-07-06,Central,Mim Akter,Stationery,Desk Organizer,Wholesale,Credit Card,6.0,16.48,98.88,2025-07,2025,14.83,Medium
12200,2024-02-14,North,Mim Akter,Grocery,Coffee Jar,Retail Store,bKash,9.0,6.86,61.74,2024-02,2024,9.26,Medium
12265,2024-03-15,West,Arif Hossain,Stationery,Notebook,Wholesale,Nagad,12.0,1.82,21.84,2024-03,2024,3.28,Medium
11793,2024-11-07,East,Imran Kabir,Stationery,Backpack,Distributor,bKash,14.0,42.19,590.66,2024-11,2024,88.6,Medium
10904,2024-07-09,North,Imran Kabir,Stationery,Desk Organizer,Distributor,Nagad,14.0,19.04,266.56,2024-07,2024,39.98,Medium
12106,2024-07-05,Central,Nusrat Jahan,Grocery,Rice 5kg,Wholesale,Nagad,22.0,7.4,162.8,2024-07,2024,24.42,Large
11974,2025-12-30,Central,Sadia Chowdhury,Stationery,Notebook,Wholesale,Nagad,24.0,2.21,53.04,2025-12,2025,7.96,Large
10678,2024-11-11,South,Shakil Rahman,Furniture,Office Chair,Distributor,Credit Card,10.0,123.2,1232.0,2024-11,2024,369.6,Medium
12583,2025-02-15,Central,Tanvir Ahmed,Stationery,Desk Organizer,Wholesale,Bank Transfer,9.0,19.33,173.97,2025-02,2025,26.1,Medium
11310,2025-05-13,East,Lamia Sultana,Furniture,Dining Table,Retail Store,Cash,10.0,320.65,3206.5,2025-05,2025,961.95,Medium
12621,2024-10-25,Central,Farzana Islam,Stationery,Notebook,Online,Bank Transfer,20.0,2.22,44.4,2024-10,2024,6.66,Large
11716,2024-08-30,East,Farzana Islam,Electronics,Smartphone,Retail Store,Nagad,25.0,368.74,9218.5,2024-08,2024,2765.55,Large
11169,2024-10-23,South,Lamia Sultana,Stationery,Notebook,Distributor,bKash,2.0,2.28,4.56,2024-10,2024,0.68,Small
11211,2024-07-25,North,Shakil Rahman,Furniture,Dining Table,Retail Store,Nagad,21.0,396.31,8322.51,2024-07,2024,2496.75,Large
12808,2025-04-12,North,Nusrat Jahan,Stationery,Pen Set,Distributor,Cash,21.0,6.3,132.3,2025-04,2025,19.85,Large
10854,2025-02-28,East,Imran Kabir,Apparel,Cap,Distributor,bKash,13.0,9.63,125.19,2025-02,2025,18.78,Medium
11565,2024-09-08,Central,Nusrat Jahan,Stationery,Backpack,Online,Bank Transfer,11.0,41.73,459.03,2024-09,2024,68.85,Medium
10747,2024-07-16,West,Nusrat Jahan,Grocery,Rice 5kg,Retail Store,Credit Card,1.0,8.64,8.64,2024-07,2024,1.3,Small
11944,2025-11-12,South,Imran Kabir,Furniture,Desk,Distributor,bKash,22.0,172.92,3804.24,2025-11,2025,1141.27,Large
12969,2024-05-27,South,Nusrat Jahan,Electronics,Tablet,Retail Store,Bank Transfer,8.0,319.03,2552.24,2024-05,2024,765.67,Medium
12535,2025-05-29,East,Farzana Islam,Apparel,Jeans,Wholesale,Credit Card,11.0,35.78,393.58,2025-05,2025,59.04,Medium
11508,2024-08-14,South,Nusrat Jahan,Apparel,T-Shirt,Online,Cash,3.0,15.79,47.37,2024-08,2024,7.11,Small
11561,2024-03-17,Central,Sadia Chowdhury,Furniture,Dining Table,Distributor,Credit Card,8.0,329.04,2632.32,2024-03,2024,789.7,Medium
11002,2025-08-02,West,Sadia Chowdhury,Apparel,Jeans,Distributor,Nagad,11.0,36.89,405.79,2025-08,2025,60.87,Medium
11107,2024-02-25,North,Rakib Hasan,Stationery,Desk Organizer,Distributor,Nagad,1.0,17.57,404.11,2024-02,2024,60.62,Small
11192,2025-05-26,East,Mim Akter,Apparel,Cap,Online,Cash,22.0,9.92,218.24,2025-05,2025,32.74,Large
10058,2024-09-06,South,Imran Kabir,Grocery,Snack Box,Wholesale,Bank Transfer,5.0,5.32,26.6,2024-09,2024,3.99,Medium
10998,2024-03-02,South,Nusrat Jahan,Stationery,Desk Organizer,Retail Store,Credit Card,5.0,17.6,88.0,2024-03,2024,13.2,Medium
12126,2024-12-03,North,Rakib Hasan,Stationery,Desk Organizer,Retail Store,Bank Transfer,6.0,16.45,98.7,2024-12,2024,14.8,Medium
10603,2024-07-16,South,Mim Akter,Furniture,Sofa,Distributor,Bank Transfer,1.0,482.54,482.54,2024-07,2024,144.76,Small
12891,2025-09-01,North,Arif Hossain,Electronics,Smartwatch,Online,Nagad,13.0,148.04,1924.52,2025-09,2025,577.36,Medium
11718,2025-12-22,North,Lamia Sultana,Grocery,Tea Pack,Online,Credit Card,5.0,3.8,19.0,2025-12,2025,2.85,Medium
12488,2024-08-12,South,Farzana Islam,Furniture,Dining Table,Online,Credit Card,14.0,351.95,4927.3,2024-08,2024,1478.19,Medium
12094,2025-09-26,North,Nusrat Jahan,Apparel,Jeans,Retail Store,Cash,7.0,38.65,270.55,2025-09,2025,40.58,Medium
10479,2024-04-20,South,Sadia Chowdhury,Electronics,Tablet,Retail Store,Cash,25.0,301.09,7527.25,2024-04,2024,2258.17,Large
10133,2025-11-17,South,Imran Kabir,Furniture,Dining Table,Wholesale,Cash,24.0,375.94,9022.56,2025-11,2025,2706.77,Large
11558,2025-02-22,West,Tanvir Ahmed,Stationery,Desk Organizer,Wholesale,Credit Card,12.0,19.11,229.32,2025-02,2025,34.4,Medium
10647,2024-05-28,East,Arif Hossain,Furniture,Desk,Retail Store,Bank Transfer,21.0,203.99,4283.79,2024-05,2024,1285.14,Large
10333,2024-03-30,North,Sadia Chowdhury,Furniture,Bookshelf,Distributor,Cash,15.0,100.47,1507.05,2024-03,2024,452.11,Large
11774,2024-01-24,Central,Arif Hossain,Furniture,Sofa,Distributor,Cash,23.0,468.36,10772.28,2024-01,2024,3231.68,Large
10406,2025-03-17,Central,Lamia Sultana,Electronics,Headphones,Wholesale,Credit Card,21.0,56.47,1185.87,2025-03,2025,355.76,Large
11000,2024-08-31,North,Arif Hossain,Apparel,Jacket,Retail Store,Credit Card,17.0,71.81,1220.77,2024-08,2024,183.12,Large
10964,2025-09-21,East,Imran Kabir,Electronics,Smartphone,Retail Store,Credit Card,11.0,378.15,4159.65,2025-09,2025,1247.89,Medium
12818,2025-11-07,East,Shakil Rahman,Stationery,Pen Set,Distributor,Credit Card,1.0,6.09,6.09,2025-11,2025,0.91,Small
12802,2024-09-25,South,Farzana Islam,Stationery,Pen Set,Wholesale,Credit Card,21.0,6.68,140.28,2024-09,2024,21.04,Large
10113,2025-03-26,North,Rakib Hasan,Furniture,Sofa,Distributor,Credit Card,4.0,464.17,1856.68,2025-03,2025,557.0,Small
11544,2024-09-29,West,Rakib Hasan,Furniture,Desk,Online,Nagad,18.0,174.49,3140.82,2024-09,2024,942.25,Large
11651,2025-02-15,West,Farzana Islam,Grocery,Tea Pack,Retail Store,Cash,7.0,3.83,26.81,2025-02,2025,4.02,Medium
12170,2025-08-22,East,Tanvir Ahmed,Grocery,Rice 5kg,Online,Cash,8.0,8.29,66.32,2025-08,2025,9.95,Medium
10892,2025-03-22,West,Shakil Rahman,Furniture,Office Chair,Retail Store,Bank Transfer,4.0,137.86,551.44,2025-03,2025,165.43,Small
11888,2024-06-23,North,Lamia Sultana,Stationery,Notebook,Online,bKash,13.0,2.21,28.73,2024-06,2024,4.31,Medium
10409,2024-03-30,North,Mim Akter,Grocery,Cooking Oil 1L,Online,Bank Transfer,10.0,3.32,33.2,2024-03,2024,4.98,Medium
10625,2025-01-25,Central,Shakil Rahman,Stationery,Notebook,Online,Nagad,3.0,2.19,6.57,2025-01,2025,0.99,Small
10698,2025-09-23,West,Nusrat Jahan,Apparel,Sneakers,Retail Store,bKash,9.0,62.05,558.45,2025-09,2025,83.77,Medium
10564,2025-04-13,Central,Mim Akter,Stationery,Notebook,Wholesale,bKash,4.0,2.15,8.6,2025-04,2025,1.29,Small
11859,2025-02-21,Central,Imran Kabir,Apparel,Cap,Distributor,Nagad,6.0,10.26,61.56,2025-02,2025,9.23,Medium
11218,2025-09-13,West,Nusrat Jahan,Grocery,Rice 5kg,Retail Store,Nagad,3.0,9.12,27.36,2025-09,2025,4.1,Small
12347,2024-02-27,West,Sadia Chowdhury,Furniture,Office Chair,Online,Nagad,12.0,120.18,1442.16,2024-02,2024,432.65,Medium
10645,2024-09-03,West,Arif Hossain,Furniture,Office Chair,Retail Store,Bank Transfer,19.0,112.58,2139.02,2024-09,2024,641.71,Large
11966,2024-05-15,South,Nusrat Jahan,Furniture,Office Chair,Retail Store,bKash,10.0,121.83,1218.3,2024-05,2024,365.49,Medium
12964,2025-10-20,South,Rakib Hasan,Furniture,Desk,Wholesale,Credit Card,12.0,194.52,2334.24,2025-10,2025,700.27,Medium
10804,2025-06-21,South,Nusrat Jahan,Stationery,Notebook,Distributor,Bank Transfer,11.0,1.83,20.13,2025-06,2025,3.02,Medium
12369,2025-02-26,South,Tanvir Ahmed,Apparel,Jacket,Wholesale,Nagad,8.0,69.19,553.52,2025-02,2025,83.03,Medium
12367,2024-10-19,East,Rakib Hasan,Stationery,Notebook,Wholesale,Credit Card,2.0,2.3,4.6,2024-10,2024,0.69,Small
12460,2024-07-01,Central,Lamia Sultana,Apparel,T-Shirt,Distributor,Cash,20.0,14.69,293.8,2024-07,2024,44.07,Large
10837,2025-11-07,East,Lamia Sultana,Apparel,Jeans,Online,Credit Card,25.0,36.05,901.25,2025-11,2025,135.19,Large
12694,2024-11-23,Central,Lamia Sultana,Furniture,Sofa,Wholesale,Credit Card,16.0,432.76,6924.16,2024-11,2024,2077.25,Large
10902,2025-12-02,East,Sadia Chowdhury,Furniture,Office Chair,Wholesale,Cash,20.0,111.94,2238.8,2025-12,2025,671.64,Large
12638,2024-05-31,East,Imran Kabir,Apparel,Cap,Wholesale,Bank Transfer,23.0,9.13,209.99,2024-05,2024,31.5,Large
10216,2024-10-08,North,Shakil Rahman,Stationery,Backpack,Retail Store,Nagad,5.0,42.25,211.25,2024-10,2024,31.69,Medium
12489,2024-12-22,South,Tanvir Ahmed,Electronics,Monitor,Online,Credit Card,7.0,239.14,1673.98,2024-12,2024,502.19,Medium
10807,2024-01-28,East,Sadia Chowdhury,Apparel,Cap,Wholesale,bKash,1.0,9.39,9.39,2024-01,2024,1.41,Small
11140,2025-04-04,Central,Lamia Sultana,Apparel,Jeans,Online,Nagad,6.0,37.4,224.4,2025-04,2025,33.66,Medium
12984,2025-07-06,West,Sadia Chowdhury,Apparel,T-Shirt,Distributor,Bank Transfer,20.0,15.05,301.0,2025-07,2025,45.15,Large
12415,2025-12-08,South,Imran Kabir,Electronics,Tablet,Distributor,Bank Transfer,2.0,289.27,578.54,2025-12,2025,173.56,Small
12224,2025-06-13,North,Mim Akter,Apparel,T-Shirt,Distributor,Nagad,21.0,14.96,314.16,2025-06,2025,47.12,Large
12538,2024-10-31,East,Nusrat Jahan,Grocery,Cooking Oil 1L,Distributor,bKash,15.0,3.36,50.4,2024-10,2024,7.56,Large
11812,2025-05-06,Unknown,Rakib Hasan,Stationery,Notebook,Distributor,bKash,7.0,1.89,13.23,2025-05,2025,1.98,Medium
10949,2024-05-10,West,Rakib Hasan,Grocery,Coffee Jar,Retail Store,Nagad,16.0,7.54,120.64,2024-05,2024,18.1,Large
12721,2024-03-03,West,Shakil Rahman,Apparel,Jeans,Wholesale,Credit Card,14.0,36.28,507.92,2024-03,2024,76.19,Medium
11384,2025-01-25,South,Imran Kabir,Stationery,Backpack,Online,bKash,25.0,45.98,1149.5,2025-01,2025,172.42,Large
11566,2024-03-10,Central,Shakil Rahman,Apparel,Cap,Online,bKash,23.0,10.78,247.94,2024-03,2024,37.19,Large
10803,2025-02-28,West,Shakil Rahman,Grocery,Coffee Jar,Retail Store,Bank Transfer,5.0,7.76,38.8,2025-02,2025,5.82,Medium
12988,2024-11-14,East,Shakil Rahman,Furniture,Dining Table,Distributor,Credit Card,12.0,400.91,4810.92,2024-11,2024,1443.28,Medium
12481,2024-02-13,East,Shakil Rahman,Electronics,Tablet,Retail Store,Credit Card,13.0,283.32,3683.16,2024-02,2024,1104.95,Medium
12061,2025-10-05,Central,Arif Hossain,Electronics,Tablet,Retail Store,Credit Card,7.0,289.58,2027.06,2025-10,2025,608.12,Medium
10929,2025-03-24,South,Arif Hossain,Stationery,Backpack,Online,Credit Card,15.0,45.63,684.45,2025-03,2025,102.67,Large
12669,2024-04-12,North,Nusrat Jahan,Stationery,Desk Organizer,Wholesale,bKash,23.0,19.48,448.04,2024-04,2024,67.21,Large
11461,2025-01-11,North,Arif Hossain,Electronics,Headphones,Distributor,bKash,20.0,65.06,1301.2,2025-01,2025,390.36,Large
11407,2024-09-06,North,Nusrat Jahan,Electronics,Headphones,Online,Cash,17.0,59.03,1003.51,2024-09,2024,301.05,Large
10515,2025-03-14,South,Lamia Sultana,Apparel,Cap,Distributor,Cash,6.0,9.01,54.06,2025-03,2025,8.11,Medium
12765,2025-02-23,South,Sadia Chowdhury,Grocery,Coffee Jar,Online,bKash,13.0,6.3,81.9,2025-02,2025,12.28,Medium
10462,2024-04-28,East,Mim Akter,Furniture,Office Chair,Distributor,Bank Transfer,4.0,133.54,534.16,2024-04,2024,160.25,Small
11645,2025-12-14,South,Sadia Chowdhury,Furniture,Sofa,Distributor,Nagad,22.0,439.27,9663.94,2025-12,2025,2899.18,Large
10684,2024-04-29,Central,Imran Kabir,Furniture,Dining Table,Retail Store,Nagad,25.0,341.97,8549.25,2024-04,2024,2564.78,Large
11182,2025-10-22,North,Imran Kabir,Electronics,Smartphone,Retail Store,Bank Transfer,13.0,370.02,4810.26,2025-10,2025,1443.08,Medium
10657,2024-10-25,West,Arif Hossain,Electronics,Smartwatch,Online,bKash,15.0,149.93,2248.95,2024-10,2024,674.68,Large
12423,2025-08-06,East,Lamia Sultana,Apparel,T-Shirt,Online,Bank Transfer,20.0,15.71,314.2,2025-08,2025,47.13,Large
11575,2025-08-21,West,Rakib Hasan,Furniture,Bookshelf,Distributor,bKash,22.0,98.28,2162.16,2025-08,2025,648.65,Large
11509,2025-02-02,Central,Unknown,Stationery,Desk Organizer,Distributor,Nagad,16.0,20.38,326.08,2025-02,2025,48.91,Large
11952,2025-09-20,East,Shakil Rahman,Electronics,Smartphone,Retail Store,Nagad,19.0,439.9,8358.1,2025-09,2025,2507.43,Large
12177,2025-05-08,South,Arif Hossain,Grocery,Cooking Oil 1L,Distributor,Nagad,4.0,3.45,13.8,2025-05,2025,2.07,Small
12739,2024-06-16,South,Shakil Rahman,Furniture,Desk,Retail Store,Bank Transfer,19.0,181.2,3442.8,2024-06,2024,1032.84,Large
11307,2024-12-05,Central,Rakib Hasan,Stationery,Desk Organizer,Distributor,Cash,13.0,18.85,245.05,2024-12,2024,36.76,Medium
12329,2024-04-18,East,Lamia Sultana,Grocery,Rice 5kg,Online,Bank Transfer,25.0,7.42,185.5,2024-04,2024,27.82,Large
11706,2024-06-30,East,Farzana Islam,Stationery,Backpack,Distributor,Credit Card,5.0,42.24,211.2,2024-06,2024,31.68,Medium
11883,2025-03-16,West,Lamia Sultana,Grocery,Coffee Jar,Retail Store,Bank Transfer,8.0,6.8,54.4,2025-03,2025,8.16,Medium
10499,2025-01-30,North,Mim Akter,Stationery,Pen Set,Wholesale,Credit Card,9.0,6.21,55.89,2025-01,2025,8.38,Medium
12876,2025-01-07,North,Sadia Chowdhury,Stationery,Desk Organizer,Wholesale,Cash,23.0,17.45,401.35,2025-01,2025,60.2,Large
10752,2024-03-06,West,Lamia Sultana,Apparel,T-Shirt,Retail Store,Nagad,4.0,13.93,55.72,2024-03,2024,8.36,Small
11442,2025-03-02,Central,Sadia Chowdhury,Furniture,Desk,Online,Cash,6.0,168.77,1012.62,2025-03,2025,303.79,Medium
10581,2024-10-17,West,Shakil Rahman,Furniture,Office Chair,Retail Store,bKash,15.0,126.79,1901.85,2024-10,2024,570.55,Large
10519,2024-08-05,North,Lamia Sultana,Electronics,Smartwatch,Wholesale,Nagad,2.0,155.68,311.36,2024-08,2024,93.41,Small
12809,2024-01-28,East,Mim Akter,Electronics,Laptop,Wholesale,Bank Transfer,13.0,892.25,11599.25,2024-01,2024,3479.78,Medium
12006,2024-08-19,South,Rakib Hasan,Furniture,Sofa,Wholesale,Cash,2.0,504.27,1008.54,2024-08,2024,302.56,Small
11041,2024-03-19,Unknown,Arif Hossain,Furniture,Sofa,Online,Cash,25.0,416.84,10421.0,2024-03,2024,3126.3,Large
10899,2025-10-21,Central,Rakib Hasan,Grocery,Tea Pack,Retail Store,Credit Card,10.0,3.92,39.2,2025-10,2025,5.88,Medium
11001,2025-10-17,West,Mim Akter,Stationery,Notebook,Retail Store,bKash,7.0,2.19,15.33,2025-10,2025,2.3,Medium
11762,2025-07-03,South,Imran Kabir,Apparel,Cap,Retail Store,bKash,1.0,11.29,11.29,2025-07,2025,1.69,Small
12632,2024-09-21,Central,Farzana Islam,Apparel,Jacket,Wholesale,Bank Transfer,13.0,62.48,812.24,2024-09,2024,121.84,Medium
11547,2025-07-09,North,Sadia Chowdhury,Electronics,Tablet,Retail Store,Credit Card,19.0,286.12,5436.28,2025-07,2025,1630.88,Large
12956,2025-10-17,North,Lamia Sultana,Apparel,Cap,Distributor,Bank Transfer,21.0,11.38,238.98,2025-10,2025,35.85,Large
10958,2025-10-22,South,Tanvir Ahmed,Apparel,T-Shirt,Distributor,Nagad,4.0,15.91,63.64,2025-10,2025,9.55,Small
12569,2025-05-23,West,Farzana Islam,Grocery,Cooking Oil 1L,Distributor,Nagad,7.0,2.98,20.86,2025-05,2025,3.13,Medium
11564,2025-02-27,West,Rakib Hasan,Apparel,T-Shirt,Online,Cash,5.0,16.78,83.9,2025-02,2025,12.58,Medium
12334,2025-05-03,North,Arif Hossain,Apparel,T-Shirt,Retail Store,bKash,6.0,13.5,81.0,2025-05,2025,12.15,Medium
10870,2024-08-03,Unknown,Farzana Islam,Grocery,Tea Pack,Retail Store,Cash,6.0,4.52,27.12,2024-08,2024,4.07,Medium
12444,2025-10-08,North,Rakib Hasan,Electronics,Smartphone,Distributor,Bank Transfer,4.0,381.55,1526.2,2025-10,2025,457.86,Small
11226,2024-03-28,West,Sadia Chowdhury,Electronics,Headphones,Wholesale,Credit Card,6.0,64.98,389.88,2024-03,2024,116.96,Medium
10294,2025-07-31,West,Farzana Islam,Stationery,Pen Set,Distributor,bKash,8.0,6.25,50.0,2025-07,2025,7.5,Medium
11118,2024-05-05,North,Arif Hossain,Stationery,Pen Set,Wholesale,Cash,2.0,5.59,11.18,2024-05,2024,1.68,Small
10508,2024-10-29,South,Rakib Hasan,Furniture,Dining Table,Wholesale,Nagad,21.0,327.61,6879.81,2024-10,2024,2063.94,Large
10880,2025-12-31,West,Sadia Chowdhury,Stationery,Desk Organizer,Online,bKash,7.0,17.06,119.42,2025-12,2025,17.91,Medium
12854,2024-07-22,South,Mim Akter,Furniture,Office Chair,Online,Nagad,17.0,122.53,2083.01,2024-07,2024,624.9,Large
10183,2024-02-23,South,Nusrat Jahan,Stationery,Desk Organizer,Retail Store,Cash,21.0,18.36,385.56,2024-02,2024,57.83,Large
12584,2025-03-07,Central,Rakib Hasan,Stationery,Notebook,Retail Store,Nagad,25.0,2.23,55.75,2025-03,2025,8.36,Large
10217,2025-11-05,Central,Rakib Hasan,Stationery,Notebook,Retail Store,bKash,20.0,2.16,43.2,2025-11,2025,6.48,Large
12647,2025-07-29,North,Unknown,Grocery,Coffee Jar,Online,bKash,8.0,7.21,57.68,2025-07,2025,8.65,Medium
12616,2024-04-18,West,Tanvir Ahmed,Apparel,T-Shirt,Retail Store,Credit Card,19.0,16.0,304.0,2024-04,2024,45.6,Large
11432,2024-06-12,West,Lamia Sultana,Grocery,Tea Pack,Online,Cash,5.0,4.41,22.05,2024-06,2024,3.31,Medium
12502,2025-10-12,West,Lamia Sultana,Apparel,Cap,Retail Store,Nagad,10.0,9.87,98.7,2025-10,2025,14.8,Medium
11584,2025-02-13,North,Tanvir Ahmed,Electronics,Tablet,Wholesale,Bank Transfer,4.0,296.6,1186.4,2025-02,2025,355.92,Small
10363,2025-05-26,West,Sadia Chowdhury,Stationery,Notebook,Distributor,Credit Card,19.0,1.88,35.72,2025-05,2025,5.36,Large
10441,2024-08-15,Central,Rakib Hasan,Furniture,Bookshelf,Distributor,Credit Card,12.0,86.02,1032.24,2024-08,2024,309.67,Medium
12430,2024-11-05,North,Nusrat Jahan,Furniture,Desk,Online,Credit Card,9.0,187.5,1687.5,2024-11,2024,506.25,Medium
12723,2024-07-22,North,Tanvir Ahmed,Electronics,Headphones,Distributor,Nagad,7.0,61.05708737864078,397.39,2024-07,2024,119.22,Medium
11574,2025-09-30,North,Imran Kabir,Stationery,Desk Organizer,Distributor,Credit Card,13.0,16.28,211.64,2025-09,2025,31.75,Medium
11719,2025-12-03,North,Farzana Islam,Electronics,Smartphone,Online,Bank Transfer,8.0,381.02,3048.16,2025-12,2025,914.45,Medium
11073,2025-03-10,West,Mim Akter,Apparel,Cap,Online,Bank Transfer,24.0,9.62,230.88,2025-03,2025,34.63,Large
11900,2025-09-10,North,Rakib Hasan,Apparel,Jeans,Retail Store,Nagad,16.0,39.87,637.92,2025-09,2025,95.69,Large
11671,2025-11-15,South,Rakib Hasan,Grocery,Rice 5kg,Retail Store,Nagad,9.0,8.96,80.64,2025-11,2025,12.1,Medium
10605,2025-04-24,Central,Rakib Hasan,Grocery,Cooking Oil 1L,Distributor,Cash,9.0,3.35,30.15,2025-04,2025,4.52,Medium
10485,2024-12-26,South,Arif Hossain,Apparel,Jeans,Distributor,Credit Card,18.0,35.7,642.6,2024-12,2024,96.39,Large
12292,2024-02-11,South,Lamia Sultana,Grocery,Coffee Jar,Retail Store,Cash,18.0,7.18,129.24,2024-02,2024,19.39,Large
10617,2024-12-11,South,Rakib Hasan,Grocery,Rice 5kg,Wholesale,Nagad,22.0,7.52,165.44,2024-12,2024,24.82,Large
10128,2024-03-18,East,Mim Akter,Apparel,Sneakers,Online,Bank Transfer,5.0,59.87,299.35,2024-03,2024,44.9,Medium
12524,2025-05-10,Central,Lamia Sultana,Apparel,Jeans,Online,Bank Transfer,9.0,37.32,335.88,2025-05,2025,50.38,Medium
10478,2024-09-17,West,Rakib Hasan,Electronics,Smartphone,Wholesale,Credit Card,20.0,379.59,7591.8,2024-09,2024,2277.54,Large
12222,2025-12-11,South,Sadia Chowdhury,Furniture,Bookshelf,Wholesale,Bank Transfer,22.0,91.66,2016.52,2025-12,2025,604.96,Large
12151,2024-03-28,Central,Unknown,Electronics,Smartphone,Online,Bank Transfer,14.0,402.62,5636.68,2024-03,2024,1691.0,Medium
11658,2024-11-12,West,Nusrat Jahan,Furniture,Office Chair,Retail Store,Nagad,15.0,135.86,2037.9,2024-11,2024,611.37,Large
10372,2024-05-04,West,Tanvir Ahmed,Furniture,Sofa,Retail Store,Cash,2.0,508.64,1017.28,2024-05,2024,305.18,Small
10857,2025-03-21,South,Nusrat Jahan,Apparel,Sneakers,Retail Store,Cash,14.0,53.88,754.32,2025-03,2025,113.15,Medium
10099,2025-08-13,Central,Lamia Sultana,Electronics,Smartphone,Online,Cash,2.0,436.31,872.62,2025-08,2025,261.79,Small
10191,2024-10-25,Central,Lamia Sultana,Electronics,Monitor,Retail Store,bKash,14.0,198.09,2773.26,2024-10,2024,831.98,Medium
12623,2024-11-29,West,Lamia Sultana,Stationery,Pen Set,Retail Store,bKash,8.0,5.82,46.56,2024-11,2024,6.98,Medium
11852,2024-07-19,West,Rakib Hasan,Stationery,Desk Organizer,Retail Store,Credit Card,20.0,19.41,388.2,2024-07,2024,58.23,Large
11569,2025-01-17,North,Unknown,Grocery,Coffee Jar,Online,Nagad,1.0,7.29,7.29,2025-01,2025,1.09,Small
11971,2025-03-11,Unknown,Rakib Hasan,Stationery,Backpack,Retail Store,Bank Transfer,6.0,42.11,252.66,2025-03,2025,37.9,Medium
11999,2025-01-21,South,Tanvir Ahmed,Furniture,Bookshelf,Online,Bank Transfer,10.0,90.25,902.5,2025-01,2025,270.75,Medium
12903,2024-08-28,East,Imran Kabir,Furniture,Sofa,Online,Nagad,7.0,504.12,3528.84,2024-08,2024,1058.65,Medium
12978,2024-07-03,South,Lamia Sultana,Electronics,Smartphone,Wholesale,Credit Card,4.0,453.57,1814.28,2024-07,2024,544.28,Small
11589,2025-05-24,East,Farzana Islam,Furniture,Desk,Retail Store,Credit Card,7.0,175.77,1230.39,2025-05,2025,369.12,Medium
10988,2024-07-20,South,Imran Kabir,Electronics,Monitor,Online,bKash,6.0,216.11,1296.66,2024-07,2024,389.0,Medium
12594,2025-12-22,North,Tanvir Ahmed,Apparel,T-Shirt,Wholesale,Nagad,9.0,13.87,124.83,2025-12,2025,18.72,Medium
10385,2024-02-05,East,Shakil Rahman,Furniture,Desk,Wholesale,bKash,20.0,189.86,3797.2,2024-02,2024,1139.16,Large
11931,2024-10-02,East,Imran Kabir,Grocery,Rice 5kg,Online,Cash,24.0,7.3,175.2,2024-10,2024,26.28,Large
11583,2025-03-01,South,Nusrat Jahan,Apparel,Sneakers,Online,Nagad,16.0,53.01,848.16,2025-03,2025,127.22,Large
10034,2024-07-28,Central,Arif Hossain,Grocery,Snack Box,Distributor,Cash,22.0,5.4,118.8,2024-07,2024,17.82,Large
11841,2025-05-26,Central,Mim Akter,Grocery,Coffee Jar,Distributor,Credit Card,17.0,7.38,125.46,2025-05,2025,18.82,Large
12537,2025-03-04,East,Lamia Sultana,Electronics,Headphones,Online,Cash,15.0,58.61,879.15,2025-03,2025,263.74,Large
12559,2024-08-10,Central,Farzana Islam,Stationery,Desk Organizer,Online,bKash,21.0,16.33,342.93,2024-08,2024,51.44,Large
11195,2025-03-10,West,Mim Akter,Furniture,Desk,Distributor,Bank Transfer,16.0,193.2,3091.2,2025-03,2025,927.36,Large
12142,2024-04-16,South,Sadia Chowdhury,Electronics,Monitor,Distributor,Nagad,1.0,240.04,1200.2,2024-04,2024,360.06,Small
11979,2024-11-12,Unknown,Sadia Chowdhury,Stationery,Notebook,Retail Store,Cash,1.0,1.82,1.82,2024-11,2024,0.27,Small
11248,2025-08-08,Central,Mim Akter,Apparel,Cap,Distributor,bKash,14.0,9.6,134.4,2025-08,2025,20.16,Medium
12411,2024-12-23,Central,Farzana Islam,Furniture,Office Chair,Distributor,Credit Card,16.0,132.23,2115.68,2024-12,2024,634.7,Large
10074,2025-08-29,West,Imran Kabir,Apparel,Cap,Retail Store,Credit Card,23.0,11.08,254.84,2025-08,2025,38.23,Large
11904,2024-12-06,Central,Sadia Chowdhury,Stationery,Backpack,Online,Cash,1.0,40.07,40.07,2024-12,2024,6.01,Small
12935,2024-12-03,West,Arif Hossain,Furniture,Desk,Wholesale,Credit Card,22.0,186.6,4105.2,2024-12,2024,1231.56,Large
12306,2025-02-06,South,Farzana Islam,Apparel,T-Shirt,Online,Credit Card,10.0,17.09,170.9,2025-02,2025,25.64,Medium
10910,2025-03-02,South,Imran Kabir,Grocery,Cooking Oil 1L,Online,Credit Card,23.0,2.92,67.16,2025-03,2025,10.07,Large
11024,2024-06-01,Central,Tanvir Ahmed,Grocery,Coffee Jar,Wholesale,Nagad,13.0,6.7,87.1,2024-06,2024,13.06,Medium
10130,2024-04-20,East,Lamia Sultana,Grocery,Tea Pack,Wholesale,Cash,22.0,3.83,84.26,2024-04,2024,12.64,Large
12578,2025-10-11,North,Farzana Islam,Grocery,Rice 5kg,Wholesale,Cash,7.0,7.87,55.09,2025-10,2025,8.26,Medium
12579,2024-02-08,East,Tanvir Ahmed,Apparel,Sneakers,Distributor,Credit Card,7.0,58.7,410.9,2024-02,2024,61.63,Medium
12283,2024-02-14,West,Tanvir Ahmed,Apparel,Jeans,Retail Store,bKash,2.0,35.55,71.1,2024-02,2024,10.66,Small
12037,2025-11-10,East,Tanvir Ahmed,Stationery,Notebook,Distributor,Bank Transfer,4.0,2.29,9.16,2025-11,2025,1.37,Small
12261,2025-12-02,North,Sadia Chowdhury,Furniture,Bookshelf,Distributor,Credit Card,20.0,99.4,1988.0,2025-12,2025,596.4,Large
12335,2024-05-10,South,Lamia Sultana,Furniture,Dining Table,Distributor,Nagad,21.0,396.08,8317.68,2024-05,2024,2495.3,Large
11521,2025-08-07,South,Unknown,Stationery,Pen Set,Online,Nagad,24.0,6.01,144.24,2025-08,2025,21.64,Large
11691,2025-10-03,Central,Nusrat Jahan,Grocery,Coffee Jar,Wholesale,bKash,12.0,6.66,79.92,2025-10,2025,11.99,Medium
11962,2025-12-06,Central,Nusrat Jahan,Apparel,Cap,Online,Bank Transfer,9.0,10.35,93.15,2025-12,2025,13.97,Medium
10690,2025-06-17,East,Sadia Chowdhury,Stationery,Notebook,Online,Credit Card,25.0,2.13,53.25,2025-06,2025,7.99,Large
10117,2024-06-19,West,Farzana Islam,Furniture,Office Chair,Online,Bank Transfer,23.0,116.98,2690.54,2024-06,2024,807.16,Large
11199,2024-05-22,North,Tanvir Ahmed,Grocery,Cooking Oil 1L,Distributor,Cash,10.0,3.05,30.5,2024-05,2024,4.58,Medium
11906,2024-09-28,South,Lamia Sultana,Apparel,T-Shirt,Distributor,Bank Transfer,1.0,15.49,15.49,2024-09,2024,2.32,Small
10582,2024-11-29,South,Tanvir Ahmed,Furniture,Dining Table,Online,Cash,16.0,355.88,5694.08,2024-11,2024,1708.22,Large
12999,2025-01-16,South,Shakil Rahman,Furniture,Desk,Online,Bank Transfer,1.0,186.75,560.25,2025-01,2025,168.08,Small
10959,2025-06-18,Central,Arif Hossain,Electronics,Smartphone,Online,Nagad,7.0,409.1933980582524,3045.42,2025-06,2025,913.63,Medium
10356,2025-06-02,South,Tanvir Ahmed,Electronics,Headphones,Online,Bank Transfer,10.0,63.43,634.3,2025-06,2025,190.29,Medium
12674,2025-08-18,Central,Tanvir Ahmed,Furniture,Bookshelf,Distributor,Credit Card,1.0,87.41,1835.61,2025-08,2025,550.68,Small
12550,2024-04-24,Central,Lamia Sultana,Apparel,T-Shirt,Online,Credit Card,2.0,15.5,31.0,2024-04,2024,4.65,Small
12855,2024-10-27,North,Nusrat Jahan,Furniture,Sofa,Distributor,bKash,10.0,435.94,4359.4,2024-10,2024,1307.82,Medium
12514,2025-02-10,West,Rakib Hasan,Electronics,Smartphone,Wholesale,Credit Card,13.0,388.99,5056.87,2025-02,2025,1517.06,Medium
12661,2025-09-11,North,Mim Akter,Electronics,Smartphone,Wholesale,Cash,24.0,435.12,10442.88,2025-09,2025,3132.86,Large
10061,2024-09-22,West,Rakib Hasan,Grocery,Snack Box,Wholesale,Bank Transfer,25.0,4.81,120.25,2024-09,2024,18.04,Large
12350,2025-02-04,East,Tanvir Ahmed,Apparel,Jacket,Wholesale,Bank Transfer,7.0,69.63,487.41,2025-02,2025,73.11,Medium
12124,2024-10-23,West,Nusrat Jahan,Grocery,Coffee Jar,Retail Store,Bank Transfer,8.0,7.95,63.6,2024-10,2024,9.54,Medium
12458,2024-02-21,South,Mim Akter,Stationery,Notebook,Wholesale,Nagad,22.0,2.26,49.72,2024-02,2024,7.46,Large
10941,2024-12-14,North,Arif Hossain,Apparel,Jeans,Distributor,Nagad,25.0,37.06,926.5,2024-12,2024,138.98,Large
11653,2025-06-25,East,Farzana Islam,Electronics,Monitor,Retail Store,Credit Card,1.0,198.26,198.26,2025-06,2025,59.48,Small
12228,2024-07-27,South,Farzana Islam,Grocery,Rice 5kg,Retail Store,Credit Card,17.0,7.7,130.9,2024-07,2024,19.64,Large
10400,2024-11-23,East,Farzana Islam,Grocery,Cooking Oil 1L,Retail Store,Cash,6.0,3.0654621848739496,19.08,2024-11,2024,2.86,Medium
11009,2024-08-03,South,Imran Kabir,Electronics,Laptop,Online,Cash,10.0,861.94,8619.4,2024-08,2024,2585.82,Medium
11091,2025-06-16,West,Shakil Rahman,Grocery,Rice 5kg,Retail Store,bKash,19.0,8.77,166.63,2025-06,2025,24.99,Large
12038,2025-08-27,East,Tanvir Ahmed,Stationery,Desk Organizer,Retail Store,Bank Transfer,25.0,17.81,445.25,2025-08,2025,66.79,Large
11683,2025-06-25,West,Farzana Islam,Grocery,Rice 5kg,Retail Store,Nagad,10.0,8.31,83.1,2025-06,2025,12.46,Medium
11618,2025-09-09,East,Nusrat Jahan,Furniture,Sofa,Online,Credit Card,20.0,502.32,10046.4,2025-09,2025,3013.92,Large
12645,2024-12-20,West,Farzana Islam,Electronics,Monitor,Retail Store,Cash,19.0,198.98,3780.62,2024-12,2024,1134.19,Large
11344,2024-07-08,Unknown,Arif Hossain,Apparel,Sneakers,Online,Cash,22.0,59.54,1309.88,2024-07,2024,196.48,Large
12005,2025-08-30,North,Lamia Sultana,Electronics,Smartwatch,Retail Store,bKash,3.0,158.66,475.98,2025-08,2025,142.79,Small
11788,2024-08-19,Central,Mim Akter,Grocery,Cooking Oil 1L,Wholesale,Credit Card,21.0,3.18,66.78,2024-08,2024,10.02,Large
12137,2024-04-28,West,Tanvir Ahmed,Electronics,Smartphone,Retail Store,bKash,7.0,375.74,2630.18,2024-04,2024,789.05,Medium
12506,2025-09-14,West,Shakil Rahman,Grocery,Rice 5kg,Retail Store,Nagad,1.0,8.09,8.09,2025-09,2025,1.21,Small
11267,2024-06-20,East,Mim Akter,Furniture,Dining Table,Online,Bank Transfer,2.0,398.83,797.66,2024-06,2024,239.3,Small
12778,2024-12-14,West,Farzana Islam,Electronics,Headphones,Wholesale,Cash,4.0,61.67,246.68,2024-12,2024,74.0,Small
10463,2025-03-24,South,Rakib Hasan,Electronics,Laptop,Distributor,Cash,20.0,822.02,16440.4,2025-03,2025,4932.12,Large
10422,2025-09-25,South,Shakil Rahman,Grocery,Rice 5kg,Wholesale,bKash,20.0,8.56,171.2,2025-09,2025,25.68,Large
10638,2024-06-23,West,Lamia Sultana,Furniture,Office Chair,Online,Cash,2.0,116.52,233.04,2024-06,2024,69.91,Small
12157,2024-04-23,East,Sadia Chowdhury,Electronics,Smartphone,Wholesale,Credit Card,2.0,415.49,830.98,2024-04,2024,249.29,Small
12032,2024-04-20,Central,Nusrat Jahan,Apparel,Cap,Retail Store,bKash,6.0,11.1,66.6,2024-04,2024,9.99,Medium
10473,2024-05-01,North,Sadia Chowdhury,Stationery,Desk Organizer,Wholesale,Cash,16.0,19.55,312.8,2024-05,2024,46.92,Large
12917,2025-03-18,South,Nusrat Jahan,Grocery,Tea Pack,Retail Store,bKash,21.0,4.32,90.72,2025-03,2025,13.61,Large
11896,2024-09-06,South,Sadia Chowdhury,Stationery,Backpack,Online,Cash,13.0,37.91,492.83,2024-09,2024,73.92,Medium
10742,2025-12-25,West,Lamia Sultana,Furniture,Bookshelf,Online,Nagad,25.0,92.04,2301.0,2025-12,2025,690.3,Large
10110,2025-04-02,Central,Lamia Sultana,Apparel,Jacket,Wholesale,bKash,18.0,66.37,1194.66,2025-04,2025,179.2,Large
11373,2024-11-10,East,Shakil Rahman,Apparel,Jacket,Online,Credit Card,19.0,69.24,1315.56,2024-11,2024,197.33,Large
12968,2025-09-29,East,Mim Akter,Furniture,Sofa,Distributor,Bank Transfer,18.0,471.79,8492.22,2025-09,2025,2547.67,Large
10849,2024-04-10,Central,Imran Kabir,Apparel,Sneakers,Distributor,Nagad,16.0,50.88,814.08,2024-04,2024,122.11,Large
12729,2024-05-08,North,Shakil Rahman,Furniture,Bookshelf,Wholesale,Credit Card,14.0,97.17,1360.38,2024-05,2024,408.11,Medium
11153,2024-02-23,East,Arif Hossain,Furniture,Desk,Online,bKash,1.0,199.34,4385.48,2024-02,2024,1315.64,Small
12810,2024-03-01,East,Arif Hossain,Electronics,Smartwatch,Wholesale,bKash,12.0,144.69,1736.28,2024-03,2024,520.88,Medium
12539,2024-11-03,West,Farzana Islam,Apparel,T-Shirt,Distributor,Nagad,23.0,16.52,379.96,2024-11,2024,56.99,Large
10386,2024-03-30,West,Imran Kabir,Furniture,Bookshelf,Wholesale,Credit Card,9.0,89.62,806.58,2024-03,2024,241.97,Medium
10166,2024-06-26,North,Rakib Hasan,Furniture,Desk,Distributor,bKash,20.0,168.88,3377.6,2024-06,2024,1013.28,Large
12245,2024-03-03,Central,Arif Hossain,Grocery,Snack Box,Retail Store,Nagad,10.0,5.74,57.4,2024-03,2024,8.61,Medium
12955,2025-01-21,North,Sadia Chowdhury,Apparel,Jacket,Retail Store,Cash,25.0,69.73,1743.25,2025-01,2025,261.49,Large
10416,2025-04-04,Central,Lamia Sultana,Grocery,Rice 5kg,Retail Store,Credit Card,6.0,9.1,54.6,2025-04,2025,8.19,Medium
11527,2024-03-13,North,Imran Kabir,Electronics,Laptop,Wholesale,Bank Transfer,14.0,968.48,13558.72,2024-03,2024,4067.62,Medium
11551,2024-07-05,Central,Shakil Rahman,Apparel,Cap,Wholesale,Credit Card,16.0,9.02,144.32,2024-07,2024,21.65,Large
11473,2025-04-23,Central,Nusrat Jahan,Apparel,T-Shirt,Distributor,bKash,9.0,13.62,122.58,2025-04,2025,18.39,Medium
12476,2024-07-28,Central,Mim Akter,Electronics,Monitor,Online,bKash,24.0,203.88,4893.12,2024-07,2024,1467.94,Large
11463,2024-03-26,South,Arif Hossain,Electronics,Laptop,Retail Store,Cash,6.0,859.22,5155.32,2024-03,2024,1546.6,Medium
10075,2024-02-12,East,Lamia Sultana,Furniture,Office Chair,Online,Nagad,12.0,123.98,1487.76,2024-02,2024,446.33,Medium
10282,2025-05-15,South,Sadia Chowdhury,Grocery,Snack Box,Distributor,Cash,24.0,5.3,127.2,2025-05,2025,19.08,Large
12400,2024-03-29,North,Rakib Hasan,Apparel,Cap,Online,Cash,14.0,11.44,160.16,2024-03,2024,24.02,Medium
11147,2024-06-08,West,Farzana Islam,Stationery,Pen Set,Wholesale,Credit Card,25.0,6.38,159.5,2024-06,2024,23.92,Large
10190,2024-04-23,West,Lamia Sultana,Electronics,Smartphone,Wholesale,Credit Card,16.0,419.67,6714.72,2024-04,2024,2014.42,Large
10025,2025-04-23,West,Mim Akter,Electronics,Monitor,Wholesale,Bank Transfer,24.0,200.98,4823.52,2025-04,2025,1447.06,Large
10801,2025-01-13,East,Imran Kabir,Electronics,Monitor,Retail Store,Bank Transfer,13.0,218.51,2840.63,2025-01,2025,852.19,Medium
11082,2025-01-21,South,Farzana Islam,Stationery,Notebook,Distributor,Credit Card,4.0,1.94,7.76,2025-01,2025,1.16,Small
10763,2024-04-16,East,Lamia Sultana,Grocery,Tea Pack,Wholesale,Credit Card,24.0,3.65,87.6,2024-04,2024,13.14,Large
12431,2024-02-25,North,Rakib Hasan,Apparel,Sneakers,Retail Store,Nagad,1.0,51.44,51.44,2024-02,2024,7.72,Small
10159,2024-09-18,South,Shakil Rahman,Electronics,Laptop,Retail Store,bKash,10.0,834.73,8347.3,2024-09,2024,2504.19,Medium
10987,2024-12-08,East,Tanvir Ahmed,Stationery,Desk Organizer,Wholesale,bKash,3.0,20.16,60.48,2024-12,2024,9.07,Small
12679,2025-11-24,West,Rakib Hasan,Electronics,Smartwatch,Retail Store,bKash,20.0,167.97,3359.4,2025-11,2025,1007.82,Large
10222,2025-07-29,West,Rakib Hasan,Apparel,Jacket,Distributor,Nagad,4.0,63.69,254.76,2025-07,2025,38.21,Small
11496,2025-04-20,Central,Sadia Chowdhury,Furniture,Dining Table,Wholesale,Credit Card,10.0,318.49,3184.9,2025-04,2025,955.47,Medium
10767,2024-05-28,Central,Sadia Chowdhury,Electronics,Tablet,Online,Bank Transfer,7.0,339.59,2377.13,2024-05,2024,713.14,Medium
12325,2025-06-17,South,Sadia Chowdhury,Furniture,Office Chair,Distributor,Cash,6.0,110.33,661.98,2025-06,2025,198.59,Medium
11757,2024-08-20,West,Rakib Hasan,Electronics,Smartphone,Online,Cash,8.0,365.65,2925.2,2024-08,2024,877.56,Medium
11190,2025-04-01,North,Lamia Sultana,Apparel,Jacket,Distributor,Credit Card,3.0,73.05,219.15,2025-04,2025,32.87,Small
12563,2025-01-17,Unknown,Lamia Sultana,Stationery,Desk Organizer,Retail Store,bKash,3.0,19.03,57.09,2025-01,2025,8.56,Small
10316,2024-10-29,East,Tanvir Ahmed,Stationery,Pen Set,Wholesale,Credit Card,14.0,6.78,94.92,2024-10,2024,14.24,Medium
10414,2024-08-20,East,Arif Hossain,Electronics,Laptop,Wholesale,Nagad,18.0,777.96,14003.28,2024-08,2024,4200.98,Large
10666,2025-08-25,Central,Sadia Chowdhury,Stationery,Notebook,Retail Store,bKash,22.0,2.04,44.88,2025-08,2025,6.73,Large
11123,2025-07-19,East,Nusrat Jahan,Furniture,Desk,Retail Store,Nagad,7.0,188.63,1320.41,2025-07,2025,396.12,Medium
11224,2025-12-17,North,Lamia Sultana,Grocery,Tea Pack,Online,bKash,18.0,3.61,64.98,2025-12,2025,9.75,Large
11994,2024-06-07,North,Imran Kabir,Furniture,Dining Table,Distributor,bKash,22.0,320.73,7056.06,2024-06,2024,2116.82,Large
11950,2024-10-01,West,Nusrat Jahan,Furniture,Sofa,Retail Store,Credit Card,24.0,446.72,10721.28,2024-10,2024,3216.38,Large
12445,2025-02-22,North,Nusrat Jahan,Electronics,Smartphone,Retail Store,Cash,15.0,404.1,6061.5,2025-02,2025,1818.45,Large
11765,2024-08-07,West,Lamia Sultana,Grocery,Rice 5kg,Wholesale,bKash,4.0,7.28,29.12,2024-08,2024,4.37,Small
11731,2024-01-15,West,Rakib Hasan,Furniture,Bookshelf,Wholesale,Cash,14.0,98.81,1383.34,2024-01,2024,415.0,Medium
12278,2024-01-06,Central,Rakib Hasan,Grocery,Cooking Oil 1L,Distributor,Cash,2.0,2.77,5.54,2024-01,2024,0.83,Small
12089,2025-07-26,West,Arif Hossain,Electronics,Monitor,Distributor,Bank Transfer,11.0,198.86,2187.46,2025-07,2025,656.24,Medium
10511,2024-09-15,South,Rakib Hasan,Stationery,Pen Set,Retail Store,Nagad,7.0,5.57,38.99,2024-09,2024,5.85,Medium
10108,2025-07-18,West,Sadia Chowdhury,Apparel,Sneakers,Retail Store,Bank Transfer,5.0,54.77,273.85,2025-07,2025,41.08,Medium
11923,2025-07-20,Central,Rakib Hasan,Stationery,Notebook,Wholesale,Bank Transfer,18.0,2.16,38.88,2025-07,2025,5.83,Large
10872,2024-03-08,North,Rakib Hasan,Apparel,Sneakers,Distributor,Nagad,12.0,55.29,663.48,2024-03,2024,99.52,Medium
10335,2024-10-14,South,Tanvir Ahmed,Furniture,Desk,Distributor,Nagad,20.0,186.24,3724.8,2024-10,2024,1117.44,Large
10724,2024-06-03,North,Lamia Sultana,Apparel,T-Shirt,Retail Store,Nagad,22.0,15.17,333.74,2024-06,2024,50.06,Large
11358,2024-12-09,West,Arif Hossain,Electronics,Smartphone,Online,Credit Card,2.0,367.66,735.32,2024-12,2024,220.6,Small
10938,2025-06-24,East,Mim Akter,Stationery,Backpack,Online,Cash,20.0,45.2,904.0,2025-06,2025,135.6,Large
12085,2024-03-22,East,Imran Kabir,Stationery,Notebook,Retail Store,Cash,22.0,2.14,47.08,2024-03,2024,7.06,Large
10808,2025-05-18,North,Shakil Rahman,Apparel,Sneakers,Wholesale,bKash,23.0,58.37,1342.51,2025-05,2025,201.38,Large
10295,2025-05-27,East,Imran Kabir,Grocery,Snack Box,Retail Store,Credit Card,24.0,5.72,137.28,2025-05,2025,20.59,Large
10375,2024-10-05,West,Mim Akter,Apparel,Jacket,Distributor,Bank Transfer,8.0,59.71,477.68,2024-10,2024,71.65,Medium
10376,2024-06-17,Central,Farzana Islam,Furniture,Desk,Retail Store,Credit Card,15.0,182.97,2744.55,2024-06,2024,823.36,Large
12570,2025-05-06,West,Farzana Islam,Grocery,Cooking Oil 1L,Retail Store,Cash,24.0,3.15,75.6,2025-05,2025,11.34,Large
11453,2025-12-12,West,Arif Hossain,Apparel,Jeans,Wholesale,Bank Transfer,1.0,37.5,337.5,2025-12,2025,50.62,Small
12210,2025-01-04,Central,Rakib Hasan,Stationery,Pen Set,Online,Bank Transfer,8.0,6.45,51.6,2025-01,2025,7.74,Medium
10708,2024-12-18,East,Lamia Sultana,Furniture,Bookshelf,Distributor,Bank Transfer,3.0,94.11,282.33,2024-12,2024,84.7,Small
12962,2024-01-04,West,Shakil Rahman,Electronics,Smartwatch,Retail Store,bKash,17.0,154.57,2627.69,2024-01,2024,788.31,Large
10392,2024-07-11,North,Mim Akter,Apparel,Cap,Retail Store,Nagad,16.0,10.36,165.76,2024-07,2024,24.86,Large
10366,2025-03-02,West,Nusrat Jahan,Electronics,Smartwatch,Distributor,bKash,24.0,147.0,3528.0,2025-03,2025,1058.4,Large
11052,2024-08-25,Central,Imran Kabir,Stationery,Pen Set,Wholesale,Credit Card,7.0,5.56,38.92,2024-08,2024,5.84,Medium
10642,2025-05-16,North,Nusrat Jahan,Stationery,Notebook,Distributor,Cash,13.0,2.17,28.21,2025-05,2025,4.23,Medium
10589,2025-10-02,South,Shakil Rahman,Grocery,Coffee Jar,Online,Bank Transfer,8.0,7.2,57.6,2025-10,2025,8.64,Medium
12471,2025-09-11,East,Arif Hossain,Electronics,Tablet,Online,bKash,5.0,272.08,1360.4,2025-09,2025,408.12,Medium
12454,2024-03-06,West,Rakib Hasan,Grocery,Cooking Oil 1L,Distributor,Nagad,6.0,2.82,16.92,2024-03,2024,2.54,Medium
10223,2024-04-09,East,Sadia Chowdhury,Grocery,Rice 5kg,Retail Store,bKash,2.0,7.78,15.56,2024-04,2024,2.33,Small
10360,2025-12-25,East,Rakib Hasan,Stationery,Notebook,Online,Credit Card,5.0,2.15,10.75,2025-12,2025,1.61,Medium
11229,2025-01-24,South,Mim Akter,Grocery,Cooking Oil 1L,Online,Nagad,2.0,3.4,6.8,2025-01,2025,1.02,Small
12307,2024-01-05,East,Tanvir Ahmed,Stationery,Pen Set,Retail Store,Nagad,1.0,5.82,5.82,2024-01,2024,0.87,Small
12619,2024-03-01,South,Nusrat Jahan,Stationery,Desk Organizer,Wholesale,Bank Transfer,1.0,18.45,18.45,2024-03,2024,2.77,Small
11840,2025-08-07,West,Lamia Sultana,Grocery,Cooking Oil 1L,Wholesale,Credit Card,25.0,2.9,72.5,2025-08,2025,10.88,Large
10214,2025-05-29,Central,Rakib Hasan,Furniture,Dining Table,Retail Store,Bank Transfer,2.0,387.75,775.5,2025-05,2025,232.65,Small
11773,2024-06-27,South,Farzana Islam,Apparel,Sneakers,Online,Bank Transfer,1.0,51.05,51.05,2024-06,2024,7.66,Small
11958,2025-02-24,North,Farzana Islam,Electronics,Monitor,Retail Store,bKash,2.0,209.27,418.54,2025-02,2025,125.56,Small
11772,2024-02-05,East,Imran Kabir,Apparel,T-Shirt,Online,Cash,4.0,14.63,58.52,2024-02,2024,8.78,Small
10994,2025-02-24,West,Imran Kabir,Electronics,Headphones,Online,Nagad,8.0,66.97,535.76,2025-02,2025,160.73,Medium
10146,2025-04-07,North,Farzana Islam,Stationery,Desk Organizer,Retail Store,Bank Transfer,8.0,18.06,144.48,2025-04,2025,21.67,Medium
10041,2024-06-14,North,Mim Akter,Apparel,T-Shirt,Retail Store,Cash,24.0,15.16,363.84,2024-06,2024,54.58,Large
11595,2024-08-12,West,Sadia Chowdhury,Stationery,Notebook,Retail Store,bKash,17.0,1.86,31.62,2024-08,2024,4.74,Large
11882,2025-01-14,West,Unknown,Grocery,Cooking Oil 1L,Online,Cash,4.0,2.93,11.72,2025-01,2025,1.76,Small
12249,2024-04-25,South,Unknown,Furniture,Dining Table,Online,bKash,21.0,372.71,7826.91,2024-04,2024,2348.07,Large
11402,2024-10-22,West,Sadia Chowdhury,Apparel,Jacket,Retail Store,bKash,9.0,74.57,671.13,2024-10,2024,100.67,Medium
10633,2024-07-14,West,Imran Kabir,Electronics,Laptop,Distributor,Cash,11.0,838.21,9220.31,2024-07,2024,2766.09,Medium
10114,2025-04-25,South,Imran Kabir,Grocery,Rice 5kg,Retail Store,Credit Card,9.0,7.88,70.92,2025-04,2025,10.64,Medium
10906,2025-03-23,Central,Farzana Islam,Grocery,Snack Box,Distributor,Bank Transfer,3.0,5.63,16.89,2025-03,2025,2.53,Small
10976,2025-02-27,West,Tanvir Ahmed,Electronics,Smartwatch,Online,bKash,18.0,168.57,3034.26,2025-02,2025,910.28,Large
11744,2024-08-16,East,Tanvir Ahmed,Apparel,Jeans,Wholesale,bKash,21.0,31.53,662.13,2024-08,2024,99.32,Large
10943,2024-12-28,North,Mim Akter,Stationery,Notebook,Distributor,Nagad,4.0,1.82,7.28,2024-12,2024,1.09,Small
12909,2025-01-20,South,Rakib Hasan,Furniture,Bookshelf,Wholesale,Bank Transfer,20.0,100.34,2006.8,2025-01,2025,602.04,Large
12572,2025-10-10,East,Imran Kabir,Apparel,Cap,Online,Cash,10.0,10.13,101.3,2025-10,2025,15.19,Medium
12700,2025-10-29,North,Mim Akter,Stationery,Desk Organizer,Wholesale,Cash,16.0,18.59,297.44,2025-10,2025,44.62,Large
10704,2025-02-09,Central,Sadia Chowdhury,Electronics,Monitor,Online,Nagad,15.0,215.9,3238.5,2025-02,2025,971.55,Large
10721,2024-09-23,South,Tanvir Ahmed,Apparel,Jacket,Distributor,Nagad,2.0,68.73,137.46,2024-09,2024,20.62,Small
12103,2024-05-19,North,Imran Kabir,Stationery,Notebook,Distributor,Credit Card,1.0,2.24,2.24,2024-05,2024,0.34,Small
10687,2024-06-06,Central,Tanvir Ahmed,Electronics,Tablet,Wholesale,Nagad,7.0,295.51,2068.57,2024-06,2024,620.57,Medium
10438,2024-10-29,East,Rakib Hasan,Stationery,Desk Organizer,Online,Bank Transfer,9.0,20.28,182.52,2024-10,2024,27.38,Medium
10248,2024-10-18,North,Shakil Rahman,Apparel,T-Shirt,Online,Cash,15.0,17.21,258.15,2024-10,2024,38.72,Large
10584,2025-05-08,Central,Arif Hossain,Stationery,Desk Organizer,Distributor,Cash,18.0,17.22,309.96,2025-05,2025,46.49,Large
12716,2025-01-14,North,Farzana Islam,Furniture,Sofa,Online,Bank Transfer,21.0,504.79,10600.59,2025-01,2025,3180.18,Large
11673,2025-06-09,East,Nusrat Jahan,Grocery,Coffee Jar,Wholesale,Cash,1.0,7.4,7.4,2025-06,2025,1.11,Small
10851,2024-09-28,West,Farzana Islam,Grocery,Cooking Oil 1L,Retail Store,Cash,2.0,2.92,5.84,2024-09,2024,0.88,Small
12825,2024-08-16,Central,Tanvir Ahmed,Furniture,Sofa,Online,bKash,15.0,445.98,6689.7,2024-08,2024,2006.91,Large
11827,2025-08-04,South,Imran Kabir,Grocery,Tea Pack,Wholesale,Cash,15.0,4.14,62.1,2025-08,2025,9.32,Large
12366,2024-10-09,North,Nusrat Jahan,Grocery,Cooking Oil 1L,Online,Bank Transfer,5.0,2.88,14.4,2024-10,2024,2.16,Medium
12824,2024-06-15,North,Shakil Rahman,Electronics,Smartphone,Retail Store,Cash,22.0,447.69,9849.18,2024-06,2024,2954.75,Large
10497,2024-10-27,South,Mim Akter,Apparel,Jeans,Distributor,Cash,7.0,39.82,278.74,2024-10,2024,41.81,Medium
12113,2024-12-06,South,Imran Kabir,Electronics,Smartwatch,Distributor,Bank Transfer,7.0,161.91,1133.37,2024-12,2024,340.01,Medium
10948,2025-08-21,Central,Imran Kabir,Electronics,Headphones,Wholesale,Cash,16.0,63.55,1016.8,2025-08,2025,305.04,Large
12848,2025-04-30,Central,Rakib Hasan,Apparel,Sneakers,Online,Credit Card,22.0,54.51,1199.22,2025-04,2025,179.88,Large
10768,2024-07-17,West,Mim Akter,Grocery,Cooking Oil 1L,Retail Store,Bank Transfer,21.0,2.97,62.37,2024-07,2024,9.36,Large
11696,2025-03-18,Central,Rakib Hasan,Furniture,Bookshelf,Wholesale,Nagad,6.0,102.22,613.32,2025-03,2025,184.0,Medium
11061,2024-12-05,West,Shakil Rahman,Electronics,Smartwatch,Online,bKash,11.0,144.08,1584.88,2024-12,2024,475.46,Medium
10898,2024-02-14,East,Lamia Sultana,Grocery,Coffee Jar,Online,Cash,21.0,7.39,155.19,2024-02,2024,23.28,Large
12996,2025-12-24,Central,Sadia Chowdhury,Electronics,Headphones,Distributor,Bank Transfer,6.0,63.02,378.12,2025-12,2025,113.44,Medium
10591,2025-12-18,West,Lamia Sultana,Apparel,T-Shirt,Wholesale,Cash,20.0,15.34,306.8,2025-12,2025,46.02,Large
12491,2024-08-28,South,Shakil Rahman,Electronics,Headphones,Retail Store,Nagad,18.0,61.05708737864078,1163.7,2024-08,2024,349.11,Large
12522,2024-02-01,West,Rakib Hasan,Electronics,Smartwatch,Wholesale,Credit Card,4.0,158.66,634.64,2024-02,2024,190.39,Small
10606,2024-10-29,North,Arif Hossain,Stationery,Pen Set,Retail Store,Bank Transfer,9.0,6.21,55.89,2024-10,2024,8.38,Medium
11668,2024-03-15,West,Rakib Hasan,Furniture,Office Chair,Retail Store,Cash,23.0,114.11,2624.53,2024-03,2024,787.36,Large
11597,2025-06-16,East,Mim Akter,Apparel,Jeans,Wholesale,Nagad,17.0,36.55,621.35,2025-06,2025,93.2,Large
12774,2025-12-30,North,Tanvir Ahmed,Furniture,Sofa,Distributor,Cash,3.0,513.56,1540.68,2025-12,2025,462.2,Small
12051,2024-01-24,Central,Lamia Sultana,Electronics,Smartphone,Online,Cash,13.0,453.66,5897.58,2024-01,2024,1769.27,Medium
11078,2024-01-07,East,Nusrat Jahan,Apparel,Jeans,Wholesale,Cash,6.0,38.64,231.84,2024-01,2024,34.78,Medium
11114,2025-11-12,North,Lamia Sultana,Stationery,Pen Set,Wholesale,Cash,24.0,5.54,132.96,2025-11,2025,19.94,Large
12617,2025-07-07,Central,Farzana Islam,Apparel,Cap,Retail Store,Bank Transfer,13.0,11.48,149.24,2025-07,2025,22.39,Medium
11161,2025-11-07,South,Tanvir Ahmed,Apparel,T-Shirt,Online,Credit Card,1.0,14.71,353.04,2025-11,2025,52.96,Small
12636,2024-11-27,North,Farzana Islam,Furniture,Bookshelf,Distributor,bKash,25.0,86.38,2159.5,2024-11,2024,647.85,Large
12326,2025-03-31,North,Lamia Sultana,Grocery,Coffee Jar,Retail Store,Credit Card,4.0,6.46,25.84,2025-03,2025,3.88,Small
12172,2025-09-15,South,Tanvir Ahmed,Electronics,Headphones,Distributor,Nagad,17.0,54.57,927.69,2025-09,2025,278.31,Large
11922,2024-03-28,West,Tanvir Ahmed,Apparel,Jacket,Distributor,Bank Transfer,5.0,72.2,361.0,2024-03,2024,54.15,Medium
12565,2024-03-22,North,Farzana Islam,Grocery,Rice 5kg,Retail Store,Nagad,1.0,7.7,7.7,2024-03,2024,1.16,Small
11915,2024-10-11,Central,Farzana Islam,Stationery,Desk Organizer,Wholesale,Nagad,3.0,17.8,53.4,2024-10,2024,8.01,Small
12954,2025-09-16,North,Nusrat Jahan,Stationery,Backpack,Distributor,Bank Transfer,9.0,41.27,371.43,2025-09,2025,55.71,Medium
12073,2024-12-11,East,Rakib Hasan,Apparel,Cap,Distributor,Nagad,24.0,10.52,252.48,2024-12,2024,37.87,Large
10877,2024-01-24,West,Lamia Sultana,Furniture,Sofa,Retail Store,Credit Card,18.0,477.8,8600.4,2024-01,2024,2580.12,Large
10799,2024-07-19,Central,Nusrat Jahan,Apparel,T-Shirt,Retail Store,Cash,1.0,13.81,13.81,2024-07,2024,2.07,Small
11975,2024-09-03,South,Arif Hossain,Electronics,Smartwatch,Retail Store,bKash,2.0,154.07,308.14,2024-09,2024,92.44,Small
11615,2024-04-15,North,Arif Hossain,Apparel,T-Shirt,Distributor,Nagad,25.0,15.86,396.5,2024-04,2024,59.47,Large
10905,2025-10-25,Unknown,Unknown,Electronics,Laptop,Wholesale,bKash,22.0,916.65,20166.3,2025-10,2025,6049.89,Large
11379,2024-08-28,North,Mim Akter,Apparel,Jacket,Online,Nagad,12.0,60.27,723.24,2024-08,2024,108.49,Medium
12769,2025-12-12,Central,Nusrat Jahan,Electronics,Laptop,Wholesale,Credit Card,2.0,854.22,1708.44,2025-12,2025,512.53,Small
12552,2024-10-24,North,Arif Hossain,Furniture,Office Chair,Wholesale,Nagad,10.0,113.11,1131.1,2024-10,2024,339.33,Medium
12672,2024-04-19,East,Sadia Chowdhury,Electronics,Smartphone,Online,bKash,25.0,428.99,10724.75,2024-04,2024,3217.42,Large
11448,2025-11-15,Central,Lamia Sultana,Grocery,Tea Pack,Distributor,Nagad,16.0,3.81,60.96,2025-11,2025,9.14,Large
11335,2025-11-05,East,Sadia Chowdhury,Apparel,Cap,Retail Store,Cash,10.0,11.31,113.1,2025-11,2025,16.96,Medium
11577,2025-09-08,South,Farzana Islam,Furniture,Bookshelf,Online,Nagad,2.0,98.54,197.08,2025-09,2025,59.12,Small
11163,2025-11-30,East,Farzana Islam,Apparel,Jacket,Online,Credit Card,18.0,71.02,1278.36,2025-11,2025,191.75,Large
10320,2025-06-10,West,Sadia Chowdhury,Apparel,Cap,Retail Store,Bank Transfer,6.0,9.47,56.82,2025-06,2025,8.52,Medium
11271,2025-09-08,Central,Farzana Islam,Apparel,Jeans,Wholesale,Cash,7.0,36.11,252.77,2025-09,2025,37.92,Medium
12174,2025-02-28,West,Lamia Sultana,Electronics,Smartphone,Wholesale,Credit Card,13.0,420.3,5463.9,2025-02,2025,1639.17,Medium
10572,2024-09-23,West,Farzana Islam,Furniture,Bookshelf,Wholesale,Cash,12.0,89.11,1069.32,2024-09,2024,320.8,Medium
10629,2024-12-10,East,Imran Kabir,Furniture,Sofa,Retail Store,bKash,3.0,458.53,1375.59,2024-12,2024,412.68,Small
10529,2025-02-28,East,Lamia Sultana,Furniture,Desk,Online,bKash,11.0,194.41,2138.51,2025-02,2025,641.55,Medium
11083,2025-11-19,Central,Nusrat Jahan,Apparel,T-Shirt,Wholesale,Bank Transfer,25.0,13.88,347.0,2025-11,2025,52.05,Large
12410,2024-08-26,South,Tanvir Ahmed,Apparel,Jacket,Distributor,bKash,4.0,60.85,243.4,2024-08,2024,36.51,Small
10139,2025-07-07,North,Shakil Rahman,Furniture,Dining Table,Retail Store,bKash,9.0,384.87,3463.83,2025-07,2025,1039.15,Medium
11261,2024-01-31,East,Farzana Islam,Furniture,Dining Table,Retail Store,Nagad,18.0,317.02,5706.36,2024-01,2024,1711.91,Large
10942,2024-11-07,Central,Lamia Sultana,Electronics,Laptop,Distributor,bKash,24.0,854.83,20515.92,2024-11,2024,6154.78,Large
11396,2025-03-22,East,Sadia Chowdhury,Electronics,Laptop,Wholesale,Bank Transfer,10.0,926.0,9260.0,2025-03,2025,2778.0,Medium
11889,2025-06-22,East,Lamia Sultana,Grocery,Rice 5kg,Distributor,Nagad,3.0,8.86,26.58,2025-06,2025,3.99,Small
11536,2025-08-21,South,Lamia Sultana,Furniture,Office Chair,Distributor,bKash,1.0,115.78,115.78,2025-08,2025,34.73,Small
12693,2025-03-06,North,Farzana Islam,Electronics,Headphones,Distributor,Bank Transfer,9.0,65.53,589.77,2025-03,2025,176.93,Medium
10710,2025-03-18,North,Shakil Rahman,Stationery,Backpack,Online,bKash,23.0,41.9,963.7,2025-03,2025,144.56,Large
12613,2025-10-18,North,Nusrat Jahan,Grocery,Snack Box,Retail Store,Bank Transfer,21.0,4.94,103.74,2025-10,2025,15.56,Large
10946,2025-04-10,North,Mim Akter,Stationery,Pen Set,Retail Store,Cash,4.0,5.62,22.48,2025-04,2025,3.37,Small
12782,2025-02-01,East,Sadia Chowdhury,Grocery,Snack Box,Online,bKash,10.0,5.47,54.7,2025-02,2025,8.2,Medium
11983,2025-12-07,East,Shakil Rahman,Stationery,Backpack,Retail Store,Credit Card,5.0,42.0,210.0,2025-12,2025,31.5,Medium
12395,2025-06-28,West,Nusrat Jahan,Grocery,Cooking Oil 1L,Online,Credit Card,2.0,2.9,5.8,2025-06,2025,0.87,Small
12298,2025-02-01,North,Farzana Islam,Furniture,Office Chair,Wholesale,Nagad,4.0,126.03,504.12,2025-02,2025,151.24,Small
10771,2025-02-25,Central,Arif Hossain,Stationery,Pen Set,Retail Store,Credit Card,17.0,6.13,104.21,2025-02,2025,15.63,Large
10585,2024-06-08,East,Mim Akter,Electronics,Tablet,Wholesale,Cash,10.0,270.79,2707.9,2024-06,2024,812.37,Medium
12899,2024-11-05,East,Rakib Hasan,Stationery,Notebook,Retail Store,Cash,3.0,1.9,5.7,2024-11,2024,0.86,Small
12953,2024-06-10,Central,Sadia Chowdhury,Stationery,Desk Organizer,Wholesale,bKash,11.0,20.66,227.26,2024-06,2024,34.09,Medium
12384,2024-06-03,South,Nusrat Jahan,Stationery,Backpack,Retail Store,bKash,21.0,42.93,901.53,2024-06,2024,135.23,Large
11875,2024-03-22,West,Rakib Hasan,Electronics,Smartphone,Wholesale,Credit Card,22.0,405.96,8931.12,2024-03,2024,2679.34,Large
12811,2024-02-25,East,Nusrat Jahan,Stationery,Pen Set,Distributor,bKash,23.0,5.62,129.26,2024-02,2024,19.39,Large
11435,2024-10-01,North,Mim Akter,Apparel,Jeans,Wholesale,Credit Card,23.0,33.33,766.59,2024-10,2024,114.99,Large
11854,2024-11-29,Central,Rakib Hasan,Furniture,Desk,Retail Store,Credit Card,6.0,196.49,1178.94,2024-11,2024,353.68,Medium
12920,2024-08-31,South,Arif Hossain,Grocery,Rice 5kg,Distributor,Credit Card,13.0,8.8,114.4,2024-08,2024,17.16,Medium
10618,2025-02-26,East,Mim Akter,Stationery,Desk Organizer,Distributor,Cash,25.0,19.05,476.25,2025-02,2025,71.44,Large
10824,2025-08-15,Central,Lamia Sultana,Stationery,Pen Set,Online,Credit Card,25.0,5.42,135.5,2025-08,2025,20.32,Large
12526,2024-05-20,East,Mim Akter,Furniture,Office Chair,Wholesale,Bank Transfer,11.0,135.97,1495.67,2024-05,2024,448.7,Medium
10022,2024-08-13,North,Lamia Sultana,Electronics,Headphones,Retail Store,Nagad,1.0,55.06,55.06,2024-08,2024,16.52,Small
10821,2024-05-01,Central,Lamia Sultana,Electronics,Monitor,Online,Bank Transfer,9.0,200.38,1803.42,2024-05,2024,541.03,Medium
11283,2025-06-24,West,Sadia Chowdhury,Furniture,Dining Table,Online,Nagad,8.0,365.56,2924.48,2025-06,2025,877.34,Medium
11405,2024-10-29,West,Sadia Chowdhury,Apparel,Cap,Retail Store,Bank Transfer,4.0,10.79,43.16,2024-10,2024,6.47,Small
10660,2025-04-09,East,Sadia Chowdhury,Grocery,Coffee Jar,Online,bKash,19.0,7.87,149.53,2025-04,2025,22.43,Large
11517,2025-09-05,West,Mim Akter,Grocery,Snack Box,Retail Store,Bank Transfer,9.0,4.9,44.1,2025-09,2025,6.62,Medium
11014,2025-01-18,South,Arif Hossain,Stationery,Notebook,Wholesale,Nagad,16.0,2.06,32.96,2025-01,2025,4.94,Large
10404,2024-10-28,South,Sadia Chowdhury,Stationery,Pen Set,Online,Credit Card,1.0,5.88,5.88,2024-10,2024,0.88,Small
11302,2024-04-06,East,Nusrat Jahan,Electronics,Smartwatch,Retail Store,bKash,4.0,146.42,585.68,2024-04,2024,175.7,Small
10492,2024-06-26,West,Rakib Hasan,Furniture,Bookshelf,Online,bKash,24.0,92.56,2221.44,2024-06,2024,666.43,Large
12337,2025-03-07,South,Arif Hossain,Apparel,Jeans,Online,Credit Card,12.0,36.55,438.6,2025-03,2025,65.79,Medium
10930,2024-02-12,Central,Lamia Sultana,Electronics,Laptop,Online,Nagad,17.0,875.5139080459771,13385.8,2024-02,2024,4015.74,Large
12188,2024-09-30,West,Imran Kabir,Stationery,Pen Set,Wholesale,Credit Card,2.0,6.28,12.56,2024-09,2024,1.88,Small
11012,2024-10-28,Central,Lamia Sultana,Furniture,Office Chair,Retail Store,Nagad,5.0,117.83,589.15,2024-10,2024,176.74,Medium
12758,2024-06-24,East,Arif Hossain,Apparel,Cap,Retail Store,Nagad,25.0,9.8,245.0,2024-06,2024,36.75,Large
12648,2024-05-10,North,Farzana Islam,Grocery,Rice 5kg,Retail Store,bKash,19.0,8.67,164.73,2024-05,2024,24.71,Large
12074,2025-10-03,Unknown,Unknown,Stationery,Notebook,Distributor,Bank Transfer,18.0,2.05,36.9,2025-10,2025,5.53,Large
10140,2024-08-31,North,Rakib Hasan,Electronics,Monitor,Online,Cash,19.0,215.81,4100.39,2024-08,2024,1230.12,Large
11640,2025-06-03,South,Arif Hossain,Furniture,Bookshelf,Retail Store,Credit Card,23.0,91.7,2109.1,2025-06,2025,632.73,Large
12671,2024-01-04,Central,Lamia Sultana,Stationery,Desk Organizer,Online,Credit Card,9.0,16.35,147.15,2024-01,2024,22.07,Medium
10230,2025-07-25,North,Imran Kabir,Electronics,Smartphone,Distributor,Cash,12.0,435.5,5226.0,2025-07,2025,1567.8,Medium
10235,2025-06-20,North,Unknown,Stationery,Pen Set,Wholesale,bKash,21.0,6.48,136.08,2025-06,2025,20.41,Large
10999,2025-04-25,East,Shakil Rahman,Grocery,Snack Box,Retail Store,bKash,10.0,5.25,52.5,2025-04,2025,7.88,Medium
12733,2025-08-01,North,Arif Hossain,Electronics,Smartphone,Online,Credit Card,6.0,419.5,2517.0,2025-08,2025,755.1,Medium
11381,2024-11-30,West,Shakil Rahman,Grocery,Rice 5kg,Retail Store,Credit Card,20.0,8.78,175.6,2024-11,2024,26.34,Large
12749,2024-07-14,East,Rakib Hasan,Stationery,Backpack,Distributor,Credit Card,6.0,43.05,258.3,2024-07,2024,38.74,Medium
11755,2025-02-26,East,Mim Akter,Furniture,Office Chair,Distributor,Credit Card,11.0,130.53,1435.83,2025-02,2025,430.75,Medium
12082,2025-06-20,East,Shakil Rahman,Furniture,Bookshelf,Distributor,bKash,13.0,91.37,1187.81,2025-06,2025,356.34,Medium
11623,2024-01-09,Central,Farzana Islam,Stationery,Notebook,Online,Credit Card,12.0,2.09,25.08,2024-01,2024,3.76,Medium
11476,2024-06-15,North,Rakib Hasan,Apparel,Jacket,Distributor,Cash,15.0,67.39,1010.85,2024-06,2024,151.63,Large
11445,2025-03-12,North,Nusrat Jahan,Furniture,Bookshelf,Distributor,Cash,19.0,97.41,1850.79,2025-03,2025,555.24,Large
12237,2024-12-02,West,Nusrat Jahan,Electronics,Smartwatch,Online,Cash,23.0,158.83,3653.09,2024-12,2024,1095.93,Large
10833,2025-12-31,South,Imran Kabir,Grocery,Rice 5kg,Wholesale,Cash,25.0,8.36,209.0,2025-12,2025,31.35,Large
10229,2024-10-13,North,Imran Kabir,Stationery,Backpack,Wholesale,Nagad,20.0,42.8,856.0,2024-10,2024,128.4,Large
10435,2025-11-09,Central,Farzana Islam,Stationery,Desk Organizer,Online,Nagad,12.0,18.73,224.76,2025-11,2025,33.71,Medium
12905,2024-03-31,South,Nusrat Jahan,Grocery,Rice 5kg,Wholesale,Bank Transfer,18.0,7.73,139.14,2024-03,2024,20.87,Large
11497,2025-03-11,East,Tanvir Ahmed,Grocery,Coffee Jar,Distributor,Cash,11.0,7.48,82.28,2025-03,2025,12.34,Medium
11350,2024-12-12,West,Shakil Rahman,Electronics,Smartwatch,Online,Credit Card,14.0,144.78,2026.92,2024-12,2024,608.08,Medium
11329,2025-12-17,South,Nusrat Jahan,Electronics,Smartphone,Retail Store,Nagad,18.0,380.04,6840.72,2025-12,2025,2052.22,Large
11632,2025-05-07,East,Arif Hossain,Furniture,Dining Table,Distributor,Nagad,6.0,349.82,2098.92,2025-05,2025,629.68,Medium
11270,2024-12-02,North,Tanvir Ahmed,Furniture,Bookshelf,Distributor,Credit Card,7.0,91.47,640.29,2024-12,2024,192.09,Medium
10483,2024-05-16,West,Mim Akter,Furniture,Bookshelf,Distributor,Bank Transfer,5.0,90.29,451.45,2024-05,2024,135.44,Medium
10458,2025-12-21,East,Arif Hossain,Stationery,Pen Set,Retail Store,Cash,14.0,5.84,81.76,2025-12,2025,12.26,Medium
11634,2025-09-20,South,Imran Kabir,Apparel,Sneakers,Online,Cash,19.0,62.85,1194.15,2025-09,2025,179.12,Large
11614,2025-03-30,West,Farzana Islam,Apparel,Jeans,Retail Store,bKash,5.0,37.38,186.9,2025-03,2025,28.04,Medium
12957,2025-11-04,North,Mim Akter,Stationery,Backpack,Online,bKash,14.0,36.01,504.14,2025-11,2025,75.62,Medium
10292,2025-12-09,Central,Tanvir Ahmed,Stationery,Notebook,Retail Store,bKash,19.0,2.04,38.76,2025-12,2025,5.81,Large
12805,2024-05-02,Central,Arif Hossain,Stationery,Notebook,Retail Store,Bank Transfer,18.0,1.88,33.84,2024-05,2024,5.08,Large
12355,2025-02-21,West,Lamia Sultana,Electronics,Smartwatch,Online,Nagad,5.0,158.98,794.9,2025-02,2025,238.47,Medium
10991,2025-10-02,North,Lamia Sultana,Stationery,Pen Set,Wholesale,Credit Card,15.0,6.27,94.05,2025-10,2025,14.11,Large
13000,2024-01-25,South,Lamia Sultana,Apparel,Cap,Wholesale,Bank Transfer,15.0,11.28,169.2,2024-01,2024,25.38,Large
10136,2024-07-13,East,Tanvir Ahmed,Apparel,Cap,Wholesale,Cash,4.0,11.37,45.48,2024-07,2024,6.82,Small
10195,2024-05-18,South,Sadia Chowdhury,Stationery,Backpack,Wholesale,bKash,3.0,43.16,129.48,2024-05,2024,19.42,Small
12380,2025-08-10,West,Tanvir Ahmed,Furniture,Office Chair,Distributor,bKash,23.0,131.75,3030.25,2025-08,2025,909.08,Large
11617,2025-10-03,North,Imran Kabir,Apparel,Jacket,Distributor,Credit Card,15.0,65.42,981.3,2025-10,2025,147.2,Large
11230,2024-01-24,West,Nusrat Jahan,Apparel,Sneakers,Online,bKash,25.0,58.9,1472.5,2024-01,2024,220.88,Large
11650,2024-04-08,West,Rakib Hasan,Grocery,Coffee Jar,Distributor,bKash,10.0,6.92,69.2,2024-04,2024,10.38,Medium
10098,2024-11-26,West,Farzana Islam,Stationery,Desk Organizer,Online,Bank Transfer,20.0,17.33,346.6,2024-11,2024,51.99,Large
12077,2025-06-28,North,Sadia Chowdhury,Electronics,Smartwatch,Wholesale,Nagad,16.0,149.42,2390.72,2025-06,2025,717.22,Large
11023,2024-11-02,Central,Rakib Hasan,Apparel,Jeans,Distributor,Credit Card,10.0,38.7,387.0,2024-11,2024,58.05,Medium
12549,2025-10-06,Central,Lamia Sultana,Furniture,Dining Table,Distributor,Bank Transfer,14.0,337.92,4730.88,2025-10,2025,1419.26,Medium
11672,2025-12-07,East,Nusrat Jahan,Grocery,Snack Box,Distributor,Bank Transfer,1.0,5.02,5.02,2025-12,2025,0.75,Small
11263,2024-07-23,South,Shakil Rahman,Electronics,Monitor,Distributor,Bank Transfer,3.0,217.17,651.51,2024-07,2024,195.45,Small
10908,2025-03-11,North,Tanvir Ahmed,Electronics,Smartwatch,Online,Nagad,14.0,138.54,1939.56,2025-03,2025,581.87,Medium
12179,2024-04-01,Central,Sadia Chowdhury,Grocery,Rice 5kg,Retail Store,Credit Card,14.0,7.31,102.34,2024-04,2024,15.35,Medium
12213,2025-01-16,Central,Lamia Sultana,Furniture,Office Chair,Distributor,Cash,20.0,109.67,2193.4,2025-01,2025,658.02,Large
11487,2025-01-12,South,Lamia Sultana,Stationery,Notebook,Retail Store,bKash,1.0,1.97,23.64,2025-01,2025,3.55,Small
10842,2025-07-29,Central,Lamia Sultana,Grocery,Snack Box,Wholesale,Bank Transfer,6.0,5.13,30.78,2025-07,2025,4.62,Medium
11897,2025-05-24,North,Shakil Rahman,Electronics,Laptop,Wholesale,bKash,15.0,904.9,13573.5,2025-05,2025,4072.05,Large
10446,2024-08-02,North,Tanvir Ahmed,Furniture,Bookshelf,Wholesale,Cash,25.0,98.4,2460.0,2024-08,2024,738.0,Large
10390,2025-06-30,North,Nusrat Jahan,Furniture,Desk,Retail Store,Cash,24.0,164.52,3948.48,2025-06,2025,1184.54,Large
11228,2024-09-02,West,Farzana Islam,Grocery,Cooking Oil 1L,Distributor,Bank Transfer,18.0,2.82,50.76,2024-09,2024,7.61,Large
11871,2025-10-12,South,Imran Kabir,Stationery,Notebook,Distributor,Bank Transfer,9.0,1.87,16.83,2025-10,2025,2.52,Medium
12794,2025-02-25,North,Shakil Rahman,Stationery,Desk Organizer,Retail Store,Cash,25.0,20.17,504.25,2025-02,2025,75.64,Large
12375,2025-04-18,East,Rakib Hasan,Stationery,Desk Organizer,Retail Store,Bank Transfer,15.0,16.79,251.85,2025-04,2025,37.78,Large
12330,2025-07-17,Central,Mim Akter,Grocery,Cooking Oil 1L,Distributor,Nagad,3.0,3.25,9.75,2025-07,2025,1.46,Small
10594,2024-03-23,East,Sadia Chowdhury,Apparel,Sneakers,Online,Cash,25.0,62.59,1564.75,2024-03,2024,234.71,Large
12321,2024-06-04,Central,Shakil Rahman,Stationery,Desk Organizer,Retail Store,Credit Card,4.0,16.6,66.4,2024-06,2024,9.96,Small
12662,2025-02-13,East,Lamia Sultana,Furniture,Bookshelf,Retail Store,Credit Card,22.0,96.55,2124.1,2025-02,2025,637.23,Large
11895,2025-03-21,East,Mim Akter,Electronics,Headphones,Retail Store,Bank Transfer,14.0,55.84,781.76,2025-03,2025,234.53,Medium
10713,2025-05-13,North,Farzana Islam,Furniture,Desk,Online,bKash,22.0,181.65,3996.3,2025-05,2025,1198.89,Large
10434,2024-09-15,West,Imran Kabir,Apparel,Jacket,Distributor,Bank Transfer,7.0,66.08,462.56,2024-09,2024,69.38,Medium
12933,2024-06-25,Central,Shakil Rahman,Furniture,Dining Table,Wholesale,Cash,21.0,329.14,6911.94,2024-06,2024,2073.58,Large
11662,2024-05-18,Central,Nusrat Jahan,Stationery,Desk Organizer,Distributor,Cash,15.0,19.64,294.6,2024-05,2024,44.19,Large
11238,2025-11-26,South,Mim Akter,Stationery,Desk Organizer,Retail Store,bKash,19.0,20.5,389.5,2025-11,2025,58.42,Large
12722,2025-02-13,West,Tanvir Ahmed,Electronics,Tablet,Retail Store,Credit Card,7.0,303.42,2123.94,2025-02,2025,637.18,Medium
11212,2025-05-10,North,Lamia Sultana,Furniture,Bookshelf,Online,Nagad,2.0,82.08,164.16,2025-05,2025,49.25,Small
10826,2024-04-07,Central,Rakib Hasan,Grocery,Tea Pack,Wholesale,Credit Card,12.0,4.58,54.96,2024-04,2024,8.24,Medium
10720,2024-12-05,West,Arif Hossain,Electronics,Tablet,Wholesale,Nagad,14.0,296.47,4150.58,2024-12,2024,1245.17,Medium
12087,2024-12-17,West,Lamia Sultana,Stationery,Pen Set,Retail Store,bKash,17.0,6.31,107.27,2024-12,2024,16.09,Large
10922,2024-12-18,South,Shakil Rahman,Grocery,Rice 5kg,Retail Store,Bank Transfer,15.0,7.66,114.9,2024-12,2024,17.24,Large
11062,2024-11-25,South,Unknown,Stationery,Notebook,Wholesale,Nagad,6.0,2.02,12.12,2024-11,2024,1.82,Medium
12122,2024-06-19,Central,Arif Hossain,Apparel,Jeans,Retail Store,bKash,11.0,37.22,409.42,2024-06,2024,61.41,Medium
10969,2024-07-27,West,Sadia Chowdhury,Apparel,Cap,Online,Nagad,5.0,9.93,49.65,2024-07,2024,7.45,Medium
10819,2024-05-08,South,Rakib Hasan,Electronics,Smartphone,Retail Store,Cash,7.0,373.02,2611.14,2024-05,2024,783.34,Medium
12239,2025-12-17,South,Shakil Rahman,Furniture,Bookshelf,Online,Credit Card,21.0,97.66,2050.86,2025-12,2025,615.26,Large
11154,2024-10-15,North,Imran Kabir,Grocery,Snack Box,Wholesale,Cash,16.0,4.6,73.6,2024-10,2024,11.04,Large
11537,2025-10-21,West,Lamia Sultana,Stationery,Desk Organizer,Retail Store,Cash,5.0,18.84,94.2,2025-10,2025,14.13,Medium
12730,2025-07-20,East,Rakib Hasan,Grocery,Coffee Jar,Wholesale,bKash,21.0,6.83,143.43,2025-07,2025,21.51,Large
12040,2024-10-04,North,Arif Hossain,Electronics,Smartphone,Wholesale,Bank Transfer,22.0,443.06,9747.32,2024-10,2024,2924.2,Large
12508,2025-09-01,West,Tanvir Ahmed,Stationery,Desk Organizer,Online,Nagad,15.0,17.58,263.7,2025-09,2025,39.56,Large
11553,2024-08-25,Central,Rakib Hasan,Grocery,Tea Pack,Retail Store,Credit Card,7.0,3.91,27.37,2024-08,2024,4.11,Medium
10972,2024-06-14,South,Lamia Sultana,Grocery,Tea Pack,Distributor,Credit Card,24.0,4.13,99.12,2024-06,2024,14.87,Large
11251,2025-07-20,North,Lamia Sultana,Furniture,Dining Table,Wholesale,Cash,6.0,398.01,2388.06,2025-07,2025,716.42,Medium
12822,2024-10-14,Unknown,Imran Kabir,Electronics,Monitor,Retail Store,Cash,9.0,210.01,1890.09,2024-10,2024,567.03,Medium
11539,2024-12-16,West,Imran Kabir,Grocery,Cooking Oil 1L,Online,Credit Card,8.0,2.93,23.44,2024-12,2024,3.52,Medium
11285,2024-03-17,Central,Nusrat Jahan,Electronics,Headphones,Retail Store,Credit Card,16.0,54.9,878.4,2024-03,2024,263.52,Large
12056,2024-07-13,Central,Mim Akter,Grocery,Snack Box,Wholesale,Credit Card,7.0,5.06,35.42,2024-07,2024,5.31,Medium
12221,2024-06-13,South,Tanvir Ahmed,Stationery,Backpack,Online,Bank Transfer,6.0,37.18,223.08,2024-06,2024,33.46,Medium
12197,2024-06-03,South,Shakil Rahman,Electronics,Tablet,Wholesale,Bank Transfer,25.0,309.54,7738.5,2024-06,2024,2321.55,Large
11985,2025-06-03,East,Imran Kabir,Stationery,Notebook,Wholesale,Credit Card,14.0,2.03,28.42,2025-06,2025,4.26,Medium
12714,2024-04-07,North,Nusrat Jahan,Electronics,Smartwatch,Distributor,bKash,16.0,142.88,2286.08,2024-04,2024,685.82,Large
10509,2024-02-12,Central,Arif Hossain,Apparel,T-Shirt,Retail Store,Credit Card,1.0,15.65,15.65,2024-02,2024,2.35,Small
12800,2025-12-14,West,Nusrat Jahan,Furniture,Dining Table,Distributor,bKash,17.0,375.69,6386.73,2025-12,2025,1916.02,Large
10172,2025-10-23,North,Unknown,Electronics,Tablet,Online,Nagad,6.0,272.94,1637.64,2025-10,2025,491.29,Medium
11495,2024-12-11,West,Farzana Islam,Grocery,Snack Box,Retail Store,Credit Card,23.0,5.24,120.52,2024-12,2024,18.08,Large
11820,2025-04-26,East,Arif Hossain,Grocery,Tea Pack,Distributor,Cash,17.0,4.09,69.53,2025-04,2025,10.43,Large
11722,2025-12-20,East,Rakib Hasan,Furniture,Desk,Retail Store,Credit Card,25.0,165.41,4135.25,2025-12,2025,1240.58,Large
11322,2025-10-27,North,Farzana Islam,Stationery,Desk Organizer,Online,Cash,4.0,17.7,70.8,2025-10,2025,10.62,Small
11431,2024-01-26,North,Sadia Chowdhury,Apparel,Cap,Retail Store,Nagad,13.0,10.93,142.09,2024-01,2024,21.31,Medium
11735,2024-11-27,North,Mim Akter,Furniture,Sofa,Online,Credit Card,23.0,458.63,10548.49,2024-11,2024,3164.55,Large
10432,2025-06-09,South,Nusrat Jahan,Furniture,Desk,Distributor,Bank Transfer,1.0,200.91,200.91,2025-06,2025,60.27,Small
10232,2025-09-19,West,Rakib Hasan,Grocery,Snack Box,Retail Store,Cash,11.0,4.7,51.7,2025-09,2025,7.76,Medium
10237,2025-12-23,South,Imran Kabir,Furniture,Sofa,Wholesale,Credit Card,5.0,463.35,2316.75,2025-12,2025,695.02,Medium
10032,2024-11-03,North,Arif Hossain,Stationery,Pen Set,Online,bKash,20.0,5.5,110.0,2024-11,2024,16.5,Large
10033,2025-08-31,North,Lamia Sultana,Furniture,Sofa,Retail Store,Nagad,2.0,474.68,949.36,2025-08,2025,284.81,Small
11413,2024-08-25,West,Arif Hossain,Furniture,Bookshelf,Retail Store,Cash,10.0,96.03,960.3,2024-08,2024,288.09,Medium
10134,2025-05-16,Central,Rakib Hasan,Stationery,Desk Organizer,Wholesale,Credit Card,20.0,18.04,360.8,2025-05,2025,54.12,Large
10575,2025-10-08,North,Imran Kabir,Grocery,Coffee Jar,Distributor,Bank Transfer,5.0,7.82,39.1,2025-10,2025,5.86,Medium
11844,2025-12-03,West,Lamia Sultana,Apparel,Jeans,Wholesale,Credit Card,19.0,33.64,639.16,2025-12,2025,95.87,Large
11419,2025-04-03,South,Mim Akter,Apparel,Sneakers,Online,Cash,14.0,52.54,735.56,2025-04,2025,110.33,Medium
10448,2024-07-23,West,Tanvir Ahmed,Grocery,Coffee Jar,Online,Nagad,24.0,6.95,166.8,2024-07,2024,25.02,Large
12680,2025-07-02,East,Sadia Chowdhury,Stationery,Desk Organizer,Wholesale,Credit Card,7.0,18.38,128.66,2025-07,2025,19.3,Medium
10466,2025-11-25,West,Lamia Sultana,Furniture,Office Chair,Wholesale,Nagad,15.0,113.44,1701.6,2025-11,2025,510.48,Large
11341,2025-07-23,West,Imran Kabir,Apparel,T-Shirt,Retail Store,Nagad,7.0,14.23,99.61,2025-07,2025,14.94,Medium
10281,2024-06-05,Central,Lamia Sultana,Electronics,Headphones,Wholesale,Cash,7.0,58.95,412.65,2024-06,2024,123.79,Medium
10778,2025-01-29,East,Sadia Chowdhury,Grocery,Cooking Oil 1L,Online,Credit Card,23.0,2.95,67.85,2025-01,2025,10.18,Large
10744,2025-11-29,Central,Arif Hossain,Grocery,Rice 5kg,Distributor,Cash,10.0,8.0,80.0,2025-11,2025,12.0,Medium
10596,2024-02-04,South,Imran Kabir,Electronics,Laptop,Wholesale,bKash,7.0,862.93,6040.51,2024-02,2024,1812.15,Medium
12724,2024-08-17,East,Shakil Rahman,Grocery,Cooking Oil 1L,Wholesale,Nagad,4.0,3.35,13.4,2024-08,2024,2.01,Small
12977,2024-01-18,West,Nusrat Jahan,Stationery,Desk Organizer,Online,bKash,22.0,18.36,403.92,2024-01,2024,60.59,Large
12341,2024-01-03,West,Shakil Rahman,Apparel,T-Shirt,Wholesale,bKash,22.0,17.19,378.18,2024-01,2024,56.73,Large
11057,2025-08-24,West,Arif Hossain,Stationery,Desk Organizer,Retail Store,Nagad,23.0,20.65,474.95,2025-08,2025,71.24,Large
11347,2024-02-22,North,Farzana Islam,Stationery,Backpack,Wholesale,bKash,20.0,41.41,828.2,2024-02,2024,124.23,Large
10688,2025-12-06,East,Mim Akter,Grocery,Snack Box,Retail Store,Credit Card,22.0,5.74,126.28,2025-12,2025,18.94,Large
11281,2024-03-17,North,Unknown,Electronics,Headphones,Online,Cash,9.0,58.94,530.46,2024-03,2024,159.14,Medium
12986,2024-12-14,South,Farzana Islam,Electronics,Smartphone,Distributor,Cash,21.0,364.27,7649.67,2024-12,2024,2294.9,Large
12464,2025-12-09,West,Nusrat Jahan,Apparel,Cap,Retail Store,Credit Card,18.0,11.04,198.72,2025-12,2025,29.81,Large
11450,2025-11-11,North,Rakib Hasan,Apparel,T-Shirt,Wholesale,Bank Transfer,16.0,14.73,235.68,2025-11,2025,35.35,Large
12965,2025-05-07,East,Rakib Hasan,Grocery,Snack Box,Wholesale,Bank Transfer,10.0,5.66,56.6,2025-05,2025,8.49,Medium
12611,2024-07-04,West,Tanvir Ahmed,Furniture,Office Chair,Retail Store,Cash,7.0,135.34,947.38,2024-07,2024,284.21,Medium
10218,2024-02-16,Central,Tanvir Ahmed,Stationery,Backpack,Online,Credit Card,21.0,43.71,917.91,2024-02,2024,137.69,Large
12461,2025-05-19,Unknown,Rakib Hasan,Electronics,Tablet,Retail Store,bKash,13.0,326.13,4239.69,2025-05,2025,1271.91,Medium
12515,2025-07-01,North,Arif Hossain,Stationery,Notebook,Retail Store,Cash,9.0,1.98,17.82,2025-07,2025,2.67,Medium
12276,2024-03-05,North,Lamia Sultana,Apparel,Sneakers,Online,Credit Card,21.0,54.99,1154.79,2024-03,2024,173.22,Large
11528,2025-05-07,Central,Arif Hossain,Stationery,Notebook,Online,Bank Transfer,24.0,1.83,43.92,2025-05,2025,6.59,Large
10156,2025-03-29,Central,Tanvir Ahmed,Furniture,Desk,Online,Cash,22.0,181.08,3983.76,2025-03,2025,1195.13,Large
11265,2024-07-29,West,Farzana Islam,Furniture,Bookshelf,Distributor,bKash,24.0,91.98,2207.52,2024-07,2024,662.26,Large
12981,2025-04-10,Central,Tanvir Ahmed,Grocery,Coffee Jar,Online,Credit Card,19.0,6.53,124.07,2025-04,2025,18.61,Large
11382,2024-02-01,East,Sadia Chowdhury,Apparel,Sneakers,Distributor,Nagad,6.0,54.56,327.36,2024-02,2024,49.1,Medium
11489,2025-10-31,West,Farzana Islam,Furniture,Bookshelf,Distributor,Bank Transfer,6.0,90.58,543.48,2025-10,2025,163.04,Medium
11855,2024-05-18,Central,Arif Hossain,Stationery,Notebook,Online,Bank Transfer,6.0,1.82,10.92,2024-05,2024,1.64,Medium
11096,2025-03-23,East,Unknown,Stationery,Notebook,Wholesale,Nagad,8.0,1.91,15.28,2025-03,2025,2.29,Medium
12841,2025-09-23,Unknown,Sadia Chowdhury,Apparel,Jacket,Wholesale,bKash,24.0,70.64,1695.36,2025-09,2025,254.3,Large
12127,2024-07-08,West,Arif Hossain,Furniture,Dining Table,Wholesale,Credit Card,16.0,376.94,6031.04,2024-07,2024,1809.31,Large
10983,2024-05-10,North,Lamia Sultana,Stationery,Pen Set,Retail Store,Credit Card,9.0,6.8,61.2,2024-05,2024,9.18,Medium
12731,2025-04-08,West,Shakil Rahman,Furniture,Dining Table,Distributor,Credit Card,24.0,315.05,7561.2,2025-04,2025,2268.36,Large
12544,2025-12-01,Central,Imran Kabir,Electronics,Headphones,Retail Store,Cash,3.0,58.7,176.1,2025-12,2025,52.83,Small
10290,2025-01-23,North,Tanvir Ahmed,Furniture,Bookshelf,Online,Bank Transfer,13.0,93.44,1214.72,2025-01,2025,364.42,Medium
10626,2025-10-30,West,Imran Kabir,Apparel,Jacket,Online,bKash,20.0,73.59,1471.8,2025-10,2025,220.77,Large
11948,2024-07-24,East,Shakil Rahman,Stationery,Desk Organizer,Retail Store,Bank Transfer,1.0,20.09,462.07,2024-07,2024,69.31,Small
10263,2024-03-23,West,Sadia Chowdhury,Grocery,Tea Pack,Wholesale,Bank Transfer,22.0,4.56,100.32,2024-03,2024,15.05,Large
12911,2025-12-03,South,Tanvir Ahmed,Stationery,Backpack,Retail Store,bKash,6.0,36.22,217.32,2025-12,2025,32.6,Medium
11562,2024-12-09,West,Tanvir Ahmed,Grocery,Snack Box,Wholesale,Bank Transfer,9.0,5.73,51.57,2024-12,2024,7.74,Medium
12557,2025-08-17,North,Sadia Chowdhury,Stationery,Desk Organizer,Online,Cash,17.0,17.55,298.35,2025-08,2025,44.75,Large
10283,2025-07-13,South,Mim Akter,Grocery,Coffee Jar,Retail Store,bKash,16.0,6.62,105.92,2025-07,2025,15.89,Large
11879,2024-11-09,North,Rakib Hasan,Apparel,Jacket,Retail Store,bKash,15.0,73.21,1098.15,2024-11,2024,164.72,Large
10651,2024-05-17,North,Mim Akter,Furniture,Desk,Online,Bank Transfer,17.0,200.08,3401.36,2024-05,2024,1020.41,Large
12960,2025-03-26,North,Nusrat Jahan,Apparel,Jeans,Online,Nagad,22.0,35.52,781.44,2025-03,2025,117.22,Large
10506,2025-05-29,Central,Tanvir Ahmed,Stationery,Notebook,Online,Cash,4.0,1.94,7.76,2025-05,2025,1.16,Small
11524,2024-10-27,West,Nusrat Jahan,Furniture,Desk,Distributor,bKash,3.0,202.25,606.75,2024-10,2024,182.02,Small
10869,2024-08-30,East,Mim Akter,Stationery,Desk Organizer,Online,Nagad,15.0,17.95,269.25,2024-08,2024,40.39,Large
11276,2025-10-22,Central,Arif Hossain,Grocery,Rice 5kg,Online,Cash,1.0,7.34,7.34,2025-10,2025,1.1,Small
10343,2025-12-06,West,Tanvir Ahmed,Furniture,Sofa,Wholesale,bKash,5.0,504.24,2521.2,2025-12,2025,756.36,Medium
10754,2024-06-26,East,Nusrat Jahan,Stationery,Pen Set,Online,Nagad,11.0,5.49,60.39,2024-06,2024,9.06,Medium
10732,2024-11-16,South,Arif Hossain,Furniture,Dining Table,Distributor,bKash,18.0,315.93,5686.74,2024-11,2024,1706.02,Large
11215,2024-02-08,Central,Imran Kabir,Furniture,Office Chair,Wholesale,Nagad,10.0,112.84,1128.4,2024-02,2024,338.52,Medium
12482,2024-11-17,West,Arif Hossain,Stationery,Desk Organizer,Wholesale,bKash,17.0,18.40890909090909,300.39,2024-11,2024,45.06,Large
11543,2024-09-19,West,Lamia Sultana,Electronics,Laptop,Retail Store,bKash,24.0,803.82,19291.68,2024-09,2024,5787.5,Large
10187,2024-02-09,North,Mim Akter,Electronics,Headphones,Retail Store,bKash,10.0,67.76,677.6,2024-02,2024,203.28,Medium
10689,2024-11-14,West,Imran Kabir,Furniture,Office Chair,Online,Credit Card,2.0,128.61,257.22,2024-11,2024,77.17,Small
10696,2024-12-30,Central,Lamia Sultana,Grocery,Cooking Oil 1L,Wholesale,Nagad,10.0,2.95,29.5,2024-12,2024,4.42,Medium
10765,2025-11-24,Central,Mim Akter,Grocery,Snack Box,Wholesale,bKash,11.0,4.79,52.69,2025-11,2025,7.9,Medium
10173,2025-01-16,Central,Arif Hossain,Grocery,Coffee Jar,Retail Store,Cash,10.0,6.98,69.8,2025-01,2025,10.47,Medium
11173,2025-07-19,East,Nusrat Jahan,Stationery,Backpack,Distributor,Cash,4.0,37.71,150.84,2025-07,2025,22.63,Small
12915,2024-11-27,South,Imran Kabir,Apparel,Jacket,Online,Bank Transfer,14.0,67.74,948.36,2024-11,2024,142.25,Medium
10717,2025-05-08,West,Mim Akter,Electronics,Smartwatch,Online,Nagad,23.0,138.0,3174.0,2025-05,2025,952.2,Large
11787,2025-02-08,North,Mim Akter,Apparel,Sneakers,Distributor,Nagad,17.0,58.53,995.01,2025-02,2025,149.25,Large
12002,2024-07-28,East,Tanvir Ahmed,Apparel,T-Shirt,Distributor,bKash,7.0,14.28,99.96,2024-07,2024,14.99,Medium
10764,2024-04-28,South,Tanvir Ahmed,Stationery,Pen Set,Wholesale,Nagad,3.0,6.74,20.22,2024-04,2024,3.03,Small
10104,2025-05-25,North,Nusrat Jahan,Grocery,Coffee Jar,Distributor,Nagad,21.0,7.07,148.47,2025-05,2025,22.27,Large
10251,2025-02-14,West,Imran Kabir,Furniture,Dining Table,Distributor,Credit Card,22.0,323.35,7113.7,2025-02,2025,2134.11,Large
10588,2024-06-16,Central,Imran Kabir,Furniture,Sofa,Wholesale,bKash,23.0,487.93,11222.39,2024-06,2024,3366.72,Large
12828,2024-09-18,East,Mim Akter,Apparel,T-Shirt,Retail Store,Bank Transfer,17.0,16.33,277.61,2024-09,2024,41.64,Large
10379,2024-09-23,West,Arif Hossain,Furniture,Bookshelf,Online,Cash,6.0,81.7,490.2,2024-09,2024,147.06,Medium
11005,2025-06-01,South,Imran Kabir,Apparel,Sneakers,Retail Store,Credit Card,1.0,50.51,50.51,2025-06,2025,7.58,Small
11028,2024-02-02,East,Mim Akter,Grocery,Snack Box,Online,Nagad,5.0,4.69,23.45,2024-02,2024,3.52,Medium
12941,2024-12-30,North,Farzana Islam,Grocery,Cooking Oil 1L,Wholesale,Cash,11.0,3.25,35.75,2024-12,2024,5.36,Medium
10176,2025-07-26,West,Rakib Hasan,Apparel,Jacket,Online,Cash,13.0,68.96,896.48,2025-07,2025,134.47,Medium
11667,2025-01-14,West,Arif Hossain,Stationery,Notebook,Retail Store,Nagad,22.0,2.15,47.3,2025-01,2025,7.1,Large
11008,2024-01-23,Central,Nusrat Jahan,Furniture,Bookshelf,Retail Store,bKash,6.0,99.96,599.76,2024-01,2024,179.93,Medium
12312,2025-08-07,Central,Tanvir Ahmed,Grocery,Snack Box,Online,Bank Transfer,14.0,5.68,79.52,2025-08,2025,11.93,Medium
12149,2024-05-24,East,Farzana Islam,Furniture,Office Chair,Retail Store,Credit Card,1.0,135.91,2174.56,2024-05,2024,652.37,Small
10313,2024-09-11,North,Mim Akter,Grocery,Snack Box,Online,Credit Card,22.0,5.33,117.26,2024-09,2024,17.59,Large
12413,2024-11-12,Central,Sadia Chowdhury,Furniture,Sofa,Wholesale,Cash,18.0,479.86,8637.48,2024-11,2024,2591.24,Large
12591,2024-07-09,South,Arif Hossain,Electronics,Headphones,Wholesale,Credit Card,18.0,55.92,1006.56,2024-07,2024,301.97,Large
11113,2024-05-04,North,Farzana Islam,Grocery,Tea Pack,Online,Credit Card,16.0,4.24,67.84,2024-05,2024,10.18,Large
12474,2024-06-25,South,Sadia Chowdhury,Furniture,Sofa,Retail Store,Bank Transfer,20.0,486.31,9726.2,2024-06,2024,2917.86,Large
10141,2024-04-26,North,Rakib Hasan,Furniture,Bookshelf,Wholesale,Nagad,24.0,82.43,1978.32,2024-04,2024,593.5,Large
11918,2025-02-02,West,Mim Akter,Stationery,Pen Set,Online,Cash,25.0,6.05,151.25,2025-02,2025,22.69,Large
11075,2024-04-29,South,Lamia Sultana,Furniture,Bookshelf,Retail Store,Credit Card,25.0,83.08,2077.0,2024-04,2024,623.1,Large
10332,2024-04-14,North,Sadia Chowdhury,Apparel,Cap,Retail Store,Bank Transfer,1.0,11.08,265.92,2024-04,2024,39.89,Small
12027,2024-10-19,Central,Mim Akter,Stationery,Notebook,Online,Cash,19.0,1.89,35.91,2024-10,2024,5.39,Large
11837,2024-08-14,North,Unknown,Apparel,Sneakers,Retail Store,Bank Transfer,8.0,55.82,446.56,2024-08,2024,66.98,Medium
10016,2024-04-18,East,Arif Hossain,Grocery,Rice 5kg,Retail Store,Nagad,21.0,7.8,163.8,2024-04,2024,24.57,Large
12545,2024-12-01,East,Imran Kabir,Electronics,Tablet,Distributor,bKash,24.0,286.98,6887.52,2024-12,2024,2066.26,Large
11257,2025-02-04,Unknown,Sadia Chowdhury,Furniture,Office Chair,Distributor,bKash,4.0,122.73,490.92,2025-02,2025,147.28,Small
10702,2025-01-28,Central,Nusrat Jahan,Grocery,Cooking Oil 1L,Retail Store,Bank Transfer,3.0,2.96,8.88,2025-01,2025,1.33,Small
12336,2024-10-11,South,Tanvir Ahmed,Furniture,Desk,Distributor,Credit Card,9.0,183.93,1655.37,2024-10,2024,496.61,Medium
11313,2024-05-26,Central,Rakib Hasan,Apparel,Cap,Online,Cash,24.0,9.49,227.76,2024-05,2024,34.16,Large
11171,2024-10-05,Central,Imran Kabir,Stationery,Desk Organizer,Wholesale,Nagad,7.0,17.03,119.21,2024-10,2024,17.88,Medium
11050,2024-04-08,East,Nusrat Jahan,Electronics,Laptop,Online,bKash,22.0,800.68,17614.96,2024-04,2024,5284.49,Large
11899,2024-05-04,North,Unknown,Stationery,Pen Set,Distributor,Bank Transfer,16.0,6.71,107.36,2024-05,2024,16.1,Large
12133,2024-06-15,North,Sadia Chowdhury,Stationery,Backpack,Online,Cash,7.0,44.72,313.04,2024-06,2024,46.96,Medium
10115,2025-10-03,East,Arif Hossain,Grocery,Rice 5kg,Wholesale,Cash,23.0,8.97,206.31,2025-10,2025,30.95,Large
11733,2024-06-11,South,Tanvir Ahmed,Apparel,Jacket,Wholesale,Bank Transfer,10.0,71.98,719.8,2024-06,2024,107.97,Medium
11235,2025-04-14,East,Mim Akter,Stationery,Pen Set,Online,bKash,5.0,6.15,30.75,2025-04,2025,4.61,Medium
12185,2024-11-23,Central,Tanvir Ahmed,Electronics,Headphones,Wholesale,Bank Transfer,16.0,64.0,1024.0,2024-11,2024,307.2,Large
10541,2025-11-01,Central,Farzana Islam,Electronics,Smartwatch,Online,Bank Transfer,7.0,160.79,1125.53,2025-11,2025,337.66,Medium
10997,2024-09-19,Unknown,Lamia Sultana,Electronics,Smartwatch,Retail Store,Nagad,12.0,150.79,1809.48,2024-09,2024,542.84,Medium
12246,2024-10-07,Central,Rakib Hasan,Apparel,Sneakers,Wholesale,Credit Card,15.0,58.86,882.9,2024-10,2024,132.44,Large
11393,2025-12-07,South,Tanvir Ahmed,Grocery,Rice 5kg,Wholesale,Credit Card,6.0,9.18,55.08,2025-12,2025,8.26,Medium
11940,2024-09-12,South,Rakib Hasan,Stationery,Notebook,Online,bKash,24.0,1.82,43.68,2024-09,2024,6.55,Large
11856,2024-10-12,South,Lamia Sultana,Furniture,Desk,Distributor,Nagad,15.0,173.06,2595.9,2024-10,2024,778.77,Large
10806,2025-07-21,South,Rakib Hasan,Stationery,Pen Set,Wholesale,Cash,16.0,5.46,87.36,2025-07,2025,13.1,Large
10577,2025-03-31,East,Shakil Rahman,Apparel,Jacket,Wholesale,Cash,25.0,72.52,1813.0,2025-03,2025,271.95,Large
12727,2024-08-18,North,Lamia Sultana,Stationery,Backpack,Retail Store,Nagad,5.0,40.62,203.1,2024-08,2024,30.46,Medium
12994,2024-01-23,South,Imran Kabir,Apparel,T-Shirt,Wholesale,Cash,3.0,15.12,45.36,2024-01,2024,6.8,Small
10601,2024-06-10,South,Mim Akter,Grocery,Snack Box,Online,bKash,16.0,4.61,73.76,2024-06,2024,11.06,Large
10204,2025-01-27,North,Nusrat Jahan,Electronics,Smartphone,Distributor,Cash,19.0,363.24,6901.56,2025-01,2025,2070.47,Large
10630,2025-05-28,West,Shakil Rahman,Electronics,Smartwatch,Online,Bank Transfer,14.0,164.02,2296.28,2025-05,2025,688.88,Medium
11836,2024-04-03,West,Nusrat Jahan,Furniture,Desk,Online,bKash,19.0,195.32,3711.08,2024-04,2024,1113.32,Large
12500,2024-09-10,South,Tanvir Ahmed,Apparel,Cap,Online,Cash,25.0,9.19,229.75,2024-09,2024,34.46,Large
11800,2024-04-30,Central,Tanvir Ahmed,Stationery,Desk Organizer,Distributor,Nagad,23.0,18.53,426.19,2024-04,2024,63.93,Large
11326,2024-07-28,Central,Farzana Islam,Electronics,Smartphone,Online,bKash,4.0,407.37,1629.48,2024-07,2024,488.84,Small
11124,2024-09-18,Central,Imran Kabir,Apparel,Jeans,Online,Nagad,9.0,34.84,313.56,2024-09,2024,47.03,Medium
12888,2025-06-30,West,Tanvir Ahmed,Stationery,Pen Set,Online,Nagad,14.0,5.46,76.44,2025-06,2025,11.47,Medium
11953,2024-01-21,West,Arif Hossain,Stationery,Pen Set,Online,bKash,11.0,6.55,72.05,2024-01,2024,10.81,Medium
10504,2025-02-21,Central,Farzana Islam,Furniture,Bookshelf,Retail Store,Cash,13.0,91.15,1184.95,2025-02,2025,355.48,Medium
10952,2025-01-18,South,Farzana Islam,Electronics,Smartwatch,Distributor,Cash,10.0,146.02,1460.2,2025-01,2025,438.06,Medium
12785,2025-05-08,East,Nusrat Jahan,Electronics,Smartwatch,Distributor,Cash,24.0,170.39,4089.36,2025-05,2025,1226.81,Large
10800,2024-11-21,Central,Imran Kabir,Grocery,Rice 5kg,Retail Store,Bank Transfer,20.0,8.41,168.2,2024-11,2024,25.23,Large
11282,2025-04-16,East,Rakib Hasan,Stationery,Desk Organizer,Retail Store,Nagad,4.0,16.77,67.08,2025-04,2025,10.06,Small
12853,2024-03-29,East,Tanvir Ahmed,Electronics,Tablet,Retail Store,Bank Transfer,25.0,313.17,7829.25,2024-03,2024,2348.78,Large
11993,2024-07-17,West,Sadia Chowdhury,Furniture,Dining Table,Retail Store,Nagad,13.0,377.84,4911.92,2024-07,2024,1473.58,Medium
10782,2025-12-20,Central,Farzana Islam,Apparel,Jeans,Wholesale,Nagad,7.0,38.09,266.63,2025-12,2025,39.99,Medium
11188,2025-03-13,North,Nusrat Jahan,Grocery,Cooking Oil 1L,Online,bKash,13.0,2.81,36.53,2025-03,2025,5.48,Medium
10932,2024-07-25,East,Mim Akter,Electronics,Smartphone,Retail Store,Credit Card,15.0,456.96,6854.4,2024-07,2024,2056.32,Large
10860,2025-10-24,West,Arif Hossain,Apparel,Sneakers,Wholesale,Bank Transfer,2.0,52.28,104.56,2025-10,2025,15.68,Small
12271,2024-04-08,East,Imran Kabir,Furniture,Sofa,Retail Store,Credit Card,18.0,480.71,8652.78,2024-04,2024,2595.83,Large
10047,2025-11-06,East,Nusrat Jahan,Grocery,Tea Pack,Retail Store,Credit Card,7.0,4.0,28.0,2025-11,2025,4.2,Medium
10450,2025-08-25,South,Farzana Islam,Apparel,Jacket,Wholesale,Nagad,10.0,61.21,612.1,2025-08,2025,91.82,Medium
12243,2025-10-21,North,Tanvir Ahmed,Grocery,Snack Box,Distributor,bKash,20.0,4.65,93.0,2025-10,2025,13.95,Large
12789,2025-07-09,North,Imran Kabir,Furniture,Sofa,Wholesale,Credit Card,25.0,455.78,11394.5,2025-07,2025,3418.35,Large
10132,2024-11-07,North,Rakib Hasan,Apparel,Sneakers,Online,Credit Card,16.0,51.1,817.6,2024-11,2024,122.64,Large
10158,2024-08-13,West,Arif Hossain,Apparel,Cap,Distributor,Credit Card,13.0,11.46,148.98,2024-08,2024,22.35,Medium
11937,2025-08-27,East,Mim Akter,Furniture,Dining Table,Retail Store,Bank Transfer,14.0,394.69,5525.66,2025-08,2025,1657.7,Medium
10124,2024-08-23,North,Lamia Sultana,Electronics,Smartwatch,Wholesale,Cash,20.0,165.07,3301.4,2024-08,2024,990.42,Large
11305,2025-05-24,West,Nusrat Jahan,Electronics,Smartphone,Retail Store,Cash,1.0,384.44,384.44,2025-05,2025,115.33,Small
12743,2024-06-12,Unknown,Lamia Sultana,Grocery,Coffee Jar,Distributor,Cash,3.0,7.89,23.67,2024-06,2024,3.55,Small
11058,2025-03-14,Central,Farzana Islam,Furniture,Office Chair,Distributor,bKash,25.0,115.31,2882.75,2025-03,2025,864.82,Large
10612,2024-08-01,South,Lamia Sultana,Electronics,Headphones,Online,Credit Card,21.0,61.37,1288.77,2024-08,2024,386.63,Large
11155,2024-10-14,Central,Rakib Hasan,Grocery,Cooking Oil 1L,Retail Store,bKash,25.0,2.79,69.75,2024-10,2024,10.46,Large
10846,2025-08-29,South,Nusrat Jahan,Electronics,Monitor,Retail Store,Cash,3.0,248.07,744.21,2025-08,2025,223.26,Small
10795,2024-05-28,North,Tanvir Ahmed,Stationery,Backpack,Wholesale,Bank Transfer,15.0,45.28,679.2,2024-05,2024,101.88,Large
10253,2025-10-31,East,Lamia Sultana,Apparel,Jacket,Online,Cash,12.0,69.76,837.12,2025-10,2025,125.57,Medium
12761,2024-07-06,West,Rakib Hasan,Electronics,Smartwatch,Retail Store,bKash,12.0,135.32,1623.84,2024-07,2024,487.15,Medium
12600,2025-12-05,West,Arif Hossain,Furniture,Bookshelf,Wholesale,Credit Card,13.0,85.84,1115.92,2025-12,2025,334.78,Medium
10843,2025-11-23,West,Lamia Sultana,Grocery,Tea Pack,Wholesale,Nagad,12.0,4.37,52.44,2025-11,2025,7.87,Medium
11571,2024-06-11,North,Arif Hossain,Electronics,Smartwatch,Online,Nagad,17.0,166.74,2834.58,2024-06,2024,850.37,Large
10278,2025-04-22,Central,Mim Akter,Grocery,Cooking Oil 1L,Distributor,Bank Transfer,18.0,3.19,57.42,2025-04,2025,8.61,Large
10703,2025-12-11,West,Lamia Sultana,Stationery,Desk Organizer,Distributor,Nagad,8.0,16.98,135.84,2025-12,2025,20.38,Medium
12286,2024-12-18,West,Lamia Sultana,Stationery,Desk Organizer,Retail Store,Bank Transfer,5.0,18.88,94.4,2024-12,2024,14.16,Medium
11227,2024-11-20,South,Imran Kabir,Grocery,Coffee Jar,Distributor,Credit Card,11.0,8.04,88.44,2024-11,2024,13.27,Medium
10078,2024-09-08,West,Imran Kabir,Stationery,Desk Organizer,Distributor,Cash,3.0,17.46,52.38,2024-09,2024,7.86,Small
11488,2024-05-21,Central,Imran Kabir,Electronics,Smartwatch,Online,bKash,16.0,142.05,2272.8,2024-05,2024,681.84,Large
10323,2025-02-01,East,Sadia Chowdhury,Grocery,Rice 5kg,Distributor,Nagad,20.0,7.99,159.8,2025-02,2025,23.97,Large
12784,2024-03-05,South,Arif Hossain,Grocery,Cooking Oil 1L,Wholesale,Cash,21.0,2.71,56.91,2024-03,2024,8.54,Large
11499,2025-06-28,Central,Farzana Islam,Apparel,T-Shirt,Distributor,Credit Card,24.0,14.99,359.76,2025-06,2025,53.96,Large
10631,2025-02-08,West,Arif Hossain,Furniture,Desk,Retail Store,Bank Transfer,21.0,187.71,3941.91,2025-02,2025,1182.57,Large
12695,2025-05-19,North,Rakib Hasan,Apparel,Jacket,Online,Bank Transfer,11.0,71.62,787.82,2025-05,2025,118.17,Medium
10227,2025-03-17,West,Shakil Rahman,Grocery,Snack Box,Online,Credit Card,5.0,5.6,28.0,2025-03,2025,4.2,Medium
12801,2024-01-23,West,Tanvir Ahmed,Stationery,Desk Organizer,Distributor,Cash,22.0,19.07,419.54,2024-01,2024,62.93,Large
12829,2025-02-13,East,Shakil Rahman,Stationery,Desk Organizer,Online,bKash,23.0,17.42,400.66,2025-02,2025,60.1,Large
11017,2025-07-17,Central,Rakib Hasan,Grocery,Coffee Jar,Distributor,Cash,3.0,6.54,19.62,2025-07,2025,2.94,Small
12264,2025-06-24,South,Imran Kabir,Stationery,Desk Organizer,Wholesale,Credit Card,8.0,18.63,149.04,2025-06,2025,22.36,Medium
12240,2024-10-20,West,Sadia Chowdhury,Stationery,Notebook,Wholesale,Nagad,17.0,2.25,38.25,2024-10,2024,5.74,Large
12001,2025-09-16,East,Mim Akter,Stationery,Pen Set,Retail Store,Bank Transfer,23.0,5.49,126.27,2025-09,2025,18.94,Large
10299,2025-02-02,East,Rakib Hasan,Electronics,Laptop,Wholesale,bKash,11.0,875.5139080459771,9258.15,2025-02,2025,2777.44,Medium
10683,2025-01-19,South,Shakil Rahman,Apparel,T-Shirt,Online,Cash,21.0,15.5,325.5,2025-01,2025,48.82,Large
12165,2024-01-31,West,Imran Kabir,Apparel,Sneakers,Distributor,Bank Transfer,7.0,51.16,358.12,2024-01,2024,53.72,Medium
10265,2025-10-03,North,Shakil Rahman,Furniture,Office Chair,Wholesale,Nagad,18.0,119.38,2148.84,2025-10,2025,644.65,Large
12399,2025-05-02,West,Farzana Islam,Grocery,Tea Pack,Distributor,Cash,2.0,3.96,7.92,2025-05,2025,1.19,Small
10391,2024-08-30,West,Mim Akter,Furniture,Dining Table,Retail Store,bKash,19.0,342.83,6513.77,2024-08,2024,1954.13,Large
12480,2024-11-30,North,Farzana Islam,Grocery,Tea Pack,Online,Nagad,9.0,4.16,37.44,2024-11,2024,5.62,Medium
11380,2024-07-27,North,Arif Hossain,Stationery,Desk Organizer,Online,bKash,11.0,18.77,206.47,2024-07,2024,30.97,Medium
10129,2024-01-15,Central,Mim Akter,Furniture,Sofa,Online,Bank Transfer,9.0,465.36,4188.24,2024-01,2024,1256.47,Medium
10126,2024-10-29,Central,Mim Akter,Grocery,Rice 5kg,Retail Store,Credit Card,11.0,8.69,95.59,2024-10,2024,14.34,Medium
12713,2024-12-18,Central,Sadia Chowdhury,Grocery,Snack Box,Wholesale,Cash,9.0,4.7,42.3,2024-12,2024,6.34,Medium
11721,2024-07-08,West,Shakil Rahman,Stationery,Pen Set,Online,Bank Transfer,17.0,5.41,91.97,2024-07,2024,13.8,Large
11156,2025-12-18,West,Nusrat Jahan,Apparel,Jeans,Wholesale,Credit Card,24.0,35.9,861.6,2025-12,2025,129.24,Large
11533,2025-06-18,Central,Tanvir Ahmed,Stationery,Backpack,Retail Store,bKash,10.0,36.26,362.6,2025-06,2025,54.39,Medium
12203,2024-03-05,East,Tanvir Ahmed,Furniture,Bookshelf,Wholesale,Bank Transfer,16.0,98.0,1568.0,2024-03,2024,470.4,Large
12706,2024-12-12,South,Sadia Chowdhury,Grocery,Cooking Oil 1L,Online,bKash,7.0,3.24,22.68,2024-12,2024,3.4,Medium
10208,2024-06-25,North,Rakib Hasan,Grocery,Cooking Oil 1L,Online,Bank Transfer,23.0,3.03,69.69,2024-06,2024,10.45,Large
10551,2025-08-23,West,Mim Akter,Electronics,Headphones,Wholesale,Bank Transfer,7.0,61.77,432.39,2025-08,2025,129.72,Medium
10557,2025-07-02,East,Imran Kabir,Furniture,Desk,Distributor,Nagad,1.0,193.54,193.54,2025-07,2025,58.06,Small
10161,2024-01-20,North,Imran Kabir,Stationery,Backpack,Online,Bank Transfer,15.0,45.21,678.15,2024-01,2024,101.72,Large
10884,2025-12-31,South,Mim Akter,Electronics,Tablet,Wholesale,bKash,13.0,323.13,4200.69,2025-12,2025,1260.21,Medium
12919,2025-05-04,North,Imran Kabir,Grocery,Snack Box,Wholesale,Cash,1.0,5.66,5.66,2025-05,2025,0.85,Small
10662,2025-09-18,North,Arif Hossain,Grocery,Tea Pack,Wholesale,Nagad,6.0,3.98,23.88,2025-09,2025,3.58,Medium
10300,2024-04-14,East,Sadia Chowdhury,Electronics,Laptop,Distributor,Cash,5.0,783.55,3917.75,2024-04,2024,1175.32,Medium
11697,2025-11-27,South,Imran Kabir,Electronics,Monitor,Retail Store,Cash,19.0,240.31,4565.89,2025-11,2025,1369.77,Large
12814,2024-04-05,West,Shakil Rahman,Electronics,Laptop,Retail Store,Nagad,11.0,765.31,8418.41,2024-04,2024,2525.52,Medium
12352,2025-01-29,West,Nusrat Jahan,Grocery,Cooking Oil 1L,Retail Store,bKash,5.0,3.03,15.15,2025-01,2025,2.27,Medium
10510,2024-12-18,Central,Farzana Islam,Grocery,Snack Box,Distributor,bKash,7.0,5.02,35.14,2024-12,2024,5.27,Medium
11911,2025-11-04,North,Rakib Hasan,Grocery,Rice 5kg,Distributor,bKash,10.0,8.54,85.4,2025-11,2025,12.81,Medium
10652,2024-05-20,South,Imran Kabir,Grocery,Tea Pack,Wholesale,Bank Transfer,6.0,3.79,22.74,2024-05,2024,3.41,Medium
10339,2025-05-14,Central,Shakil Rahman,Electronics,Tablet,Distributor,Bank Transfer,11.0,305.7622340425532,3450.15,2025-05,2025,1035.04,Medium
10667,2025-07-14,North,Lamia Sultana,Grocery,Coffee Jar,Online,bKash,9.0,7.38,66.42,2025-07,2025,9.96,Medium
11390,2024-09-23,South,Imran Kabir,Furniture,Dining Table,Retail Store,Nagad,10.0,344.89,3448.9,2024-09,2024,1034.67,Medium
12527,2024-08-29,South,Farzana Islam,Furniture,Desk,Online,Cash,7.0,203.93,1427.51,2024-08,2024,428.25,Medium
12385,2024-10-21,Central,Nusrat Jahan,Grocery,Cooking Oil 1L,Retail Store,Credit Card,12.0,3.34,40.08,2024-10,2024,6.01,Medium
10018,2024-02-29,North,Mim Akter,Grocery,Rice 5kg,Distributor,bKash,8.0,8.96,71.68,2024-02,2024,10.75,Medium
10213,2025-04-22,South,Unknown,Stationery,Notebook,Online,Bank Transfer,22.0,2.06,45.32,2025-04,2025,6.8,Large
11037,2025-04-18,Central,Mim Akter,Stationery,Pen Set,Wholesale,Bank Transfer,19.0,5.46,103.74,2025-04,2025,15.56,Large
10514,2025-04-06,North,Nusrat Jahan,Apparel,Cap,Distributor,Bank Transfer,11.0,10.54,115.94,2025-04,2025,17.39,Medium
11363,2024-03-21,West,Lamia Sultana,Electronics,Headphones,Wholesale,Cash,7.0,67.68,473.76,2024-03,2024,142.13,Medium
11835,2025-07-20,East,Nusrat Jahan,Apparel,Cap,Retail Store,Credit Card,19.0,9.79,186.01,2025-07,2025,27.9,Large
12223,2024-01-29,East,Lamia Sultana,Grocery,Cooking Oil 1L,Online,Bank Transfer,4.0,2.76,11.04,2024-01,2024,1.66,Small
12702,2024-04-11,South,Sadia Chowdhury,Stationery,Notebook,Distributor,Credit Card,17.0,2.22,37.74,2024-04,2024,5.66,Large
12229,2025-01-30,South,Imran Kabir,Grocery,Tea Pack,Distributor,Nagad,25.0,4.13,103.25,2025-01,2025,15.49,Large
10224,2025-08-14,West,Nusrat Jahan,Grocery,Snack Box,Retail Store,Cash,24.0,4.89,117.36,2025-08,2025,17.6,Large
12554,2024-02-12,West,Rakib Hasan,Stationery,Backpack,Distributor,Bank Transfer,21.0,43.1,905.1,2024-02,2024,135.76,Large
11492,2024-01-12,East,Rakib Hasan,Electronics,Smartphone,Wholesale,Bank Transfer,1.0,409.19339805825246,6806.08,2024-01,2024,2041.82,Small
12585,2025-12-24,East,Mim Akter,Stationery,Desk Organizer,Distributor,Credit Card,8.0,19.94,159.52,2025-12,2025,23.93,Medium
11775,2025-11-25,South,Nusrat Jahan,Electronics,Monitor,Online,Bank Transfer,13.0,199.64,2595.32,2025-11,2025,778.6,Medium
12763,2024-04-02,Central,Shakil Rahman,Grocery,Cooking Oil 1L,Retail Store,Credit Card,6.0,3.29,19.74,2024-04,2024,2.96,Medium
11643,2025-05-03,Central,Sadia Chowdhury,Furniture,Office Chair,Online,Cash,23.0,112.44,2586.12,2025-05,2025,775.84,Large
12541,2024-07-05,Central,Tanvir Ahmed,Grocery,Snack Box,Retail Store,bKash,17.0,4.77,81.09,2024-07,2024,12.16,Large
12869,2024-05-15,South,Nusrat Jahan,Stationery,Pen Set,Distributor,Bank Transfer,7.0,5.48,38.36,2024-05,2024,5.75,Medium
11679,2024-05-26,West,Lamia Sultana,Electronics,Smartphone,Distributor,Bank Transfer,15.0,419.7,6295.5,2024-05,2024,1888.65,Large
11013,2024-03-24,East,Rakib Hasan,Electronics,Monitor,Wholesale,bKash,16.0,241.5,3864.0,2024-03,2024,1159.2,Large
12846,2025-09-15,Central,Sadia Chowdhury,Furniture,Office Chair,Wholesale,Bank Transfer,4.0,126.67,506.68,2025-09,2025,152.0,Small
12244,2025-01-30,Central,Arif Hossain,Stationery,Desk Organizer,Distributor,Nagad,20.0,18.76,375.2,2025-01,2025,56.28,Large
11891,2025-02-06,Central,Nusrat Jahan,Electronics,Tablet,Distributor,Credit Card,11.0,319.88,3518.68,2025-02,2025,1055.6,Medium
11455,2025-01-18,Central,Arif Hossain,Grocery,Cooking Oil 1L,Retail Store,Bank Transfer,6.0,3.4,20.4,2025-01,2025,3.06,Medium
12007,2025-02-02,North,Farzana Islam,Electronics,Monitor,Wholesale,Cash,4.0,223.39,893.56,2025-02,2025,268.07,Small
10207,2025-09-18,East,Shakil Rahman,Stationery,Notebook,Wholesale,bKash,10.0,2.15,21.5,2025-09,2025,3.22,Medium
12022,2024-04-21,Central,Rakib Hasan,Grocery,Snack Box,Wholesale,Nagad,16.0,5.28,84.48,2024-04,2024,12.67,Large
12944,2025-06-17,West,Arif Hossain,Electronics,Laptop,Wholesale,Cash,14.0,936.78,13114.92,2025-06,2025,3934.48,Medium
10118,2025-01-18,East,Tanvir Ahmed,Electronics,Laptop,Distributor,Cash,14.0,795.93,11143.02,2025-01,2025,3342.91,Medium
10655,2025-08-08,West,Mim Akter,Electronics,Smartwatch,Wholesale,Nagad,20.0,155.11,3102.2,2025-08,2025,930.66,Large
10030,2024-07-13,West,Arif Hossain,Grocery,Tea Pack,Wholesale,bKash,10.0,3.82,38.2,2024-07,2024,5.73,Medium
10561,2025-09-20,North,Farzana Islam,Apparel,Jeans,Online,Bank Transfer,1.0,38.19,38.19,2025-09,2025,5.73,Small
10241,2024-12-19,North,Lamia Sultana,Apparel,Jacket,Wholesale,Bank Transfer,25.0,71.58,1789.5,2024-12,2024,268.42,Large
11340,2025-10-08,North,Sadia Chowdhury,Electronics,Laptop,Distributor,Nagad,1.0,875.5139080459771,961.25,2025-10,2025,288.38,Small
12451,2025-03-25,East,Tanvir Ahmed,Furniture,Desk,Distributor,Credit Card,24.0,180.61,4334.64,2025-03,2025,1300.39,Large
11214,2025-05-30,South,Farzana Islam,Grocery,Tea Pack,Distributor,Bank Transfer,4.0,4.1,16.4,2025-05,2025,2.46,Small
12492,2025-09-18,South,Imran Kabir,Apparel,Cap,Retail Store,Nagad,2.0,9.15,18.3,2025-09,2025,2.74,Small
12195,2025-07-13,South,Imran Kabir,Apparel,Cap,Distributor,Nagad,5.0,9.0,45.0,2025-07,2025,6.75,Medium
10525,2025-08-15,East,Farzana Islam,Electronics,Monitor,Distributor,Cash,18.0,229.36,4128.48,2025-08,2025,1238.54,Large
10387,2025-12-31,Central,Nusrat Jahan,Grocery,Cooking Oil 1L,Online,Bank Transfer,12.0,3.06,36.72,2025-12,2025,5.51,Medium
12912,2024-12-07,North,Farzana Islam,Electronics,Headphones,Wholesale,Nagad,8.0,65.42,523.36,2024-12,2024,157.01,Medium
11129,2024-10-07,East,Shakil Rahman,Electronics,Headphones,Retail Store,bKash,1.0,55.47,55.47,2024-10,2024,16.64,Small
10940,2024-05-09,North,Arif Hossain,Apparel,T-Shirt,Distributor,Bank Transfer,17.0,17.22,292.74,2024-05,2024,43.91,Large
11066,2024-03-22,West,Nusrat Jahan,Apparel,Cap,Distributor,Bank Transfer,12.0,10.0,120.0,2024-03,2024,18.0,Medium
10517,2025-07-18,West,Mim Akter,Grocery,Coffee Jar,Distributor,Bank Transfer,4.0,6.61,26.44,2025-07,2025,3.97,Small
10936,2024-06-17,North,Mim Akter,Stationery,Notebook,Distributor,Bank Transfer,14.0,1.83,25.62,2024-06,2024,3.84,Medium
10127,2025-05-28,South,Arif Hossain,Furniture,Desk,Distributor,Nagad,9.0,199.37,1794.33,2025-05,2025,538.3,Medium
11418,2025-02-12,West,Imran Kabir,Apparel,Jacket,Wholesale,Bank Transfer,9.0,73.33,659.97,2025-02,2025,99.0,Medium
10421,2025-11-01,East,Imran Kabir,Apparel,Cap,Distributor,Bank Transfer,16.0,10.43,166.88,2025-11,2025,25.03,Large
12780,2024-09-30,Central,Nusrat Jahan,Furniture,Bookshelf,Wholesale,Cash,25.0,87.01,2175.25,2024-09,2024,652.57,Large
12163,2024-07-23,Central,Shakil Rahman,Apparel,Jacket,Wholesale,Cash,13.0,61.34,797.42,2024-07,2024,119.61,Medium
10627,2025-07-06,East,Unknown,Grocery,Rice 5kg,Online,Cash,19.0,7.5,142.5,2025-07,2025,21.38,Large
11409,2024-05-20,Central,Tanvir Ahmed,Apparel,Jeans,Online,bKash,19.0,34.79,661.01,2024-05,2024,99.15,Large
12091,2025-05-07,Central,Lamia Sultana,Electronics,Monitor,Online,Credit Card,20.0,224.63,4492.6,2025-05,2025,1347.78,Large
11612,2024-09-05,South,Rakib Hasan,Electronics,Tablet,Wholesale,bKash,13.0,328.97,4276.61,2024-09,2024,1282.98,Medium
10839,2025-04-05,North,Imran Kabir,Stationery,Notebook,Online,Bank Transfer,11.0,2.23,24.53,2025-04,2025,3.68,Medium
11137,2024-06-18,North,Farzana Islam,Electronics,Monitor,Retail Store,Credit Card,19.0,201.16,3822.04,2024-06,2024,1146.61,Large
11955,2025-11-16,Unknown,Shakil Rahman,Apparel,Sneakers,Retail Store,Bank Transfer,20.0,57.27,1145.4,2025-11,2025,171.81,Large
11724,2025-06-27,West,Shakil Rahman,Apparel,Jeans,Distributor,bKash,1.0,37.23,37.23,2025-06,2025,5.58,Small
12273,2024-02-24,West,Mim Akter,Furniture,Dining Table,Online,Bank Transfer,23.0,392.14,9019.22,2024-02,2024,2705.77,Large
12689,2024-08-03,East,Arif Hossain,Stationery,Pen Set,Distributor,Nagad,8.0,5.44,43.52,2024-08,2024,6.53,Medium
10170,2025-08-17,North,Unknown,Apparel,Jacket,Wholesale,Bank Transfer,18.0,74.01,1332.18,2025-08,2025,199.83,Large
11905,2025-08-28,West,Sadia Chowdhury,Electronics,Tablet,Retail Store,Cash,8.0,303.7,2429.6,2025-08,2025,728.88,Medium
10423,2025-05-01,West,Mim Akter,Grocery,Rice 5kg,Retail Store,Credit Card,9.0,8.99,80.91,2025-05,2025,12.14,Medium
11970,2025-12-31,West,Nusrat Jahan,Grocery,Rice 5kg,Retail Store,Cash,17.0,8.63,146.71,2025-12,2025,22.01,Large
10927,2025-03-16,Central,Tanvir Ahmed,Furniture,Desk,Online,Cash,4.0,189.79,759.16,2025-03,2025,227.75,Small
10439,2025-12-31,North,Lamia Sultana,Grocery,Coffee Jar,Retail Store,Cash,8.0,7.5,60.0,2025-12,2025,9.0,Medium
10049,2025-09-02,Central,Shakil Rahman,Apparel,Jeans,Online,Credit Card,14.0,34.52,483.28,2025-09,2025,72.49,Medium
12067,2025-10-06,North,Rakib Hasan,Stationery,Pen Set,Retail Store,bKash,12.0,5.89,70.68,2025-10,2025,10.6,Medium
12075,2024-08-28,West,Farzana Islam,Electronics,Monitor,Distributor,bKash,18.0,220.09,3961.62,2024-08,2024,1188.49,Large
12409,2024-04-03,East,Unknown,Furniture,Dining Table,Online,Nagad,21.0,382.37,8029.77,2024-04,2024,2408.93,Large
11115,2025-08-08,West,Sadia Chowdhury,Stationery,Pen Set,Wholesale,Cash,5.0,5.55,27.75,2025-08,2025,4.16,Medium
11465,2024-12-15,East,Arif Hossain,Electronics,Headphones,Distributor,Credit Card,15.0,62.52,937.8,2024-12,2024,281.34,Large
11725,2025-05-20,South,Farzana Islam,Apparel,Jacket,Online,Credit Card,12.0,73.17,878.04,2025-05,2025,131.71,Medium
10410,2024-06-23,South,Farzana Islam,Stationery,Desk Organizer,Online,bKash,21.0,17.51,367.71,2024-06,2024,55.16,Large
12202,2024-11-21,East,Farzana Islam,Grocery,Cooking Oil 1L,Online,Bank Transfer,21.0,2.72,57.12,2024-11,2024,8.57,Large
12299,2024-02-25,East,Shakil Rahman,Electronics,Smartphone,Wholesale,Bank Transfer,22.0,430.27,9465.94,2024-02,2024,2839.78,Large
10665,2025-04-14,North,Lamia Sultana,Furniture,Desk,Distributor,Credit Card,16.0,200.49,3207.84,2025-04,2025,962.35,Large
11720,2024-07-21,East,Arif Hossain,Electronics,Tablet,Retail Store,Bank Transfer,23.0,344.09,7914.07,2024-07,2024,2374.22,Large
11106,2025-12-14,North,Arif Hossain,Grocery,Coffee Jar,Distributor,Cash,7.0,7.53,52.71,2025-12,2025,7.91,Medium
10669,2024-03-30,Central,Lamia Sultana,Electronics,Monitor,Distributor,Cash,2.0,203.99,407.98,2024-03,2024,122.39,Small
10293,2024-11-18,East,Arif Hossain,Electronics,Laptop,Online,bKash,1.0,969.31,969.31,2024-11,2024,290.79,Small
11203,2025-04-26,Central,Imran Kabir,Electronics,Laptop,Retail Store,bKash,24.0,794.77,19074.48,2025-04,2025,5722.34,Large
11088,2025-12-03,South,Mim Akter,Stationery,Backpack,Wholesale,Nagad,22.0,44.7,983.4,2025-12,2025,147.51,Large
11353,2025-05-23,East,Tanvir Ahmed,Grocery,Cooking Oil 1L,Online,Credit Card,17.0,2.87,48.79,2025-05,2025,7.32,Large
12186,2025-09-01,West,Lamia Sultana,Furniture,Desk,Online,Cash,1.0,166.12,2159.56,2025-09,2025,647.87,Small
12887,2025-10-01,Unknown,Lamia Sultana,Furniture,Sofa,Wholesale,Nagad,8.0,501.47,4011.76,2025-10,2025,1203.53,Medium
12790,2025-11-26,East,Imran Kabir,Apparel,Sneakers,Wholesale,bKash,13.0,59.88,778.44,2025-11,2025,116.77,Medium
12937,2025-04-23,Central,Mim Akter,Furniture,Bookshelf,Wholesale,Cash,24.0,103.04,2472.96,2025-04,2025,741.89,Large
12708,2025-11-18,West,Lamia Sultana,Grocery,Snack Box,Online,Bank Transfer,23.0,4.54,104.42,2025-11,2025,15.66,Large
10296,2025-09-11,West,Nusrat Jahan,Electronics,Laptop,Online,Cash,25.0,895.45,22386.25,2025-09,2025,6715.88,Large
10534,2025-04-09,Central,Shakil Rahman,Furniture,Dining Table,Retail Store,Cash,20.0,366.68,7333.6,2025-04,2025,2200.08,Large
11242,2025-12-19,West,Shakil Rahman,Stationery,Desk Organizer,Wholesale,Cash,20.0,20.42,408.4,2025-12,2025,61.26,Large
10388,2024-03-10,Central,Arif Hossain,Grocery,Tea Pack,Distributor,Bank Transfer,6.0,3.63,21.78,2024-03,2024,3.27,Medium
12574,2024-09-09,North,Farzana Islam,Apparel,Jacket,Wholesale,Cash,13.0,74.04,962.52,2024-09,2024,144.38,Medium
10535,2024-07-26,West,Rakib Hasan,Furniture,Sofa,Online,Credit Card,17.0,501.7,8528.9,2024-07,2024,2558.67,Large
10088,2025-05-05,North,Lamia Sultana,Grocery,Rice 5kg,Distributor,Bank Transfer,15.0,7.88,118.2,2025-05,2025,17.73,Large
12676,2024-01-24,East,Arif Hossain,Apparel,Jeans,Retail Store,Credit Card,16.0,39.57,633.12,2024-01,2024,94.97,Large
11087,2024-05-22,North,Tanvir Ahmed,Apparel,Jacket,Wholesale,Bank Transfer,1.0,68.28,68.28,2024-05,2024,10.24,Small
10776,2024-01-17,East,Shakil Rahman,Furniture,Desk,Retail Store,Credit Card,16.0,192.11,3073.76,2024-01,2024,922.13,Large
11033,2024-11-30,North,Mim Akter,Electronics,Tablet,Online,bKash,14.0,299.33,4190.62,2024-11,2024,1257.19,Medium
11386,2024-10-02,Central,Arif Hossain,Stationery,Desk Organizer,Wholesale,Cash,7.0,19.96,139.72,2024-10,2024,20.96,Medium
11763,2025-01-02,East,Arif Hossain,Stationery,Backpack,Distributor,Nagad,6.0,44.35,266.1,2025-01,2025,39.92,Medium
11912,2024-04-09,West,Nusrat Jahan,Grocery,Cooking Oil 1L,Retail Store,Cash,25.0,3.4,85.0,2024-04,2024,12.75,Large
10149,2025-02-24,Central,Tanvir Ahmed,Apparel,Jeans,Distributor,Credit Card,12.0,39.14,469.68,2025-02,2025,70.45,Medium
10318,2024-03-09,North,Sadia Chowdhury,Apparel,Sneakers,Wholesale,Cash,10.0,50.11,501.1,2024-03,2024,75.17,Medium
12102,2025-05-29,East,Mim Akter,Stationery,Desk Organizer,Distributor,bKash,5.0,17.57,87.85,2025-05,2025,13.18,Medium
12649,2025-11-01,East,Farzana Islam,Grocery,Rice 5kg,Retail Store,Credit Card,9.0,9.09,81.81,2025-11,2025,12.27,Medium
11698,2025-04-24,South,Rakib Hasan,Grocery,Snack Box,Wholesale,Cash,8.0,5.59,44.72,2025-04,2025,6.71,Medium
10055,2025-03-28,Central,Mim Akter,Grocery,Snack Box,Wholesale,Bank Transfer,22.0,4.77,104.94,2025-03,2025,15.74,Large
11408,2024-04-12,North,Mim Akter,Grocery,Snack Box,Online,Bank Transfer,23.0,5.49,126.27,2024-04,2024,18.94,Large
10903,2025-02-01,Central,Nusrat Jahan,Electronics,Headphones,Wholesale,Bank Transfer,16.0,58.03,928.48,2025-02,2025,278.54,Large
12797,2024-07-06,North,Arif Hossain,Grocery,Coffee Jar,Retail Store,bKash,14.0,7.02,98.28,2024-07,2024,14.74,Medium
12833,2024-02-21,Central,Sadia Chowdhury,Stationery,Backpack,Retail Store,bKash,9.0,37.86,340.74,2024-02,2024,51.11,Medium
11986,2025-01-21,North,Tanvir Ahmed,Electronics,Smartwatch,Distributor,bKash,12.0,158.88,1906.56,2025-01,2025,571.97,Medium
11936,2024-08-04,Central,Nusrat Jahan,Furniture,Sofa,Online,Bank Transfer,20.0,480.02,9600.4,2024-08,2024,2880.12,Large
11421,2024-03-05,North,Mim Akter,Electronics,Tablet,Distributor,Nagad,21.0,273.69,5747.49,2024-03,2024,1724.25,Large
10151,2025-01-11,South,Farzana Islam,Furniture,Sofa,Distributor,Nagad,4.0,490.79,1963.16,2025-01,2025,588.95,Small
11913,2024-05-04,Unknown,Farzana Islam,Apparel,Cap,Online,bKash,1.0,11.38,11.38,2024-05,2024,1.71,Small
11590,2024-05-12,Central,Mim Akter,Apparel,Jacket,Online,Credit Card,1.0,72.94,72.94,2024-05,2024,10.94,Small
12934,2025-05-28,Central,Sadia Chowdhury,Grocery,Coffee Jar,Online,Nagad,17.0,6.55,111.35,2025-05,2025,16.7,Large
11805,2024-01-22,West,Sadia Chowdhury,Stationery,Notebook,Distributor,Bank Transfer,23.0,2.06,47.38,2024-01,2024,7.11,Large
12118,2024-03-05,North,Arif Hossain,Electronics,Tablet,Retail Store,Bank Transfer,21.0,305.16,6408.36,2024-03,2024,1922.51,Large
12952,2025-03-19,East,Lamia Sultana,Electronics,Smartphone,Online,Nagad,21.0,366.62,7699.02,2025-03,2025,2309.71,Large
11284,2024-09-27,East,Sadia Chowdhury,Grocery,Tea Pack,Retail Store,Credit Card,25.0,3.9,97.5,2024-09,2024,14.62,Large
12207,2025-11-10,East,Arif Hossain,Grocery,Coffee Jar,Wholesale,Nagad,18.0,7.38,132.84,2025-11,2025,19.93,Large
10408,2024-02-20,East,Shakil Rahman,Stationery,Backpack,Retail Store,Credit Card,13.0,41.72,542.36,2024-02,2024,81.35,Medium
12882,2025-02-06,West,Tanvir Ahmed,Grocery,Snack Box,Distributor,Credit Card,8.0,4.55,36.4,2025-02,2025,5.46,Medium
12218,2024-07-15,West,Shakil Rahman,Electronics,Smartwatch,Distributor,bKash,17.0,165.2,2808.4,2024-07,2024,842.52,Large
11159,2024-03-03,South,Mim Akter,Apparel,Jeans,Wholesale,Bank Transfer,17.0,35.24,599.08,2024-03,2024,89.86,Large
11312,2024-09-14,West,Mim Akter,Apparel,T-Shirt,Online,Credit Card,5.0,14.81,74.05,2024-09,2024,11.11,Medium
10205,2025-08-10,East,Mim Akter,Furniture,Sofa,Wholesale,Credit Card,5.0,464.56,2322.8,2025-08,2025,696.84,Medium
12418,2025-08-05,North,Farzana Islam,Grocery,Coffee Jar,Distributor,bKash,23.0,6.97,160.31,2025-08,2025,24.05,Large
11601,2025-09-28,West,Sadia Chowdhury,Furniture,Dining Table,Retail Store,Bank Transfer,9.0,362.76,3264.84,2025-09,2025,979.45,Medium
11377,2024-04-27,South,Rakib Hasan,Furniture,Desk,Online,bKash,21.0,163.73,3438.33,2024-04,2024,1031.5,Large
12879,2024-09-11,West,Rakib Hasan,Grocery,Coffee Jar,Wholesale,bKash,11.0,7.53,82.83,2024-09,2024,12.42,Medium
12398,2024-08-22,West,Tanvir Ahmed,Grocery,Cooking Oil 1L,Distributor,Bank Transfer,19.0,3.32,63.08,2024-08,2024,9.46,Large
11308,2024-05-05,South,Tanvir Ahmed,Apparel,Jacket,Distributor,Nagad,14.0,71.42,999.88,2024-05,2024,149.98,Medium
12256,2024-11-18,West,Arif Hossain,Grocery,Tea Pack,Retail Store,bKash,10.0,4.01,40.1,2024-11,2024,6.02,Medium
10682,2025-12-02,Central,Tanvir Ahmed,Apparel,Cap,Retail Store,Nagad,11.0,11.0,121.0,2025-12,2025,18.15,Medium
10065,2025-01-24,West,Lamia Sultana,Furniture,Sofa,Online,Nagad,16.0,405.66,6490.56,2025-01,2025,1947.17,Large
10580,2024-03-26,North,Tanvir Ahmed,Grocery,Snack Box,Wholesale,Nagad,4.0,4.83,19.32,2024-03,2024,2.9,Small
11470,2025-05-16,East,Sadia Chowdhury,Furniture,Bookshelf,Distributor,Credit Card,12.0,94.02,1128.24,2025-05,2025,338.47,Medium
10334,2025-10-09,South,Lamia Sultana,Electronics,Smartphone,Distributor,Nagad,14.0,376.6,5272.4,2025-10,2025,1581.72,Medium
11695,2025-09-30,North,Arif Hossain,Furniture,Sofa,Wholesale,Cash,14.0,410.72,5750.08,2025-09,2025,1725.02,Medium
11500,2025-10-10,Central,Farzana Islam,Furniture,Office Chair,Retail Store,bKash,16.0,120.93,1934.88,2025-10,2025,580.46,Large
12776,2025-06-19,South,Sadia Chowdhury,Furniture,Sofa,Wholesale,Bank Transfer,12.0,458.62,5503.44,2025-06,2025,1651.03,Medium
12266,2025-08-06,South,Mim Akter,Stationery,Desk Organizer,Wholesale,Credit Card,15.0,20.24,303.6,2025-08,2025,45.54,Large
12012,2025-10-09,South,Tanvir Ahmed,Stationery,Backpack,Online,Cash,3.0,44.09,132.27,2025-10,2025,19.84,Small
12626,2024-01-15,South,Nusrat Jahan,Furniture,Office Chair,Wholesale,bKash,12.0,135.08,1620.96,2024-01,2024,486.29,Medium
10730,2025-09-17,North,Arif Hossain,Stationery,Notebook,Distributor,Bank Transfer,21.0,2.23,46.83,2025-09,2025,7.02,Large
12014,2024-06-23,Central,Rakib Hasan,Apparel,T-Shirt,Wholesale,bKash,24.0,14.09,338.16,2024-06,2024,50.72,Large
10677,2024-12-24,West,Imran Kabir,Furniture,Dining Table,Online,Cash,18.0,385.53,6939.54,2024-12,2024,2081.86,Large
11785,2024-04-24,South,Imran Kabir,Stationery,Pen Set,Online,Bank Transfer,17.0,6.22,105.74,2024-04,2024,15.86,Large
11130,2024-11-09,North,Farzana Islam,Furniture,Sofa,Retail Store,Nagad,19.0,497.4,9450.6,2024-11,2024,2835.18,Large
10566,2024-10-02,South,Arif Hossain,Stationery,Backpack,Distributor,bKash,16.0,41.055537190082646,729.44,2024-10,2024,109.42,Large
10844,2025-01-10,North,Tanvir Ahmed,Apparel,Jacket,Online,bKash,12.0,71.66,859.92,2025-01,2025,128.99,Medium
10543,2024-07-27,Central,Mim Akter,Stationery,Desk Organizer,Distributor,Bank Transfer,14.0,18.68,261.52,2024-07,2024,39.23,Medium
10089,2025-05-18,West,Farzana Islam,Electronics,Headphones,Online,Bank Transfer,3.0,62.66,187.98,2025-05,2025,56.39,Small
12635,2024-11-12,East,Mim Akter,Stationery,Backpack,Retail Store,Nagad,5.0,45.73,228.65,2024-11,2024,34.3,Medium
11831,2024-07-04,West,Unknown,Grocery,Coffee Jar,Online,bKash,4.0,6.93,27.72,2024-07,2024,4.16,Small
12193,2024-11-15,North,Shakil Rahman,Stationery,Desk Organizer,Wholesale,Nagad,5.0,16.49,82.45,2024-11,2024,12.37,Medium
11743,2025-02-02,Central,Shakil Rahman,Grocery,Coffee Jar,Online,Bank Transfer,25.0,6.64,166.0,2025-02,2025,24.9,Large
12736,2024-11-02,South,Nusrat Jahan,Furniture,Office Chair,Distributor,Credit Card,5.0,132.29,661.45,2024-11,2024,198.44,Medium
11105,2025-11-25,Central,Imran Kabir,Furniture,Office Chair,Distributor,Bank Transfer,16.0,137.71,2203.36,2025-11,2025,661.01,Large
11410,2024-07-10,East,Sadia Chowdhury,Furniture,Desk,Retail Store,Bank Transfer,24.0,184.35,4424.4,2024-07,2024,1327.32,Large
11758,2024-02-13,North,Nusrat Jahan,Stationery,Notebook,Wholesale,Credit Card,8.0,2.18,17.44,2024-02,2024,2.62,Medium
12314,2025-11-09,Central,Shakil Rahman,Furniture,Sofa,Retail Store,bKash,7.0,469.16,3284.12,2025-11,2025,985.24,Medium
12345,2024-01-30,Central,Arif Hossain,Electronics,Smartphone,Retail Store,Credit Card,9.0,384.79,3463.11,2024-01,2024,1038.93,Medium
12365,2025-01-25,South,Mim Akter,Grocery,Snack Box,Distributor,Nagad,13.0,4.88,63.44,2025-01,2025,9.52,Medium
12475,2025-10-11,West,Imran Kabir,Furniture,Office Chair,Online,Cash,9.0,126.71,1140.39,2025-10,2025,342.12,Medium
11387,2025-04-11,East,Nusrat Jahan,Apparel,Jeans,Distributor,bKash,11.0,38.05,418.55,2025-04,2025,62.78,Medium
10632,2024-11-27,South,Farzana Islam,Stationery,Pen Set,Distributor,Bank Transfer,22.0,6.79,149.38,2024-11,2024,22.41,Large
10354,2024-11-20,North,Arif Hossain,Grocery,Snack Box,Online,Cash,5.0,4.98,24.9,2024-11,2024,3.73,Medium
11526,2024-07-09,North,Lamia Sultana,Grocery,Snack Box,Distributor,bKash,15.0,5.4,81.0,2024-07,2024,12.15,Large
10885,2024-12-06,North,Farzana Islam,Stationery,Backpack,Online,Credit Card,8.0,40.71,325.68,2024-12,2024,48.85,Medium
12709,2024-02-28,Central,Imran Kabir,Apparel,Cap,Retail Store,bKash,23.0,9.84,226.32,2024-02,2024,33.95,Large
11580,2025-01-24,West,Tanvir Ahmed,Grocery,Rice 5kg,Wholesale,bKash,2.0,8.09,16.18,2025-01,2025,2.43,Small
12110,2025-12-25,South,Farzana Islam,Apparel,Jacket,Retail Store,bKash,18.0,71.63,1289.34,2025-12,2025,193.4,Large
10367,2024-08-16,East,Farzana Islam,Electronics,Smartwatch,Online,bKash,17.0,171.8,2920.6,2024-08,2024,876.18,Large
10452,2024-08-21,South,Rakib Hasan,Grocery,Tea Pack,Wholesale,Credit Card,8.0,4.33,34.64,2024-08,2024,5.2,Medium
12370,2025-10-23,North,Tanvir Ahmed,Grocery,Cooking Oil 1L,Online,Nagad,22.0,3.25,71.5,2025-10,2025,10.72,Large
10060,2025-09-19,South,Sadia Chowdhury,Electronics,Tablet,Distributor,Bank Transfer,24.0,336.9,8085.6,2025-09,2025,2425.68,Large
12620,2024-08-24,West,Shakil Rahman,Apparel,Jacket,Online,Nagad,15.0,71.84,1077.6,2024-08,2024,161.64,Large
11865,2025-01-30,East,Tanvir Ahmed,Electronics,Headphones,Distributor,Bank Transfer,21.0,67.08,1408.68,2025-01,2025,422.6,Large
11786,2025-11-11,Central,Tanvir Ahmed,Stationery,Notebook,Distributor,Nagad,6.0,2.17,13.02,2025-11,2025,1.95,Medium
10413,2024-03-04,East,Nusrat Jahan,Grocery,Coffee Jar,Distributor,Nagad,5.0,7.62,38.1,2024-03,2024,5.72,Medium
10686,2025-01-18,Central,Shakil Rahman,Apparel,Jeans,Retail Store,Credit Card,2.0,38.31,76.62,2025-01,2025,11.49,Small
12673,2024-04-17,West,Arif Hossain,Electronics,Smartwatch,Wholesale,Credit Card,21.0,163.41,3431.61,2024-04,2024,1029.48,Large
10762,2025-10-22,South,Rakib Hasan,Grocery,Coffee Jar,Online,Credit Card,12.0,6.8,81.6,2025-10,2025,12.24,Medium
10239,2024-09-09,East,Shakil Rahman,Apparel,Cap,Wholesale,bKash,9.0,10.195076923076924,93.6,2024-09,2024,14.04,Medium
12630,2025-02-12,Central,Rakib Hasan,Electronics,Tablet,Retail Store,bKash,16.0,285.12,4561.92,2025-02,2025,1368.58,Large
12768,2024-06-13,Central,Lamia Sultana,Apparel,Jeans,Retail Store,bKash,10.0,38.82,388.2,2024-06,2024,58.23,Medium
12501,2025-04-16,Central,Sadia Chowdhury,Furniture,Sofa,Wholesale,Credit Card,17.0,483.16,8213.72,2025-04,2025,2464.12,Large
12690,2024-11-19,West,Lamia Sultana,Apparel,T-Shirt,Online,Credit Card,8.0,13.68,109.44,2024-11,2024,16.42,Medium
10426,2025-01-17,South,Imran Kabir,Furniture,Sofa,Wholesale,Nagad,2.0,462.97,925.94,2025-01,2025,277.78,Small
11010,2024-05-01,South,Arif Hossain,Apparel,Jacket,Wholesale,Credit Card,5.0,72.84,364.2,2024-05,2024,54.63,Medium
12497,2025-11-20,South,Lamia Sultana,Furniture,Desk,Retail Store,Credit Card,18.0,200.21,3603.78,2025-11,2025,1081.13,Large
10547,2024-09-26,Central,Imran Kabir,Furniture,Sofa,Online,Credit Card,8.0,446.72,3573.76,2024-09,2024,1072.13,Medium
12269,2025-04-17,Central,Mim Akter,Stationery,Notebook,Retail Store,Credit Card,12.0,1.97,23.64,2025-04,2025,3.55,Medium
10401,2024-08-02,East,Sadia Chowdhury,Electronics,Monitor,Online,Cash,8.0,236.12,1888.96,2024-08,2024,566.69,Medium
12575,2025-05-12,South,Arif Hossain,Stationery,Notebook,Retail Store,Bank Transfer,6.0,2.03,12.18,2025-05,2025,1.83,Medium
10746,2024-04-19,Unknown,Nusrat Jahan,Stationery,Notebook,Distributor,Bank Transfer,21.0,2.14,44.94,2024-04,2024,6.74,Large
12308,2025-09-18,South,Imran Kabir,Furniture,Office Chair,Online,Nagad,23.0,137.17,3154.91,2025-09,2025,946.47,Large
12646,2024-06-26,North,Tanvir Ahmed,Grocery,Rice 5kg,Wholesale,Nagad,8.0,7.31,58.48,2024-06,2024,8.77,Medium
10598,2025-05-07,Central,Arif Hossain,Electronics,Monitor,Online,Cash,21.0,214.43,4503.03,2025-05,2025,1350.91,Large
10789,2025-05-12,East,Imran Kabir,Furniture,Dining Table,Distributor,Cash,19.0,373.26,7091.94,2025-05,2025,2127.58,Large
12101,2025-08-07,West,Mim Akter,Furniture,Desk,Distributor,Cash,21.0,177.28,3722.88,2025-08,2025,1116.86,Large
10037,2024-06-10,North,Nusrat Jahan,Furniture,Bookshelf,Distributor,Cash,15.0,99.76,1496.4,2024-06,2024,448.92,Large
11732,2024-01-17,Central,Rakib Hasan,Furniture,Desk,Retail Store,Credit Card,13.0,183.25,2382.25,2024-01,2024,714.68,Medium
11520,2025-02-24,North,Imran Kabir,Grocery,Cooking Oil 1L,Wholesale,Bank Transfer,7.0,3.18,22.26,2025-02,2025,3.34,Medium
11946,2025-02-27,West,Arif Hossain,Electronics,Monitor,Distributor,bKash,4.0,246.47,985.88,2025-02,2025,295.76,Small
11908,2025-10-17,Central,Imran Kabir,Apparel,Cap,Online,Nagad,10.0,10.92,109.2,2025-10,2025,16.38,Medium
12910,2025-09-28,South,Sadia Chowdhury,Furniture,Bookshelf,Wholesale,bKash,23.0,84.59,1945.57,2025-09,2025,583.67,Large
10697,2025-12-16,North,Sadia Chowdhury,Furniture,Dining Table,Retail Store,Credit Card,15.0,323.51,4852.65,2025-12,2025,1455.79,Large
10169,2025-04-17,North,Mim Akter,Apparel,Cap,Online,Cash,15.0,9.09,136.35,2025-04,2025,20.45,Large
10220,2024-03-15,South,Imran Kabir,Apparel,Sneakers,Distributor,Bank Transfer,23.0,50.32,1157.36,2024-03,2024,173.6,Large
10028,2024-08-30,North,Arif Hossain,Stationery,Notebook,Online,Credit Card,6.0,2.0,12.0,2024-08,2024,1.8,Medium
12463,2025-11-26,North,Imran Kabir,Furniture,Desk,Retail Store,Bank Transfer,11.0,192.83,2121.13,2025-11,2025,636.34,Medium
12268,2024-01-16,Central,Lamia Sultana,Apparel,Sneakers,Retail Store,Bank Transfer,10.0,62.94,629.4,2024-01,2024,94.41,Medium
10862,2024-11-01,North,Farzana Islam,Grocery,Rice 5kg,Distributor,Nagad,3.0,9.0,27.0,2024-11,2024,4.05,Small
10153,2024-07-04,East,Mim Akter,Furniture,Bookshelf,Distributor,Credit Card,5.0,93.74,468.7,2024-07,2024,140.61,Medium
11894,2024-04-20,North,Lamia Sultana,Electronics,Laptop,Online,bKash,15.0,791.8,11877.0,2024-04,2024,3563.1,Large
11168,2024-03-10,East,Sadia Chowdhury,Stationery,Backpack,Online,Bank Transfer,16.0,40.19,643.04,2024-03,2024,96.46,Large
10052,2024-11-12,East,Farzana Islam,Apparel,Cap,Distributor,Nagad,22.0,10.02,220.44,2024-11,2024,33.07,Large
10815,2025-02-25,Central,Shakil Rahman,Electronics,Smartphone,Distributor,Bank Transfer,11.0,452.09,4972.99,2025-02,2025,1491.9,Medium
12107,2025-08-23,Central,Arif Hossain,Apparel,Jacket,Wholesale,Bank Transfer,20.0,74.67,1493.4,2025-08,2025,224.01,Large
10418,2025-02-01,East,Mim Akter,Furniture,Dining Table,Online,Credit Card,18.0,349.77,6295.86,2025-02,2025,1888.76,Large
12441,2024-06-07,East,Nusrat Jahan,Furniture,Office Chair,Distributor,Credit Card,8.0,124.1,992.8,2024-06,2024,297.84,Medium
12837,2025-04-06,Central,Arif Hossain,Grocery,Coffee Jar,Wholesale,Bank Transfer,20.0,6.63,132.6,2025-04,2025,19.89,Large
12076,2025-09-22,South,Arif Hossain,Grocery,Coffee Jar,Retail Store,Credit Card,15.0,6.78,101.7,2025-09,2025,15.26,Large
11176,2025-02-22,North,Arif Hossain,Apparel,Jacket,Distributor,bKash,20.0,63.29,1265.8,2025-02,2025,189.87,Large
10755,2024-06-17,West,Rakib Hasan,Apparel,Jeans,Distributor,Nagad,15.0,33.63,504.45,2024-06,2024,75.67,Large
12943,2025-04-26,East,Farzana Islam,Apparel,Sneakers,Retail Store,Cash,14.0,53.28,745.92,2025-04,2025,111.89,Medium
11723,2024-10-30,South,Rakib Hasan,Furniture,Bookshelf,Wholesale,Nagad,20.0,90.28,1805.6,2024-10,2024,541.68,Large
11857,2025-01-21,South,Rakib Hasan,Furniture,Office Chair,Online,Credit Card,5.0,108.02,540.1,2025-01,2025,162.03,Medium
12304,2025-05-19,North,Sadia Chowdhury,Stationery,Backpack,Distributor,Credit Card,4.0,43.65,174.6,2025-05,2025,26.19,Small
12610,2024-10-27,North,Rakib Hasan,Furniture,Sofa,Retail Store,Cash,5.0,425.66,2128.3,2024-10,2024,638.49,Medium
11433,2025-08-30,Central,Rakib Hasan,Electronics,Laptop,Retail Store,Bank Transfer,8.0,782.83,6262.64,2025-08,2025,1878.79,Medium
12468,2025-12-19,West,Sadia Chowdhury,Apparel,Jeans,Distributor,Nagad,6.0,34.98,209.88,2025-12,2025,31.48,Medium
12084,2024-07-18,Central,Shakil Rahman,Furniture,Dining Table,Wholesale,bKash,18.0,399.04,7182.72,2024-07,2024,2154.82,Large
11318,2025-05-30,South,Arif Hossain,Grocery,Rice 5kg,Wholesale,Cash,22.0,8.63,189.86,2025-05,2025,28.48,Large
11815,2024-08-18,South,Nusrat Jahan,Electronics,Smartwatch,Wholesale,Cash,9.0,150.24,1352.16,2024-08,2024,405.65,Medium
10135,2024-08-29,East,Nusrat Jahan,Apparel,T-Shirt,Wholesale,Bank Transfer,12.0,13.87,166.44,2024-08,2024,24.97,Medium
10600,2024-02-13,North,Imran Kabir,Apparel,Cap,Retail Store,Credit Card,19.0,10.96,208.24,2024-02,2024,31.24,Large
11973,2024-02-25,North,Lamia Sultana,Stationery,Desk Organizer,Online,bKash,8.0,19.52,156.16,2024-02,2024,23.42,Medium
11924,2024-11-15,Central,Tanvir Ahmed,Apparel,T-Shirt,Distributor,bKash,18.0,16.58,298.44,2024-11,2024,44.77,Large
10137,2024-12-07,South,Lamia Sultana,Grocery,Rice 5kg,Online,Credit Card,8.0,9.18,73.44,2024-12,2024,11.02,Medium
12226,2024-06-26,Central,Rakib Hasan,Grocery,Coffee Jar,Retail Store,Credit Card,19.0,7.34,139.46,2024-06,2024,20.92,Large
12704,2025-07-22,West,Rakib Hasan,Grocery,Snack Box,Wholesale,bKash,17.0,5.132260869565218,94.18,2025-07,2025,14.13,Large
12659,2024-05-29,East,Arif Hossain,Electronics,Smartwatch,Wholesale,Cash,5.0,143.82,719.1,2024-05,2024,215.73,Medium
11638,2025-01-31,Unknown,Rakib Hasan,Stationery,Pen Set,Wholesale,Nagad,24.0,5.79,138.96,2025-01,2025,20.84,Large
12111,2024-07-23,South,Nusrat Jahan,Electronics,Monitor,Online,bKash,20.0,205.88,4117.6,2024-07,2024,1235.28,Large
11726,2025-11-21,West,Farzana Islam,Electronics,Smartwatch,Wholesale,Credit Card,3.0,146.94,440.82,2025-11,2025,132.25,Small
10777,2025-04-19,Central,Lamia Sultana,Furniture,Sofa,Online,Bank Transfer,25.0,420.6,10515.0,2025-04,2025,3154.5,Large
11222,2024-10-20,Central,Sadia Chowdhury,Furniture,Office Chair,Online,Cash,13.0,120.27,1563.51,2024-10,2024,469.05,Medium
12109,2025-11-06,South,Tanvir Ahmed,Apparel,Sneakers,Retail Store,Cash,24.0,56.41288461538461,1420.32,2025-11,2025,213.05,Large
12026,2025-04-07,North,Tanvir Ahmed,Apparel,Cap,Online,Cash,23.0,10.73,246.79,2025-04,2025,37.02,Large
12250,2025-06-13,West,Rakib Hasan,Grocery,Rice 5kg,Retail Store,bKash,17.0,9.05,153.85,2025-06,2025,23.08,Large
11097,2025-08-29,North,Farzana Islam,Electronics,Headphones,Online,Cash,7.0,65.17,456.19,2025-08,2025,136.86,Medium
11400,2024-07-01,East,Mim Akter,Stationery,Desk Organizer,Wholesale,Cash,5.0,16.39,81.95,2024-07,2024,12.29,Medium
11554,2025-09-16,Central,Sadia Chowdhury,Apparel,Jacket,Online,Cash,7.0,67.78,474.46,2025-09,2025,71.17,Medium
10168,2025-03-28,South,Sadia Chowdhury,Apparel,Jacket,Online,Bank Transfer,21.0,63.42,1331.82,2025-03,2025,199.77,Large
12553,2025-11-17,East,Arif Hossain,Apparel,Sneakers,Distributor,Nagad,20.0,56.41288461538462,1189.2,2025-11,2025,178.38,Large
12707,2024-05-08,West,Rakib Hasan,Grocery,Coffee Jar,Distributor,Nagad,7.0,7.86,55.02,2024-05,2024,8.25,Medium
11325,2025-12-05,East,Tanvir Ahmed,Furniture,Bookshelf,Wholesale,Nagad,7.0,83.58,585.06,2025-12,2025,175.52,Medium
11343,2024-02-04,Central,Tanvir Ahmed,Furniture,Office Chair,Online,bKash,5.0,134.8,674.0,2024-02,2024,202.2,Medium
12434,2025-12-23,Central,Nusrat Jahan,Electronics,Smartwatch,Online,Cash,1.0,155.72,1868.64,2025-12,2025,560.59,Small
11294,2025-10-23,Central,Imran Kabir,Stationery,Desk Organizer,Online,Credit Card,8.0,20.52,164.16,2025-10,2025,24.62,Medium
11269,2024-08-08,South,Mim Akter,Apparel,Sneakers,Retail Store,Credit Card,22.0,54.61,1201.42,2024-08,2024,180.21,Large
10681,2024-02-27,Central,Mim Akter,Furniture,Sofa,Wholesale,Bank Transfer,17.0,438.68,7457.56,2024-02,2024,2237.27,Large
11177,2024-06-29,North,Mim Akter,Electronics,Monitor,Retail Store,Cash,9.0,251.44,2262.96,2024-06,2024,678.89,Medium
11949,2025-03-24,East,Rakib Hasan,Grocery,Coffee Jar,Wholesale,bKash,5.0,6.33,31.65,2025-03,2025,4.75,Medium
10705,2025-09-04,South,Shakil Rahman,Electronics,Tablet,Wholesale,Credit Card,4.0,321.41,1285.64,2025-09,2025,385.69,Small
10246,2025-10-29,East,Shakil Rahman,Furniture,Bookshelf,Online,Credit Card,19.0,86.22,1638.18,2025-10,2025,491.45,Large
12815,2024-06-08,North,Sadia Chowdhury,Grocery,Rice 5kg,Online,Nagad,14.0,8.46,118.44,2024-06,2024,17.77,Medium
11507,2024-09-30,North,Imran Kabir,Grocery,Cooking Oil 1L,Retail Store,Cash,15.0,3.15,47.25,2024-09,2024,7.09,Large
10210,2024-07-24,East,Arif Hossain,Furniture,Desk,Retail Store,Credit Card,5.0,172.65,863.25,2024-07,2024,258.97,Medium
10381,2024-07-21,North,Tanvir Ahmed,Furniture,Office Chair,Retail Store,bKash,13.0,119.17,1549.21,2024-07,2024,464.76,Medium
11954,2024-07-17,Central,Mim Akter,Stationery,Desk Organizer,Online,Bank Transfer,6.0,16.69,100.14,2024-07,2024,15.02,Medium
10537,2025-07-06,North,Sadia Chowdhury,Stationery,Notebook,Retail Store,Nagad,1.0,2.25,2.25,2025-07,2025,0.34,Small
12503,2025-01-12,North,Rakib Hasan,Grocery,Cooking Oil 1L,Wholesale,Bank Transfer,23.0,3.42,78.66,2025-01,2025,11.8,Large
12227,2025-02-22,North,Shakil Rahman,Apparel,Sneakers,Wholesale,bKash,9.0,61.23,551.07,2025-02,2025,82.66,Medium
10002,2024-04-05,Central,Imran Kabir,Stationery,Notebook,Online,Credit Card,7.0,1.92,13.44,2024-04,2024,2.02,Medium
10853,2024-12-21,Central,Sadia Chowdhury,Electronics,Smartwatch,Wholesale,bKash,3.0,159.43,478.29,2024-12,2024,143.49,Small
12114,2025-02-17,North,Arif Hossain,Grocery,Tea Pack,Retail Store,Bank Transfer,17.0,4.31,73.27,2025-02,2025,10.99,Large
10433,2024-09-15,South,Rakib Hasan,Electronics,Tablet,Online,bKash,20.0,330.38,6607.6,2024-09,2024,1982.28,Large
10562,2025-08-11,West,Mim Akter,Stationery,Notebook,Distributor,Bank Transfer,9.0,2.05,18.45,2025-08,2025,2.77,Medium
11680,2024-02-14,Central,Nusrat Jahan,Electronics,Monitor,Retail Store,Cash,19.0,198.78,3776.82,2024-02,2024,1133.05,Large
10243,2024-04-21,Central,Shakil Rahman,Furniture,Desk,Distributor,bKash,20.0,195.34,3906.8,2024-04,2024,1172.04,Large
10411,2025-05-15,North,Shakil Rahman,Electronics,Tablet,Wholesale,Bank Transfer,22.0,289.88,6377.36,2025-05,2025,1913.21,Large
11436,2024-11-25,Central,Sadia Chowdhury,Stationery,Desk Organizer,Distributor,bKash,15.0,19.39,290.85,2024-11,2024,43.63,Large
11647,2025-09-20,North,Mim Akter,Electronics,Smartwatch,Online,Credit Card,3.0,154.87,464.61,2025-09,2025,139.38,Small
10163,2025-03-23,Central,Sadia Chowdhury,Apparel,Jeans,Distributor,Credit Card,4.0,33.63,134.52,2025-03,2025,20.18,Small
10035,2024-11-19,West,Rakib Hasan,Furniture,Bookshelf,Distributor,Bank Transfer,25.0,102.05,2551.25,2024-11,2024,765.38,Large
12282,2024-03-23,North,Mim Akter,Electronics,Monitor,Retail Store,Bank Transfer,24.0,246.41,5913.84,2024-03,2024,1774.15,Large
10861,2024-06-29,North,Shakil Rahman,Apparel,Jeans,Distributor,Nagad,21.0,38.96,818.16,2024-06,2024,122.72,Large
12606,2024-04-21,West,Rakib Hasan,Electronics,Monitor,Retail Store,Credit Card,7.0,227.73,1594.11,2024-04,2024,478.23,Medium
10554,2025-06-09,Central,Shakil Rahman,Stationery,Notebook,Distributor,Credit Card,9.0,2.24,20.16,2025-06,2025,3.02,Medium
11428,2024-07-26,North,Shakil Rahman,Grocery,Snack Box,Distributor,Bank Transfer,4.0,4.83,19.32,2024-07,2024,2.9,Small
12065,2025-12-17,West,Farzana Islam,Stationery,Desk Organizer,Wholesale,Bank Transfer,2.0,18.01,36.02,2025-12,2025,5.4,Small
12238,2025-05-30,Central,Nusrat Jahan,Electronics,Tablet,Distributor,Nagad,5.0,290.01,1450.05,2025-05,2025,435.02,Medium
12796,2025-11-12,North,Unknown,Furniture,Desk,Wholesale,Bank Transfer,7.0,163.0,1141.0,2025-11,2025,342.3,Medium
12590,2025-09-11,East,Farzana Islam,Grocery,Rice 5kg,Retail Store,Credit Card,1.0,8.45,8.45,2025-09,2025,1.27,Small
11751,2024-05-25,Unknown,Mim Akter,Electronics,Laptop,Wholesale,Cash,11.0,941.76,10359.36,2024-05,2024,3107.81,Medium
11490,2025-07-03,West,Sadia Chowdhury,Apparel,Jacket,Online,Cash,6.0,61.16,366.96,2025-07,2025,55.04,Medium
12270,2025-12-24,West,Sadia Chowdhury,Apparel,T-Shirt,Wholesale,Cash,3.0,16.02,48.06,2025-12,2025,7.21,Small
12835,2024-07-12,North,Sadia Chowdhury,Grocery,Coffee Jar,Wholesale,bKash,12.0,6.96,83.52,2024-07,2024,12.53,Medium
10487,2024-10-20,North,Nusrat Jahan,Furniture,Office Chair,Distributor,bKash,22.0,115.52,2541.44,2024-10,2024,762.43,Large
10071,2024-07-23,North,Tanvir Ahmed,Apparel,Jeans,Online,bKash,1.0,36.94,36.94,2024-07,2024,5.54,Small
11051,2024-11-26,West,Arif Hossain,Furniture,Office Chair,Online,Cash,18.0,126.8,2282.4,2024-11,2024,684.72,Large
11992,2025-10-02,North,Arif Hossain,Apparel,Cap,Online,Cash,24.0,9.65,231.6,2025-10,2025,34.74,Large
11287,2024-04-18,East,Sadia Chowdhury,Stationery,Backpack,Retail Store,Nagad,5.0,38.19,190.95,2024-04,2024,28.64,Medium
11481,2025-02-09,East,Rakib Hasan,Electronics,Laptop,Distributor,Bank Transfer,6.0,862.87,5177.22,2025-02,2025,1553.17,Medium
10125,2025-10-04,Central,Shakil Rahman,Furniture,Desk,Retail Store,Credit Card,21.0,163.77,3439.17,2025-10,2025,1031.75,Large
11541,2025-11-11,Central,Nusrat Jahan,Electronics,Monitor,Retail Store,Cash,2.0,219.92,439.84,2025-11,2025,131.95,Small
11145,2024-04-19,West,Mim Akter,Electronics,Smartwatch,Distributor,Cash,1.0,148.11,148.11,2024-04,2024,44.43,Small
12951,2025-09-15,Central,Lamia Sultana,Apparel,T-Shirt,Retail Store,Credit Card,25.0,16.77,419.25,2025-09,2025,62.89,Large
10162,2024-10-23,West,Lamia Sultana,Apparel,Cap,Wholesale,Bank Transfer,4.0,10.01,40.04,2024-10,2024,6.01,Small
12628,2024-04-23,West,Sadia Chowdhury,Furniture,Bookshelf,Retail Store,Nagad,20.0,81.11,1622.2,2024-04,2024,486.66,Large
11004,2025-07-05,West,Lamia Sultana,Furniture,Desk,Retail Store,bKash,24.0,196.58,4717.92,2025-07,2025,1415.38,Large
12368,2025-03-01,Central,Nusrat Jahan,Apparel,Cap,Retail Store,bKash,4.0,9.75,39.0,2025-03,2025,5.85,Small
10716,2025-07-13,West,Nusrat Jahan,Electronics,Smartwatch,Distributor,Bank Transfer,19.0,148.76,2826.44,2025-07,2025,847.93,Large
11274,2025-09-07,North,Farzana Islam,Apparel,Sneakers,Wholesale,bKash,11.0,57.63,633.93,2025-09,2025,95.09,Medium
10753,2025-11-25,North,Nusrat Jahan,Stationery,Pen Set,Wholesale,Cash,13.0,5.89,76.57,2025-11,2025,11.49,Medium
11388,2024-03-22,Unknown,Sadia Chowdhury,Electronics,Monitor,Wholesale,Cash,12.0,228.83,2745.96,2024-03,2024,823.79,Medium
11599,2024-01-15,West,Tanvir Ahmed,Electronics,Monitor,Retail Store,bKash,5.0,232.9,1164.5,2024-01,2024,349.35,Medium
12052,2025-04-09,North,Nusrat Jahan,Stationery,Backpack,Retail Store,bKash,8.0,36.89,295.12,2025-04,2025,44.27,Medium
11600,2025-07-05,Unknown,Mim Akter,Furniture,Desk,Online,Nagad,16.0,200.6,3209.6,2025-07,2025,962.88,Large
10006,2025-01-05,West,Farzana Islam,Stationery,Notebook,Distributor,Nagad,19.0,1.9,36.1,2025-01,2025,5.42,Large
11821,2024-12-16,West,Mim Akter,Stationery,Pen Set,Online,Bank Transfer,18.0,6.18,111.24,2024-12,2024,16.69,Large
10756,2024-01-17,South,Farzana Islam,Stationery,Notebook,Wholesale,bKash,16.0,1.84,29.44,2024-01,2024,4.42,Large
12637,2025-08-11,North,Sadia Chowdhury,Grocery,Coffee Jar,Distributor,Bank Transfer,20.0,7.35,147.0,2025-08,2025,22.05,Large
10084,2024-09-14,East,Sadia Chowdhury,Stationery,Backpack,Distributor,Cash,8.0,37.21,297.68,2024-09,2024,44.65,Medium
11709,2024-02-23,North,Sadia Chowdhury,Apparel,Cap,Distributor,bKash,21.0,9.6,201.6,2024-02,2024,30.24,Large
12267,2024-03-30,Central,Nusrat Jahan,Electronics,Monitor,Retail Store,Credit Card,5.0,221.74,1108.7,2024-03,2024,332.61,Medium
12328,2025-06-21,Central,Rakib Hasan,Furniture,Office Chair,Online,Cash,4.0,123.67,494.68,2025-06,2025,148.4,Small
11892,2025-10-31,East,Arif Hossain,Grocery,Coffee Jar,Distributor,Cash,23.0,7.73,177.79,2025-10,2025,26.67,Large
11972,2024-07-19,East,Shakil Rahman,Grocery,Tea Pack,Retail Store,Credit Card,13.0,3.9,50.7,2024-07,2024,7.6,Medium
11204,2025-10-22,West,Imran Kabir,Stationery,Backpack,Distributor,Bank Transfer,1.0,36.13,830.99,2025-10,2025,124.65,Small
10394,2024-12-14,East,Lamia Sultana,Grocery,Rice 5kg,Retail Store,bKash,23.0,7.55,173.65,2024-12,2024,26.05,Large
11035,2025-08-11,West,Sadia Chowdhury,Furniture,Bookshelf,Retail Store,Nagad,10.0,94.22,942.2,2025-08,2025,282.66,Medium
12354,2025-11-26,East,Shakil Rahman,Apparel,Cap,Retail Store,Credit Card,17.0,11.13,189.21,2025-11,2025,28.38,Large
11213,2025-05-27,North,Mim Akter,Electronics,Headphones,Distributor,Bank Transfer,7.0,58.72,411.04,2025-05,2025,123.31,Medium
12289,2025-12-02,Unknown,Lamia Sultana,Furniture,Bookshelf,Wholesale,bKash,6.0,82.55,495.3,2025-12,2025,148.59,Medium
10310,2025-12-10,West,Nusrat Jahan,Stationery,Notebook,Wholesale,Cash,3.0,2.21,6.63,2025-12,2025,0.99,Small
11048,2025-03-30,Central,Farzana Islam,Grocery,Rice 5kg,Wholesale,Cash,2.0,8.4,16.8,2025-03,2025,2.52,Small
10442,2024-10-28,East,Mim Akter,Apparel,Sneakers,Distributor,Nagad,15.0,61.2,918.0,2024-10,2024,137.7,Large
10038,2024-05-17,Central,Tanvir Ahmed,Apparel,Cap,Distributor,Credit Card,9.0,9.29,83.61,2024-05,2024,12.54,Medium
10284,2024-07-01,Central,Tanvir Ahmed,Stationery,Notebook,Online,Credit Card,14.0,1.87,26.18,2024-07,2024,3.93,Medium
10194,2024-06-12,East,Nusrat Jahan,Apparel,T-Shirt,Online,Nagad,5.0,13.67,68.35,2024-06,2024,10.25,Medium
12342,2025-04-15,Central,Nusrat Jahan,Electronics,Headphones,Wholesale,Bank Transfer,12.0,59.97,719.64,2025-04,2025,215.89,Medium
11935,2024-10-06,South,Imran Kabir,Furniture,Dining Table,Online,Nagad,19.0,384.53,7306.07,2024-10,2024,2191.82,Large
10276,2024-08-01,North,Nusrat Jahan,Stationery,Notebook,Retail Store,Bank Transfer,11.0,1.95,21.45,2024-08,2024,3.22,Medium
12390,2025-06-30,North,Sadia Chowdhury,Stationery,Pen Set,Wholesale,Cash,9.0,6.57,59.13,2025-06,2025,8.87,Medium
12816,2025-06-10,North,Nusrat Jahan,Electronics,Tablet,Online,Nagad,18.0,272.36,4902.48,2025-06,2025,1470.74,Large
12145,2025-01-24,Central,Nusrat Jahan,Furniture,Office Chair,Distributor,Cash,3.0,132.31,396.93,2025-01,2025,119.08,Small
11512,2024-07-31,West,Arif Hossain,Stationery,Notebook,Distributor,Credit Card,24.0,2.29,54.96,2024-07,2024,8.24,Large
11186,2024-06-07,South,Shakil Rahman,Stationery,Desk Organizer,Distributor,Bank Transfer,8.0,16.45,131.6,2024-06,2024,19.74,Medium
12703,2024-06-25,West,Tanvir Ahmed,Grocery,Cooking Oil 1L,Retail Store,Nagad,11.0,2.89,31.79,2024-06,2024,4.77,Medium
10123,2024-01-23,East,Lamia Sultana,Grocery,Snack Box,Distributor,Cash,22.0,4.99,109.78,2024-01,2024,16.47,Large
10348,2024-11-02,North,Farzana Islam,Electronics,Monitor,Distributor,Cash,5.0,219.05,1095.25,2024-11,2024,328.58,Medium
12513,2024-06-24,Central,Imran Kabir,Stationery,Pen Set,Online,Cash,4.0,6.65,26.6,2024-06,2024,3.99,Small
11109,2025-01-20,East,Lamia Sultana,Furniture,Office Chair,Online,bKash,14.0,128.38,1797.32,2025-01,2025,539.2,Medium
10990,2024-12-14,South,Farzana Islam,Apparel,Jacket,Wholesale,bKash,2.0,71.85,143.7,2024-12,2024,21.55,Small
11360,2025-11-04,South,Lamia Sultana,Furniture,Bookshelf,Wholesale,Bank Transfer,4.0,95.77,383.08,2025-11,2025,114.92,Small
11234,2025-07-28,East,Lamia Sultana,Furniture,Sofa,Wholesale,Credit Card,20.0,427.34,8546.8,2025-07,2025,2564.04,Large
12924,2024-07-09,West,Rakib Hasan,Stationery,Notebook,Online,Credit Card,23.0,2.050283687943262,46.0,2024-07,2024,6.9,Large
10103,2024-02-01,East,Farzana Islam,Apparel,Jacket,Wholesale,Nagad,22.0,72.63,1597.86,2024-02,2024,239.68,Large
10699,2024-01-31,East,Mim Akter,Grocery,Cooking Oil 1L,Wholesale,Bank Transfer,3.0,3.06,9.18,2024-01,2024,1.38,Small
11292,2025-01-13,East,Tanvir Ahmed,Grocery,Snack Box,Wholesale,Cash,4.0,4.56,18.24,2025-01,2025,2.74,Small
11622,2025-06-15,Central,Lamia Sultana,Grocery,Snack Box,Wholesale,Nagad,22.0,4.98,109.56,2025-06,2025,16.43,Large
11559,2025-08-11,East,Tanvir Ahmed,Furniture,Sofa,Retail Store,bKash,23.0,433.79,9977.17,2025-08,2025,2993.15,Large
11316,2024-05-18,Central,Rakib Hasan,Grocery,Tea Pack,Retail Store,Cash,14.0,4.15,58.1,2024-05,2024,8.72,Medium
10436,2024-12-10,Unknown,Farzana Islam,Stationery,Backpack,Wholesale,Credit Card,9.0,42.41,381.69,2024-12,2024,57.25,Medium
10538,2025-03-15,West,Mim Akter,Grocery,Snack Box,Online,Nagad,8.0,5.67,45.36,2025-03,2025,6.8,Medium
10916,2025-04-30,North,Shakil Rahman,Stationery,Pen Set,Wholesale,bKash,14.0,5.43,76.02,2025-04,2025,11.4,Medium
10546,2025-10-13,Central,Tanvir Ahmed,Apparel,Cap,Retail Store,Bank Transfer,1.0,11.01,11.01,2025-10,2025,1.65,Small
12000,2024-04-21,Central,Lamia Sultana,Apparel,Jacket,Online,bKash,12.0,62.42,749.04,2024-04,2024,112.36,Medium
11699,2024-03-07,East,Lamia Sultana,Furniture,Sofa,Online,Credit Card,3.0,407.41,1222.23,2024-03,2024,366.67,Small
11258,2025-12-04,North,Sadia Chowdhury,Electronics,Tablet,Online,bKash,14.0,298.14,4173.96,2025-12,2025,1252.19,Medium
12598,2024-05-27,East,Farzana Islam,Furniture,Desk,Wholesale,Cash,6.0,175.03,1050.18,2024-05,2024,315.05,Medium
10157,2024-04-26,West,Shakil Rahman,Stationery,Desk Organizer,Retail Store,Nagad,12.0,18.13,217.56,2024-04,2024,32.63,Medium
12129,2024-07-11,East,Imran Kabir,Electronics,Smartphone,Online,Nagad,6.0,363.77,2182.62,2024-07,2024,654.79,Medium
11887,2024-12-04,North,Tanvir Ahmed,Apparel,Cap,Retail Store,Cash,4.0,9.1,36.4,2024-12,2024,5.46,Small
11939,2025-12-08,West,Lamia Sultana,Electronics,Laptop,Retail Store,Cash,5.0,887.53,4437.65,2025-12,2025,1331.29,Medium
11249,2025-03-15,Central,Imran Kabir,Grocery,Cooking Oil 1L,Online,Nagad,5.0,3.4,17.0,2025-03,2025,2.55,Medium
12315,2024-01-03,Central,Mim Akter,Apparel,Jacket,Retail Store,Credit Card,13.0,66.48,864.24,2024-01,2024,129.64,Medium
10604,2025-07-26,East,Tanvir Ahmed,Apparel,Jeans,Wholesale,Bank Transfer,10.0,36.25,362.5,2025-07,2025,54.38,Medium
11189,2024-04-22,West,Farzana Islam,Apparel,Jeans,Wholesale,bKash,1.0,32.39,259.12,2024-04,2024,38.87,Small
11777,2025-11-18,West,Nusrat Jahan,Apparel,Jacket,Distributor,Credit Card,9.0,74.15,667.35,2025-11,2025,100.1,Medium
12070,2025-08-31,South,Mim Akter,Electronics,Smartwatch,Wholesale,Bank Transfer,2.0,155.91,311.82,2025-08,2025,93.55,Small
12401,2025-03-14,North,Lamia Sultana,Apparel,T-Shirt,Distributor,Cash,9.0,13.56,122.04,2025-03,2025,18.31,Medium
12821,2024-09-02,Central,Tanvir Ahmed,Furniture,Office Chair,Retail Store,Credit Card,20.0,111.6,2232.0,2024-09,2024,669.6,Large
11607,2025-06-27,Central,Lamia Sultana,Furniture,Bookshelf,Retail Store,Nagad,17.0,82.06,1395.02,2025-06,2025,418.51,Large
11454,2025-04-22,East,Rakib Hasan,Stationery,Desk Organizer,Online,Cash,25.0,19.22,480.5,2025-04,2025,72.08,Large
11681,2024-07-24,East,Rakib Hasan,Furniture,Bookshelf,Distributor,Bank Transfer,21.0,82.27,1727.67,2024-07,2024,518.3,Large
10773,2024-06-01,West,Lamia Sultana,Furniture,Bookshelf,Retail Store,Nagad,19.0,101.21,1922.99,2024-06,2024,576.9,Large
10056,2024-08-28,North,Shakil Rahman,Grocery,Cooking Oil 1L,Distributor,Credit Card,22.0,2.93,64.46,2024-08,2024,9.67,Large
11298,2025-12-05,North,Unknown,Apparel,T-Shirt,Wholesale,Cash,8.0,14.14,113.12,2025-12,2025,16.97,Medium
10286,2025-07-18,West,Tanvir Ahmed,Stationery,Desk Organizer,Online,Nagad,14.0,16.25,227.5,2025-07,2025,34.12,Medium
11157,2024-05-15,Central,Rakib Hasan,Furniture,Desk,Retail Store,Credit Card,13.0,163.73,2128.49,2024-05,2024,638.55,Medium
11938,2024-09-18,South,Lamia Sultana,Apparel,Jacket,Online,Bank Transfer,21.0,68.34,1435.14,2024-09,2024,215.27,Large
11560,2025-07-25,East,Imran Kabir,Apparel,T-Shirt,Wholesale,Cash,18.0,16.27,292.86,2025-07,2025,43.93,Large
10919,2025-05-14,West,Lamia Sultana,Grocery,Coffee Jar,Distributor,Credit Card,13.0,7.15,92.95,2025-05,2025,13.94,Medium
11761,2024-12-23,South,Lamia Sultana,Electronics,Smartphone,Wholesale,Credit Card,23.0,368.06,8465.38,2024-12,2024,2539.61,Large
10845,2024-12-19,East,Imran Kabir,Stationery,Notebook,Online,Bank Transfer,12.0,2.01,24.12,2024-12,2024,3.62,Medium
11606,2025-11-27,West,Arif Hossain,Stationery,Pen Set,Retail Store,bKash,1.0,6.56,52.48,2025-11,2025,7.87,Small
10271,2024-12-18,West,Arif Hossain,Stationery,Pen Set,Wholesale,Credit Card,21.0,6.41,134.61,2024-12,2024,20.19,Large
11540,2024-12-31,East,Lamia Sultana,Furniture,Desk,Online,bKash,16.0,182.67,2922.72,2024-12,2024,876.82,Large
10679,2025-05-08,North,Mim Akter,Apparel,T-Shirt,Distributor,Bank Transfer,20.0,17.1,342.0,2025-05,2025,51.3,Large
11989,2024-02-10,Central,Imran Kabir,Apparel,Jeans,Online,Nagad,21.0,35.61,747.81,2024-02,2024,112.17,Large
11356,2025-03-24,West,Imran Kabir,Grocery,Cooking Oil 1L,Retail Store,Credit Card,4.0,3.37,13.48,2025-03,2025,2.02,Small
10063,2024-06-03,East,Arif Hossain,Apparel,Jacket,Online,bKash,8.0,64.72,517.76,2024-06,2024,77.66,Medium
12517,2024-04-18,Central,Lamia Sultana,Stationery,Pen Set,Wholesale,Cash,18.0,5.92,106.56,2024-04,2024,15.98,Large
12205,2025-07-18,Central,Tanvir Ahmed,Electronics,Smartwatch,Wholesale,Bank Transfer,5.0,138.63,693.15,2025-07,2025,207.94,Medium
12412,2024-08-01,Central,Sadia Chowdhury,Apparel,Jacket,Distributor,Bank Transfer,23.0,59.31,1364.13,2024-08,2024,204.62,Large
12756,2024-04-07,Central,Arif Hossain,Furniture,Dining Table,Wholesale,Cash,12.0,391.35,4696.2,2024-04,2024,1408.86,Medium
12521,2025-05-06,West,Lamia Sultana,Apparel,Sneakers,Online,Nagad,24.0,62.04,1488.96,2025-05,2025,223.34,Large
10634,2024-05-29,Unknown,Mim Akter,Electronics,Headphones,Wholesale,Nagad,15.0,54.67,820.05,2024-05,2024,246.02,Large
11474,2025-08-23,South,Sadia Chowdhury,Electronics,Smartwatch,Retail Store,Bank Transfer,11.0,148.96,1638.56,2025-08,2025,491.57,Medium
12164,2024-12-23,North,Lamia Sultana,Furniture,Office Chair,Wholesale,bKash,18.0,133.78,2408.04,2024-12,2024,722.41,Large
11371,2024-05-15,South,Imran Kabir,Stationery,Backpack,Wholesale,bKash,1.0,38.81,38.81,2024-05,2024,5.82,Small
10616,2025-01-01,Central,Imran Kabir,Furniture,Dining Table,Online,Nagad,22.0,355.14,7813.08,2025-01,2025,2343.92,Large
12720,2025-08-05,South,Tanvir Ahmed,Stationery,Pen Set,Retail Store,Bank Transfer,18.0,5.42,97.56,2025-08,2025,14.63,Large
11745,2024-11-23,West,Arif Hossain,Apparel,Cap,Retail Store,Cash,16.0,11.46,183.36,2024-11,2024,27.5,Large
11296,2024-08-13,West,Imran Kabir,Furniture,Dining Table,Wholesale,Credit Card,24.0,387.11,9290.64,2024-08,2024,2787.19,Large
10859,2024-07-15,West,Nusrat Jahan,Stationery,Pen Set,Online,bKash,1.0,5.77,5.77,2024-07,2024,0.87,Small
12682,2024-06-22,East,Sadia Chowdhury,Stationery,Backpack,Online,Credit Card,21.0,38.57,809.97,2024-06,2024,121.5,Large
10888,2025-12-28,West,Rakib Hasan,Grocery,Tea Pack,Online,Cash,17.0,4.03,68.51,2025-12,2025,10.28,Large
11026,2025-07-25,West,Nusrat Jahan,Furniture,Sofa,Wholesale,Bank Transfer,1.0,447.15,447.15,2025-07,2025,134.14,Small
10895,2025-08-07,Central,Nusrat Jahan,Apparel,Cap,Online,Nagad,6.0,10.04,60.24,2025-08,2025,9.04,Medium
10472,2024-08-28,South,Arif Hossain,Electronics,Smartwatch,Wholesale,Bank Transfer,3.0,152.22,456.66,2024-08,2024,137.0,Small
11646,2025-11-28,Central,Imran Kabir,Furniture,Dining Table,Retail Store,Nagad,19.0,342.52,6507.88,2025-11,2025,1952.36,Large
11406,2024-05-20,West,Sadia Chowdhury,Electronics,Tablet,Distributor,Credit Card,1.0,324.87,2923.83,2024-05,2024,877.15,Small
12097,2025-06-20,Central,Arif Hossain,Grocery,Coffee Jar,Online,Nagad,16.0,7.28,116.48,2025-06,2025,17.47,Large
11046,2024-03-20,North,Arif Hossain,Furniture,Bookshelf,Wholesale,bKash,22.0,98.18,2159.96,2024-03,2024,647.99,Large
11262,2024-01-31,South,Mim Akter,Stationery,Pen Set,Online,bKash,11.0,5.61,61.71,2024-01,2024,9.26,Medium
10965,2025-02-26,West,Farzana Islam,Electronics,Headphones,Distributor,bKash,11.0,57.87,636.57,2025-02,2025,190.97,Medium
12851,2025-07-11,South,Farzana Islam,Furniture,Bookshelf,Retail Store,Bank Transfer,20.0,88.1,1762.0,2025-07,2025,528.6,Large
10812,2024-10-23,East,Imran Kabir,Electronics,Headphones,Distributor,Credit Card,10.0,61.94,619.4,2024-10,2024,185.82,Medium
11609,2024-10-12,South,Arif Hossain,Stationery,Pen Set,Wholesale,bKash,2.0,6.84,13.68,2024-10,2024,2.05,Small
12020,2025-01-30,West,Imran Kabir,Furniture,Bookshelf,Online,Credit Card,5.0,96.41,482.05,2025-01,2025,144.62,Medium
11770,2024-01-01,Central,Tanvir Ahmed,Electronics,Laptop,Online,Cash,10.0,859.58,8595.8,2024-01,2024,2578.74,Medium
11873,2024-06-04,South,Imran Kabir,Electronics,Smartphone,Retail Store,Bank Transfer,14.0,414.71,5805.94,2024-06,2024,1741.78,Medium
11648,2024-01-31,South,Lamia Sultana,Furniture,Desk,Retail Store,bKash,21.0,203.8,4279.8,2024-01,2024,1283.94,Large
10796,2025-04-30,Central,Arif Hossain,Furniture,Office Chair,Distributor,Cash,10.0,137.09,1370.9,2025-04,2025,411.27,Medium
10760,2025-01-05,North,Arif Hossain,Furniture,Desk,Online,Nagad,25.0,206.41,5160.25,2025-01,2025,1548.08,Large
10628,2025-09-01,South,Tanvir Ahmed,Stationery,Pen Set,Wholesale,Bank Transfer,19.0,6.16,117.04,2025-09,2025,17.56,Large
10676,2025-10-02,North,Farzana Islam,Apparel,Jeans,Online,Bank Transfer,4.0,37.95,151.8,2025-10,2025,22.77,Small
10444,2024-05-20,East,Imran Kabir,Grocery,Snack Box,Online,bKash,7.0,4.93,34.51,2024-05,2024,5.18,Medium
11890,2025-10-20,North,Sadia Chowdhury,Apparel,Jeans,Distributor,bKash,25.0,37.62,940.5,2025-10,2025,141.07,Large
12519,2024-01-18,Unknown,Unknown,Apparel,Sneakers,Distributor,bKash,12.0,54.83,657.96,2024-01,2024,98.69,Medium
12346,2024-06-15,North,Unknown,Stationery,Backpack,Wholesale,Bank Transfer,5.0,41.67,208.35,2024-06,2024,31.25,Medium
12792,2025-12-13,North,Rakib Hasan,Stationery,Notebook,Wholesale,Bank Transfer,6.0,2.09,12.54,2025-12,2025,1.88,Medium
12204,2025-05-07,Central,Rakib Hasan,Grocery,Rice 5kg,Distributor,Nagad,19.0,8.71,165.49,2025-05,2025,24.82,Large
12753,2025-07-12,South,Rakib Hasan,Apparel,Jacket,Online,Nagad,8.0,70.01,560.08,2025-07,2025,84.01,Medium
10383,2025-04-17,North,Mim Akter,Grocery,Cooking Oil 1L,Online,Credit Card,2.0,2.83,5.66,2025-04,2025,0.85,Small
10402,2025-03-24,North,Tanvir Ahmed,Apparel,Jacket,Online,Bank Transfer,24.0,65.32,1567.68,2025-03,2025,235.15,Large
11131,2024-04-10,Central,Mim Akter,Grocery,Rice 5kg,Distributor,Nagad,20.0,7.4,148.0,2024-04,2024,22.2,Large
10758,2024-09-01,South,Shakil Rahman,Furniture,Desk,Wholesale,Bank Transfer,6.0,189.47,1136.82,2024-09,2024,341.05,Medium
12507,2024-11-07,Central,Imran Kabir,Grocery,Cooking Oil 1L,Wholesale,Nagad,3.0,3.27,9.81,2024-11,2024,1.47,Small
11486,2025-05-15,West,Arif Hossain,Grocery,Snack Box,Online,Cash,22.0,5.43,119.46,2025-05,2025,17.92,Large
11348,2024-10-03,East,Shakil Rahman,Electronics,Smartphone,Wholesale,Cash,6.0,456.81,2740.86,2024-10,2024,822.26,Medium
12404,2024-05-19,North,Lamia Sultana,Furniture,Office Chair,Wholesale,Credit Card,24.0,127.85,3068.4,2024-05,2024,920.52,Large
10878,2024-02-20,West,Nusrat Jahan,Furniture,Office Chair,Distributor,bKash,13.0,126.54,1645.02,2024-02,2024,493.51,Medium
12009,2025-07-16,North,Mim Akter,Electronics,Smartwatch,Wholesale,Credit Card,5.0,166.41,832.05,2025-07,2025,249.61,Medium
10004,2024-08-08,West,Mim Akter,Electronics,Smartphone,Distributor,bKash,25.0,393.66,9841.5,2024-08,2024,2952.45,Large
12171,2024-09-12,Central,Shakil Rahman,Stationery,Notebook,Online,Cash,22.0,2.3,50.6,2024-09,2024,7.59,Large
11649,2025-12-18,North,Farzana Islam,Electronics,Headphones,Wholesale,Nagad,22.0,59.81,1315.82,2025-12,2025,394.75,Large
12885,2024-01-03,North,Lamia Sultana,Furniture,Dining Table,Online,bKash,24.0,335.76,8058.24,2024-01,2024,2417.47,Large
10196,2024-02-12,Unknown,Nusrat Jahan,Grocery,Rice 5kg,Online,bKash,11.0,9.07,99.77,2024-02,2024,14.97,Medium
10477,2025-06-18,East,Mim Akter,Furniture,Office Chair,Distributor,Nagad,12.0,129.06,1548.72,2025-06,2025,464.62,Medium
12997,2024-08-01,South,Farzana Islam,Furniture,Sofa,Wholesale,Nagad,23.0,409.25,9412.75,2024-08,2024,2823.82,Large
10966,2025-04-06,South,Nusrat Jahan,Electronics,Laptop,Retail Store,Bank Transfer,25.0,872.19,21804.75,2025-04,2025,6541.42,Large
12251,2024-04-29,South,Rakib Hasan,Stationery,Pen Set,Online,Credit Card,1.0,5.68,5.68,2024-04,2024,0.85,Small
11550,2024-09-27,West,Arif Hossain,Apparel,Cap,Distributor,Cash,18.0,9.62,173.16,2024-09,2024,25.97,Large
12834,2025-09-26,South,Rakib Hasan,Stationery,Desk Organizer,Wholesale,Nagad,5.0,16.25,81.25,2025-09,2025,12.19,Medium
12536,2024-02-23,West,Farzana Islam,Stationery,Notebook,Online,Cash,17.0,2.23,37.91,2024-02,2024,5.69,Large
12467,2025-12-01,East,Lamia Sultana,Furniture,Office Chair,Wholesale,Nagad,12.0,110.14,1321.68,2025-12,2025,396.5,Medium
12627,2024-01-19,South,Tanvir Ahmed,Electronics,Smartphone,Online,Credit Card,18.0,411.9,7414.2,2024-01,2024,2224.26,Large
10734,2025-09-26,East,Nusrat Jahan,Furniture,Bookshelf,Online,Credit Card,3.0,82.28,246.84,2025-09,2025,74.05,Small
11240,2025-03-12,West,Mim Akter,Grocery,Coffee Jar,Distributor,Nagad,17.0,8.0,136.0,2025-03,2025,20.4,Large
12845,2025-06-15,North,Mim Akter,Furniture,Bookshelf,Retail Store,Credit Card,6.0,86.25,517.5,2025-06,2025,155.25,Medium
12405,2025-09-27,North,Nusrat Jahan,Furniture,Bookshelf,Retail Store,Bank Transfer,13.0,91.41,1188.33,2025-09,2025,356.5,Medium
11187,2025-07-11,Unknown,Tanvir Ahmed,Apparel,Cap,Online,Credit Card,10.0,9.26,92.6,2025-07,2025,13.89,Medium
10599,2024-11-28,South,Farzana Islam,Apparel,T-Shirt,Retail Store,Bank Transfer,1.0,14.13,14.13,2024-11,2024,2.12,Small
12332,2025-07-14,South,Sadia Chowdhury,Electronics,Headphones,Retail Store,Credit Card,13.0,63.13,820.69,2025-07,2025,246.21,Medium
12867,2025-07-07,East,Tanvir Ahmed,Stationery,Desk Organizer,Wholesale,Nagad,1.0,16.88,16.88,2025-07,2025,2.53,Small
12338,2025-11-10,South,Tanvir Ahmed,Furniture,Office Chair,Retail Store,Credit Card,7.0,137.36,961.52,2025-11,2025,288.46,Medium
11576,2024-06-05,South,Lamia Sultana,Stationery,Desk Organizer,Distributor,Nagad,7.0,19.68,137.76,2024-06,2024,20.66,Medium
10671,2025-03-13,East,Mim Akter,Electronics,Headphones,Wholesale,Credit Card,18.0,54.97,989.46,2025-03,2025,296.84,Large
12047,2025-04-10,South,Lamia Sultana,Furniture,Dining Table,Wholesale,Bank Transfer,5.0,319.4,1597.0,2025-04,2025,479.1,Medium
10827,2024-11-17,Central,Nusrat Jahan,Grocery,Cooking Oil 1L,Wholesale,Credit Card,4.0,3.05,12.2,2024-11,2024,1.83,Small
11430,2024-01-18,Central,Arif Hossain,Grocery,Tea Pack,Retail Store,Bank Transfer,16.0,4.33,69.28,2024-01,2024,10.39,Large
12872,2024-03-21,Central,Farzana Islam,Electronics,Smartwatch,Distributor,bKash,3.0,142.49,427.47,2024-03,2024,128.24,Small
12287,2025-06-11,North,Unknown,Apparel,Sneakers,Online,Nagad,5.0,62.94,314.7,2025-06,2025,47.2,Medium
10691,2024-07-24,Central,Shakil Rahman,Apparel,T-Shirt,Retail Store,Cash,7.0,14.57,101.99,2024-07,2024,15.3,Medium
10329,2025-05-15,West,Sadia Chowdhury,Stationery,Desk Organizer,Wholesale,Bank Transfer,6.0,16.57,99.42,2025-05,2025,14.91,Medium
10206,2024-07-09,East,Nusrat Jahan,Grocery,Tea Pack,Online,Credit Card,16.0,4.12,65.92,2024-07,2024,9.89,Large
10068,2024-05-18,Central,Tanvir Ahmed,Grocery,Snack Box,Online,Bank Transfer,15.0,4.73,70.95,2024-05,2024,10.64,Large
12446,2025-03-24,West,Sadia Chowdhury,Electronics,Monitor,Distributor,Credit Card,14.0,205.81,2881.34,2025-03,2025,864.4,Medium
11501,2025-08-05,West,Lamia Sultana,Apparel,Jacket,Retail Store,Nagad,15.0,59.16,887.4,2025-08,2025,133.11,Large
12913,2024-10-31,East,Shakil Rahman,Furniture,Dining Table,Retail Store,bKash,16.0,372.74,5963.84,2024-10,2024,1789.15,Large
12772,2025-04-19,North,Tanvir Ahmed,Stationery,Backpack,Distributor,bKash,6.0,38.0,228.0,2025-04,2025,34.2,Medium
11980,2024-06-17,North,Tanvir Ahmed,Electronics,Laptop,Online,Cash,25.0,922.72,23068.0,2024-06,2024,6920.4,Large
11484,2025-04-19,West,Nusrat Jahan,Grocery,Snack Box,Wholesale,Bank Transfer,23.0,4.8,110.4,2025-04,2025,16.56,Large
11531,2025-10-19,South,Shakil Rahman,Furniture,Sofa,Online,Cash,23.0,413.33,9506.59,2025-10,2025,2851.98,Large
11511,2025-02-16,Central,Rakib Hasan,Grocery,Cooking Oil 1L,Wholesale,Cash,2.0,3.2,6.4,2025-02,2025,0.96,Small
11881,2024-11-17,South,Rakib Hasan,Apparel,T-Shirt,Wholesale,Credit Card,2.0,15.13,30.26,2024-11,2024,4.54,Small
11423,2024-09-11,East,Imran Kabir,Furniture,Bookshelf,Retail Store,Nagad,1.0,81.81,81.81,2024-09,2024,24.54,Small
12849,2025-06-22,Central,Imran Kabir,Electronics,Tablet,Wholesale,Credit Card,14.0,312.89,4380.46,2025-06,2025,1314.14,Medium
10502,2025-04-07,South,Imran Kabir,Electronics,Smartphone,Online,bKash,23.0,447.86,10300.78,2025-04,2025,3090.23,Large
12799,2024-02-17,South,Arif Hossain,Grocery,Tea Pack,Distributor,Nagad,13.0,4.07,52.91,2024-02,2024,7.94,Medium
11969,2024-06-10,South,Imran Kabir,Electronics,Smartwatch,Online,Credit Card,7.0,137.75,964.25,2024-06,2024,289.27,Medium
12533,2024-12-20,Central,Arif Hossain,Grocery,Tea Pack,Retail Store,Nagad,18.0,3.92,70.56,2024-12,2024,10.58,Large
11752,2024-07-01,North,Imran Kabir,Grocery,Snack Box,Distributor,Bank Transfer,11.0,5.27,57.97,2024-07,2024,8.7,Medium
10017,2025-06-27,South,Mim Akter,Stationery,Pen Set,Retail Store,Nagad,1.0,6.3,6.3,2025-06,2025,0.94,Small
10661,2024-05-06,North,Shakil Rahman,Furniture,Sofa,Distributor,bKash,3.0,417.84,1253.52,2024-05,2024,376.06,Small
10715,2024-08-19,Central,Sadia Chowdhury,Stationery,Desk Organizer,Wholesale,Cash,6.0,18.11,108.66,2024-08,2024,16.3,Medium
10331,2024-04-26,West,Arif Hossain,Grocery,Snack Box,Online,Nagad,9.0,5.47,49.23,2024-04,2024,7.38,Medium
10607,2025-09-26,Central,Imran Kabir,Grocery,Rice 5kg,Retail Store,Credit Card,12.0,8.75,105.0,2025-09,2025,15.75,Medium
12344,2024-11-01,North,Imran Kabir,Furniture,Dining Table,Online,Bank Transfer,13.0,390.7,5079.1,2024-11,2024,1523.73,Medium
10396,2024-11-26,Central,Farzana Islam,Apparel,Sneakers,Distributor,Cash,5.0,62.92,314.6,2024-11,2024,47.19,Medium
12901,2024-02-25,North,Mim Akter,Apparel,Jeans,Wholesale,Nagad,11.0,37.82,416.02,2024-02,2024,62.4,Medium
11134,2025-10-16,West,Lamia Sultana,Furniture,Desk,Distributor,Credit Card,12.0,193.84,2326.08,2025-10,2025,697.82,Medium
10500,2024-02-14,Central,Mim Akter,Apparel,T-Shirt,Wholesale,Bank Transfer,10.0,16.87,168.7,2024-02,2024,25.3,Medium
12301,2024-07-05,South,Tanvir Ahmed,Electronics,Monitor,Online,bKash,15.0,247.56,3713.4,2024-07,2024,1114.02,Large
10610,2024-07-25,North,Rakib Hasan,Stationery,Notebook,Retail Store,Credit Card,4.0,2.04,8.16,2024-07,2024,1.22,Small
11769,2024-03-20,West,Sadia Chowdhury,Stationery,Pen Set,Distributor,bKash,20.0,5.56,111.2,2024-03,2024,16.68,Large
12856,2025-05-20,Central,Lamia Sultana,Grocery,Tea Pack,Online,Cash,14.0,3.63,50.82,2025-05,2025,7.62,Medium
10802,2024-03-30,East,Shakil Rahman,Apparel,Jacket,Wholesale,Nagad,7.0,67.3628448275862,492.31,2024-03,2024,73.85,Medium
11737,2024-05-04,East,Shakil Rahman,Apparel,Jeans,Wholesale,Nagad,20.0,32.63,652.6,2024-05,2024,97.89,Large
11625,2024-07-04,West,Tanvir Ahmed,Electronics,Tablet,Retail Store,Nagad,1.0,317.29,317.29,2024-07,2024,95.19,Small
12726,2024-03-03,North,Imran Kabir,Furniture,Dining Table,Distributor,Cash,6.0,392.09,2352.54,2024-03,2024,705.76,Medium
10430,2025-07-18,West,Rakib Hasan,Grocery,Snack Box,Wholesale,Nagad,12.0,4.93,59.16,2025-07,2025,8.87,Medium
10240,2025-05-06,East,Nusrat Jahan,Furniture,Bookshelf,Wholesale,Cash,12.0,93.61,1123.32,2025-05,2025,337.0,Medium
11783,2025-11-27,East,Sadia Chowdhury,Furniture,Bookshelf,Wholesale,Nagad,6.0,101.02,606.12,2025-11,2025,181.84,Medium
11694,2025-10-21,East,Sadia Chowdhury,Furniture,Dining Table,Wholesale,Cash,10.0,333.68,3336.8,2025-10,2025,1001.04,Medium
10405,2024-03-17,East,Rakib Hasan,Electronics,Laptop,Wholesale,bKash,18.0,965.14,17372.52,2024-03,2024,5211.76,Large
11241,2024-06-30,South,Sadia Chowdhury,Apparel,T-Shirt,Wholesale,Cash,18.0,15.73,283.14,2024-06,2024,42.47,Large
11367,2024-02-15,North,Imran Kabir,Grocery,Coffee Jar,Wholesale,Bank Transfer,1.0,6.66,53.28,2024-02,2024,7.99,Small
12150,2024-08-24,East,Lamia Sultana,Grocery,Rice 5kg,Retail Store,Bank Transfer,18.0,8.19,147.42,2024-08,2024,22.11,Large
10876,2024-07-22,South,Lamia Sultana,Furniture,Bookshelf,Distributor,Cash,3.0,90.33,270.99,2024-07,2024,81.3,Small
11338,2025-05-26,South,Nusrat Jahan,Electronics,Monitor,Online,Credit Card,22.0,224.2,4932.4,2025-05,2025,1479.72,Large
10967,2025-02-20,North,Mim Akter,Electronics,Headphones,Wholesale,Nagad,3.0,61.26,183.78,2025-02,2025,55.13,Small
10935,2024-05-29,Central,Mim Akter,Grocery,Coffee Jar,Online,Bank Transfer,25.0,6.32,158.0,2024-05,2024,23.7,Large
10891,2024-12-07,South,Arif Hossain,Apparel,Sneakers,Wholesale,Credit Card,5.0,50.25,251.25,2024-12,2024,37.69,Medium
12469,2024-10-01,Central,Mim Akter,Furniture,Desk,Wholesale,bKash,6.0,182.36,1094.16,2024-10,2024,328.25,Medium
11686,2024-05-02,Central,Tanvir Ahmed,Grocery,Rice 5kg,Wholesale,Nagad,8.0,8.72,69.76,2024-05,2024,10.46,Medium
10924,2025-12-08,West,Rakib Hasan,Grocery,Tea Pack,Retail Store,Cash,24.0,4.106796116504855,88.56,2025-12,2025,13.28,Large
10008,2025-12-19,East,Mim Akter,Apparel,Jeans,Retail Store,Cash,22.0,37.17,817.74,2025-12,2025,122.66,Large
12760,2025-10-14,South,Mim Akter,Furniture,Dining Table,Distributor,bKash,11.0,379.5,4174.5,2025-10,2025,1252.35,Medium
11822,2025-06-09,East,Shakil Rahman,Electronics,Headphones,Distributor,Nagad,8.0,58.7,469.6,2025-06,2025,140.88,Medium
12813,2025-08-16,South,Farzana Islam,Grocery,Tea Pack,Distributor,Nagad,25.0,4.36,109.0,2025-08,2025,16.35,Large
11365,2024-01-22,South,Sadia Chowdhury,Furniture,Office Chair,Wholesale,Credit Card,16.0,133.09,2129.44,2024-01,2024,638.83,Large
10464,2025-02-13,East,Rakib Hasan,Electronics,Headphones,Online,Bank Transfer,15.0,58.08,871.2,2025-02,2025,261.36,Large
10272,2025-01-20,West,Imran Kabir,Stationery,Backpack,Retail Store,Cash,6.0,43.54,261.24,2025-01,2025,39.19,Medium
12233,2024-05-23,South,Nusrat Jahan,Grocery,Tea Pack,Online,Credit Card,7.0,3.75,26.25,2024-05,2024,3.94,Medium
10761,2024-07-17,West,Nusrat Jahan,Stationery,Pen Set,Distributor,Credit Card,4.0,6.59,26.36,2024-07,2024,3.95,Small
11289,2024-04-19,Central,Farzana Islam,Furniture,Bookshelf,Retail Store,Bank Transfer,24.0,83.48,2003.52,2024-04,2024,601.06,Large
11417,2024-03-03,East,Shakil Rahman,Furniture,Office Chair,Retail Store,Bank Transfer,18.0,131.15,2360.7,2024-03,2024,708.21,Large
10269,2025-12-08,South,Arif Hossain,Furniture,Office Chair,Distributor,bKash,11.0,125.32,1378.52,2025-12,2025,413.56,Medium
10393,2025-08-09,North,Farzana Islam,Furniture,Sofa,Online,bKash,8.0,407.24,3257.92,2025-08,2025,977.38,Medium
11960,2025-02-22,North,Shakil Rahman,Apparel,T-Shirt,Online,Nagad,4.0,17.22,68.88,2025-02,2025,10.33,Small
11172,2025-04-11,South,Lamia Sultana,Furniture,Dining Table,Online,Nagad,17.0,376.93,6407.81,2025-04,2025,1922.34,Large
10527,2025-05-08,West,Mim Akter,Furniture,Dining Table,Distributor,Bank Transfer,20.0,315.58,6311.6,2025-05,2025,1893.48,Large
11104,2024-11-02,North,Rakib Hasan,Furniture,Desk,Wholesale,Bank Transfer,22.0,203.06,4467.32,2024-11,2024,1340.2,Large
11398,2025-08-25,East,Sadia Chowdhury,Grocery,Coffee Jar,Retail Store,Nagad,9.0,7.95,71.55,2025-08,2025,10.73,Medium
11029,2024-07-28,Central,Lamia Sultana,Apparel,Cap,Wholesale,Bank Transfer,13.0,9.16,119.08,2024-07,2024,17.86,Medium
10980,2024-08-27,South,Farzana Islam,Apparel,Jacket,Distributor,bKash,16.0,74.22,1187.52,2024-08,2024,178.13,Large
11809,2024-09-03,East,Arif Hossain,Grocery,Snack Box,Distributor,Bank Transfer,22.0,4.73,104.06,2024-09,2024,15.61,Large
12232,2025-10-30,North,Imran Kabir,Apparel,T-Shirt,Distributor,Cash,12.0,14.57,174.84,2025-10,2025,26.23,Medium
12844,2025-11-18,North,Lamia Sultana,Grocery,Cooking Oil 1L,Wholesale,Cash,13.0,2.92,37.96,2025-11,2025,5.69,Medium
11198,2024-07-27,North,Nusrat Jahan,Stationery,Pen Set,Distributor,Credit Card,1.0,5.94,5.94,2024-07,2024,0.89,Small
12836,2024-11-24,Central,Lamia Sultana,Stationery,Pen Set,Retail Store,bKash,25.0,6.23,155.75,2024-11,2024,23.36,Large
10107,2025-05-25,North,Sadia Chowdhury,Electronics,Smartphone,Online,bKash,23.0,389.19,8951.37,2025-05,2025,2685.41,Large
10226,2024-12-27,West,Nusrat Jahan,Grocery,Snack Box,Retail Store,Nagad,2.0,4.56,9.12,2024-12,2024,1.37,Small
12586,2025-04-09,West,Rakib Hasan,Apparel,Cap,Wholesale,Credit Card,9.0,11.22,100.98,2025-04,2025,15.15,Medium
10620,2025-09-02,West,Tanvir Ahmed,Grocery,Coffee Jar,Online,Cash,1.0,7.21,7.21,2025-09,2025,1.08,Small
12614,2025-10-29,South,Sadia Chowdhury,Electronics,Smartphone,Wholesale,Credit Card,15.0,420.27,6304.05,2025-10,2025,1891.22,Large
10788,2024-10-25,East,Imran Kabir,Furniture,Sofa,Wholesale,Credit Card,7.0,412.08,2884.56,2024-10,2024,865.37,Medium
10707,2025-09-22,South,Sadia Chowdhury,Electronics,Smartphone,Distributor,Bank Transfer,19.0,404.72,7689.68,2025-09,2025,2306.9,Large
11811,2025-06-21,East,Tanvir Ahmed,Grocery,Rice 5kg,Online,Credit Card,22.0,7.73,170.06,2025-06,2025,25.51,Large
12141,2025-01-24,North,Shakil Rahman,Stationery,Pen Set,Retail Store,Bank Transfer,11.0,5.71,62.81,2025-01,2025,9.42,Medium
11368,2025-07-08,Central,Unknown,Furniture,Sofa,Distributor,Credit Card,25.0,444.13,11103.25,2025-07,2025,3330.98,Large
10578,2024-07-07,Central,Sadia Chowdhury,Apparel,Cap,Wholesale,bKash,1.0,9.31,9.31,2024-07,2024,1.4,Small
11886,2024-10-25,West,Rakib Hasan,Electronics,Laptop,Online,bKash,12.0,909.23,10910.76,2024-10,2024,3273.23,Medium
11472,2025-12-17,East,Shakil Rahman,Furniture,Sofa,Retail Store,Cash,17.0,467.06,7940.02,2025-12,2025,2382.01,Large
10377,2024-11-11,Central,Mim Akter,Grocery,Rice 5kg,Retail Store,Bank Transfer,15.0,7.73,115.95,2024-11,2024,17.39,Large
12340,2024-05-13,South,Mim Akter,Furniture,Office Chair,Retail Store,Credit Card,17.0,110.81,1883.77,2024-05,2024,565.13,Large
12324,2024-08-24,East,Rakib Hasan,Stationery,Desk Organizer,Wholesale,Credit Card,8.0,18.09,144.72,2024-08,2024,21.71,Medium
10420,2025-07-30,South,Rakib Hasan,Electronics,Tablet,Online,Credit Card,25.0,277.57,6939.25,2025-07,2025,2081.78,Large
11868,2025-01-15,North,Arif Hossain,Apparel,T-Shirt,Retail Store,Nagad,1.0,15.18,15.18,2025-01,2025,2.28,Small
12908,2024-02-10,Central,Imran Kabir,Furniture,Desk,Distributor,Cash,6.0,201.09,1206.54,2024-02,2024,361.96,Medium
11803,2024-12-14,North,Shakil Rahman,Furniture,Sofa,Retail Store,bKash,22.0,470.65,10354.3,2024-12,2024,3106.29,Large
11736,2025-03-02,South,Arif Hossain,Apparel,Jeans,Wholesale,bKash,16.0,31.61,505.76,2025-03,2025,75.86,Large
12581,2025-10-10,South,Arif Hossain,Furniture,Sofa,Online,Cash,9.0,481.1,4329.9,2025-10,2025,1298.97,Medium
12024,2025-04-03,South,Shakil Rahman,Electronics,Laptop,Online,Nagad,25.0,806.24,20156.0,2025-04,2025,6046.8,Large
11056,2024-10-03,East,Rakib Hasan,Grocery,Cooking Oil 1L,Distributor,Bank Transfer,11.0,2.71,29.81,2024-10,2024,4.47,Medium
10516,2025-11-26,West,Shakil Rahman,Furniture,Desk,Distributor,bKash,24.0,176.92,4246.08,2025-11,2025,1273.82,Large
12208,2025-06-02,West,Lamia Sultana,Furniture,Dining Table,Wholesale,Cash,13.0,364.63,4740.19,2025-06,2025,1422.06,Medium
11903,2024-02-10,Central,Imran Kabir,Stationery,Backpack,Retail Store,Bank Transfer,15.0,45.64,684.6,2024-02,2024,102.69,Large
11279,2024-02-18,Central,Farzana Islam,Electronics,Headphones,Online,bKash,1.0,56.08,56.08,2024-02,2024,16.82,Small
12534,2025-11-15,East,Rakib Hasan,Apparel,Cap,Retail Store,Nagad,10.0,9.43,94.3,2025-11,2025,14.14,Medium
10568,2024-05-14,East,Sadia Chowdhury,Apparel,Sneakers,Retail Store,Nagad,19.0,58.93,1119.67,2024-05,2024,167.95,Large
12058,2024-10-09,Central,Tanvir Ahmed,Grocery,Tea Pack,Online,Bank Transfer,10.0,4.59,45.9,2024-10,2024,6.88,Medium
10312,2025-02-14,West,Lamia Sultana,Grocery,Rice 5kg,Wholesale,Nagad,18.0,8.21,147.78,2025-02,2025,22.17,Large
10706,2024-08-10,East,Sadia Chowdhury,Stationery,Desk Organizer,Online,Credit Card,5.0,20.19,100.95,2024-08,2024,15.14,Medium
11611,2025-09-19,North,Shakil Rahman,Apparel,T-Shirt,Distributor,bKash,20.0,17.1,342.0,2025-09,2025,51.3,Large
11965,2024-07-16,North,Lamia Sultana,Electronics,Monitor,Online,Cash,6.0,243.23,1459.38,2024-07,2024,437.81,Medium
12235,2024-06-22,South,Shakil Rahman,Grocery,Cooking Oil 1L,Retail Store,Bank Transfer,1.0,2.84,2.84,2024-06,2024,0.43,Small
11627,2024-11-28,South,Shakil Rahman,Apparel,Jacket,Wholesale,Credit Card,15.0,69.86,1047.9,2024-11,2024,157.18,Large
12169,2024-02-21,Unknown,Tanvir Ahmed,Apparel,Jacket,Online,Credit Card,15.0,68.06,1020.9,2024-02,2024,153.14,Large
12209,2025-11-06,East,Lamia Sultana,Electronics,Headphones,Distributor,Cash,2.0,55.66,111.32,2025-11,2025,33.4,Small
12160,2024-05-31,North,Mim Akter,Electronics,Smartwatch,Wholesale,Credit Card,19.0,136.14,2586.66,2024-05,2024,776.0,Large
10493,2024-06-13,West,Shakil Rahman,Grocery,Rice 5kg,Distributor,bKash,19.0,8.89,168.91,2024-06,2024,25.34,Large
11702,2025-03-01,Central,Rakib Hasan,Apparel,T-Shirt,Retail Store,bKash,4.0,15.5,62.0,2025-03,2025,9.3,Small
11742,2025-09-30,Central,Farzana Islam,Electronics,Headphones,Wholesale,bKash,11.0,55.22,607.42,2025-09,2025,182.23,Medium
12199,2025-02-21,South,Mim Akter,Electronics,Smartwatch,Retail Store,bKash,4.0,143.72,574.88,2025-02,2025,172.46,Small
10481,2024-06-26,Central,Sadia Chowdhury,Stationery,Desk Organizer,Retail Store,Nagad,24.0,19.87,476.88,2024-06,2024,71.53,Large
10309,2025-07-12,North,Lamia Sultana,Grocery,Tea Pack,Retail Store,Nagad,6.0,4.28,25.68,2025-07,2025,3.85,Medium
12992,2024-08-25,West,Arif Hossain,Grocery,Snack Box,Online,bKash,21.0,5.72,120.12,2024-08,2024,18.02,Large
10083,2025-06-27,Central,Mim Akter,Furniture,Bookshelf,Wholesale,Nagad,12.0,90.57,1086.84,2025-06,2025,326.05,Medium
11196,2025-03-04,East,Unknown,Grocery,Snack Box,Retail Store,Bank Transfer,18.0,5.12,92.16,2025-03,2025,13.82,Large
10259,2025-04-09,West,Farzana Islam,Furniture,Dining Table,Wholesale,Credit Card,5.0,359.91,1799.55,2025-04,2025,539.86,Medium
10809,2025-01-05,East,Sadia Chowdhury,Electronics,Laptop,Online,Nagad,19.0,867.1,16474.9,2025-01,2025,4942.47,Large
12029,2025-10-19,Central,Imran Kabir,Grocery,Snack Box,Distributor,Nagad,20.0,5.45,109.0,2025-10,2025,16.35,Large
10961,2025-08-26,North,Arif Hossain,Stationery,Desk Organizer,Distributor,Bank Transfer,2.0,18.41,36.82,2025-08,2025,5.52,Small
10352,2025-11-05,Central,Lamia Sultana,Electronics,Smartphone,Distributor,Credit Card,10.0,380.54,3805.4,2025-11,2025,1141.62,Medium
12259,2025-11-15,North,Tanvir Ahmed,Electronics,Headphones,Wholesale,Bank Transfer,13.0,60.33,784.29,2025-11,2025,235.29,Medium
12691,2025-07-17,North,Imran Kabir,Electronics,Headphones,Wholesale,Cash,13.0,64.47,838.11,2025-07,2025,251.43,Medium
10867,2024-10-11,Central,Imran Kabir,Electronics,Headphones,Wholesale,bKash,5.0,59.44,297.2,2024-10,2024,89.16,Medium
12003,2025-08-02,Central,Shakil Rahman,Apparel,Jeans,Distributor,Credit Card,24.0,33.44,802.56,2025-08,2025,120.38,Large
12985,2024-01-14,South,Mim Akter,Stationery,Pen Set,Distributor,Bank Transfer,16.0,6.06,96.96,2024-01,2024,14.54,Large
10643,2025-05-28,East,Mim Akter,Electronics,Headphones,Distributor,bKash,9.0,66.18,595.62,2025-05,2025,178.69,Medium
11654,2024-06-25,North,Lamia Sultana,Grocery,Tea Pack,Distributor,Credit Card,7.0,4.24,29.68,2024-06,2024,4.45,Medium
10503,2024-02-08,South,Tanvir Ahmed,Grocery,Rice 5kg,Wholesale,Cash,3.0,7.35,22.05,2024-02,2024,3.31,Small
11666,2024-11-06,East,Tanvir Ahmed,Stationery,Pen Set,Online,Credit Card,13.0,5.68,73.84,2024-11,2024,11.08,Medium
11399,2025-07-31,East,Sadia Chowdhury,Electronics,Smartphone,Distributor,Credit Card,1.0,449.73,7645.41,2025-07,2025,2293.62,Small
10349,2025-10-27,North,Arif Hossain,Furniture,Desk,Online,Nagad,6.0,181.8,1090.8,2025-10,2025,327.24,Medium
11968,2025-01-22,Unknown,Farzana Islam,Apparel,Sneakers,Retail Store,Bank Transfer,1.0,51.86,51.86,2025-01,2025,7.78,Small
10793,2024-07-07,South,Sadia Chowdhury,Apparel,Cap,Distributor,Cash,7.0,10.41,72.87,2024-07,2024,10.93,Medium
11869,2025-01-11,West,Mim Akter,Apparel,Cap,Distributor,Cash,2.0,11.0,22.0,2025-01,2025,3.3,Small
11825,2025-04-18,East,Arif Hossain,Apparel,Jeans,Distributor,bKash,19.0,36.05,684.95,2025-04,2025,102.74,Large
11438,2024-02-09,South,Nusrat Jahan,Stationery,Notebook,Wholesale,Credit Card,14.0,2.05,28.7,2024-02,2024,4.3,Medium
12453,2025-10-17,East,Tanvir Ahmed,Stationery,Pen Set,Wholesale,Cash,18.0,5.74,103.32,2025-10,2025,15.5,Large
10425,2025-03-02,East,Sadia Chowdhury,Furniture,Desk,Distributor,Cash,20.0,191.05,3821.0,2025-03,2025,1146.3,Large
11907,2025-03-16,West,Nusrat Jahan,Electronics,Smartphone,Wholesale,Credit Card,2.0,455.86,911.72,2025-03,2025,273.52,Small
11799,2025-05-29,Unknown,Arif Hossain,Furniture,Dining Table,Wholesale,Credit Card,6.0,355.53,2133.18,2025-05,2025,639.95,Medium
11259,2024-01-07,South,Rakib Hasan,Apparel,Sneakers,Distributor,Credit Card,22.0,57.3,1260.6,2024-01,2024,189.09,Large
11998,2025-11-22,North,Rakib Hasan,Apparel,Jacket,Wholesale,bKash,12.0,64.02,768.24,2025-11,2025,115.24,Medium
12972,2025-08-17,Central,Shakil Rahman,Electronics,Monitor,Wholesale,Bank Transfer,11.0,236.68,2603.48,2025-08,2025,781.04,Medium
12528,2025-05-06,North,Shakil Rahman,Apparel,Sneakers,Wholesale,Cash,13.0,53.67,697.71,2025-05,2025,104.66,Medium
12803,2025-02-20,Central,Imran Kabir,Grocery,Rice 5kg,Wholesale,Credit Card,13.0,7.61,98.93,2025-02,2025,14.84,Medium
12568,2024-05-18,North,Shakil Rahman,Stationery,Notebook,Distributor,Credit Card,10.0,1.91,19.1,2024-05,2024,2.86,Medium
11849,2025-06-21,Central,Tanvir Ahmed,Electronics,Smartwatch,Distributor,Credit Card,9.0,151.99,1367.91,2025-06,2025,410.37,Medium
10192,2025-06-20,Central,Imran Kabir,Apparel,Jeans,Retail Store,Credit Card,12.0,32.09,385.08,2025-06,2025,57.76,Medium
12192,2025-07-13,East,Lamia Sultana,Stationery,Desk Organizer,Wholesale,Bank Transfer,8.0,19.44,155.52,2025-07,2025,23.33,Medium
12152,2024-10-15,West,Nusrat Jahan,Stationery,Notebook,Retail Store,bKash,17.0,2.13,36.21,2024-10,2024,5.43,Large
12376,2025-04-24,East,Imran Kabir,Grocery,Coffee Jar,Retail Store,bKash,1.0,6.5,6.5,2025-04,2025,0.98,Small
11738,2025-04-29,Unknown,Rakib Hasan,Apparel,Jacket,Distributor,Nagad,3.0,58.79,176.37,2025-04,2025,26.46,Small
12297,2025-11-13,North,Sadia Chowdhury,Apparel,T-Shirt,Distributor,Credit Card,20.0,13.88,277.6,2025-11,2025,41.64,Large
10031,2024-02-21,Central,Tanvir Ahmed,Electronics,Smartwatch,Distributor,Credit Card,19.0,152.88,2904.72,2024-02,2024,871.42,Large
11064,2025-06-03,South,Lamia Sultana,Furniture,Office Chair,Retail Store,bKash,3.0,120.79,362.37,2025-06,2025,108.71,Small
10639,2025-02-01,North,Sadia Chowdhury,Stationery,Backpack,Online,Credit Card,22.0,38.71,851.62,2025-02,2025,127.74,Large
10249,2024-07-16,South,Arif Hossain,Stationery,Desk Organizer,Wholesale,Cash,4.0,17.69,70.76,2024-07,2024,10.61,Small
11149,2024-12-28,West,Sadia Chowdhury,Apparel,T-Shirt,Retail Store,bKash,24.0,15.13,363.12,2024-12,2024,54.47,Large
11108,2024-05-28,Unknown,Sadia Chowdhury,Furniture,Dining Table,Wholesale,Cash,7.0,334.09,2338.63,2024-05,2024,701.59,Medium
11273,2025-05-20,East,Nusrat Jahan,Grocery,Tea Pack,Retail Store,Credit Card,16.0,3.65,58.4,2025-05,2025,8.76,Large
11303,2024-09-16,West,Mim Akter,Apparel,Sneakers,Distributor,Bank Transfer,12.0,55.81,669.72,2024-09,2024,100.46,Medium
12187,2025-09-06,Central,Sadia Chowdhury,Electronics,Smartphone,Distributor,bKash,22.0,402.35,8851.7,2025-09,2025,2655.51,Large
12388,2025-01-25,West,Farzana Islam,Grocery,Snack Box,Retail Store,bKash,2.0,4.62,9.24,2025-01,2025,1.39,Small
12991,2025-08-19,West,Arif Hossain,Electronics,Headphones,Online,Credit Card,21.0,60.57,1271.97,2025-08,2025,381.59,Large
12577,2024-09-19,Central,Farzana Islam,Apparel,Jeans,Wholesale,Cash,3.0,38.65,115.95,2024-09,2024,17.39,Small
10921,2025-10-23,West,Farzana Islam,Apparel,Sneakers,Wholesale,Nagad,12.0,55.66,667.92,2025-10,2025,100.19,Medium
11092,2025-11-20,South,Sadia Chowdhury,Stationery,Notebook,Online,Cash,18.0,2.29,41.22,2025-11,2025,6.18,Large
11112,2025-04-19,Central,Rakib Hasan,Grocery,Tea Pack,Wholesale,Credit Card,21.0,3.98,83.58,2025-04,2025,12.54,Large
12677,2025-04-24,Central,Tanvir Ahmed,Stationery,Desk Organizer,Wholesale,bKash,20.0,19.62,392.4,2025-04,2025,58.86,Large
12121,2025-11-04,South,Farzana Islam,Furniture,Sofa,Wholesale,Cash,19.0,413.48,7856.12,2025-11,2025,2356.84,Large
11447,2025-06-18,South,Shakil Rahman,Furniture,Bookshelf,Online,bKash,19.0,95.51,1814.69,2025-06,2025,544.41,Large
10258,2024-12-01,Central,Arif Hossain,Stationery,Pen Set,Retail Store,bKash,17.0,6.06,103.02,2024-12,2024,15.45,Large
11847,2025-10-22,South,Rakib Hasan,Apparel,Sneakers,Retail Store,Nagad,17.0,57.74,981.58,2025-10,2025,147.24,Large
12128,2024-01-06,Central,Arif Hossain,Apparel,Jeans,Retail Store,bKash,1.0,38.61,38.61,2024-01,2024,5.79,Small
10602,2025-12-19,North,Tanvir Ahmed,Stationery,Backpack,Distributor,bKash,18.0,43.91,790.38,2025-12,2025,118.56,Large
12529,2025-03-23,East,Lamia Sultana,Apparel,Jacket,Retail Store,Nagad,11.0,61.27,673.97,2025-03,2025,101.1,Medium
12095,2024-11-20,North,Nusrat Jahan,Grocery,Snack Box,Wholesale,Bank Transfer,2.0,4.52,9.04,2024-11,2024,1.36,Small
10984,2025-09-21,East,Nusrat Jahan,Furniture,Dining Table,Online,Nagad,9.0,374.56,3371.04,2025-09,2025,1011.31,Medium
12242,2025-05-01,Central,Nusrat Jahan,Grocery,Rice 5kg,Distributor,Credit Card,20.0,8.44,168.8,2025-05,2025,25.32,Large
10256,2025-11-11,West,Arif Hossain,Stationery,Backpack,Wholesale,Nagad,7.0,43.62,305.34,2025-11,2025,45.8,Medium
12262,2025-09-21,Central,Sadia Chowdhury,Stationery,Backpack,Online,Nagad,1.0,39.67,39.67,2025-09,2025,5.95,Small
10674,2025-08-11,Central,Mim Akter,Apparel,Sneakers,Distributor,Nagad,20.0,54.37,1087.4,2025-08,2025,163.11,Large
11578,2025-11-04,North,Mim Akter,Stationery,Backpack,Distributor,bKash,7.0,38.02,266.14,2025-11,2025,39.92,Medium
12839,2025-09-09,South,Farzana Islam,Apparel,Cap,Distributor,bKash,17.0,10.87,184.79,2025-09,2025,27.72,Large
12319,2024-07-04,South,Nusrat Jahan,Stationery,Pen Set,Distributor,Cash,3.0,5.42,16.26,2024-07,2024,2.44,Small
10046,2024-08-15,North,Imran Kabir,Apparel,Jeans,Online,Bank Transfer,7.0,38.65,270.55,2024-08,2024,40.58,Medium
10823,2024-06-13,South,Shakil Rahman,Electronics,Laptop,Distributor,Cash,17.0,930.92,15825.64,2024-06,2024,4747.69,Large
12066,2025-01-08,West,Arif Hossain,Grocery,Cooking Oil 1L,Retail Store,Credit Card,25.0,2.7,67.5,2025-01,2025,10.12,Large
12214,2024-11-01,North,Tanvir Ahmed,Grocery,Rice 5kg,Distributor,bKash,17.0,9.14,155.38,2024-11,2024,23.31,Large
11630,2025-01-26,West,Mim Akter,Electronics,Monitor,Wholesale,bKash,7.0,212.56,1487.92,2025-01,2025,446.38,Medium
12028,2025-09-04,West,Shakil Rahman,Electronics,Monitor,Retail Store,Bank Transfer,23.0,229.5,5278.5,2025-09,2025,1583.55,Large
11065,2024-06-29,South,Nusrat Jahan,Grocery,Tea Pack,Retail Store,Bank Transfer,20.0,3.85,77.0,2024-06,2024,11.55,Large
12874,2024-09-07,East,Rakib Hasan,Stationery,Notebook,Wholesale,bKash,22.0,1.86,40.92,2024-09,2024,6.14,Large
11359,2024-12-24,South,Shakil Rahman,Furniture,Sofa,Online,Cash,1.0,478.71,9574.2,2024-12,2024,2872.26,Small
10138,2024-08-09,North,Arif Hossain,Stationery,Pen Set,Retail Store,Nagad,8.0,5.89,47.12,2024-08,2024,7.07,Medium
11795,2025-12-06,West,Arif Hossain,Apparel,Sneakers,Online,Bank Transfer,19.0,58.03,1102.57,2025-12,2025,165.39,Large
11074,2025-09-11,East,Tanvir Ahmed,Grocery,Rice 5kg,Retail Store,Cash,15.0,9.09,136.35,2025-09,2025,20.45,Large
10202,2025-10-16,East,Lamia Sultana,Electronics,Monitor,Wholesale,Cash,2.0,202.13,404.26,2025-10,2025,121.28,Small
10743,2025-01-28,North,Arif Hossain,Grocery,Coffee Jar,Retail Store,Credit Card,23.0,7.73,177.79,2025-01,2025,26.67,Large
10695,2025-01-27,North,Sadia Chowdhury,Electronics,Smartphone,Online,Credit Card,2.0,368.61,737.22,2025-01,2025,221.17,Small
11223,2024-03-26,West,Mim Akter,Stationery,Pen Set,Distributor,Cash,22.0,6.02,132.44,2024-03,2024,19.87,Large
12786,2025-08-27,West,Shakil Rahman,Furniture,Office Chair,Retail Store,Cash,20.0,108.48,2169.6,2025-08,2025,650.88,Large
12668,2025-12-26,South,Nusrat Jahan,Apparel,T-Shirt,Online,Credit Card,13.0,13.69,177.97,2025-12,2025,26.7,Medium
12486,2025-04-27,East,Sadia Chowdhury,Furniture,Office Chair,Online,Credit Card,20.0,121.4,2428.0,2025-04,2025,728.4,Large
11467,2025-10-15,North,Rakib Hasan,Apparel,Cap,Online,bKash,12.0,10.15,121.8,2025-10,2025,18.27,Medium
11480,2024-05-22,East,Lamia Sultana,Stationery,Pen Set,Retail Store,Nagad,5.0,6.4,32.0,2024-05,2024,4.8,Medium
11839,2024-03-24,West,Nusrat Jahan,Stationery,Desk Organizer,Retail Store,Credit Card,14.0,19.41,271.74,2024-03,2024,40.76,Medium
11011,2024-11-21,South,Arif Hossain,Furniture,Desk,Wholesale,Cash,20.0,181.33,3626.6,2024-11,2024,1087.98,Large
12090,2024-07-17,East,Shakil Rahman,Apparel,Sneakers,Retail Store,Credit Card,10.0,58.14,581.4,2024-07,2024,87.21,Medium
11250,2024-08-24,West,Mim Akter,Grocery,Cooking Oil 1L,Retail Store,Bank Transfer,4.0,3.23,12.92,2024-08,2024,1.94,Small
10960,2024-10-08,North,Arif Hossain,Stationery,Notebook,Retail Store,Credit Card,7.0,1.92,13.44,2024-10,2024,2.02,Medium
10057,2025-09-17,North,Tanvir Ahmed,Furniture,Desk,Retail Store,Bank Transfer,25.0,165.28,4132.0,2025-09,2025,1239.6,Large
11059,2024-07-25,South,Mim Akter,Electronics,Laptop,Wholesale,Cash,5.0,844.85,4224.25,2024-07,2024,1267.27,Medium
11397,2024-08-01,Central,Unknown,Furniture,Desk,Online,bKash,19.0,188.69,3585.11,2024-08,2024,1075.53,Large
11032,2024-08-26,North,Imran Kabir,Furniture,Desk,Distributor,bKash,1.0,191.68,1916.8,2024-08,2024,575.04,Small
12966,2025-02-16,West,Nusrat Jahan,Furniture,Office Chair,Online,Bank Transfer,6.0,133.3,799.8,2025-02,2025,239.94,Medium
11861,2024-11-18,West,Shakil Rahman,Grocery,Coffee Jar,Distributor,Credit Card,16.0,6.65,106.4,2024-11,2024,15.96,Large
10733,2024-04-16,Unknown,Imran Kabir,Electronics,Laptop,Online,Nagad,22.0,859.76,18914.72,2024-04,2024,5674.42,Large
11592,2024-08-16,South,Farzana Islam,Stationery,Pen Set,Online,Cash,3.0,6.03,18.09,2024-08,2024,2.71,Small
11483,2025-05-03,South,Rakib Hasan,Grocery,Rice 5kg,Distributor,Credit Card,6.0,7.89,47.34,2025-05,2025,7.1,Medium
12257,2024-01-18,North,Tanvir Ahmed,Stationery,Backpack,Online,bKash,15.0,44.35,665.25,2024-01,2024,99.79,Large
11542,2025-07-01,Central,Farzana Islam,Electronics,Headphones,Distributor,Nagad,24.0,62.07,1489.68,2025-07,2025,446.9,Large
12483,2025-09-02,East,Imran Kabir,Grocery,Coffee Jar,Distributor,Credit Card,14.0,7.57,105.98,2025-09,2025,15.9,Medium
12842,2024-03-13,South,Tanvir Ahmed,Electronics,Headphones,Distributor,Nagad,7.0,58.51,409.57,2024-03,2024,122.87,Medium
12359,2024-09-30,West,Imran Kabir,Apparel,Cap,Online,Cash,12.0,11.16,133.92,2024-09,2024,20.09,Medium
12639,2025-12-24,South,Shakil Rahman,Electronics,Smartwatch,Online,bKash,25.0,155.22,3880.5,2025-12,2025,1164.15,Large
11459,2024-04-16,West,Rakib Hasan,Stationery,Desk Organizer,Wholesale,Nagad,2.0,17.86,35.72,2024-04,2024,5.36,Small
11713,2025-12-25,East,Mim Akter,Apparel,Sneakers,Wholesale,Bank Transfer,11.0,51.32,564.52,2025-12,2025,84.68,Medium
10670,2025-08-15,East,Lamia Sultana,Furniture,Desk,Retail Store,Bank Transfer,12.0,203.92,2447.04,2025-08,2025,734.11,Medium
12178,2025-07-11,North,Shakil Rahman,Grocery,Rice 5kg,Retail Store,Bank Transfer,5.0,7.25,36.25,2025-07,2025,5.44,Medium
10524,2025-04-25,North,Nusrat Jahan,Apparel,Jeans,Distributor,Bank Transfer,15.0,39.21,588.15,2025-04,2025,88.22,Large
10027,2024-03-18,South,Shakil Rahman,Furniture,Sofa,Wholesale,bKash,15.0,495.9,7438.5,2024-03,2024,2231.55,Large
11117,2025-11-05,North,Unknown,Stationery,Desk Organizer,Online,bKash,4.0,17.01,68.04,2025-11,2025,10.21,Small
12900,2025-12-27,East,Sadia Chowdhury,Stationery,Backpack,Distributor,Credit Card,13.0,45.69,593.97,2025-12,2025,89.1,Medium
10792,2024-06-14,East,Rakib Hasan,Furniture,Dining Table,Retail Store,bKash,8.0,325.23,2601.84,2024-06,2024,780.55,Medium
12892,2025-02-11,South,Shakil Rahman,Apparel,Cap,Distributor,Cash,13.0,9.39,122.07,2025-02,2025,18.31,Medium
12393,2024-07-01,Central,Lamia Sultana,Furniture,Bookshelf,Retail Store,bKash,24.0,102.56,2461.44,2024-07,2024,738.43,Large
11160,2024-12-25,North,Shakil Rahman,Electronics,Headphones,Distributor,Cash,23.0,60.27,1386.21,2024-12,2024,415.86,Large
12946,2024-03-11,South,Shakil Rahman,Electronics,Smartphone,Distributor,Cash,25.0,411.23,10280.75,2024-03,2024,3084.22,Large
11930,2025-11-04,Central,Farzana Islam,Apparel,Cap,Distributor,Nagad,10.0,9.25,92.5,2025-11,2025,13.88,Medium
11220,2024-10-13,South,Shakil Rahman,Grocery,Tea Pack,Retail Store,Credit Card,19.0,3.96,75.24,2024-10,2024,11.29,Large
12725,2024-09-04,Central,Shakil Rahman,Grocery,Cooking Oil 1L,Wholesale,Bank Transfer,18.0,2.7,48.6,2024-09,2024,7.29,Large
10550,2025-11-01,South,Tanvir Ahmed,Furniture,Dining Table,Distributor,bKash,1.0,400.37,400.37,2025-11,2025,120.11,Small
10001,2024-04-14,East,Nusrat Jahan,Electronics,Laptop,Retail Store,bKash,22.0,922.39,20292.58,2024-04,2024,6087.77,Large
12561,2024-01-12,North,Shakil Rahman,Grocery,Snack Box,Distributor,Nagad,1.0,5.42,5.42,2024-01,2024,0.81,Small
11346,2024-03-13,North,Sadia Chowdhury,Stationery,Pen Set,Wholesale,Bank Transfer,19.0,5.52,104.88,2024-03,2024,15.73,Large
11567,2025-04-24,Unknown,Nusrat Jahan,Apparel,Jacket,Retail Store,Cash,8.0,65.99,527.92,2025-04,2025,79.19,Medium
11961,2025-09-18,South,Farzana Islam,Stationery,Desk Organizer,Distributor,bKash,4.0,16.62,66.48,2025-09,2025,9.97,Small
11957,2024-08-21,South,Arif Hossain,Apparel,Sneakers,Distributor,Bank Transfer,14.0,62.67,877.38,2024-08,2024,131.61,Medium
11941,2024-04-25,West,Rakib Hasan,Electronics,Monitor,Retail Store,Cash,19.0,198.15,3764.85,2024-04,2024,1129.46,Large
11022,2025-11-22,Central,Nusrat Jahan,Apparel,T-Shirt,Distributor,bKash,11.0,14.44,158.84,2025-11,2025,23.83,Medium
12132,2024-08-29,South,Tanvir Ahmed,Electronics,Laptop,Distributor,Cash,13.0,902.15,11727.95,2024-08,2024,3518.38,Medium
12788,2025-06-01,North,Shakil Rahman,Grocery,Coffee Jar,Retail Store,Bank Transfer,17.0,6.76,114.92,2025-06,2025,17.24,Large
10518,2025-10-03,East,Rakib Hasan,Stationery,Notebook,Retail Store,Cash,3.0,2.16,6.48,2025-10,2025,0.97,Small
11748,2025-04-21,North,Imran Kabir,Apparel,T-Shirt,Online,Cash,25.0,16.91,422.75,2025-04,2025,63.41,Large
11352,2025-09-19,East,Farzana Islam,Stationery,Notebook,Wholesale,Nagad,3.0,2.24,6.72,2025-09,2025,1.01,Small
10829,2024-08-19,East,Sadia Chowdhury,Electronics,Tablet,Distributor,Bank Transfer,18.0,300.55,5409.9,2024-08,2024,1622.97,Large
12093,2025-04-09,East,Farzana Islam,Furniture,Sofa,Distributor,Cash,4.0,441.76,1767.04,2025-04,2025,530.11,Small
12531,2024-09-12,North,Rakib Hasan,Apparel,Jeans,Online,Credit Card,13.0,32.62,424.06,2024-09,2024,63.61,Medium
11342,2025-03-20,East,Nusrat Jahan,Grocery,Coffee Jar,Retail Store,bKash,17.0,7.72,131.24,2025-03,2025,19.69,Large
10636,2025-04-05,North,Mim Akter,Furniture,Bookshelf,Online,Cash,16.0,81.51,1304.16,2025-04,2025,391.25,Large
10252,2025-01-27,East,Nusrat Jahan,Furniture,Sofa,Online,Cash,8.0,455.26,3642.08,2025-01,2025,1092.62,Medium
12285,2024-08-20,Central,Shakil Rahman,Electronics,Smartwatch,Distributor,Cash,21.0,140.28,2945.88,2024-08,2024,883.76,Large
12597,2024-09-18,Central,Sadia Chowdhury,Electronics,Smartwatch,Retail Store,Bank Transfer,19.0,150.26,2854.94,2024-09,2024,856.48,Large
11256,2024-05-25,North,Sadia Chowdhury,Stationery,Notebook,Online,Credit Card,10.0,1.93,19.3,2024-05,2024,2.9,Medium
12490,2024-04-08,South,Arif Hossain,Stationery,Backpack,Wholesale,bKash,1.0,39.22,39.22,2024-04,2024,5.88,Small
10353,2025-05-21,West,Shakil Rahman,Stationery,Pen Set,Online,bKash,13.0,5.57,72.41,2025-05,2025,10.86,Medium
12473,2025-11-11,North,Rakib Hasan,Grocery,Cooking Oil 1L,Distributor,Cash,23.0,3.14,72.22,2025-11,2025,10.83,Large
12595,2025-10-20,East,Mim Akter,Furniture,Desk,Retail Store,Nagad,3.0,164.68,494.04,2025-10,2025,148.21,Small
10328,2024-05-19,North,Mim Akter,Grocery,Snack Box,Online,Bank Transfer,7.0,5.52,38.64,2024-05,2024,5.8,Medium
10121,2025-03-28,West,Shakil Rahman,Apparel,T-Shirt,Retail Store,Credit Card,12.0,17.2,206.4,2025-03,2025,30.96,Medium
12741,2025-09-04,Central,Tanvir Ahmed,Electronics,Smartphone,Wholesale,Cash,13.0,391.31,5087.03,2025-09,2025,1526.11,Medium
11067,2025-08-05,West,Imran Kabir,Furniture,Sofa,Wholesale,bKash,1.0,490.72,490.72,2025-08,2025,147.22,Small
10280,2025-07-30,East,Mim Akter,Apparel,Jeans,Wholesale,Credit Card,8.0,37.99,303.92,2025-07,2025,45.59,Medium
11585,2025-10-28,West,Shakil Rahman,Apparel,T-Shirt,Retail Store,Credit Card,21.0,15.372155172413795,347.34,2025-10,2025,52.1,Large
10247,2025-05-22,West,Rakib Hasan,Electronics,Smartphone,Online,Bank Transfer,6.0,453.66,2721.96,2025-05,2025,816.59,Medium
10832,2024-12-12,South,Farzana Islam,Stationery,Notebook,Distributor,bKash,7.0,2.1,14.7,2024-12,2024,2.2,Medium
11942,2024-07-30,North,Imran Kabir,Furniture,Office Chair,Online,Cash,15.0,112.33,1684.95,2024-07,2024,505.48,Large
12030,2025-01-09,Central,Shakil Rahman,Grocery,Rice 5kg,Retail Store,Nagad,19.0,7.97,151.43,2025-01,2025,22.71,Large
11482,2024-08-07,South,Shakil Rahman,Furniture,Desk,Distributor,Credit Card,8.0,200.6,1604.8,2024-08,2024,481.44,Medium
11842,2025-09-07,South,Mim Akter,Grocery,Snack Box,Retail Store,Credit Card,23.0,5.35,123.05,2025-09,2025,18.46,Large
10664,2025-10-03,East,Shakil Rahman,Electronics,Tablet,Wholesale,Cash,6.0,278.82,1672.92,2025-10,2025,501.88,Medium
12161,2025-04-06,North,Sadia Chowdhury,Electronics,Headphones,Online,bKash,2.0,60.13,120.26,2025-04,2025,36.08,Small
11818,2024-03-17,Central,Arif Hossain,Furniture,Desk,Distributor,Bank Transfer,14.0,188.99,2645.86,2024-03,2024,793.76,Medium
12615,2025-12-09,North,Rakib Hasan,Apparel,Cap,Distributor,Cash,12.0,10.46,125.52,2025-12,2025,18.83,Medium
12462,2024-01-22,Central,Sadia Chowdhury,Furniture,Desk,Retail Store,bKash,12.0,200.57,2406.84,2024-01,2024,722.05,Medium
12599,2025-06-30,South,Imran Kabir,Apparel,Jeans,Online,Credit Card,20.0,31.95,639.0,2025-06,2025,95.85,Large
11236,2024-05-08,West,Shakil Rahman,Apparel,T-Shirt,Online,Bank Transfer,21.0,15.18,318.78,2024-05,2024,47.82,Large
11707,2025-12-29,North,Nusrat Jahan,Grocery,Cooking Oil 1L,Distributor,Cash,3.0,2.97,8.91,2025-12,2025,1.34,Small
10992,2024-05-10,North,Imran Kabir,Electronics,Laptop,Distributor,Credit Card,2.0,960.31,1920.62,2024-05,2024,576.19,Small
11084,2024-08-04,North,Lamia Sultana,Electronics,Headphones,Online,Credit Card,17.0,65.88,1119.96,2024-08,2024,335.99,Large
10641,2024-07-22,West,Lamia Sultana,Electronics,Headphones,Online,bKash,17.0,68.5,1164.5,2024-07,2024,349.35,Large
12339,2025-05-24,South,Rakib Hasan,Apparel,Jeans,Retail Store,Bank Transfer,12.0,38.94,467.28,2025-05,2025,70.09,Medium
11128,2025-02-20,East,Farzana Islam,Furniture,Office Chair,Online,Nagad,3.0,117.88,353.64,2025-02,2025,106.09,Small
10264,2025-02-06,East,Farzana Islam,Stationery,Pen Set,Retail Store,Nagad,17.0,5.59,95.03,2025-02,2025,14.25,Large
11703,2025-12-07,South,Arif Hossain,Stationery,Desk Organizer,Wholesale,Cash,8.0,20.59,164.72,2025-12,2025,24.71,Medium
11789,2024-05-27,Unknown,Arif Hossain,Furniture,Desk,Online,Bank Transfer,3.0,193.27,579.81,2024-05,2024,173.94,Small
11295,2024-03-08,North,Tanvir Ahmed,Furniture,Office Chair,Distributor,bKash,18.0,111.03,1998.54,2024-03,2024,599.56,Large
10614,2024-08-09,North,Farzana Islam,Apparel,Cap,Distributor,Credit Card,17.0,9.24,157.08,2024-08,2024,23.56,Large
10918,2024-04-15,West,Tanvir Ahmed,Apparel,Cap,Distributor,Credit Card,21.0,11.12,233.52,2024-04,2024,35.03,Large
12973,2024-11-17,West,Imran Kabir,Electronics,Monitor,Wholesale,Cash,7.0,230.63,1614.41,2024-11,2024,484.32,Medium
10382,2024-03-07,Central,Shakil Rahman,Electronics,Smartwatch,Online,Credit Card,7.0,168.84,1181.88,2024-03,2024,354.56,Medium
11460,2024-05-02,South,Unknown,Stationery,Pen Set,Online,Bank Transfer,2.0,6.07,12.14,2024-05,2024,1.82,Small
10347,2025-05-04,East,Farzana Islam,Electronics,Laptop,Wholesale,bKash,3.0,813.65,2440.95,2025-05,2025,732.28,Small
11151,2024-01-05,South,Nusrat Jahan,Apparel,T-Shirt,Wholesale,Cash,14.0,15.33,214.62,2024-01,2024,32.19,Medium
11933,2025-07-28,North,Shakil Rahman,Grocery,Snack Box,Retail Store,Nagad,8.0,4.6,36.8,2025-07,2025,5.52,Medium
11038,2025-09-19,West,Mim Akter,Electronics,Headphones,Distributor,Bank Transfer,6.0,60.23,361.38,2025-09,2025,108.41,Medium
10741,2024-02-08,North,Sadia Chowdhury,Apparel,Sneakers,Retail Store,Credit Card,22.0,54.87,1207.14,2024-02,2024,181.07,Large
11103,2024-03-01,South,Sadia Chowdhury,Stationery,Desk Organizer,Distributor,Bank Transfer,11.0,16.89,185.79,2024-03,2024,27.87,Medium
10279,2024-04-10,East,Arif Hossain,Apparel,Jacket,Wholesale,Bank Transfer,24.0,67.36284482758622,1587.12,2024-04,2024,238.07,Large
11594,2024-11-26,West,Sadia Chowdhury,Electronics,Headphones,Distributor,bKash,22.0,62.1,1366.2,2024-11,2024,409.86,Large
12516,2024-12-03,North,Arif Hossain,Electronics,Smartphone,Retail Store,Credit Card,16.0,390.51,6248.16,2024-12,2024,1874.45,Large
10856,2025-10-03,Central,Lamia Sultana,Grocery,Tea Pack,Wholesale,Nagad,1.0,4.12,8.24,2025-10,2025,1.24,Small
11853,2025-07-20,East,Rakib Hasan,Electronics,Laptop,Online,Bank Transfer,25.0,843.4,21085.0,2025-07,2025,6325.5,Large
12478,2025-06-07,South,Farzana Islam,Furniture,Office Chair,Distributor,Cash,22.0,135.35,2977.7,2025-06,2025,893.31,Large
10901,2025-02-16,North,Nusrat Jahan,Grocery,Rice 5kg,Retail Store,Bank Transfer,10.0,8.49,84.9,2025-02,2025,12.74,Medium
10245,2025-10-30,South,Tanvir Ahmed,Grocery,Rice 5kg,Retail Store,Bank Transfer,16.0,8.15,130.4,2025-10,2025,19.56,Large
11572,2025-12-01,West,Lamia Sultana,Electronics,Smartwatch,Retail Store,Credit Card,14.0,165.67,2319.38,2025-12,2025,695.81,Medium
11984,2024-06-28,East,Unknown,Stationery,Desk Organizer,Online,bKash,25.0,17.5,437.5,2024-06,2024,65.62,Large
12372,2024-08-02,Central,Shakil Rahman,Grocery,Rice 5kg,Distributor,bKash,12.0,8.83,105.96,2024-08,2024,15.89,Medium
10779,2025-09-27,West,Shakil Rahman,Electronics,Headphones,Retail Store,Credit Card,11.0,65.04,715.44,2025-09,2025,214.63,Medium
12929,2024-05-10,West,Imran Kabir,Furniture,Desk,Distributor,bKash,1.0,195.54,977.7,2024-05,2024,293.31,Small
12922,2025-05-22,West,Shakil Rahman,Electronics,Monitor,Online,bKash,9.0,199.02,1791.18,2025-05,2025,537.35,Medium
10003,2025-04-04,Central,Nusrat Jahan,Stationery,Notebook,Wholesale,bKash,19.0,1.94,36.86,2025-04,2025,5.53,Large
11369,2024-12-15,East,Unknown,Electronics,Smartwatch,Retail Store,Credit Card,24.0,166.1,3986.4,2024-12,2024,1195.92,Large
12656,2024-03-19,West,Rakib Hasan,Grocery,Tea Pack,Retail Store,Cash,20.0,4.48,89.6,2024-03,2024,13.44,Large
11829,2025-07-17,South,Shakil Rahman,Electronics,Laptop,Wholesale,Bank Transfer,19.0,939.5,17850.5,2025-07,2025,5355.15,Large
11832,2025-07-02,North,Shakil Rahman,Electronics,Laptop,Online,Nagad,9.0,792.08,7128.72,2025-07,2025,2138.62,Medium
11753,2024-02-27,East,Mim Akter,Electronics,Monitor,Online,Nagad,24.0,237.45,5698.8,2024-02,2024,1709.64,Large
12083,2025-10-15,South,Mim Akter,Grocery,Cooking Oil 1L,Distributor,bKash,8.0,3.18,25.44,2025-10,2025,3.82,Medium
11816,2025-11-18,East,Imran Kabir,Grocery,Rice 5kg,Online,bKash,24.0,9.06,217.44,2025-11,2025,32.62,Large
10228,2025-06-08,East,Tanvir Ahmed,Apparel,Sneakers,Wholesale,Credit Card,18.0,52.18,939.24,2025-06,2025,140.89,Large
10244,2024-02-23,North,Arif Hossain,Furniture,Desk,Retail Store,bKash,4.0,180.6,722.4,2024-02,2024,216.72,Small
12830,2024-09-11,North,Mim Akter,Stationery,Pen Set,Wholesale,Bank Transfer,17.0,5.95,101.15,2024-09,2024,15.17,Large
12942,2025-02-12,East,Mim Akter,Stationery,Desk Organizer,Wholesale,Nagad,11.0,17.68,194.48,2025-02,2025,29.17,Medium
10188,2024-01-20,West,Sadia Chowdhury,Grocery,Cooking Oil 1L,Online,Credit Card,9.0,2.86,25.74,2024-01,2024,3.86,Medium
10545,2024-04-12,North,Nusrat Jahan,Grocery,Cooking Oil 1L,Wholesale,bKash,7.0,3.08,21.56,2024-04,2024,3.23,Medium
12732,2025-07-01,Unknown,Tanvir Ahmed,Stationery,Desk Organizer,Wholesale,Bank Transfer,25.0,18.06,451.5,2025-07,2025,67.72,Large
10911,2024-07-10,West,Lamia Sultana,Stationery,Desk Organizer,Distributor,Cash,7.0,17.03,119.21,2024-07,2024,17.88,Medium
11264,2025-02-13,West,Sadia Chowdhury,Stationery,Backpack,Wholesale,Nagad,7.0,38.5,269.5,2025-02,2025,40.42,Medium
12990,2025-02-14,South,Mim Akter,Electronics,Smartphone,Online,bKash,18.0,459.05,8262.9,2025-02,2025,2478.87,Large
10097,2025-12-17,West,Farzana Islam,Stationery,Backpack,Wholesale,Cash,13.0,45.43,590.59,2025-12,2025,88.59,Medium
11434,2025-05-20,West,Arif Hossain,Grocery,Snack Box,Retail Store,Credit Card,9.0,5.01,45.09,2025-05,2025,6.76,Medium
10593,2025-05-20,Unknown,Farzana Islam,Grocery,Rice 5kg,Retail Store,Credit Card,7.0,7.88,55.16,2025-05,2025,8.27,Medium
11260,2025-09-20,North,Mim Akter,Stationery,Notebook,Distributor,Bank Transfer,20.0,2.07,41.4,2025-09,2025,6.21,Large
12013,2024-08-24,North,Arif Hossain,Stationery,Backpack,Distributor,bKash,13.0,41.3,536.9,2024-08,2024,80.54,Medium
11247,2024-02-03,West,Nusrat Jahan,Apparel,Jacket,Online,Bank Transfer,1.0,58.93,58.93,2024-02,2024,8.84,Small
10443,2024-07-18,Central,Lamia Sultana,Grocery,Rice 5kg,Online,Bank Transfer,17.0,7.44,126.48,2024-07,2024,18.97,Large
12880,2024-05-21,North,Mim Akter,Stationery,Desk Organizer,Retail Store,Credit Card,24.0,17.93,430.32,2024-05,2024,64.55,Large
12295,2024-03-22,East,Sadia Chowdhury,Electronics,Tablet,Distributor,Cash,12.0,342.07,4104.84,2024-03,2024,1231.45,Medium
12383,2024-12-18,South,Lamia Sultana,Electronics,Smartwatch,Wholesale,bKash,5.0,161.97,809.85,2024-12,2024,242.96,Medium
10817,2024-05-14,West,Sadia Chowdhury,Stationery,Notebook,Online,Credit Card,1.0,2.04,2.04,2024-05,2024,0.31,Small
10855,2024-07-10,Central,Rakib Hasan,Stationery,Desk Organizer,Online,Nagad,19.0,18.45,350.55,2024-07,2024,52.58,Large
12081,2024-06-20,Central,Tanvir Ahmed,Apparel,Sneakers,Online,Credit Card,9.0,61.87,556.83,2024-06,2024,83.52,Medium
10357,2025-07-04,West,Imran Kabir,Stationery,Desk Organizer,Online,Nagad,20.0,16.89,337.8,2025-07,2025,50.67,Large
11120,2024-03-11,South,Imran Kabir,Apparel,Cap,Online,bKash,2.0,11.37,22.74,2024-03,2024,3.41,Small
11422,2025-09-02,Central,Nusrat Jahan,Furniture,Bookshelf,Retail Store,Nagad,23.0,86.16,1981.68,2025-09,2025,594.5,Large
11031,2025-06-12,North,Arif Hossain,Electronics,Smartphone,Retail Store,Credit Card,20.0,408.86,8177.2,2025-06,2025,2453.16,Large
10611,2025-09-30,Central,Imran Kabir,Electronics,Laptop,Wholesale,Nagad,23.0,890.44,20480.12,2025-09,2025,6144.04,Large
12162,2024-03-22,North,Sadia Chowdhury,Electronics,Smartphone,Retail Store,Cash,2.0,441.3,882.6,2024-03,2024,264.78,Small
10735,2025-09-11,Central,Farzana Islam,Stationery,Pen Set,Online,Credit Card,5.0,5.96,29.8,2025-09,2025,4.47,Medium
10289,2025-04-15,West,Farzana Islam,Apparel,Jacket,Distributor,Bank Transfer,19.0,62.45,1186.55,2025-04,2025,177.98,Large
11306,2025-10-16,South,Farzana Islam,Grocery,Tea Pack,Retail Store,Bank Transfer,4.0,4.57,18.28,2025-10,2025,2.74,Small
11136,2024-11-08,Central,Nusrat Jahan,Apparel,Sneakers,Distributor,Credit Card,14.0,60.1,841.4,2024-11,2024,126.21,Medium
10978,2024-06-30,West,Lamia Sultana,Electronics,Headphones,Distributor,Bank Transfer,25.0,66.18,1654.5,2024-06,2024,496.35,Large
10926,2025-02-01,South,Nusrat Jahan,Grocery,Tea Pack,Online,Credit Card,9.0,3.96,35.64,2025-02,2025,5.35,Medium
12112,2025-01-21,East,Lamia Sultana,Electronics,Monitor,Online,Credit Card,24.0,198.45,4762.8,2025-01,2025,1428.84,Large
10255,2024-05-16,East,Mim Akter,Apparel,T-Shirt,Retail Store,bKash,16.0,14.07,225.12,2024-05,2024,33.77,Large
11471,2025-01-29,West,Rakib Hasan,Apparel,Cap,Online,Nagad,5.0,10.34,51.7,2025-01,2025,7.76,Medium
10311,2025-11-05,South,Shakil Rahman,Grocery,Coffee Jar,Retail Store,Cash,5.0,7.55,37.75,2025-11,2025,5.66,Medium
10094,2024-08-25,Central,Sadia Chowdhury,Grocery,Coffee Jar,Distributor,Credit Card,10.0,7.54,75.4,2024-08,2024,11.31,Medium
11741,2025-05-15,Central,Lamia Sultana,Stationery,Pen Set,Retail Store,bKash,19.0,6.1,115.9,2025-05,2025,17.39,Large
12116,2024-06-07,East,Sadia Chowdhury,Apparel,Cap,Retail Store,Bank Transfer,19.0,11.36,215.84,2024-06,2024,32.38,Large
12033,2025-07-27,South,Imran Kabir,Furniture,Bookshelf,Wholesale,Nagad,2.0,90.18,180.36,2025-07,2025,54.11,Small
12414,2025-04-05,West,Shakil Rahman,Grocery,Coffee Jar,Wholesale,Nagad,10.0,7.85,78.5,2025-04,2025,11.78,Medium
11194,2024-05-28,North,Lamia Sultana,Grocery,Rice 5kg,Wholesale,Cash,3.0,7.85,23.55,2024-05,2024,3.53,Small
12687,2024-08-10,North,Tanvir Ahmed,Furniture,Sofa,Wholesale,Credit Card,7.0,445.95,3121.65,2024-08,2024,936.5,Medium
10428,2024-02-21,North,Nusrat Jahan,Furniture,Desk,Online,Bank Transfer,12.0,193.71,2324.52,2024-02,2024,697.36,Medium
12546,2025-03-11,North,Arif Hossain,Stationery,Notebook,Online,Cash,22.0,2.04,44.88,2025-03,2025,6.73,Large
10069,2024-12-11,East,Nusrat Jahan,Apparel,Sneakers,Wholesale,Cash,25.0,61.6,1540.0,2024-12,2024,231.0,Large
11964,2025-04-08,North,Imran Kabir,Stationery,Backpack,Distributor,Cash,18.0,42.96,773.28,2025-04,2025,115.99,Large
10091,2025-01-24,Central,Lamia Sultana,Grocery,Snack Box,Retail Store,Nagad,15.0,5.64,84.6,2025-01,2025,12.69,Large
10825,2024-08-07,Unknown,Rakib Hasan,Furniture,Desk,Online,Credit Card,17.0,200.31,3405.27,2024-08,2024,1021.58,Large
11412,2025-09-20,South,Tanvir Ahmed,Stationery,Pen Set,Wholesale,Cash,13.0,6.35,82.55,2025-09,2025,12.38,Medium
12877,2025-03-30,Central,Rakib Hasan,Grocery,Rice 5kg,Retail Store,Credit Card,25.0,7.33,183.25,2025-03,2025,27.49,Large
12812,2025-05-29,Central,Farzana Islam,Electronics,Tablet,Wholesale,Bank Transfer,1.0,298.98,298.98,2025-05,2025,89.69,Small
12277,2024-08-04,East,Tanvir Ahmed,Apparel,Sneakers,Wholesale,bKash,5.0,53.33,266.65,2024-08,2024,40.0,Medium
10751,2024-01-15,Central,Tanvir Ahmed,Electronics,Tablet,Retail Store,bKash,6.0,317.45,1904.7,2024-01,2024,571.41,Medium
10923,2024-10-27,East,Lamia Sultana,Furniture,Dining Table,Wholesale,bKash,24.0,377.25,9054.0,2024-10,2024,2716.2,Large
12866,2024-09-01,West,Imran Kabir,Furniture,Dining Table,Retail Store,Credit Card,17.0,347.53,5908.01,2024-09,2024,1772.4,Large
12740,2024-05-09,North,Mim Akter,Electronics,Smartwatch,Retail Store,Credit Card,9.0,163.22,1468.98,2024-05,2024,440.69,Medium
10563,2025-06-22,West,Nusrat Jahan,Stationery,Backpack,Retail Store,Credit Card,14.0,40.78,570.92,2025-06,2025,85.64,Medium
10179,2025-09-24,Central,Arif Hossain,Electronics,Smartwatch,Online,Cash,5.0,157.4,787.0,2025-09,2025,236.1,Medium
12742,2025-05-23,North,Farzana Islam,Stationery,Pen Set,Retail Store,bKash,13.0,5.7,74.1,2025-05,2025,11.11,Medium
12176,2024-08-26,West,Lamia Sultana,Electronics,Tablet,Distributor,bKash,6.0,327.16,1962.96,2024-08,2024,588.89,Medium
11206,2025-03-09,Central,Shakil Rahman,Grocery,Coffee Jar,Distributor,bKash,6.0,6.78,40.68,2025-03,2025,6.1,Medium
11055,2024-04-07,Unknown,Unknown,Stationery,Desk Organizer,Retail Store,Cash,20.0,17.66,353.2,2024-04,2024,52.98,Large
10491,2025-07-13,West,Nusrat Jahan,Furniture,Dining Table,Distributor,Nagad,24.0,367.8,8827.2,2025-07,2025,2648.16,Large
12448,2025-08-18,North,Farzana Islam,Apparel,Jeans,Retail Store,bKash,18.0,38.23,688.14,2025-08,2025,103.22,Large
10093,2025-07-19,North,Rakib Hasan,Furniture,Bookshelf,Retail Store,bKash,3.0,84.52,253.56,2025-07,2025,76.07,Small
11598,2025-08-16,East,Imran Kabir,Apparel,Jeans,Distributor,bKash,24.0,39.68,952.32,2025-08,2025,142.85,Large
11545,2024-07-31,South,Arif Hossain,Furniture,Office Chair,Distributor,Credit Card,8.0,115.32,922.56,2024-07,2024,276.77,Medium
11040,2025-12-15,South,Shakil Rahman,Electronics,Smartphone,Distributor,Credit Card,24.0,432.24,10373.76,2025-12,2025,3112.13,Large
10814,2025-08-16,East,Mim Akter,Apparel,Jacket,Online,Nagad,12.0,67.3628448275862,862.56,2025-08,2025,129.38,Medium
12159,2025-09-03,East,Farzana Islam,Grocery,Coffee Jar,Wholesale,bKash,17.0,6.37,108.29,2025-09,2025,16.24,Large
10794,2025-04-04,East,Mim Akter,Electronics,Monitor,Retail Store,Cash,18.0,251.65,4529.7,2025-04,2025,1358.91,Large
11636,2025-03-26,South,Nusrat Jahan,Electronics,Tablet,Retail Store,bKash,21.0,330.86,6948.06,2025-03,2025,2084.42,Large
12255,2025-06-06,East,Nusrat Jahan,Stationery,Backpack,Online,Nagad,25.0,36.47,911.75,2025-06,2025,136.76,Large
12353,2025-02-24,East,Rakib Hasan,Electronics,Laptop,Distributor,bKash,22.0,794.21,17472.62,2025-02,2025,5241.79,Large
10953,2024-11-08,South,Lamia Sultana,Electronics,Smartphone,Wholesale,Credit Card,10.0,381.56,3815.6,2024-11,2024,1144.68,Medium
10073,2024-04-20,Central,Farzana Islam,Furniture,Dining Table,Retail Store,Cash,19.0,317.25,6027.75,2024-04,2024,1808.32,Large
11207,2025-09-25,West,Rakib Hasan,Electronics,Smartwatch,Retail Store,Bank Transfer,2.0,143.21,286.42,2025-09,2025,85.93,Small
12927,2024-03-20,Central,Arif Hossain,Stationery,Desk Organizer,Distributor,Nagad,9.0,18.89,170.01,2024-03,2024,25.5,Medium
10171,2025-05-02,Central,Nusrat Jahan,Electronics,Tablet,Distributor,Nagad,17.0,281.31,4782.27,2025-05,2025,1434.68,Large
11027,2024-12-13,East,Tanvir Ahmed,Stationery,Pen Set,Wholesale,Cash,8.0,6.03,48.24,2024-12,2024,7.24,Medium
11351,2024-08-29,Unknown,Nusrat Jahan,Apparel,T-Shirt,Distributor,Credit Card,16.0,13.77,220.32,2024-08,2024,33.05,Large
12281,2025-09-17,North,Farzana Islam,Stationery,Notebook,Distributor,Credit Card,6.0,2.22,13.32,2025-09,2025,2.0,Medium
12748,2025-07-08,West,Unknown,Grocery,Rice 5kg,Online,Credit Card,19.0,7.52,142.88,2025-07,2025,21.43,Large
12362,2025-03-17,West,Lamia Sultana,Apparel,Sneakers,Wholesale,Credit Card,7.0,61.96,433.72,2025-03,2025,65.06,Medium
10536,2025-05-02,South,Lamia Sultana,Stationery,Desk Organizer,Online,bKash,20.0,18.40890909090909,378.0,2025-05,2025,56.7,Large
12263,2025-07-21,West,Imran Kabir,Stationery,Pen Set,Retail Store,Cash,5.0,5.97,29.85,2025-07,2025,4.48,Medium
11477,2025-04-29,Unknown,Sadia Chowdhury,Electronics,Tablet,Wholesale,Bank Transfer,8.0,288.94,2311.52,2025-04,2025,693.46,Medium
11727,2025-04-06,North,Lamia Sultana,Apparel,Cap,Distributor,Cash,12.0,10.86,130.32,2025-04,2025,19.55,Medium
11514,2024-01-24,East,Lamia Sultana,Furniture,Dining Table,Wholesale,Bank Transfer,25.0,400.17,10004.25,2024-01,2024,3001.28,Large
10531,2024-05-30,South,Arif Hossain,Stationery,Pen Set,Online,Nagad,2.0,5.65,11.3,2024-05,2024,1.7,Small
12678,2024-01-29,North,Imran Kabir,Furniture,Sofa,Online,Bank Transfer,18.0,482.65,8687.7,2024-01,2024,2606.31,Large
10656,2024-09-08,North,Sadia Chowdhury,Electronics,Smartwatch,Wholesale,Credit Card,17.0,155.17,2637.89,2024-09,2024,791.37,Large
12057,2025-08-15,East,Shakil Rahman,Stationery,Backpack,Online,bKash,11.0,36.48,401.28,2025-08,2025,60.19,Medium
12644,2025-12-19,Central,Farzana Islam,Electronics,Smartphone,Retail Store,Nagad,11.0,370.72,4077.92,2025-12,2025,1223.38,Medium
12072,2025-03-19,North,Lamia Sultana,Electronics,Headphones,Retail Store,Nagad,24.0,62.97,1511.28,2025-03,2025,453.38,Large
12456,2025-04-07,South,Sadia Chowdhury,Stationery,Pen Set,Retail Store,bKash,19.0,6.55,124.45,2025-04,2025,18.67,Large
11750,2024-06-15,East,Nusrat Jahan,Apparel,Sneakers,Wholesale,Cash,19.0,51.27,974.13,2024-06,2024,146.12,Large
11549,2024-10-04,North,Shakil Rahman,Stationery,Desk Organizer,Wholesale,Nagad,16.0,19.04,304.64,2024-10,2024,45.7,Large
10081,2024-09-04,North,Arif Hossain,Apparel,Cap,Retail Store,Credit Card,24.0,10.02,240.48,2024-09,2024,36.07,Large
10364,2025-06-05,North,Lamia Sultana,Furniture,Bookshelf,Online,bKash,1.0,81.99,81.99,2025-06,2025,24.6,Small
10182,2024-10-15,East,Lamia Sultana,Grocery,Cooking Oil 1L,Wholesale,Bank Transfer,25.0,2.99,74.75,2024-10,2024,11.21,Large
11675,2024-09-19,South,Arif Hossain,Grocery,Rice 5kg,Distributor,bKash,22.0,8.63,189.86,2024-09,2024,28.48,Large
12143,2025-07-25,North,Farzana Islam,Apparel,Jeans,Distributor,Credit Card,22.0,34.95,768.9,2025-07,2025,115.34,Large
10019,2025-11-06,West,Farzana Islam,Electronics,Laptop,Retail Store,bKash,16.0,966.21,15459.36,2025-11,2025,4637.81,Large
12998,2025-10-19,East,Arif Hossain,Stationery,Notebook,Distributor,Cash,6.0,2.3,13.8,2025-10,2025,2.07,Medium
12015,2024-09-02,Central,Arif Hossain,Furniture,Dining Table,Retail Store,Credit Card,15.0,339.06,5085.9,2024-09,2024,1525.77,Large
12862,2025-02-05,West,Shakil Rahman,Electronics,Headphones,Distributor,Nagad,22.0,59.49,1308.78,2025-02,2025,392.63,Large
10457,2024-04-26,West,Farzana Islam,Stationery,Pen Set,Online,Cash,4.0,6.15,24.6,2024-04,2024,3.69,Small
10654,2025-04-13,West,Lamia Sultana,Electronics,Smartphone,Wholesale,Cash,8.0,402.76,3222.08,2025-04,2025,966.62,Medium
10285,2025-04-11,South,Tanvir Ahmed,Furniture,Office Chair,Retail Store,Nagad,12.0,109.81,1317.72,2025-04,2025,395.32,Medium
11300,2025-11-26,South,Shakil Rahman,Apparel,T-Shirt,Online,bKash,25.0,16.7,417.5,2025-11,2025,62.62,Large
10322,2024-07-10,East,Farzana Islam,Furniture,Desk,Online,Nagad,12.0,176.67,2120.04,2024-07,2024,636.01,Medium
11637,2025-05-09,East,Nusrat Jahan,Furniture,Office Chair,Online,Nagad,15.0,120.44,1806.6,2025-05,2025,541.98,Large
11210,2024-06-15,East,Tanvir Ahmed,Apparel,Cap,Retail Store,Cash,18.0,9.27,166.86,2024-06,2024,25.03,Large
10831,2024-05-26,West,Arif Hossain,Electronics,Tablet,Online,Credit Card,13.0,300.05,3900.65,2024-05,2024,1170.2,Medium
10644,2024-06-04,North,Arif Hossain,Apparel,Sneakers,Distributor,bKash,11.0,61.84,680.24,2024-06,2024,102.04,Medium
11401,2024-12-21,Central,Shakil Rahman,Furniture,Sofa,Distributor,Credit Card,10.0,423.63,4236.3,2024-12,2024,1270.89,Medium
12201,2025-01-03,West,Mim Akter,Stationery,Notebook,Online,bKash,9.0,2.18,19.62,2025-01,2025,2.94,Medium
11996,2024-04-16,East,Arif Hossain,Grocery,Cooking Oil 1L,Wholesale,bKash,10.0,3.42,34.2,2024-04,2024,5.13,Medium
10680,2024-02-06,East,Mim Akter,Furniture,Desk,Wholesale,Bank Transfer,21.0,168.11,3530.31,2024-02,2024,1059.09,Large
12432,2024-12-07,South,Farzana Islam,Apparel,T-Shirt,Retail Store,Bank Transfer,13.0,16.74,217.62,2024-12,2024,32.64,Medium
11170,2025-06-09,South,Imran Kabir,Electronics,Monitor,Wholesale,Nagad,3.0,207.1,621.3,2025-06,2025,186.39,Small
10650,2025-08-03,North,Lamia Sultana,Furniture,Desk,Distributor,Nagad,20.0,172.39,3447.8,2025-08,2025,1034.34,Large
10054,2024-01-01,Central,Shakil Rahman,Furniture,Dining Table,Wholesale,Nagad,10.0,340.1,3401.0,2024-01,2024,1020.3,Medium
10066,2024-08-12,West,Imran Kabir,Apparel,Jacket,Retail Store,Bank Transfer,9.0,65.58,590.22,2024-08,2024,88.53,Medium
10737,2024-03-16,West,Mim Akter,Grocery,Tea Pack,Distributor,bKash,9.0,4.38,39.42,2024-03,2024,5.91,Medium
12495,2025-11-02,East,Farzana Islam,Electronics,Smartwatch,Wholesale,bKash,15.0,138.93,2083.95,2025-11,2025,625.18,Large
10893,2025-05-19,West,Mim Akter,Grocery,Rice 5kg,Wholesale,Bank Transfer,4.0,8.89,35.56,2025-05,2025,5.33,Small
12894,2025-03-06,North,Nusrat Jahan,Grocery,Coffee Jar,Wholesale,Credit Card,5.0,6.84,34.2,2025-03,2025,5.13,Medium
12542,2024-02-08,South,Nusrat Jahan,Electronics,Laptop,Retail Store,Bank Transfer,17.0,865.82,14718.94,2024-02,2024,4415.68,Large
10886,2025-05-31,Central,Tanvir Ahmed,Apparel,Cap,Online,Cash,1.0,9.95,199.0,2025-05,2025,29.85,Small
12696,2024-10-04,Central,Mim Akter,Furniture,Desk,Wholesale,Nagad,11.0,178.3,1961.3,2024-10,2024,588.39,Medium
11814,2025-04-05,South,Rakib Hasan,Stationery,Notebook,Retail Store,Credit Card,17.0,2.29,38.93,2025-04,2025,5.84,Large
11254,2025-07-02,South,Nusrat Jahan,Apparel,Jeans,Distributor,bKash,8.0,37.86,302.88,2025-07,2025,45.43,Medium
12470,2025-08-03,East,Rakib Hasan,Grocery,Coffee Jar,Retail Store,Cash,5.0,6.33,31.65,2025-08,2025,4.75,Medium
11917,2024-06-13,North,Rakib Hasan,Stationery,Notebook,Retail Store,Cash,17.0,2.21,37.57,2024-06,2024,5.64,Large
10913,2025-09-25,West,Lamia Sultana,Grocery,Coffee Jar,Wholesale,Cash,20.0,6.93,138.6,2025-09,2025,20.79,Large
11391,2025-05-21,West,Imran Kabir,Electronics,Laptop,Retail Store,Nagad,21.0,952.31,19998.51,2025-05,2025,5999.55,Large
11796,2024-03-29,North,Imran Kabir,Apparel,Sneakers,Online,Bank Transfer,16.0,52.97,847.52,2024-03,2024,127.13,Large
11349,2025-09-25,Central,Nusrat Jahan,Electronics,Smartwatch,Distributor,Bank Transfer,2.0,155.47,310.94,2025-09,2025,93.28,Small
12098,2024-05-12,West,Tanvir Ahmed,Stationery,Pen Set,Distributor,Cash,8.0,6.67,53.36,2024-05,2024,8.0,Medium
10254,2025-02-19,North,Sadia Chowdhury,Electronics,Monitor,Distributor,bKash,22.0,225.64,4964.08,2025-02,2025,1489.22,Large
12728,2025-09-08,South,Arif Hossain,Furniture,Sofa,Online,bKash,4.0,497.5,1990.0,2025-09,2025,597.0,Small
11548,2025-03-29,Central,Tanvir Ahmed,Grocery,Tea Pack,Wholesale,Credit Card,25.0,4.24,106.0,2025-03,2025,15.9,Large
10950,2025-04-29,Central,Farzana Islam,Furniture,Dining Table,Retail Store,Bank Transfer,2.0,380.32,760.64,2025-04,2025,228.19,Small
11808,2025-07-08,North,Tanvir Ahmed,Furniture,Desk,Retail Store,Credit Card,6.0,191.91,1151.46,2025-07,2025,345.44,Medium
10920,2025-08-13,South,Tanvir Ahmed,Stationery,Desk Organizer,Online,Bank Transfer,11.0,18.69,205.59,2025-08,2025,30.84,Medium
10917,2025-04-05,West,Sadia Chowdhury,Furniture,Desk,Wholesale,Credit Card,19.0,172.92,3285.48,2025-04,2025,985.64,Large
11045,2024-06-23,South,Sadia Chowdhury,Furniture,Sofa,Distributor,bKash,1.0,473.29,473.29,2024-06,2024,141.99,Small
11244,2025-03-06,West,Arif Hossain,Stationery,Notebook,Online,Cash,7.0,1.91,13.37,2025-03,2025,2.01,Medium
11245,2024-05-07,West,Farzana Islam,Grocery,Snack Box,Retail Store,Bank Transfer,1.0,5.71,68.52,2024-05,2024,10.28,Small
12566,2025-10-23,Central,Sadia Chowdhury,Stationery,Pen Set,Distributor,bKash,11.0,5.92,65.12,2025-10,2025,9.77,Medium
11682,2024-07-07,East,Arif Hossain,Grocery,Cooking Oil 1L,Online,bKash,21.0,2.85,59.85,2024-07,2024,8.98,Large
11806,2024-10-12,North,Imran Kabir,Apparel,Cap,Wholesale,Credit Card,14.0,10.39,145.46,2024-10,2024,21.82,Medium
12280,2024-03-08,Central,Mim Akter,Electronics,Tablet,Online,Bank Transfer,2.0,328.97,657.94,2024-03,2024,197.38,Small
11205,2024-06-13,North,Tanvir Ahmed,Electronics,Smartphone,Retail Store,Nagad,1.0,399.64,399.64,2024-06,2024,119.89,Small
12217,2025-03-29,East,Imran Kabir,Electronics,Headphones,Distributor,Bank Transfer,11.0,62.06,682.66,2025-03,2025,204.8,Medium
10956,2024-04-01,West,Sadia Chowdhury,Stationery,Desk Organizer,Retail Store,Cash,20.0,19.19,383.8,2024-04,2024,57.57,Large
10722,2024-01-28,Central,Tanvir Ahmed,Stationery,Pen Set,Distributor,Nagad,10.0,6.13,61.3,2024-01,2024,9.19,Medium
10175,2025-08-19,Central,Rakib Hasan,Apparel,Jacket,Distributor,Credit Card,22.0,60.8,1337.6,2025-08,2025,200.64,Large
12181,2024-01-23,South,Farzana Islam,Stationery,Desk Organizer,Online,Bank Transfer,24.0,19.96,479.04,2024-01,2024,71.86,Large
10260,2024-01-23,North,Arif Hossain,Grocery,Snack Box,Wholesale,Cash,13.0,4.82,62.66,2024-01,2024,9.4,Medium
12485,2024-06-16,East,Farzana Islam,Furniture,Office Chair,Online,Cash,20.0,115.59,2311.8,2024-06,2024,693.54,Large
10780,2025-09-01,East,Tanvir Ahmed,Electronics,Smartwatch,Online,Bank Transfer,15.0,158.22,2373.3,2025-09,2025,711.99,Large
11443,2025-04-07,East,Nusrat Jahan,Electronics,Laptop,Retail Store,Credit Card,15.0,835.34,12530.1,2025-04,2025,3759.03,Large
12665,2025-06-24,Central,Arif Hossain,Stationery,Backpack,Retail Store,Credit Card,17.0,38.77,659.09,2025-06,2025,98.86,Large
12705,2024-01-11,West,Imran Kabir,Electronics,Tablet,Distributor,bKash,15.0,318.95,4784.25,2024-01,2024,1435.28,Large
10787,2025-03-02,South,Arif Hossain,Grocery,Cooking Oil 1L,Online,Cash,22.0,3.11,68.42,2025-03,2025,10.26,Large
10890,2024-11-16,East,Lamia Sultana,Grocery,Tea Pack,Distributor,Nagad,14.0,4.49,62.86,2024-11,2024,9.43,Medium
12360,2025-02-15,East,Sadia Chowdhury,Grocery,Snack Box,Distributor,Bank Transfer,19.0,5.39,102.41,2025-02,2025,15.36,Large
11025,2024-12-14,South,Arif Hossain,Furniture,Sofa,Wholesale,Bank Transfer,3.0,440.22,1320.66,2024-12,2024,396.2,Small
11642,2025-03-22,Central,Sadia Chowdhury,Electronics,Tablet,Wholesale,Nagad,3.0,341.49,1024.47,2025-03,2025,307.34,Small
12078,2024-05-12,Central,Imran Kabir,Furniture,Dining Table,Wholesale,bKash,11.0,360.16,3961.76,2024-05,2024,1188.53,Medium
12216,2024-11-30,West,Sadia Chowdhury,Stationery,Desk Organizer,Wholesale,Credit Card,14.0,17.38,243.32,2024-11,2024,36.5,Medium
11570,2025-08-11,East,Arif Hossain,Electronics,Smartwatch,Wholesale,Cash,11.0,158.79,1746.69,2025-08,2025,524.01,Medium
11299,2024-01-14,South,Mim Akter,Electronics,Smartphone,Wholesale,bKash,22.0,407.46,8964.12,2024-01,2024,2689.24,Large
12408,2025-06-03,East,Lamia Sultana,Electronics,Tablet,Wholesale,Nagad,12.0,287.79,3453.48,2025-06,2025,1036.04,Medium
12173,2025-06-25,Central,Sadia Chowdhury,Stationery,Backpack,Wholesale,Nagad,16.0,42.39,678.24,2025-06,2025,101.74,Large
10373,2024-04-07,East,Sadia Chowdhury,Stationery,Desk Organizer,Online,Nagad,17.0,16.8,285.6,2024-04,2024,42.84,Large
10583,2024-06-30,Central,Sadia Chowdhury,Stationery,Backpack,Retail Store,Nagad,19.0,41.055537190082646,797.62,2024-06,2024,119.64,Large
12396,2025-11-16,North,Nusrat Jahan,Grocery,Tea Pack,Online,Bank Transfer,11.0,3.83,42.13,2025-11,2025,6.32,Medium
11357,2024-08-31,South,Mim Akter,Apparel,Jacket,Wholesale,Credit Card,8.0,59.99,479.92,2024-08,2024,71.99,Medium
11457,2025-10-24,Central,Tanvir Ahmed,Apparel,Jacket,Distributor,Credit Card,9.0,68.93,620.37,2025-10,2025,93.06,Medium
11689,2024-05-27,South,Sadia Chowdhury,Grocery,Coffee Jar,Distributor,bKash,10.0,7.41,74.1,2024-05,2024,11.11,Medium
11239,2024-07-05,North,Shakil Rahman,Apparel,Jacket,Distributor,Nagad,23.0,66.61,1532.03,2024-07,2024,229.8,Large
12144,2024-02-06,East,Tanvir Ahmed,Stationery,Pen Set,Distributor,bKash,20.0,5.83,116.6,2024-02,2024,17.49,Large
12692,2024-11-13,South,Lamia Sultana,Grocery,Cooking Oil 1L,Distributor,bKash,18.0,2.77,49.86,2024-11,2024,7.48,Large
10080,2024-10-13,South,Mim Akter,Furniture,Sofa,Distributor,Cash,20.0,483.88,9677.6,2024-10,2024,2903.28,Large
12781,2024-12-09,South,Shakil Rahman,Grocery,Cooking Oil 1L,Distributor,Bank Transfer,7.0,3.08,21.56,2024-12,2024,3.23,Medium
10694,2025-09-19,South,Rakib Hasan,Apparel,Cap,Online,Cash,11.0,10.35,113.85,2025-09,2025,17.08,Medium
10155,2025-09-02,East,Shakil Rahman,Apparel,Jeans,Distributor,Nagad,3.0,39.23,117.69,2025-09,2025,17.65,Small
11101,2025-11-27,South,Shakil Rahman,Grocery,Tea Pack,Retail Store,Bank Transfer,15.0,3.75,56.25,2025-11,2025,8.44,Large
12735,2024-12-22,Central,Nusrat Jahan,Stationery,Notebook,Retail Store,bKash,7.0,1.92,13.44,2024-12,2024,2.02,Medium
10077,2025-10-28,South,Imran Kabir,Apparel,Sneakers,Retail Store,Nagad,9.0,57.97,521.73,2025-10,2025,78.26,Medium
12603,2025-08-20,East,Nusrat Jahan,Electronics,Smartwatch,Wholesale,Nagad,1.0,135.37,135.37,2025-08,2025,40.61,Small
11768,2024-12-01,East,Nusrat Jahan,Furniture,Desk,Wholesale,Bank Transfer,15.0,206.29,3094.35,2024-12,2024,928.3,Large
12642,2024-08-20,East,Mim Akter,Electronics,Tablet,Retail Store,Bank Transfer,12.0,317.79,3813.48,2024-08,2024,1144.04,Medium
11819,2025-01-13,Central,Farzana Islam,Grocery,Rice 5kg,Retail Store,Credit Card,9.0,7.99,71.91,2025-01,2025,10.79,Medium
11910,2024-03-22,Central,Nusrat Jahan,Apparel,Jeans,Online,Bank Transfer,11.0,37.16,408.76,2024-03,2024,61.31,Medium
10692,2024-06-10,West,Farzana Islam,Stationery,Backpack,Distributor,bKash,9.0,37.14,334.26,2024-06,2024,50.14,Medium
10513,2025-11-18,West,Mim Akter,Furniture,Dining Table,Distributor,bKash,21.0,335.52,7045.92,2025-11,2025,2113.78,Large
10579,2024-04-15,North,Nusrat Jahan,Furniture,Bookshelf,Retail Store,Bank Transfer,4.0,82.44,329.76,2024-04,2024,98.93,Small
11779,2025-04-09,North,Shakil Rahman,Grocery,Cooking Oil 1L,Distributor,Credit Card,12.0,3.04,36.48,2025-04,2025,5.47,Medium
10307,2025-12-12,South,Shakil Rahman,Grocery,Snack Box,Distributor,Nagad,7.0,5.1,35.7,2025-12,2025,5.36,Medium
12567,2024-12-01,North,Lamia Sultana,Furniture,Sofa,Online,Nagad,18.0,494.73,8905.14,2024-12,2024,2671.54,Large
11184,2024-01-10,North,Unknown,Electronics,Monitor,Retail Store,Credit Card,5.0,249.62,1248.1,2024-01,2024,374.43,Medium
12417,2025-03-12,Central,Imran Kabir,Furniture,Office Chair,Distributor,Nagad,20.0,113.59,2271.8,2025-03,2025,681.54,Large
10915,2025-03-22,South,Sadia Chowdhury,Furniture,Office Chair,Retail Store,bKash,21.0,133.75,2808.75,2025-03,2025,842.62,Large
11150,2024-05-16,North,Nusrat Jahan,Apparel,Jeans,Distributor,Credit Card,13.0,35.18,457.34,2024-05,2024,68.6,Medium
12715,2025-12-24,West,Nusrat Jahan,Grocery,Cooking Oil 1L,Retail Store,Credit Card,6.0,2.83,16.98,2025-12,2025,2.55,Medium
12455,2025-06-30,Central,Mim Akter,Stationery,Notebook,Wholesale,Bank Transfer,10.0,2.16,21.6,2025-06,2025,3.24,Medium
12993,2025-02-25,West,Arif Hossain,Apparel,Jacket,Distributor,Cash,16.0,67.84,1085.44,2025-02,2025,162.82,Large
11280,2025-01-12,South,Rakib Hasan,Apparel,Sneakers,Online,bKash,18.0,63.11,1135.98,2025-01,2025,170.4,Large
12861,2024-03-21,North,Mim Akter,Apparel,Cap,Distributor,Nagad,24.0,10.84,260.16,2024-03,2024,39.02,Large
11624,2025-04-16,West,Tanvir Ahmed,Stationery,Desk Organizer,Distributor,Bank Transfer,19.0,20.09,381.71,2025-04,2025,57.26,Large
12043,2025-11-14,West,Nusrat Jahan,Electronics,Smartphone,Online,Credit Card,17.0,403.42,6858.14,2025-11,2025,2057.44,Large
10076,2025-05-16,Central,Mim Akter,Apparel,T-Shirt,Online,Bank Transfer,4.0,15.13,60.52,2025-05,2025,9.08,Small
12305,2025-12-26,West,Lamia Sultana,Furniture,Desk,Online,Cash,24.0,188.54,4524.96,2025-12,2025,1357.49,Large
10346,2024-08-19,Unknown,Farzana Islam,Electronics,Smartphone,Retail Store,Nagad,17.0,428.0,7276.0,2024-08,2024,2182.8,Large
11633,2024-05-29,North,Farzana Islam,Electronics,Smartphone,Wholesale,Cash,23.0,394.02,9062.46,2024-05,2024,2718.74,Large
11641,2024-08-17,Central,Nusrat Jahan,Apparel,T-Shirt,Distributor,Nagad,15.0,14.51,217.65,2024-08,2024,32.65,Large
10467,2025-05-14,Central,Tanvir Ahmed,Grocery,Tea Pack,Retail Store,Bank Transfer,4.0,4.49,17.96,2025-05,2025,2.69,Small
11449,2024-06-17,South,Farzana Islam,Electronics,Smartphone,Retail Store,bKash,16.0,447.46,7159.36,2024-06,2024,2147.81,Large
12191,2024-10-26,North,Sadia Chowdhury,Grocery,Tea Pack,Wholesale,bKash,21.0,3.65,76.65,2024-10,2024,11.5,Large
12131,2024-08-30,South,Mim Akter,Grocery,Tea Pack,Distributor,bKash,21.0,4.13,86.73,2024-08,2024,13.01,Large
12004,2025-04-22,North,Farzana Islam,Furniture,Office Chair,Wholesale,Nagad,24.0,134.36,3224.64,2025-04,2025,967.39,Large
11424,2024-02-13,North,Arif Hossain,Electronics,Smartwatch,Wholesale,Bank Transfer,6.0,145.62,873.72,2024-02,2024,262.12,Medium
11901,2025-12-29,West,Tanvir Ahmed,Furniture,Desk,Online,Cash,11.0,198.01,2178.11,2025-12,2025,653.43,Medium
12363,2024-01-23,South,Mim Akter,Furniture,Office Chair,Distributor,Cash,18.0,128.93,2320.74,2024-01,2024,696.22,Large
10101,2024-11-24,West,Mim Akter,Grocery,Rice 5kg,Wholesale,Cash,22.0,7.41,163.02,2024-11,2024,24.45,Large
12518,2024-02-18,South,Sadia Chowdhury,Furniture,Office Chair,Distributor,Credit Card,1.0,114.39,114.39,2024-02,2024,34.32,Small
12447,2024-02-28,Central,Mim Akter,Grocery,Snack Box,Distributor,bKash,6.0,4.85,29.1,2024-02,2024,4.36,Medium
10040,2024-04-04,Central,Sadia Chowdhury,Furniture,Bookshelf,Distributor,Credit Card,21.0,90.53,1901.13,2024-04,2024,570.34,Large
11659,2024-09-09,West,Farzana Islam,Stationery,Desk Organizer,Online,Cash,12.0,16.84,202.08,2024-09,2024,30.31,Medium
10397,2025-12-11,East,Rakib Hasan,Grocery,Coffee Jar,Distributor,bKash,19.0,7.73,146.87,2025-12,2025,22.03,Large
11054,2024-03-09,Unknown,Lamia Sultana,Electronics,Monitor,Distributor,Credit Card,7.0,220.61,1544.27,2024-03,2024,463.28,Medium
12766,2024-07-08,Central,Mim Akter,Apparel,T-Shirt,Wholesale,bKash,3.0,15.29,45.87,2024-07,2024,6.88,Small
10624,2024-06-26,South,Farzana Islam,Grocery,Snack Box,Distributor,Bank Transfer,16.0,5.53,88.48,2024-06,2024,13.27,Large
12060,2024-03-17,West,Arif Hossain,Furniture,Sofa,Retail Store,bKash,1.0,498.82,498.82,2024-03,2024,149.65,Small
10023,2025-06-10,North,Tanvir Ahmed,Electronics,Smartphone,Distributor,Credit Card,8.0,387.85,3102.8,2025-06,2025,930.84,Medium
10587,2024-08-24,North,Imran Kabir,Grocery,Tea Pack,Distributor,Nagad,1.0,4.15,4.15,2024-08,2024,0.62,Small
11021,2024-08-21,East,Arif Hossain,Apparel,T-Shirt,Online,Cash,4.0,13.94,55.76,2024-08,2024,8.36,Small
12819,2024-03-31,Central,Rakib Hasan,Stationery,Backpack,Wholesale,Cash,3.0,40.19,120.57,2024-03,2024,18.09,Small
10474,2025-07-16,West,Imran Kabir,Electronics,Laptop,Online,Nagad,1.0,940.51,940.51,2025-07,2025,282.15,Small
10009,2025-01-23,Central,Nusrat Jahan,Stationery,Pen Set,Retail Store,Bank Transfer,9.0,6.88,61.92,2025-01,2025,9.29,Medium
10365,2024-06-02,North,Sadia Chowdhury,Electronics,Smartphone,Distributor,Bank Transfer,6.0,453.12,2718.72,2024-06,2024,815.62,Medium
12211,2024-03-21,East,Farzana Islam,Grocery,Rice 5kg,Online,Bank Transfer,14.0,8.57,119.98,2024-03,2024,18.0,Medium
12018,2024-02-17,West,Imran Kabir,Apparel,Jeans,Wholesale,Bank Transfer,17.0,37.57,638.69,2024-02,2024,95.8,Large
10850,2025-09-21,West,Arif Hossain,Furniture,Bookshelf,Distributor,bKash,10.0,89.18,891.8,2025-09,2025,267.54,Medium
12897,2024-08-23,South,Tanvir Ahmed,Electronics,Headphones,Online,Bank Transfer,22.0,61.05708737864078,1427.58,2024-08,2024,428.27,Large
10184,2024-03-26,North,Arif Hossain,Apparel,Cap,Online,Cash,25.0,9.4,235.0,2024-03,2024,35.25,Large
12932,2025-12-16,North,Rakib Hasan,Electronics,Monitor,Wholesale,Bank Transfer,6.0,205.56,1233.36,2025-12,2025,370.01,Medium
11877,2024-09-08,Central,Rakib Hasan,Apparel,Jacket,Distributor,Nagad,8.0,71.74,573.92,2024-09,2024,86.09,Medium
10233,2024-02-11,Central,Mim Akter,Stationery,Backpack,Wholesale,Nagad,16.0,44.16,706.56,2024-02,2024,105.98,Large
10700,2025-09-10,West,Rakib Hasan,Apparel,Sneakers,Distributor,Cash,19.0,51.25,973.75,2025-09,2025,146.06,Large
12123,2024-11-11,Central,Nusrat Jahan,Furniture,Dining Table,Distributor,Nagad,9.0,351.56,3164.04,2024-11,2024,949.21,Medium
10005,2024-09-27,North,Mim Akter,Electronics,Tablet,Distributor,Nagad,2.0,324.73,649.46,2024-09,2024,194.84,Small
12034,2025-04-13,West,Rakib Hasan,Electronics,Smartwatch,Wholesale,Credit Card,1.0,150.66,3766.5,2025-04,2025,1129.95,Small
10560,2024-07-26,South,Shakil Rahman,Furniture,Desk,Retail Store,bKash,8.0,199.64,1597.12,2024-07,2024,479.14,Medium
12452,2024-11-24,West,Farzana Islam,Apparel,Cap,Wholesale,Bank Transfer,9.0,10.03,90.27,2024-11,2024,13.54,Medium
10828,2024-02-11,West,Mim Akter,Stationery,Pen Set,Distributor,Nagad,3.0,5.89,17.67,2024-02,2024,2.65,Small
11166,2025-04-30,North,Farzana Islam,Furniture,Sofa,Distributor,Cash,25.0,427.72,10693.0,2025-04,2025,3207.9,Large
12650,2024-08-17,West,Imran Kabir,Apparel,T-Shirt,Wholesale,Cash,25.0,16.84,421.0,2024-08,2024,63.15,Large
11060,2024-10-11,Central,Sadia Chowdhury,Electronics,Smartphone,Distributor,bKash,11.0,424.36,4667.96,2024-10,2024,1400.39,Medium
11018,2025-08-20,West,Arif Hossain,Electronics,Headphones,Distributor,bKash,2.0,60.98,121.96,2025-08,2025,36.59,Small
11293,2024-06-29,South,Unknown,Grocery,Coffee Jar,Retail Store,Bank Transfer,20.0,6.78,135.6,2024-06,2024,20.34,Large
11332,2025-03-31,Central,Shakil Rahman,Grocery,Rice 5kg,Online,Nagad,2.0,9.02,18.04,2025-03,2025,2.71,Small
10834,2025-07-06,Unknown,Sadia Chowdhury,Apparel,Sneakers,Wholesale,Bank Transfer,9.0,51.53,463.77,2025-07,2025,69.57,Medium
11505,2025-03-23,East,Lamia Sultana,Furniture,Office Chair,Wholesale,bKash,9.0,130.41,1173.69,2025-03,2025,352.11,Medium
11934,2024-08-11,Central,Farzana Islam,Furniture,Desk,Online,Bank Transfer,24.0,193.87,4652.88,2024-08,2024,1395.86,Large
11621,2025-03-20,Central,Sadia Chowdhury,Grocery,Cooking Oil 1L,Retail Store,Nagad,22.0,2.9,63.8,2025-03,2025,9.57,Large
11475,2024-01-09,North,Mim Akter,Grocery,Snack Box,Online,Cash,6.0,5.03,30.18,2024-01,2024,4.53,Medium
11759,2025-10-11,Central,Mim Akter,Furniture,Desk,Distributor,Bank Transfer,22.0,179.81,3955.82,2025-10,2025,1186.75,Large
12275,2025-08-14,East,Imran Kabir,Grocery,Rice 5kg,Retail Store,Credit Card,5.0,7.45,37.25,2025-08,2025,5.59,Medium
11193,2024-05-31,North,Rakib Hasan,Apparel,T-Shirt,Retail Store,Cash,13.0,15.18,197.34,2024-05,2024,29.6,Medium
12031,2024-01-22,South,Mim Akter,Stationery,Pen Set,Online,Cash,25.0,6.15,153.75,2024-01,2024,23.06,Large
11739,2024-11-16,South,Nusrat Jahan,Apparel,Sneakers,Distributor,bKash,21.0,62.09,1303.89,2024-11,2024,195.58,Large
10873,2025-07-10,West,Tanvir Ahmed,Stationery,Backpack,Online,bKash,15.0,41.05553719008264,658.65,2025-07,2025,98.8,Large
12898,2024-02-25,West,Farzana Islam,Electronics,Tablet,Distributor,Bank Transfer,12.0,309.49,3713.88,2024-02,2024,1114.16,Medium
12747,2025-12-19,East,Imran Kabir,Stationery,Desk Organizer,Online,bKash,1.0,20.21,20.21,2025-12,2025,3.03,Small
10811,2025-12-10,North,Rakib Hasan,Furniture,Dining Table,Distributor,Bank Transfer,5.0,346.27,1731.35,2025-12,2025,519.4,Medium
12712,2025-02-25,North,Mim Akter,Grocery,Tea Pack,Retail Store,Cash,15.0,3.66,54.9,2025-02,2025,8.24,Large
12852,2025-05-22,North,Tanvir Ahmed,Grocery,Rice 5kg,Wholesale,Bank Transfer,7.0,8.48,59.36,2025-05,2025,8.9,Medium
12290,2024-04-09,East,Sadia Chowdhury,Apparel,Jeans,Distributor,Nagad,11.0,39.12,430.32,2024-04,2024,64.55,Medium
11015,2025-04-30,East,Unknown,Furniture,Bookshelf,Wholesale,Bank Transfer,9.0,94.08,846.72,2025-04,2025,254.02,Medium
12206,2024-11-30,East,Imran Kabir,Electronics,Tablet,Online,bKash,20.0,283.85,5677.0,2024-11,2024,1703.1,Large
10215,2025-12-27,East,Rakib Hasan,Stationery,Pen Set,Retail Store,Cash,8.0,5.92,47.36,2025-12,2025,7.1,Medium
11320,2025-08-17,North,Rakib Hasan,Electronics,Tablet,Distributor,bKash,17.0,297.98,5065.66,2025-08,2025,1519.7,Large
12543,2025-06-05,Central,Farzana Islam,Stationery,Pen Set,Distributor,bKash,18.0,6.11,109.98,2025-06,2025,16.5,Large
10727,2024-04-28,Central,Mim Akter,Furniture,Desk,Online,Cash,2.0,169.54,339.08,2024-04,2024,101.72,Small
10542,2025-10-29,Unknown,Farzana Islam,Apparel,Sneakers,Retail Store,Bank Transfer,19.0,52.99,1006.81,2025-10,2025,151.02,Large
12860,2025-09-11,West,Nusrat Jahan,Apparel,Jacket,Distributor,Credit Card,3.0,67.57,202.71,2025-09,2025,30.41,Small
11452,2024-08-07,East,Arif Hossain,Apparel,Cap,Online,Nagad,6.0,11.36,68.16,2024-08,2024,10.22,Medium
11826,2025-10-10,East,Nusrat Jahan,Electronics,Monitor,Retail Store,Nagad,11.0,208.07,2288.77,2025-10,2025,686.63,Medium
11362,2025-12-15,East,Nusrat Jahan,Apparel,Cap,Distributor,Cash,18.0,10.26,184.68,2025-12,2025,27.7,Large
12959,2024-01-18,East,Arif Hossain,Stationery,Pen Set,Distributor,Nagad,15.0,5.69,85.35,2024-01,2024,12.8,Large
10816,2025-07-26,South,Rakib Hasan,Furniture,Office Chair,Retail Store,bKash,20.0,128.69,2573.8,2025-07,2025,772.14,Large
12629,2024-01-03,North,Shakil Rahman,Stationery,Notebook,Online,Bank Transfer,1.0,2.09,2.09,2024-01,2024,0.31,Small
11389,2025-03-04,West,Lamia Sultana,Electronics,Headphones,Retail Store,Bank Transfer,8.0,62.54,500.32,2025-03,2025,150.1,Medium
12023,2024-09-27,Central,Rakib Hasan,Grocery,Coffee Jar,Retail Store,Nagad,10.0,7.61,76.1,2024-09,2024,11.42,Medium
10772,2025-03-14,West,Sadia Chowdhury,Furniture,Dining Table,Distributor,Credit Card,24.0,391.35,9392.4,2025-03,2025,2817.72,Large
12663,2025-07-13,North,Farzana Islam,Apparel,T-Shirt,Wholesale,bKash,18.0,13.8,248.4,2025-07,2025,37.26,Large
10167,2025-10-20,West,Unknown,Electronics,Smartphone,Wholesale,Nagad,21.0,458.65,9631.65,2025-10,2025,2889.5,Large
10096,2024-11-10,South,Farzana Islam,Furniture,Bookshelf,Online,bKash,20.0,97.85,1957.0,2024-11,2024,587.1,Large
11522,2025-10-02,Central,Nusrat Jahan,Electronics,Headphones,Retail Store,Nagad,16.0,64.27,1028.32,2025-10,2025,308.5,Large
11364,2025-01-16,East,Arif Hossain,Stationery,Pen Set,Retail Store,Credit Card,24.0,6.62,158.88,2025-01,2025,23.83,Large
11798,2025-09-20,Unknown,Unknown,Grocery,Rice 5kg,Wholesale,bKash,14.0,7.39,103.46,2025-09,2025,15.52,Medium
11784,2025-10-09,South,Lamia Sultana,Apparel,Cap,Distributor,Nagad,24.0,9.4,225.6,2025-10,2025,33.84,Large
11959,2024-08-14,North,Farzana Islam,Grocery,Snack Box,Wholesale,bKash,24.0,4.77,114.48,2024-08,2024,17.17,Large
10488,2025-04-08,East,Nusrat Jahan,Electronics,Monitor,Online,Cash,4.0,231.89,927.56,2025-04,2025,278.27,Small
12666,2024-01-19,North,Imran Kabir,Grocery,Snack Box,Wholesale,Cash,12.0,5.56,66.72,2024-01,2024,10.01,Medium
12309,2024-04-06,North,Arif Hossain,Apparel,T-Shirt,Distributor,Nagad,8.0,17.21,137.68,2024-04,2024,20.65,Medium
11144,2025-09-24,South,Shakil Rahman,Stationery,Desk Organizer,Online,Bank Transfer,16.0,16.46,263.36,2025-09,2025,39.5,Large
11813,2025-02-01,West,Nusrat Jahan,Grocery,Coffee Jar,Online,bKash,18.0,7.41,133.38,2025-02,2025,20.01,Large
11843,2025-02-18,South,Nusrat Jahan,Furniture,Sofa,Distributor,Cash,9.0,432.99,3896.91,2025-02,2025,1169.07,Medium
10384,2025-11-30,West,Sadia Chowdhury,Stationery,Desk Organizer,Online,Bank Transfer,14.0,16.98,237.72,2025-11,2025,35.66,Medium
10549,2024-02-04,North,Nusrat Jahan,Grocery,Coffee Jar,Distributor,bKash,20.0,7.19,143.8,2024-02,2024,21.57,Large
10971,2024-10-06,South,Tanvir Ahmed,Stationery,Backpack,Online,Bank Transfer,20.0,38.51,770.2,2024-10,2024,115.53,Large
10059,2025-04-20,West,Nusrat Jahan,Electronics,Laptop,Retail Store,Nagad,2.0,883.45,1766.9,2025-04,2025,530.07,Small
12688,2025-09-26,South,Shakil Rahman,Stationery,Backpack,Retail Store,Credit Card,18.0,44.66,803.88,2025-09,2025,120.58,Large
11080,2024-04-22,South,Sadia Chowdhury,Furniture,Desk,Retail Store,Nagad,15.0,187.52,2812.8,2024-04,2024,843.84,Large
12138,2025-09-12,West,Rakib Hasan,Grocery,Coffee Jar,Online,Credit Card,25.0,7.61,190.25,2025-09,2025,28.54,Large
12738,2025-09-30,West,Lamia Sultana,Electronics,Smartphone,Distributor,bKash,7.0,435.51,3048.57,2025-09,2025,914.57,Medium
11692,2025-02-01,West,Sadia Chowdhury,Grocery,Coffee Jar,Wholesale,Bank Transfer,15.0,6.94,104.1,2025-02,2025,15.61,Large
10863,2024-04-24,North,Imran Kabir,Grocery,Tea Pack,Retail Store,bKash,19.0,4.33,82.27,2024-04,2024,12.34,Large
12198,2024-11-03,West,Tanvir Ahmed,Stationery,Notebook,Online,Credit Card,3.0,1.91,5.73,2024-11,2024,0.86,Small
12895,2025-10-17,West,Tanvir Ahmed,Grocery,Rice 5kg,Distributor,Bank Transfer,5.0,8.72,43.6,2025-10,2025,6.54,Medium
11272,2025-10-23,East,Lamia Sultana,Electronics,Smartwatch,Online,Nagad,14.0,160.58,2248.12,2025-10,2025,674.44,Medium
10449,2025-03-10,Central,Nusrat Jahan,Electronics,Headphones,Online,Credit Card,24.0,57.73,1385.52,2025-03,2025,415.66,Large
12068,2025-07-06,West,Mim Akter,Furniture,Office Chair,Online,Cash,15.0,136.11,2041.65,2025-07,2025,612.5,Large
12582,2024-11-20,Central,Lamia Sultana,Grocery,Rice 5kg,Retail Store,Nagad,7.0,9.05,63.35,2024-11,2024,9.5,Medium
12976,2025-07-17,Central,Imran Kabir,Apparel,Cap,Retail Store,Bank Transfer,7.0,10.26,71.82,2025-07,2025,10.77,Medium
12381,2024-02-05,Central,Farzana Islam,Furniture,Sofa,Wholesale,bKash,7.0,418.68,2930.76,2024-02,2024,879.23,Medium
10378,2024-12-01,South,Shakil Rahman,Electronics,Laptop,Online,bKash,5.0,784.38,3921.9,2024-12,2024,1176.57,Medium
11635,2024-06-07,West,Tanvir Ahmed,Apparel,Jeans,Retail Store,Nagad,22.0,40.19,884.18,2024-06,2024,132.63,Large
11804,2024-05-22,West,Farzana Islam,Grocery,Cooking Oil 1L,Online,bKash,5.0,3.26,16.3,2024-05,2024,2.44,Medium
10174,2024-04-06,North,Mim Akter,Apparel,Cap,Online,Cash,18.0,10.7,192.6,2024-04,2024,28.89,Large
12499,2025-10-28,West,Sadia Chowdhury,Electronics,Tablet,Wholesale,Credit Card,2.0,301.69,603.38,2025-10,2025,181.01,Small
12394,2025-01-15,Unknown,Rakib Hasan,Grocery,Rice 5kg,Distributor,bKash,21.0,7.3,153.3,2025-01,2025,23.0,Large
12604,2024-08-04,Central,Mim Akter,Grocery,Coffee Jar,Online,Credit Card,16.0,6.73,107.68,2024-08,2024,16.15,Large
12443,2024-05-06,South,Nusrat Jahan,Apparel,Jeans,Retail Store,Nagad,20.0,38.44,768.8,2024-05,2024,115.32,Large
10738,2024-07-01,East,Tanvir Ahmed,Grocery,Coffee Jar,Distributor,Cash,15.0,6.42,96.3,2024-07,2024,14.44,Large
10053,2025-11-11,Central,Rakib Hasan,Grocery,Tea Pack,Retail Store,Bank Transfer,13.0,4.28,55.64,2025-11,2025,8.35,Medium
11523,2025-04-13,Central,Imran Kabir,Apparel,T-Shirt,Retail Store,bKash,12.0,16.21,194.52,2025-04,2025,29.18,Medium
10198,2025-03-23,East,Shakil Rahman,Electronics,Monitor,Online,Cash,13.0,238.88,3105.44,2025-03,2025,931.63,Medium
11608,2024-06-11,Central,Nusrat Jahan,Stationery,Backpack,Retail Store,Cash,4.0,42.8,171.2,2024-06,2024,25.68,Small
10270,2024-11-03,East,Rakib Hasan,Apparel,Jeans,Retail Store,Bank Transfer,9.0,32.03,288.27,2024-11,2024,43.24,Medium
11712,2025-02-01,West,Nusrat Jahan,Electronics,Headphones,Wholesale,Bank Transfer,2.0,64.43,128.86,2025-02,2025,38.66,Small
10866,2024-02-27,West,Imran Kabir,Furniture,Bookshelf,Distributor,Nagad,16.0,93.0,1488.0,2024-02,2024,446.4,Large
11071,2025-10-18,East,Imran Kabir,Grocery,Coffee Jar,Wholesale,Cash,19.0,6.42,121.98,2025-10,2025,18.3,Large
10520,2025-08-26,South,Mim Akter,Stationery,Desk Organizer,Wholesale,bKash,24.0,20.06,481.44,2025-08,2025,72.22,Large
10277,2025-12-13,South,Farzana Islam,Electronics,Smartphone,Wholesale,bKash,20.0,430.38,8607.6,2025-12,2025,2582.28,Large
11180,2024-07-12,South,Sadia Chowdhury,Electronics,Tablet,Retail Store,bKash,19.0,306.79,5829.01,2024-07,2024,1748.7,Large
12351,2024-01-09,South,Lamia Sultana,Stationery,Pen Set,Wholesale,Cash,10.0,6.37,63.7,2024-01,2024,9.56,Medium
12397,2024-01-14,North,Arif Hossain,Stationery,Backpack,Distributor,bKash,22.0,36.72,807.84,2024-01,2024,121.18,Large
10319,2025-06-12,East,Farzana Islam,Electronics,Laptop,Retail Store,bKash,6.0,882.28,5293.68,2025-06,2025,1588.1,Medium
11277,2025-02-13,East,Shakil Rahman,Electronics,Tablet,Distributor,Cash,3.0,311.73,935.19,2025-02,2025,280.56,Small
11209,2024-10-03,North,Mim Akter,Grocery,Cooking Oil 1L,Wholesale,bKash,4.0,2.78,11.12,2024-10,2024,1.67,Small
11766,2025-08-30,South,Nusrat Jahan,Electronics,Monitor,Distributor,bKash,10.0,217.85,2178.5,2025-08,2025,653.55,Medium
11519,2024-01-04,South,Rakib Hasan,Apparel,Sneakers,Wholesale,Cash,18.0,60.91,1096.38,2024-01,2024,164.46,Large
11440,2025-10-27,Central,Mim Akter,Apparel,Jacket,Distributor,Nagad,6.0,60.8,364.8,2025-10,2025,54.72,Medium
12961,2025-01-09,West,Sadia Chowdhury,Apparel,Cap,Distributor,Nagad,4.0,10.64,42.56,2025-01,2025,6.38,Small
12893,2025-09-23,East,Rakib Hasan,Furniture,Dining Table,Online,Bank Transfer,16.0,319.58,5113.28,2025-09,2025,1533.98,Large
12419,2024-07-02,North,Mim Akter,Apparel,Jeans,Wholesale,Credit Card,12.0,36.315726495726494,414.72,2024-07,2024,62.21,Medium
10197,2025-10-24,Central,Sadia Chowdhury,Stationery,Desk Organizer,Distributor,Credit Card,7.0,17.49,122.43,2025-10,2025,18.36,Medium
11478,2024-02-11,East,Sadia Chowdhury,Apparel,Cap,Wholesale,Cash,8.0,10.91,87.28,2024-02,2024,13.09,Medium
12939,2025-09-27,West,Nusrat Jahan,Apparel,Cap,Retail Store,Credit Card,15.0,9.39,140.85,2025-09,2025,21.13,Large
12548,2024-08-17,West,Lamia Sultana,Furniture,Dining Table,Online,Cash,7.0,386.19,2703.33,2024-08,2024,811.0,Medium
12564,2025-11-15,Central,Tanvir Ahmed,Apparel,Cap,Wholesale,Credit Card,11.0,9.49,104.39,2025-11,2025,15.66,Medium
11705,2024-01-21,East,Sadia Chowdhury,Electronics,Smartwatch,Retail Store,Bank Transfer,16.0,170.5,2728.0,2024-01,2024,818.4,Large
10177,2025-01-05,Central,Farzana Islam,Apparel,Jeans,Wholesale,Nagad,1.0,34.67,34.67,2025-01,2025,5.2,Small
10894,2024-07-03,East,Farzana Islam,Furniture,Office Chair,Retail Store,Cash,6.0,130.5,783.0,2024-07,2024,234.9,Medium
12247,2025-07-07,South,Tanvir Ahmed,Apparel,Sneakers,Online,Nagad,24.0,62.75,1506.0,2025-07,2025,225.9,Large
10219,2025-10-04,Central,Imran Kabir,Apparel,Jeans,Online,Bank Transfer,18.0,34.03,612.54,2025-10,2025,91.88,Large
12493,2024-09-06,West,Rakib Hasan,Grocery,Snack Box,Wholesale,Bank Transfer,8.0,4.72,37.76,2024-09,2024,5.66,Medium
10200,2024-10-27,West,Lamia Sultana,Grocery,Rice 5kg,Retail Store,Nagad,11.0,7.41,81.51,2024-10,2024,12.23,Medium
11392,2025-03-04,West,Tanvir Ahmed,Furniture,Desk,Retail Store,Credit Card,9.0,196.45,1768.05,2025-03,2025,530.42,Medium
10152,2025-11-04,West,Arif Hossain,Stationery,Pen Set,Online,Nagad,23.0,5.8,133.4,2025-11,2025,20.01,Large
12657,2024-10-27,West,Arif Hossain,Grocery,Snack Box,Distributor,Nagad,16.0,5.08,81.28,2024-10,2024,12.19,Large
10109,2025-06-03,North,Shakil Rahman,Stationery,Pen Set,Wholesale,Cash,9.0,6.63,59.67,2025-06,2025,8.95,Medium
12156,2024-06-25,East,Mim Akter,Grocery,Snack Box,Distributor,Bank Transfer,8.0,4.81,38.48,2024-06,2024,5.77,Medium
12771,2024-05-12,West,Tanvir Ahmed,Electronics,Monitor,Wholesale,Bank Transfer,13.0,213.48,2775.24,2024-05,2024,832.57,Medium
11451,2025-01-29,South,Arif Hossain,Stationery,Notebook,Wholesale,Bank Transfer,23.0,2.04,46.92,2025-01,2025,7.04,Large
11395,2025-09-15,North,Mim Akter,Furniture,Bookshelf,Distributor,Nagad,20.0,83.42,1668.4,2025-09,2025,500.52,Large
10036,2025-07-04,Central,Lamia Sultana,Electronics,Tablet,Online,Credit Card,7.0,307.94,2155.58,2025-07,2025,646.67,Medium
11754,2024-04-14,North,Farzana Islam,Furniture,Sofa,Retail Store,bKash,17.0,423.38,7197.46,2024-04,2024,2159.24,Large
12820,2024-06-24,Central,Farzana Islam,Electronics,Tablet,Wholesale,Credit Card,16.0,300.46,4807.36,2024-06,2024,1442.21,Large
12633,2024-09-12,Central,Lamia Sultana,Electronics,Laptop,Distributor,bKash,14.0,790.23,11063.22,2024-09,2024,3318.97,Medium
11657,2025-11-30,East,Shakil Rahman,Stationery,Notebook,Online,Cash,6.0,2.1,12.6,2025-11,2025,1.89,Medium
12757,2024-08-10,East,Sadia Chowdhury,Electronics,Smartphone,Distributor,Bank Transfer,2.0,448.34,896.68,2024-08,2024,269.0,Small
11603,2024-09-26,West,Farzana Islam,Grocery,Snack Box,Distributor,Nagad,3.0,5.48,16.44,2024-09,2024,2.47,Small
12865,2024-03-24,Central,Arif Hossain,Electronics,Smartphone,Retail Store,bKash,18.0,362.41,6523.38,2024-03,2024,1957.01,Large
11420,2025-09-11,South,Farzana Islam,Furniture,Dining Table,Distributor,bKash,18.0,316.74,5701.32,2025-09,2025,1710.4,Large
12931,2024-12-13,North,Mim Akter,Stationery,Notebook,Distributor,Nagad,8.0,1.93,15.44,2024-12,2024,2.32,Medium
12440,2024-10-19,South,Farzana Islam,Stationery,Notebook,Wholesale,Bank Transfer,3.0,2.03,6.09,2024-10,2024,0.91,Small
12389,2025-10-22,South,Imran Kabir,Grocery,Rice 5kg,Online,Cash,18.0,7.64,137.52,2025-10,2025,20.63,Large
10896,2024-10-18,West,Farzana Islam,Electronics,Smartphone,Distributor,Credit Card,22.0,458.13,10078.86,2024-10,2024,3023.66,Large
10847,2025-07-05,North,Unknown,Electronics,Headphones,Retail Store,Credit Card,11.0,54.56,600.16,2025-07,2025,180.05,Medium
10937,2024-10-29,South,Lamia Sultana,Electronics,Monitor,Online,Nagad,14.0,220.11,3081.54,2024-10,2024,924.46,Medium
11710,2024-06-10,West,Unknown,Apparel,Jacket,Distributor,Credit Card,24.0,74.67,1792.08,2024-06,2024,268.81,Large
12166,2025-03-26,South,Nusrat Jahan,Electronics,Headphones,Wholesale,bKash,9.0,66.57,599.13,2025-03,2025,179.74,Medium
10085,2024-08-09,North,Arif Hossain,Furniture,Bookshelf,Retail Store,bKash,24.0,91.89,2205.36,2024-08,2024,661.61,Large
11688,2024-09-13,West,Nusrat Jahan,Stationery,Desk Organizer,Wholesale,Nagad,12.0,20.61,247.32,2024-09,2024,37.1,Medium
10887,2024-07-02,South,Arif Hossain,Grocery,Tea Pack,Online,Nagad,9.0,3.77,33.93,2024-07,2024,5.09,Medium
11981,2025-03-25,North,Nusrat Jahan,Stationery,Notebook,Wholesale,Credit Card,18.0,2.12,38.16,2025-03,2025,5.72,Large
11602,2024-07-09,East,Arif Hossain,Electronics,Monitor,Distributor,Cash,9.0,216.75,1950.75,2024-07,2024,585.22,Medium
11956,2024-11-28,West,Sadia Chowdhury,Apparel,T-Shirt,Retail Store,bKash,2.0,16.72,33.44,2024-11,2024,5.02,Small
12751,2025-11-13,Central,Farzana Islam,Furniture,Office Chair,Distributor,bKash,2.0,123.52,247.04,2025-11,2025,74.11,Small
12684,2024-09-22,Central,Imran Kabir,Electronics,Tablet,Distributor,Bank Transfer,13.0,319.98,4159.74,2024-09,2024,1247.92,Medium
12697,2024-08-20,Unknown,Lamia Sultana,Furniture,Sofa,Wholesale,bKash,24.0,448.13,10755.12,2024-08,2024,3226.54,Large
10740,2024-05-02,North,Sadia Chowdhury,Furniture,Dining Table,Distributor,Credit Card,3.0,321.16,963.48,2024-05,2024,289.04,Small
12327,2024-07-12,South,Arif Hossain,Apparel,Jeans,Online,bKash,14.0,37.63,526.82,2024-07,2024,79.02,Medium
10111,2024-07-12,Central,Imran Kabir,Apparel,Cap,Wholesale,Cash,23.0,9.6,220.8,2024-07,2024,33.12,Large
12560,2025-08-14,West,Arif Hossain,Stationery,Backpack,Online,Credit Card,8.0,42.1,336.8,2025-08,2025,50.52,Medium
10981,2024-07-19,West,Lamia Sultana,Electronics,Headphones,Retail Store,Credit Card,1.0,59.94,1258.74,2024-07,2024,377.62,Small
12759,2025-06-04,South,Imran Kabir,Grocery,Coffee Jar,Retail Store,Credit Card,9.0,7.0,63.0,2025-06,2025,9.45,Medium
10007,2024-04-13,South,Shakil Rahman,Electronics,Laptop,Online,bKash,13.0,824.07,10712.91,2024-04,2024,3213.87,Medium
11110,2024-02-23,North,Mim Akter,Furniture,Office Chair,Wholesale,bKash,4.0,137.41,549.64,2024-02,2024,164.89,Small
12272,2025-03-22,East,Farzana Islam,Stationery,Pen Set,Wholesale,bKash,9.0,5.67,51.03,2025-03,2025,7.65,Medium
12926,2025-06-19,West,Lamia Sultana,Apparel,Cap,Retail Store,Credit Card,1.0,11.45,80.15,2025-06,2025,12.02,Small
10359,2024-03-29,West,Nusrat Jahan,Electronics,Headphones,Online,bKash,14.0,55.74,780.36,2024-03,2024,234.11,Medium
10453,2025-01-10,North,Lamia Sultana,Furniture,Desk,Retail Store,Credit Card,23.0,191.27,4399.21,2025-01,2025,1319.76,Large
11734,2025-05-26,South,Nusrat Jahan,Stationery,Backpack,Wholesale,Nagad,14.0,40.35,564.9,2025-05,2025,84.74,Medium
12403,2024-01-19,North,Sadia Chowdhury,Apparel,Jeans,Online,bKash,9.0,32.98,296.82,2024-01,2024,44.52,Medium
11715,2024-05-11,East,Arif Hossain,Electronics,Monitor,Online,Credit Card,25.0,203.89,5097.25,2024-05,2024,1529.18,Large
12303,2024-09-22,South,Rakib Hasan,Electronics,Headphones,Distributor,Nagad,15.0,63.51,952.65,2024-09,2024,285.79,Large
10238,2024-06-26,West,Arif Hossain,Stationery,Backpack,Wholesale,Cash,15.0,45.12,676.8,2024-06,2024,101.52,Large
11644,2025-12-31,East,Lamia Sultana,Apparel,T-Shirt,Distributor,Credit Card,20.0,15.34,306.8,2025-12,2025,46.02,Large
12640,2025-06-09,Central,Rakib Hasan,Electronics,Monitor,Retail Store,bKash,15.0,230.81,3462.15,2025-06,2025,1038.64,Large
11563,2024-10-09,North,Farzana Islam,Stationery,Desk Organizer,Online,Cash,18.0,17.86,321.48,2024-10,2024,48.22,Large
10576,2024-03-22,Central,Lamia Sultana,Apparel,Sneakers,Wholesale,Credit Card,6.0,54.22,325.32,2024-03,2024,48.8,Medium
12783,2025-08-04,West,Rakib Hasan,Apparel,Jeans,Wholesale,Nagad,2.0,33.96,67.92,2025-08,2025,10.19,Small
10480,2024-01-05,West,Sadia Chowdhury,Stationery,Notebook,Retail Store,Bank Transfer,17.0,2.17,36.89,2024-01,2024,5.53,Large
11333,2024-06-11,West,Sadia Chowdhury,Apparel,Jeans,Distributor,Credit Card,12.0,35.88,430.56,2024-06,2024,64.58,Medium
12416,2024-11-18,North,Imran Kabir,Apparel,T-Shirt,Retail Store,Cash,23.0,14.33,329.59,2024-11,2024,49.44,Large
10619,2025-07-17,South,Lamia Sultana,Apparel,Cap,Retail Store,Bank Transfer,24.0,9.64,231.36,2025-07,2025,34.7,Large
11828,2025-01-20,Central,Farzana Islam,Furniture,Bookshelf,Distributor,Credit Card,18.0,103.14,1856.52,2025-01,2025,556.96,Large
10067,2024-05-10,East,Imran Kabir,Electronics,Tablet,Retail Store,Bank Transfer,20.0,310.06,6201.2,2024-05,2024,1860.36,Large
10672,2025-02-27,North,Shakil Rahman,Grocery,Cooking Oil 1L,Distributor,Nagad,17.0,2.86,48.62,2025-02,2025,7.29,Large
12883,2024-05-12,West,Tanvir Ahmed,Grocery,Cooking Oil 1L,Distributor,Credit Card,24.0,3.1,74.4,2024-05,2024,11.16,Large
11587,2024-03-03,South,Rakib Hasan,Furniture,Dining Table,Wholesale,Credit Card,20.0,385.21,7704.2,2024-03,2024,2311.26,Large
10344,2024-03-25,East,Farzana Islam,Apparel,Jeans,Distributor,Cash,12.0,37.31,447.72,2024-03,2024,67.16,Medium
12826,2025-12-22,Central,Shakil Rahman,Electronics,Smartphone,Wholesale,Bank Transfer,2.0,384.99,769.98,2025-12,2025,230.99,Small
11771,2025-10-23,North,Tanvir Ahmed,Stationery,Pen Set,Distributor,bKash,7.0,6.86,48.02,2025-10,2025,7.2,Medium
11020,2024-08-27,West,Tanvir Ahmed,Apparel,Jacket,Retail Store,Bank Transfer,9.0,68.99,620.91,2024-08,2024,93.14,Medium
12752,2025-04-22,Central,Sadia Chowdhury,Grocery,Coffee Jar,Retail Store,Cash,20.0,8.0,160.0,2025-04,2025,24.0,Large
10739,2024-05-27,West,Rakib Hasan,Furniture,Dining Table,Wholesale,Credit Card,18.0,382.26,6880.68,2024-05,2024,2064.2,Large
12302,2025-12-17,North,Tanvir Ahmed,Stationery,Backpack,Retail Store,Bank Transfer,2.0,36.79,73.58,2025-12,2025,11.04,Small
10225,2025-05-24,Central,Sadia Chowdhury,Furniture,Sofa,Wholesale,Cash,1.0,415.13,415.13,2025-05,2025,124.54,Small
10731,2025-04-02,East,Farzana Islam,Apparel,Jacket,Distributor,Nagad,15.0,71.06,1065.9,2025-04,2025,159.89,Large
12361,2025-01-14,South,Mim Akter,Apparel,Jacket,Retail Store,Bank Transfer,19.0,66.17,1257.23,2025-01,2025,188.58,Large
11862,2024-05-23,West,Rakib Hasan,Electronics,Smartphone,Wholesale,Nagad,21.0,439.38,9226.98,2024-05,2024,2768.09,Large
11456,2025-08-23,West,Mim Akter,Electronics,Smartphone,Retail Store,Credit Card,10.0,392.85,3928.5,2025-08,2025,1178.55,Medium
10398,2025-12-19,East,Rakib Hasan,Grocery,Tea Pack,Retail Store,Credit Card,19.0,3.99,75.81,2025-12,2025,11.37,Large
10783,2024-02-25,East,Shakil Rahman,Furniture,Bookshelf,Wholesale,Cash,3.0,89.39,268.17,2024-02,2024,80.45,Small
10897,2024-06-06,East,Lamia Sultana,Electronics,Tablet,Online,Cash,1.0,276.08,276.08,2024-06,2024,82.82,Small
12847,2025-07-12,Central,Imran Kabir,Apparel,Cap,Retail Store,Nagad,2.0,10.62,21.24,2025-07,2025,3.19,Small
11469,2024-07-11,Central,Mim Akter,Apparel,Jeans,Wholesale,bKash,9.0,39.23,353.07,2024-07,2024,52.96,Medium
12593,2025-04-17,Central,Tanvir Ahmed,Furniture,Office Chair,Distributor,Bank Transfer,5.0,108.22,541.1,2025-04,2025,162.33,Medium
10914,2024-07-14,North,Rakib Hasan,Grocery,Tea Pack,Retail Store,Credit Card,4.0,4.42,17.68,2024-07,2024,2.65,Small
12921,2025-10-07,East,Rakib Hasan,Apparel,Cap,Distributor,bKash,10.0,9.21,92.1,2025-10,2025,13.82,Medium
12062,2025-04-12,Central,Arif Hossain,Grocery,Cooking Oil 1L,Distributor,Bank Transfer,20.0,3.03,60.6,2025-04,2025,9.09,Large
10221,2025-09-13,West,Sadia Chowdhury,Grocery,Coffee Jar,Retail Store,Cash,5.0,6.85,34.25,2025-09,2025,5.14,Medium
11030,2025-04-07,West,Farzana Islam,Grocery,Cooking Oil 1L,Distributor,Nagad,21.0,3.37,70.77,2025-04,2025,10.62,Large
10552,2024-10-10,Central,Shakil Rahman,Electronics,Laptop,Distributor,Cash,8.0,893.85,7150.8,2024-10,2024,2145.24,Medium
12092,2024-02-08,Central,Mim Akter,Electronics,Smartphone,Retail Store,Cash,3.0,443.86,1331.58,2024-02,2024,399.47,Small
12021,2024-09-17,South,Farzana Islam,Electronics,Headphones,Retail Store,bKash,11.0,59.34,652.74,2024-09,2024,195.82,Medium
10048,2024-12-05,East,Mim Akter,Apparel,T-Shirt,Wholesale,Nagad,1.0,13.93,13.93,2024-12,2024,2.09,Small
10273,2024-02-29,South,Shakil Rahman,Grocery,Cooking Oil 1L,Retail Store,Bank Transfer,18.0,3.01,54.18,2024-02,2024,8.13,Large
12080,2025-02-03,North,Shakil Rahman,Furniture,Bookshelf,Online,Cash,13.0,97.37,1265.81,2025-02,2025,379.74,Medium
11880,2025-02-13,Central,Arif Hossain,Electronics,Monitor,Distributor,Bank Transfer,14.0,229.16,3208.24,2025-02,2025,962.47,Medium
11866,2025-05-05,East,Mim Akter,Electronics,Smartwatch,Wholesale,Credit Card,3.0,148.22,444.66,2025-05,2025,133.4,Small
11579,2024-01-28,East,Nusrat Jahan,Furniture,Sofa,Retail Store,Cash,5.0,503.73,2518.65,2024-01,2024,755.6,Medium
12717,2024-06-17,North,Sadia Chowdhury,Grocery,Snack Box,Online,Bank Transfer,2.0,5.47,10.94,2024-06,2024,1.64,Small
10957,2024-02-16,South,Unknown,Grocery,Coffee Jar,Distributor,Nagad,22.0,7.86,172.92,2024-02,2024,25.94,Large
12117,2025-11-04,Central,Farzana Islam,Apparel,Jeans,Wholesale,Bank Transfer,18.0,33.61,604.98,2025-11,2025,90.75,Large
12530,2024-03-24,South,Mim Akter,Furniture,Dining Table,Online,Bank Transfer,5.0,340.15,1700.75,2024-03,2024,510.22,Medium
12039,2025-01-22,East,Farzana Islam,Furniture,Sofa,Wholesale,Nagad,1.0,450.78,5409.36,2025-01,2025,1622.81,Small
12971,2025-07-09,North,Imran Kabir,Stationery,Notebook,Distributor,Cash,21.0,2.12,44.52,2025-07,2025,6.68,Large
12019,2024-07-16,South,Imran Kabir,Electronics,Monitor,Online,Credit Card,2.0,226.61,453.22,2024-07,2024,135.97,Small
11746,2024-03-03,South,Lamia Sultana,Stationery,Pen Set,Online,Cash,24.0,6.73,161.52,2024-03,2024,24.23,Large
10079,2024-01-30,West,Lamia Sultana,Grocery,Cooking Oil 1L,Wholesale,Cash,16.0,3.34,53.44,2024-01,2024,8.02,Large
10775,2024-01-13,West,Nusrat Jahan,Electronics,Tablet,Online,Nagad,23.0,324.88,7472.24,2024-01,2024,2241.67,Large
11111,2024-02-04,West,Rakib Hasan,Apparel,Cap,Wholesale,bKash,4.0,9.6,38.4,2024-02,2024,5.76,Small
10608,2025-06-20,North,Arif Hossain,Furniture,Bookshelf,Wholesale,bKash,22.0,92.19,2028.18,2025-06,2025,608.45,Large
11919,2025-10-14,South,Rakib Hasan,Stationery,Desk Organizer,Retail Store,Nagad,16.0,19.68,314.88,2025-10,2025,47.23,Large
12886,2024-09-25,East,Rakib Hasan,Electronics,Smartphone,Online,Nagad,11.0,375.81,4133.91,2024-09,2024,1240.17,Medium
12624,2025-05-31,West,Shakil Rahman,Apparel,Cap,Wholesale,Credit Card,6.0,9.29,55.74,2025-05,2025,8.36,Medium
12317,2024-09-18,West,Unknown,Electronics,Laptop,Wholesale,Cash,5.0,956.0,4780.0,2024-09,2024,1434.0,Medium
10701,2025-06-29,North,Mim Akter,Electronics,Tablet,Online,Cash,15.0,300.06,4500.9,2025-06,2025,1350.27,Large
10288,2024-07-15,North,Arif Hossain,Furniture,Office Chair,Retail Store,bKash,20.0,123.79,2475.8,2024-07,2024,742.74,Large
11370,2025-07-01,North,Unknown,Grocery,Coffee Jar,Wholesale,Cash,15.0,7.04,105.6,2025-07,2025,15.84,Large
10154,2024-08-08,South,Tanvir Ahmed,Grocery,Rice 5kg,Online,Nagad,13.0,8.04,104.52,2024-08,2024,15.68,Medium
10341,2025-07-14,East,Mim Akter,Furniture,Sofa,Distributor,Cash,19.0,419.69,7974.11,2025-07,2025,2392.23,Large
10257,2025-07-31,Central,Sadia Chowdhury,Stationery,Notebook,Distributor,Credit Card,4.0,1.83,7.32,2025-07,2025,1.1,Small
12925,2024-10-16,West,Shakil Rahman,Stationery,Backpack,Wholesale,Credit Card,19.0,40.48,769.12,2024-10,2024,115.37,Large
11141,2025-06-10,South,Farzana Islam,Stationery,Pen Set,Distributor,bKash,12.0,6.83,81.96,2025-06,2025,12.29,Medium
11792,2025-01-01,East,Sadia Chowdhury,Electronics,Laptop,Online,Bank Transfer,22.0,850.64,18714.08,2025-01,2025,5614.22,Large
11613,2024-03-13,Central,Nusrat Jahan,Grocery,Coffee Jar,Retail Store,Cash,8.0,7.99,63.92,2024-03,2024,9.59,Medium
12439,2025-08-05,North,Tanvir Ahmed,Grocery,Snack Box,Distributor,bKash,9.0,4.98,44.82,2025-08,2025,6.72,Medium
12562,2024-02-18,North,Sadia Chowdhury,Stationery,Pen Set,Wholesale,Nagad,12.0,5.87,70.44,2024-02,2024,10.57,Medium
11776,2025-08-13,West,Imran Kabir,Grocery,Coffee Jar,Retail Store,Credit Card,2.0,7.45,14.9,2025-08,2025,2.24,Small
12182,2025-12-02,Central,Tanvir Ahmed,Stationery,Backpack,Online,Nagad,9.0,39.04,351.36,2025-12,2025,52.7,Medium
10995,2025-09-27,West,Imran Kabir,Stationery,Notebook,Wholesale,Bank Transfer,20.0,1.85,37.0,2025-09,2025,5.55,Large
11963,2024-03-31,South,Imran Kabir,Electronics,Tablet,Distributor,Credit Card,17.0,313.72,5333.24,2024-03,2024,1599.97,Large
10712,2024-06-06,Central,Imran Kabir,Furniture,Desk,Distributor,Bank Transfer,10.0,206.89,2068.9,2024-06,2024,620.67,Medium
12641,2025-06-27,South,Imran Kabir,Apparel,T-Shirt,Retail Store,Credit Card,12.0,15.38,184.56,2025-06,2025,27.68,Medium
11068,2024-06-28,East,Lamia Sultana,Grocery,Rice 5kg,Retail Store,Nagad,9.0,8.156277372262775,71.64,2024-06,2024,10.75,Medium
11747,2024-11-01,South,Imran Kabir,Stationery,Backpack,Wholesale,Credit Card,9.0,38.04,342.36,2024-11,2024,51.35,Medium
11660,2025-05-06,West,Unknown,Grocery,Cooking Oil 1L,Distributor,Credit Card,22.0,3.23,71.06,2025-05,2025,10.66,Large
10609,2025-10-18,Central,Shakil Rahman,Stationery,Pen Set,Distributor,Bank Transfer,11.0,5.57,61.27,2025-10,2025,9.19,Medium
10181,2025-06-30,Unknown,Shakil Rahman,Furniture,Sofa,Wholesale,bKash,8.0,439.82,3518.56,2025-06,2025,1055.57,Medium
11355,2025-05-08,Central,Imran Kabir,Furniture,Dining Table,Online,Nagad,2.0,348.87,697.74,2025-05,2025,209.32,Small
11221,2024-09-19,South,Sadia Chowdhury,Electronics,Laptop,Distributor,Bank Transfer,25.0,951.29,23782.25,2024-09,2024,7134.68,Large
10786,2024-10-09,East,Farzana Islam,Grocery,Cooking Oil 1L,Online,bKash,4.0,3.22,12.88,2024-10,2024,1.93,Small
12605,2025-09-22,North,Tanvir Ahmed,Apparel,Cap,Wholesale,bKash,15.0,9.22,138.3,2025-09,2025,20.74,Large
11929,2024-03-21,North,Rakib Hasan,Apparel,Jacket,Retail Store,Nagad,1.0,59.3,474.4,2024-03,2024,71.16,Small
11458,2024-01-02,East,Shakil Rahman,Grocery,Rice 5kg,Online,Nagad,23.0,9.06,208.38,2024-01,2024,31.26,Large
10615,2025-11-03,West,Nusrat Jahan,Furniture,Dining Table,Retail Store,Nagad,8.0,364.88,2919.04,2025-11,2025,875.71,Medium
12551,2024-08-27,West,Nusrat Jahan,Stationery,Backpack,Online,Nagad,22.0,43.09,947.98,2024-08,2024,142.2,Large
11053,2025-02-02,North,Imran Kabir,Apparel,Jeans,Distributor,Credit Card,7.0,35.51,248.57,2025-02,2025,37.29,Medium
12422,2024-10-26,South,Shakil Rahman,Grocery,Coffee Jar,Distributor,Cash,24.0,6.69,160.56,2024-10,2024,24.08,Large
11374,2024-10-01,West,Sadia Chowdhury,Apparel,Jeans,Online,Bank Transfer,15.0,36.3157264957265,477.3,2024-10,2024,71.6,Large
10315,2025-01-18,Central,Arif Hossain,Apparel,Jeans,Retail Store,Bank Transfer,13.0,35.55,462.15,2025-01,2025,69.32,Medium
11253,2024-05-13,Central,Farzana Islam,Electronics,Smartwatch,Wholesale,Credit Card,15.0,158.79,2381.85,2024-05,2024,714.56,Large
11833,2024-03-02,West,Nusrat Jahan,Electronics,Monitor,Online,Nagad,1.0,204.13,204.13,2024-03,2024,61.24,Small
12134,2024-12-22,North,Rakib Hasan,Stationery,Notebook,Retail Store,Nagad,22.0,1.81,39.82,2024-12,2024,5.97,Large
12115,2024-11-24,South,Mim Akter,Grocery,Cooking Oil 1L,Wholesale,Bank Transfer,9.0,3.26,29.34,2024-11,2024,4.4,Medium
10757,2025-12-11,North,Lamia Sultana,Electronics,Smartphone,Distributor,Bank Transfer,25.0,407.6,10190.0,2025-12,2025,3057.0,Large
12634,2025-06-19,South,Sadia Chowdhury,Electronics,Monitor,Online,Credit Card,3.0,215.51,646.53,2025-06,2025,193.96,Small
12871,2025-09-02,North,Arif Hossain,Grocery,Coffee Jar,Wholesale,Credit Card,6.0,6.37,38.22,2025-09,2025,5.73,Medium
12711,2024-12-01,West,Nusrat Jahan,Stationery,Pen Set,Wholesale,Credit Card,20.0,6.68,133.6,2024-12,2024,20.04,Large
10556,2024-03-10,North,Sadia Chowdhury,Grocery,Snack Box,Online,Cash,13.0,5.29,68.77,2024-03,2024,10.32,Medium
12406,2024-03-16,West,Tanvir Ahmed,Stationery,Desk Organizer,Wholesale,bKash,6.0,18.12,108.72,2024-03,2024,16.31,Medium
10454,2024-02-19,East,Arif Hossain,Electronics,Tablet,Online,Nagad,22.0,278.11,6118.42,2024-02,2024,1835.53,Large
11851,2025-11-01,North,Lamia Sultana,Electronics,Smartphone,Online,Nagad,24.0,377.59,9062.16,2025-11,2025,2718.65,Large
12558,2025-05-23,North,Shakil Rahman,Apparel,Jacket,Retail Store,Bank Transfer,25.0,72.7,1817.5,2025-05,2025,272.62,Large
10675,2024-07-03,Central,Sadia Chowdhury,Furniture,Dining Table,Wholesale,Bank Transfer,20.0,335.36,6707.2,2024-07,2024,2012.16,Large
10469,2025-11-08,East,Arif Hossain,Stationery,Pen Set,Online,Bank Transfer,24.0,5.77,138.48,2025-11,2025,20.77,Large
12069,2025-10-28,Central,Rakib Hasan,Apparel,Sneakers,Online,Nagad,25.0,62.38,1559.5,2025-10,2025,233.92,Large
12798,2025-04-07,East,Farzana Islam,Grocery,Snack Box,Online,Nagad,17.0,5.31,90.27,2025-04,2025,13.54,Large
12504,2024-04-06,West,Rakib Hasan,Grocery,Snack Box,Distributor,Nagad,5.0,4.9,24.5,2024-04,2024,3.68,Medium
12438,2025-08-16,North,Shakil Rahman,Furniture,Office Chair,Retail Store,Bank Transfer,14.0,123.13,1723.82,2025-08,2025,517.15,Medium
10106,2025-07-18,Central,Nusrat Jahan,Electronics,Monitor,Retail Store,Cash,1.0,228.37,228.37,2025-07,2025,68.51,Small
11102,2025-05-29,North,Lamia Sultana,Apparel,Jeans,Distributor,Cash,23.0,32.58,749.34,2025-05,2025,112.4,Large
12889,2024-06-10,West,Shakil Rahman,Grocery,Tea Pack,Distributor,Cash,21.0,4.19,87.99,2024-06,2024,13.2,Large
10403,2025-01-19,West,Imran Kabir,Furniture,Sofa,Distributor,Nagad,4.0,498.24,1992.96,2025-01,2025,597.89,Small
12420,2025-03-12,South,Sadia Chowdhury,Furniture,Dining Table,Wholesale,bKash,10.0,335.54,3355.4,2025-03,2025,1006.62,Medium
12940,2024-05-24,North,Arif Hossain,Grocery,Rice 5kg,Online,Nagad,14.0,7.37,103.18,2024-05,2024,15.48,Medium
10974,2025-12-25,Central,Mim Akter,Furniture,Dining Table,Distributor,Cash,15.0,338.89,5083.35,2025-12,2025,1525.0,Large
12356,2024-08-13,Central,Lamia Sultana,Apparel,T-Shirt,Wholesale,Cash,7.0,15.6,109.2,2024-08,2024,16.38,Medium
12512,2024-10-23,Central,Arif Hossain,Grocery,Tea Pack,Online,Cash,11.0,3.61,39.71,2024-10,2024,5.96,Medium
12683,2024-06-15,South,Nusrat Jahan,Apparel,Jeans,Wholesale,bKash,4.0,34.92,139.68,2024-06,2024,20.95,Small
12386,2025-03-13,South,Rakib Hasan,Furniture,Bookshelf,Retail Store,Bank Transfer,3.0,92.41,277.23,2025-03,2025,83.17,Small
10062,2024-03-20,West,Nusrat Jahan,Apparel,Cap,Distributor,Bank Transfer,23.0,9.71,223.33,2024-03,2024,33.5,Large
12754,2024-05-11,Central,Farzana Islam,Apparel,Jacket,Retail Store,Credit Card,25.0,67.32,1683.0,2024-05,2024,252.45,Large
10407,2024-07-13,North,Farzana Islam,Grocery,Cooking Oil 1L,Distributor,bKash,14.0,3.22,45.08,2024-07,2024,6.76,Medium
11670,2024-08-21,South,Mim Akter,Apparel,T-Shirt,Retail Store,Bank Transfer,12.0,16.94,203.28,2024-08,2024,30.49,Medium
10962,2025-06-24,West,Rakib Hasan,Electronics,Headphones,Wholesale,Credit Card,11.0,59.73,657.03,2025-06,2025,197.11,Medium
12983,2025-04-10,Central,Imran Kabir,Furniture,Bookshelf,Distributor,Nagad,2.0,86.46,172.92,2025-04,2025,51.88,Small
12949,2025-09-29,South,Imran Kabir,Grocery,Rice 5kg,Retail Store,Credit Card,10.0,8.82,88.2,2025-09,2025,13.23,Medium
10526,2024-09-14,Unknown,Lamia Sultana,Grocery,Coffee Jar,Online,Nagad,13.0,8.0,104.0,2024-09,2024,15.6,Medium
12429,2024-12-10,South,Shakil Rahman,Stationery,Backpack,Wholesale,Cash,16.0,44.0,704.0,2024-12,2024,105.6,Large
12762,2024-11-03,South,Mim Akter,Electronics,Smartwatch,Wholesale,bKash,15.0,141.45,2121.75,2024-11,2024,636.52,Large
11756,2025-12-12,Central,Tanvir Ahmed,Grocery,Coffee Jar,Wholesale,Bank Transfer,5.0,7.26,36.3,2025-12,2025,5.44,Medium
10142,2025-05-30,Central,Lamia Sultana,Grocery,Tea Pack,Online,Bank Transfer,8.0,4.55,36.4,2025-05,2025,5.46,Medium
11790,2025-10-15,West,Shakil Rahman,Apparel,Jeans,Retail Store,Nagad,4.0,39.83,159.32,2025-10,2025,23.9,Small
12120,2025-08-13,East,Rakib Hasan,Furniture,Office Chair,Retail Store,bKash,19.0,135.29,2570.51,2025-08,2025,771.15,Large
12248,2025-10-26,East,Rakib Hasan,Apparel,Jeans,Retail Store,Nagad,8.0,36.68,293.44,2025-10,2025,44.02,Medium
10082,2024-04-05,West,Sadia Chowdhury,Stationery,Pen Set,Wholesale,Credit Card,10.0,5.73,57.3,2024-04,2024,8.59,Medium
11232,2024-02-25,Central,Nusrat Jahan,Grocery,Coffee Jar,Distributor,bKash,3.0,7.87,23.61,2024-02,2024,3.54,Small
10725,2024-02-03,South,Sadia Chowdhury,Furniture,Bookshelf,Retail Store,Nagad,11.0,103.14,1134.54,2024-02,2024,340.36,Medium
11315,2025-09-03,West,Farzana Islam,Grocery,Coffee Jar,Distributor,Cash,10.0,6.6,66.0,2025-09,2025,9.9,Medium
11255,2025-10-04,North,Shakil Rahman,Grocery,Tea Pack,Online,bKash,1.0,4.24,4.24,2025-10,2025,0.64,Small
12655,2025-06-05,South,Imran Kabir,Furniture,Sofa,Wholesale,Credit Card,13.0,500.32,6504.16,2025-06,2025,1951.25,Medium
12236,2024-01-13,South,Farzana Islam,Stationery,Desk Organizer,Wholesale,Cash,21.0,18.64,391.44,2024-01,2024,58.72,Large
10131,2025-10-12,Central,Mim Akter,Electronics,Smartwatch,Retail Store,Credit Card,15.0,169.1,2536.5,2025-10,2025,760.95,Large
11319,2025-04-17,West,Sadia Chowdhury,Grocery,Tea Pack,Wholesale,Bank Transfer,1.0,4.51,4.51,2025-04,2025,0.68,Small
10595,2024-07-15,West,Farzana Islam,Electronics,Headphones,Wholesale,bKash,9.0,66.26,596.34,2024-07,2024,178.9,Medium
11797,2024-12-11,South,Farzana Islam,Electronics,Laptop,Wholesale,Bank Transfer,8.0,893.27,7146.16,2024-12,2024,2143.85,Medium
10029,2024-01-03,Unknown,Tanvir Ahmed,Grocery,Cooking Oil 1L,Retail Store,Bank Transfer,13.0,2.9,37.7,2024-01,2024,5.66,Medium
10597,2024-11-26,South,Sadia Chowdhury,Electronics,Smartwatch,Wholesale,Cash,6.0,158.59,951.54,2024-11,2024,285.46,Medium
12950,2024-06-26,South,Arif Hossain,Apparel,Jeans,Wholesale,Credit Card,2.0,38.48,76.96,2024-06,2024,11.54,Small
10305,2025-09-23,East,Nusrat Jahan,Electronics,Headphones,Wholesale,Nagad,7.0,60.87,426.09,2025-09,2025,127.83,Medium
12045,2025-01-19,East,Tanvir Ahmed,Furniture,Dining Table,Online,Credit Card,17.0,319.9,5438.3,2025-01,2025,1631.49,Large
10820,2025-03-17,North,Farzana Islam,Electronics,Tablet,Online,Bank Transfer,2.0,284.73,569.46,2025-03,2025,170.84,Small
12035,2025-07-29,West,Rakib Hasan,Electronics,Monitor,Retail Store,Cash,24.0,210.55,5053.2,2025-07,2025,1515.96,Large
10148,2025-03-18,North,Farzana Islam,Furniture,Sofa,Online,Credit Card,4.0,488.77,1955.08,2025-03,2025,586.52,Small
12863,2024-01-03,West,Tanvir Ahmed,Stationery,Notebook,Wholesale,Bank Transfer,2.0,1.94,3.88,2024-01,2024,0.58,Small
10498,2025-01-04,Central,Tanvir Ahmed,Stationery,Desk Organizer,Online,Cash,8.0,20.27,162.16,2025-01,2025,24.32,Medium
10883,2025-12-01,West,Nusrat Jahan,Furniture,Dining Table,Distributor,Nagad,21.0,355.09,7456.89,2025-12,2025,2237.07,Large
11425,2025-01-21,South,Tanvir Ahmed,Electronics,Smartphone,Distributor,Credit Card,21.0,400.08,8401.68,2025-01,2025,2520.5,Large
11301,2024-10-09,West,Lamia Sultana,Stationery,Backpack,Online,Bank Transfer,16.0,37.09,593.44,2024-10,2024,89.02,Large
10766,2024-07-23,South,Farzana Islam,Electronics,Headphones,Retail Store,Bank Transfer,13.0,67.37,875.81,2024-07,2024,262.74,Medium
12044,2025-05-30,North,Tanvir Ahmed,Grocery,Coffee Jar,Online,Bank Transfer,7.0,6.43,45.01,2025-05,2025,6.75,Medium
12858,2025-06-10,North,Lamia Sultana,Grocery,Tea Pack,Online,Bank Transfer,2.0,4.58,9.16,2025-06,2025,1.37,Small
11044,2025-04-17,South,Mim Akter,Apparel,T-Shirt,Wholesale,Bank Transfer,3.0,13.81,41.43,2025-04,2025,6.21,Small
12588,2025-05-20,East,Nusrat Jahan,Electronics,Smartphone,Online,Nagad,7.0,414.84,2903.88,2025-05,2025,871.16,Medium
10043,2025-08-01,West,Rakib Hasan,Stationery,Pen Set,Online,Cash,2.0,6.75,13.5,2025-08,2025,2.02,Small
11334,2024-03-05,East,Arif Hossain,Stationery,Pen Set,Wholesale,Nagad,6.0,6.38,38.28,2024-03,2024,5.74,Medium
11728,2025-07-13,West,Shakil Rahman,Grocery,Tea Pack,Wholesale,Cash,24.0,3.79,90.96,2025-07,2025,13.64,Large
12651,2024-05-27,West,Tanvir Ahmed,Apparel,Jacket,Distributor,bKash,15.0,65.31,979.65,2024-05,2024,146.95,Large
10431,2024-06-15,East,Tanvir Ahmed,Apparel,T-Shirt,Wholesale,Credit Card,1.0,16.42,311.98,2024-06,2024,46.8,Small
11610,2025-04-24,West,Arif Hossain,Grocery,Tea Pack,Wholesale,Bank Transfer,11.0,3.74,41.14,2025-04,2025,6.17,Medium
10147,2024-11-16,West,Farzana Islam,Grocery,Coffee Jar,Distributor,Bank Transfer,22.0,6.75,148.5,2024-11,2024,22.28,Large
10459,2024-08-28,West,Nusrat Jahan,Electronics,Smartwatch,Wholesale,Cash,1.0,135.48,135.48,2024-08,2024,40.64,Small
11079,2025-03-17,North,Imran Kabir,Electronics,Laptop,Wholesale,Cash,6.0,802.49,4814.94,2025-03,2025,1444.48,Medium
10790,2024-06-24,West,Shakil Rahman,Stationery,Desk Organizer,Retail Store,Cash,9.0,17.22,154.98,2024-06,2024,23.25,Medium
12525,2024-02-09,West,Mim Akter,Grocery,Snack Box,Retail Store,Cash,13.0,4.68,60.84,2024-02,2024,9.13,Medium
11515,2025-09-13,South,Imran Kabir,Stationery,Desk Organizer,Retail Store,Bank Transfer,4.0,16.64,66.56,2025-09,2025,9.98,Small
10852,2024-04-07,South,Lamia Sultana,Stationery,Desk Organizer,Online,Nagad,19.0,17.72,336.68,2024-04,2024,50.5,Large
11049,2024-07-23,South,Nusrat Jahan,Electronics,Tablet,Distributor,bKash,3.0,271.2,813.6,2024-07,2024,244.08,Small
10395,2025-06-22,North,Rakib Hasan,Apparel,T-Shirt,Retail Store,Credit Card,12.0,17.1,205.2,2025-06,2025,30.78,Medium
12970,2024-06-24,Central,Arif Hossain,Electronics,Tablet,Online,bKash,8.0,305.36,2442.88,2024-06,2024,732.86,Medium
10714,2025-03-11,South,Imran Kabir,Furniture,Office Chair,Wholesale,Nagad,20.0,113.39,2267.8,2025-03,2025,680.34,Large
11780,2025-07-07,South,Mim Akter,Grocery,Snack Box,Distributor,Nagad,5.0,4.9,24.5,2025-07,2025,3.68,Medium
12906,2024-01-27,North,Lamia Sultana,Electronics,Monitor,Retail Store,bKash,20.0,217.79,4355.8,2024-01,2024,1306.74,Large
10325,2024-07-06,North,Nusrat Jahan,Furniture,Bookshelf,Distributor,Credit Card,12.0,96.6,1159.2,2024-07,2024,347.76,Medium
10482,2025-01-28,Central,Lamia Sultana,Electronics,Tablet,Distributor,Nagad,14.0,343.46,4808.44,2025-01,2025,1442.53,Medium
10501,2025-07-04,Central,Farzana Islam,Furniture,Bookshelf,Online,bKash,18.0,81.16,1460.88,2025-07,2025,438.26,Large
11372,2025-08-07,South,Arif Hossain,Apparel,T-Shirt,Distributor,Cash,13.0,13.64,177.32,2025-08,2025,26.6,Medium
10429,2025-11-28,West,Arif Hossain,Apparel,Jacket,Wholesale,Credit Card,1.0,62.43,62.43,2025-11,2025,9.36,Small
11591,2025-01-21,South,Imran Kabir,Electronics,Monitor,Online,Nagad,25.0,230.92,5773.0,2025-01,2025,1731.9,Large
12212,2025-03-07,Central,Arif Hossain,Electronics,Smartphone,Wholesale,bKash,11.0,384.86,4233.46,2025-03,2025,1270.04,Medium
10944,2024-12-13,East,Lamia Sultana,Electronics,Tablet,Online,Bank Transfer,8.0,330.4,2643.2,2024-12,2024,792.96,Medium
11404,2025-05-15,North,Arif Hossain,Electronics,Smartwatch,Retail Store,Credit Card,1.0,148.86,148.86,2025-05,2025,44.66,Small
10267,2024-07-30,West,Lamia Sultana,Electronics,Monitor,Online,bKash,3.0,203.55,610.65,2024-07,2024,183.2,Small
10640,2025-01-24,North,Shakil Rahman,Apparel,T-Shirt,Wholesale,bKash,17.0,17.16,291.72,2025-01,2025,43.76,Large
12807,2024-10-25,East,Rakib Hasan,Apparel,Cap,Wholesale,Nagad,6.0,9.08,54.48,2024-10,2024,8.17,Medium
10212,2025-02-24,East,Imran Kabir,Electronics,Laptop,Wholesale,Nagad,25.0,852.0,21300.0,2025-02,2025,6390.0,Large
11943,2025-11-27,East,Imran Kabir,Electronics,Headphones,Wholesale,Nagad,9.0,60.65,545.85,2025-11,2025,163.76,Medium
11876,2025-07-25,East,Sadia Chowdhury,Apparel,Cap,Distributor,Nagad,18.0,11.22,201.96,2025-07,2025,30.29,Large
10539,2024-05-17,East,Lamia Sultana,Grocery,Coffee Jar,Online,Bank Transfer,9.0,7.13,64.17,2024-05,2024,9.63,Medium
12947,2024-07-25,East,Tanvir Ahmed,Stationery,Desk Organizer,Retail Store,bKash,17.0,18.03,306.51,2024-07,2024,45.98,Large
11089,2025-10-10,South,Tanvir Ahmed,Stationery,Desk Organizer,Distributor,Credit Card,12.0,20.13,241.56,2025-10,2025,36.23,Medium
10494,2024-11-26,West,Rakib Hasan,Electronics,Headphones,Online,bKash,20.0,54.76,1095.2,2024-11,2024,328.56,Large
11439,2024-01-10,South,Arif Hossain,Stationery,Desk Organizer,Wholesale,Bank Transfer,10.0,16.73,167.3,2024-01,2024,25.1,Medium
12322,2025-11-25,South,Rakib Hasan,Grocery,Coffee Jar,Online,Cash,11.0,7.98,87.78,2025-11,2025,13.17,Medium
10087,2024-10-26,East,Tanvir Ahmed,Stationery,Pen Set,Online,Nagad,23.0,6.82,156.86,2024-10,2024,23.53,Large
11652,2025-09-12,West,Farzana Islam,Electronics,Headphones,Distributor,Credit Card,2.0,68.73,137.46,2025-09,2025,41.24,Small
11361,2024-08-13,Central,Nusrat Jahan,Electronics,Headphones,Wholesale,Cash,15.0,64.7,970.5,2024-08,2024,291.15,Large
11416,2025-05-15,East,Imran Kabir,Apparel,T-Shirt,Retail Store,Bank Transfer,20.0,15.05,301.0,2025-05,2025,45.15,Large
10934,2024-05-21,South,Rakib Hasan,Grocery,Tea Pack,Wholesale,bKash,14.0,4.01,56.14,2024-05,2024,8.42,Medium
12140,2025-03-24,West,Rakib Hasan,Stationery,Notebook,Distributor,Nagad,8.0,1.9,15.2,2025-03,2025,2.28,Medium
11085,2024-12-11,Central,Shakil Rahman,Grocery,Snack Box,Wholesale,Bank Transfer,20.0,5.04,100.8,2024-12,2024,15.12,Large
10476,2025-04-08,East,Arif Hossain,Furniture,Sofa,Wholesale,Cash,4.0,415.96,1663.84,2025-04,2025,499.15,Small
11095,2025-12-09,North,Rakib Hasan,Apparel,Sneakers,Wholesale,Credit Card,11.0,61.49,676.39,2025-12,2025,101.46,Medium
10475,2024-12-15,Central,Arif Hossain,Stationery,Backpack,Retail Store,Bank Transfer,12.0,44.25,531.0,2024-12,2024,79.65,Medium
12653,2024-09-22,South,Shakil Rahman,Apparel,Sneakers,Wholesale,bKash,8.0,54.31,434.48,2024-09,2024,65.17,Medium
11466,2024-05-07,West,Farzana Islam,Electronics,Smartwatch,Online,Credit Card,24.0,138.24,3317.76,2024-05,2024,995.33,Large
11823,2024-07-15,Central,Nusrat Jahan,Apparel,Jeans,Distributor,Cash,11.0,36.03,396.33,2024-07,2024,59.45,Medium
11764,2025-02-06,East,Nusrat Jahan,Stationery,Backpack,Distributor,Cash,4.0,42.5,170.0,2025-02,2025,25.5,Small
10064,2025-07-09,North,Imran Kabir,Furniture,Desk,Wholesale,Cash,15.0,180.71,2710.65,2025-07,2025,813.2,Large
11701,2024-12-12,Central,Mim Akter,Electronics,Headphones,Wholesale,Bank Transfer,23.0,56.63,1302.49,2024-12,2024,390.75,Large
11586,2024-09-11,East,Mim Akter,Grocery,Rice 5kg,Online,bKash,6.0,8.33,49.98,2024-09,2024,7.5,Medium
10160,2025-06-29,Unknown,Rakib Hasan,Electronics,Tablet,Retail Store,Bank Transfer,23.0,287.26,6606.98,2025-06,2025,1982.09,Large
11297,2025-10-14,South,Rakib Hasan,Apparel,Sneakers,Retail Store,Cash,10.0,59.21,592.1,2025-10,2025,88.82,Medium
12252,2025-03-20,North,Farzana Islam,Furniture,Office Chair,Wholesale,Bank Transfer,13.0,111.44,1448.72,2025-03,2025,434.62,Medium
11867,2024-05-29,Central,Rakib Hasan,Furniture,Bookshelf,Online,Credit Card,24.0,97.0,2328.0,2024-05,2024,698.4,Large
12139,2024-05-12,North,Imran Kabir,Electronics,Laptop,Wholesale,Credit Card,6.0,773.89,4643.34,2024-05,2024,1393.0,Medium
12982,2025-07-20,Central,Arif Hossain,Grocery,Cooking Oil 1L,Retail Store,Bank Transfer,20.0,3.37,67.4,2025-07,2025,10.11,Large
11493,2025-10-11,North,Shakil Rahman,Grocery,Coffee Jar,Wholesale,Cash,4.0,7.36,29.44,2025-10,2025,4.42,Small
10362,2025-06-20,North,Mim Akter,Apparel,T-Shirt,Wholesale,Cash,3.0,14.49,43.47,2025-06,2025,6.52,Small
10889,2024-10-14,East,Tanvir Ahmed,Apparel,T-Shirt,Retail Store,Bank Transfer,24.0,14.85,356.4,2024-10,2024,53.46,Large
10039,2025-09-11,Central,Rakib Hasan,Electronics,Monitor,Distributor,Cash,7.0,237.47,1662.29,2025-09,2025,498.69,Medium
11518,2025-02-17,East,Arif Hossain,Apparel,T-Shirt,Wholesale,bKash,16.0,16.34,261.44,2025-02,2025,39.22,Large
11426,2024-01-16,North,Farzana Islam,Apparel,T-Shirt,Wholesale,Credit Card,24.0,16.61,398.64,2024-01,2024,59.8,Large
10120,2025-04-17,West,Lamia Sultana,Stationery,Pen Set,Retail Store,bKash,21.0,5.78,121.38,2025-04,2025,18.21,Large
10308,2024-09-05,East,Shakil Rahman,Furniture,Sofa,Wholesale,Nagad,11.0,447.31,4920.41,2024-09,2024,1476.12,Medium
10848,2025-12-13,Central,Imran Kabir,Grocery,Snack Box,Distributor,Credit Card,16.0,5.23,83.68,2025-12,2025,12.55,Large
12806,2024-07-01,South,Sadia Chowdhury,Apparel,Jeans,Online,Bank Transfer,18.0,35.2,633.6,2024-07,2024,95.04,Large
11125,2025-12-12,West,Farzana Islam,Furniture,Sofa,Distributor,Bank Transfer,5.0,465.29,2326.45,2025-12,2025,697.94,Medium
12750,2024-11-21,South,Mim Akter,Electronics,Headphones,Distributor,Credit Card,4.0,58.06,232.24,2024-11,2024,69.67,Small
10165,2024-12-25,Central,Farzana Islam,Furniture,Office Chair,Retail Store,Cash,24.0,136.75,3282.0,2024-12,2024,984.6,Large
11878,2025-02-18,East,Mim Akter,Grocery,Coffee Jar,Distributor,Bank Transfer,2.0,7.97,15.94,2025-02,2025,2.39,Small
10242,2025-11-02,East,Farzana Islam,Apparel,T-Shirt,Distributor,Bank Transfer,9.0,16.3,146.7,2025-11,2025,22.0,Medium
10301,2024-01-27,Central,Arif Hossain,Grocery,Coffee Jar,Wholesale,Credit Card,3.0,6.92,20.76,2024-01,2024,3.11,Small
10533,2024-05-26,South,Nusrat Jahan,Grocery,Coffee Jar,Wholesale,Nagad,19.0,7.74,147.06,2024-05,2024,22.06,Large
10351,2024-05-23,West,Mim Akter,Electronics,Smartwatch,Wholesale,Cash,8.0,145.39,1163.12,2024-05,2024,348.94,Medium
11086,2025-01-22,East,Nusrat Jahan,Apparel,Jacket,Distributor,Bank Transfer,20.0,59.43,1188.6,2025-01,2025,178.29,Large
