OrderID,OrderDate,Region,SalesRep,Category,Product,Channel,PaymentMethod,Quantity,UnitPrice,Revenue
10001,2024-04-14,East,Nusrat Jahan,Electronics,Laptop,Retail Store,bKash,22,922.39,20292.58
10002,2024-04-05,Central,Imran Kabir,Stationery,Notebook,Online,Credit Card,7,1.92,13.44
10003,2025-04-04,Central,Nusrat Jahan,Stationery,Notebook,Wholesale,bKash,19,1.94,36.86
10004,2024-08-08,West,Mim Akter,Electronics,Smartphone,Distributor,bKash,25,393.66,9841.5
10005,2024-09-27,North,Mim Akter,Electronics,Tablet,Distributor,Nagad,2,324.73,649.46
10006,2025-01-05,West,Farzana Islam,Stationery,Notebook,Distributor,Nagad,19,1.9,36.1
10007,2024-04-13,South,Shakil Rahman,Electronics,Laptop,Online,bKash,13,824.07,10712.91
10008,2025-12-19,East,Mim Akter,Apparel,Jeans,Retail Store,Cash,22,37.17,817.74
10009,2025-01-23,Central,Nusrat Jahan,Stationery,Pen Set,Retail Store,Bank Transfer,9,6.88,61.92
10010,2024-11-19,East,Tanvir Ahmed,Stationery,Pen Set,Retail Store,Credit Card,13,5.8,75.4
10011,2025-10-20,East,Nusrat Jahan,Furniture,Dining Table,Wholesale,Bank Transfer,15,327.5,4912.5
10012,2025-03-14,Central,Arif Hossain,Furniture,Desk,Distributor,Nagad,19,179.97,3419.43
10013,2024-04-22,Central,Sadia Chowdhury,Furniture,Desk,Online,Credit Card,5,190.24,951.2
10014,2025-04-24,North,Imran Kabir,Grocery,Snack Box,Wholesale,Nagad,17,4.81,81.77
10015,2024-04-24,North,Arif Hossain,Stationery,Notebook,Distributor,Cash,10,2.02,20.2
10016,2024-04-18,East,Arif Hossain,Grocery,Rice 5kg,Retail Store,Nagad,21,7.8,163.8
10017,2025-06-27,South,Mim Akter,Stationery,Pen Set,Retail Store,Nagad,1,6.3,6.3
10018,2024-02-29,North,Mim Akter,Grocery,Rice 5kg,Distributor,bKash,8,8.96,71.68
10019,2025-11-06,West,Farzana Islam,Electronics,Laptop,Retail Store,bKash,16,966.21,15459.36
10020,2025-07-06,Central,Lamia Sultana,Furniture,Bookshelf,Wholesale,bKash,25,97.42,2435.5
10021,2025-04-07,West,Mim Akter,Furniture,Bookshelf,Wholesale,Nagad,4,86.58,346.32
10022,2024-08-13,North,Lamia Sultana,Electronics,Headphones,Retail Store,Nagad,1,55.06,55.06
10023,2025-06-10,North,Tanvir Ahmed,Electronics,Smartphone,Distributor,Credit Card,8,387.85,3102.8
10024,2025-04-29,Central,Rakib Hasan,Grocery,Cooking Oil 1L,Wholesale,bKash,14,2.84,39.76
10025,2025-04-23,West,Mim Akter,Electronics,Monitor,Wholesale,Bank Transfer,24,200.98,4823.52
10026,2024-07-15,West,Mim Akter,Electronics,Laptop,Online,bKash,7,878.96,6152.72
10027,2024-03-18,South,Shakil Rahman,Furniture,Sofa,Wholesale,bKash,15,495.9,7438.5
10028,2024-08-30,North,Arif Hossain,Stationery,Notebook,Online,Credit Card,6,2.0,12.0
10029,2024-01-03,West,Tanvir Ahmed,Grocery,Cooking Oil 1L,Retail Store,Bank Transfer,13,2.9,37.7
10030,2024-07-13,West,Arif Hossain,Grocery,Tea Pack,Wholesale,bKash,10,3.82,38.2
10031,2024-02-21,Central,Tanvir Ahmed,Electronics,Smartwatch,Distributor,Credit Card,19,152.88,2904.72
10032,2024-03-11,North,Arif Hossain,Stationery,Pen Set,Online,bKash,20,5.5,110.0
10033,2025-08-31,North,Lamia Sultana,Furniture,Sofa,Retail Store,Nagad,2,474.68,949.36
10034,2024-07-28,Central,Arif Hossain,Grocery,Snack Box,Distributor,Cash,22,5.4,118.8
10035,2024-11-19,West,Rakib Hasan,Furniture,Bookshelf,Distributor,Bank Transfer,25,102.05,2551.25
10036,2025-07-04,Central,Lamia Sultana,Electronics,Tablet,Online,Credit Card,7,307.94,2155.58
10037,2024-06-10,North,Nusrat Jahan,Furniture,Bookshelf,Distributor,Cash,15,99.76,1496.4
10038,2024-05-17,Central,Tanvir Ahmed,Apparel,Cap,Distributor,Credit Card,9,9.29,83.61
10039,2025-09-11,Central,Rakib Hasan,Electronics,Monitor,Distributor,Cash,7,237.47,1662.29
10040,2024-04-04,Central,Sadia Chowdhury,Furniture,Bookshelf,Distributor,Credit Card,21,90.53,1901.13
10041,2024-06-14,North,Mim Akter,Apparel,T-Shirt,Retail Store,Cash,24,15.16,363.84
10042,2025-07-12,North,Farzana Islam,Grocery,Snack Box,Online,bKash,2,5.54,11.08
10043,2025-01-08,West,Rakib Hasan,Stationery,Pen Set,Online,Cash,2,6.75,13.5
10044,2024-06-07,North,Mim Akter,Furniture,Desk,Wholesale,Nagad,8,200.91,1607.28
10045,2025-11-16,North,Rakib Hasan,Furniture,Sofa,Distributor,Bank Transfer,24,496.21,11909.04
10046,2024-08-15,North,Imran Kabir,Apparel,Jeans,Online,Bank Transfer,7,38.65,270.55
10047,2025-11-06,East,Nusrat Jahan,Grocery,Tea Pack,Retail Store,Credit Card,7,4.0,28.0
10048,2024-12-05,East,Mim Akter,Apparel,T-Shirt,Wholesale,Nagad,1,13.93,13.93
10049,2025-09-02,Central,Shakil Rahman,Apparel,Jeans,Online,Credit Card,14,34.52,483.28
10050,2025-08-13,Central,Arif Hossain,Apparel,Sneakers,Online,Bank Transfer,7,53.0,371.0
10051,2025-03-17,Central,Arif Hossain,Grocery,Rice 5kg,Retail Store,Cash,3,9.1,27.3
10052,2024-11-12,East,Farzana Islam,Apparel,Cap,Distributor,Nagad,22,10.02,220.44
10053,2025-11-11,Central,Rakib Hasan,Grocery,Tea Pack,Retail Store,Bank Transfer,13,4.28,55.64
10054,2024-01-01,Central,Shakil Rahman,Furniture,Dining Table,Wholesale,Nagad,10,340.1,3401.0
10055,2025-03-28,Central,Mim Akter,Grocery,Snack Box,Wholesale,Bank Transfer,22,4.77,104.94
10056,2024-08-28,North,Shakil Rahman,Grocery,Cooking Oil 1L,Distributor,Credit Card,22,2.93,64.46
10057,2025-09-17,North,Tanvir Ahmed,Furniture,Desk,Retail Store,Bank Transfer,25,165.28,4132.0
10058,2024-09-06,South,Imran Kabir,Grocery,Snack Box,Wholesale,Bank Transfer,5,5.32,26.6
10059,2025-04-20,West,Nusrat Jahan,Electronics,Laptop,Retail Store,Nagad,2,883.45,1766.9
10060,2025-09-19,South,Sadia Chowdhury,Electronics,Tablet,Distributor,Bank Transfer,24,336.9,8085.6
10061,2024-09-22,West,Rakib Hasan,Grocery,Snack Box,Wholesale,Bank Transfer,25,4.81,120.25
10062,2024-03-20,West,Nusrat Jahan,Apparel,Cap,Distributor,Bank Transfer,23,9.71,223.33
10063,2024-06-03,East,Arif Hossain,Apparel,Jacket,Online,bKash,8,64.72,517.76
10064,2025-07-09,North,Imran Kabir,Furniture,Desk,Wholesale,Cash,15,180.71,2710.65
10065,2025-01-24,West,Lamia Sultana,Furniture,Sofa,Online,Nagad,16,405.66,6490.56
10066,2024-08-12,West,Imran Kabir,Apparel,Jacket,Retail Store,Bank Transfer,9,65.58,590.22
10067,2024-05-10,East,Imran Kabir,Electronics,Tablet,Retail Store,Bank Transfer,20,310.06,6201.2
10068,2024-05-18,Central,Tanvir Ahmed,Grocery,Snack Box,Online,Bank Transfer,15,4.73,70.95
10069,2024-12-11,East,Nusrat Jahan,Apparel,Sneakers,Wholesale,Cash,25,61.6,1540.0
10070,2025-07-06,East,Farzana Islam,Apparel,Sneakers,Wholesale,Credit Card,2,63.25,126.5
10071,2024-07-23,North,Tanvir Ahmed,Apparel,Jeans,Online,bKash,1,36.94,36.94
10072,2025-12-17,West,Farzana Islam,Furniture,Desk,Retail Store,Bank Transfer,9,196.51,1768.59
10073,2024-04-20,Central,Farzana Islam,Furniture,Dining Table,Retail Store,Cash,19,317.25,6027.75
10074,2025-08-29,West,Imran Kabir,Apparel,Cap,Retail Store,Credit Card,23,11.08,254.84
10075,2024-02-12,East,Lamia Sultana,Furniture,Office Chair,Online,Nagad,12,123.98,1487.76
10076,2025-05-16,Central,Mim Akter,Apparel,T-Shirt,Online,Bank Transfer,4,15.13,60.52
10077,2025-10-28,South,Imran Kabir,Apparel,Sneakers,Retail Store,Nagad,9,57.97,521.73
10078,2024-09-08,West,Imran Kabir,Stationery,Desk Organizer,Distributor,Cash,3,17.46,52.38
10079,2024-01-30,West,Lamia Sultana,Grocery,Cooking Oil 1L,Wholesale,Cash,16,3.34,53.44
10080,2024-10-13,South,Mim Akter,Furniture,Sofa,Distributor,Cash,20,483.88,9677.6
10081,2024-09-04,North,Arif Hossain,Apparel,Cap,Retail Store,Credit Card,24,10.02,240.48
10082,2024-04-05,West,Sadia Chowdhury,Stationery,Pen Set,Wholesale,Credit Card,10,5.73,57.3
10083,2025-06-27,Central,Mim Akter,Furniture,Bookshelf,Wholesale,Nagad,12,90.57,1086.84
10084,2024-09-14,East,Sadia Chowdhury,Stationery,Backpack,Distributor,Cash,8,37.21,297.68
10085,2024-08-09,North,Arif Hossain,Furniture,Bookshelf,Retail Store,bKash,24,91.89,2205.36
10086,2025-01-04,North,Nusrat Jahan,Stationery,Backpack,Distributor,bKash,6,39.02,234.12
10087,2024-10-26,East,Tanvir Ahmed,Stationery,Pen Set,Online,Nagad,23,6.82,156.86
10088,2025-05-05,North,Lamia Sultana,Grocery,Rice 5kg,Distributor,Bank Transfer,15,7.88,118.2
10089,2025-05-18,West,Farzana Islam,Electronics,Headphones,Online,Bank Transfer,3,62.66,187.98
10090,2024-09-11,South,Lamia Sultana,Electronics,Smartphone,Distributor,Credit Card,4,415.81,1663.24
10091,2025-01-24,Central,Lamia Sultana,Grocery,Snack Box,Retail Store,Nagad,15,5.64,84.6
10092,2024-04-11,West,Shakil Rahman,Apparel,Cap,Online,Nagad,25,9.52,238.0
10093,2025-07-19,North,Rakib Hasan,Furniture,Bookshelf,Retail Store,bKash,3,84.52,253.56
10094,2024-08-25,Central,Sadia Chowdhury,Grocery,Coffee Jar,Distributor,Credit Card,10,7.54,75.4
10095,2024-04-27,South,Shakil Rahman,Grocery,Rice 5kg,Retail Store,Bank Transfer,18,7.65,137.7
10096,2024-11-10,South,Farzana Islam,Furniture,Bookshelf,Online,bKash,20,97.85,1957.0
10097,2025-12-17,West,Farzana Islam,Stationery,Backpack,Wholesale,Cash,13,45.43,590.59
10098,2024-11-26,West,Farzana Islam,Stationery,Desk Organizer,Online,Bank Transfer,20,17.33,346.6
10099,2025-08-13,Central,Lamia Sultana,Electronics,Smartphone,Online,Cash,2,436.31,872.62
10100,2025-08-22,Central,Sadia Chowdhury,Furniture,Sofa,Distributor,bKash,14,476.41,6669.74
10101,2024-11-24,West,Mim Akter,Grocery,Rice 5kg,Wholesale,Cash,22,7.41,163.02
10102,2025-07-17,West,Sadia Chowdhury,Furniture,Bookshelf,Distributor,Bank Transfer,2,91.23,182.46
10103,2024-01-02,East,Farzana Islam,Apparel,Jacket,Wholesale,Nagad,22,72.63,1597.86
10104,2025-05-25,North,Nusrat Jahan,Grocery,Coffee Jar,Distributor,Nagad,21,7.07,148.47
10105,2025-03-24,East,Arif Hossain,Electronics,Smartphone,Retail Store,Cash,23,408.47,9394.81
10106,2025-07-18,Central,Nusrat Jahan,Electronics,Monitor,Retail Store,Cash,1,228.37,228.37
10107,2025-05-25,North,Sadia Chowdhury,Electronics,Smartphone,Online,bKash,23,389.19,8951.37
10108,2025-07-18,West,Sadia Chowdhury,Apparel,Sneakers,Retail Store,Bank Transfer,5,54.77,273.85
10109,2025-06-03,North,Shakil Rahman,Stationery,Pen Set,Wholesale,Cash,9,6.63,59.67
10110,2025-04-02,Central,Lamia Sultana,Apparel,Jacket,Wholesale,bKash,18,66.37,1194.66
10111,2024-07-12,Central,Imran Kabir,Apparel,Cap,Wholesale,Cash,23,9.6,220.8
10112,2025-12-23,West,Tanvir Ahmed,Grocery,Cooking Oil 1L,Distributor,Bank Transfer,13,2.99,38.87
10113,2025-03-26,North,Rakib Hasan,Furniture,Sofa,Distributor,Credit Card,4,464.17,1856.68
10114,2025-04-25,South,Imran Kabir,Grocery,Rice 5kg,Retail Store,Credit Card,9,7.88,70.92
10115,2025-10-03,East,Arif Hossain,Grocery,Rice 5kg,Wholesale,Cash,23,8.97,206.31
10116,2025-10-08,North,Lamia Sultana,Grocery,Snack Box,Online,bKash,22,5.65,124.3
10117,2024-06-19,West,Farzana Islam,Furniture,Office Chair,Online,Bank Transfer,23,116.98,2690.54
10118,2025-01-18,East,Tanvir Ahmed,Electronics,Laptop,Distributor,Cash,14,795.93,11143.02
10119,2024-03-21,Central,Rakib Hasan,Stationery,Desk Organizer,Retail Store,bKash,20,20.12,402.4
10120,2025-04-17,West,Lamia Sultana,Stationery,Pen Set,Retail Store,bKash,21,5.78,121.38
10121,2025-03-28,West,Shakil Rahman,Apparel,T-Shirt,Retail Store,Credit Card,12,17.2,206.4
10122,2025-01-28,East,Sadia Chowdhury,Apparel,Sneakers,Distributor,bKash,16,50.97,815.52
10123,2024-01-23,East,Lamia Sultana,Grocery,Snack Box,Distributor,Cash,22,4.99,109.78
10124,2024-08-23,North,Lamia Sultana,Electronics,Smartwatch,Wholesale,Cash,20,165.07,3301.4
10125,2025-10-04,Central,Shakil Rahman,Furniture,Desk,Retail Store,Credit Card,21,163.77,3439.17
10126,2024-10-29,Central,Mim Akter,Grocery,Rice 5kg,Retail Store,Credit Card,11,8.69,95.59
10127,2025-05-28,South,Arif Hossain,Furniture,Desk,Distributor,Nagad,9,199.37,1794.33
10128,2024-03-18,East,Mim Akter,Apparel,Sneakers,Online,Bank Transfer,5,59.87,299.35
10129,2024-01-15,Central,Mim Akter,Furniture,Sofa,Online,Bank Transfer,9,465.36,4188.24
10130,2024-04-20,East,Lamia Sultana,Grocery,Tea Pack,Wholesale,Cash,22,3.83,84.26
10131,2025-10-12,Central,Mim Akter,Electronics,Smartwatch,Retail Store,Credit Card,15,169.1,2536.5
10132,2024-11-07,North,Rakib Hasan,Apparel,Sneakers,Online,Credit Card,16,51.1,817.6
10133,2025-11-17,South,Imran Kabir,Furniture,Dining Table,Wholesale,Cash,24,375.94,9022.56
10134,2025-05-16,Central,Rakib Hasan,Stationery,Desk Organizer,Wholesale,Credit Card,20,18.04,360.8
10135,2024-08-29,East,Nusrat Jahan,Apparel,T-Shirt,Wholesale,Bank Transfer,12,13.87,166.44
10136,2024-07-13,East,Tanvir Ahmed,Apparel,Cap,Wholesale,Cash,4,11.37,45.48
10137,2024-12-07,South,Lamia Sultana,Grocery,Rice 5kg,Online,Credit Card,8,9.18,73.44
10138,2024-08-09,North,Arif Hossain,Stationery,Pen Set,Retail Store,Nagad,8,5.89,47.12
10139,2025-07-07,North,Shakil Rahman,Furniture,Dining Table,Retail Store,bKash,9,384.87,3463.83
10140,2024-08-31,North,Rakib Hasan,Electronics,Monitor,Online,Cash,19,215.81,4100.39
10141,2024-04-26,North,Rakib Hasan,Furniture,Bookshelf,Wholesale,Nagad,24,82.43,1978.32
10142,2025-05-30,Central,Lamia Sultana,Grocery,Tea Pack,Online,Bank Transfer,8,4.55,36.4
10143,2024-03-03,Central,Shakil Rahman,Electronics,Monitor,Wholesale,Credit Card,16,244.6,3913.6
10144,2024-11-25,West,Sadia Chowdhury,Grocery,Rice 5kg,Online,Credit Card,20,7.5,150.0
10145,2025-09-03,Central,Lamia Sultana,Furniture,Bookshelf,Distributor,Bank Transfer,17,87.64,1489.88
10146,2025-04-07,North,Farzana Islam,Stationery,Desk Organizer,Retail Store,Bank Transfer,8,18.06,144.48
10147,2024-11-16,West,Farzana Islam,Grocery,Coffee Jar,Distributor,Bank Transfer,22,6.75,148.5
10148,2025-03-18,North,Farzana Islam,Furniture,Sofa,Online,Credit Card,4,488.77,1955.08
10149,2025-02-24,Central,Tanvir Ahmed,Apparel,Jeans,Distributor,Credit Card,12,39.14,469.68
10150,2024-04-16,East,Lamia Sultana,Grocery,Rice 5kg,Distributor,Cash,19,8.21,155.99
10151,2025-01-11,South,Farzana Islam,Furniture,Sofa,Distributor,Nagad,4,490.79,1963.16
10152,2025-11-04,West,Arif Hossain,Stationery,Pen Set,Online,Nagad,23,5.8,133.4
10153,2024-07-04,East,Mim Akter,Furniture,Bookshelf,Distributor,Credit Card,5,93.74,468.7
10154,2024-08-08,South,Tanvir Ahmed,Grocery,Rice 5kg,Online,Nagad,13,8.04,104.52
10155,2025-09-02,East,Shakil Rahman,Apparel,Jeans,Distributor,Nagad,3,39.23,117.69
10156,2025-03-29,Central,Tanvir Ahmed,Furniture,Desk,Online,Cash,22,181.08,3983.76
10157,2024-04-26,West,Shakil Rahman,Stationery,Desk Organizer,Retail Store,Nagad,12,18.13,217.56
10158,2024-08-13,West,Arif Hossain,Apparel,Cap,Distributor,Credit Card,13,11.46,148.98
10159,2024-09-18,South,Shakil Rahman,Electronics,Laptop,Retail Store,bKash,10,834.73,8347.3
10160,2025-06-29,West,Rakib Hasan,Electronics,Tablet,Retail Store,Bank Transfer,23,287.26,6606.98
10161,2024-01-20,North,Imran Kabir,Stationery,Backpack,Online,Bank Transfer,15,45.21,678.15
10162,2024-10-23,West,Lamia Sultana,Apparel,Cap,Wholesale,Bank Transfer,4,10.01,40.04
10163,2025-03-23,Central,Sadia Chowdhury,Apparel,Jeans,Distributor,Credit Card,4,33.63,134.52
10164,2024-12-13,Central,Farzana Islam,Stationery,Desk Organizer,Wholesale,Cash,8,17.7,141.6
10165,2024-12-25,Central,Farzana Islam,Furniture,Office Chair,Retail Store,Cash,24,136.75,3282.0
10166,2024-06-26,North,Rakib Hasan,Furniture,Desk,Distributor,bKash,20,168.88,3377.6
10167,2025-10-20,West,Sadia Chowdhury,Electronics,Smartphone,Wholesale,Nagad,21,458.65,9631.65
10168,2025-03-28,South,Sadia Chowdhury,Apparel,Jacket,Online,Bank Transfer,21,63.42,1331.82
10169,2025-04-17,North,Mim Akter,Apparel,Cap,Online,Cash,15,9.09,136.35
10170,2025-08-17,North,Farzana Islam,Apparel,Jacket,Wholesale,Bank Transfer,18,74.01,1332.18
10171,2025-05-02,Central,Nusrat Jahan,Electronics,Tablet,Distributor,Nagad,17,281.31,4782.27
10172,2025-10-23,North,Mim Akter,Electronics,Tablet,Online,Nagad,6,272.94,1637.64
10173,2025-01-16,Central,Arif Hossain,Grocery,Coffee Jar,Retail Store,Cash,10,6.98,69.8
10174,2024-04-06,North,Mim Akter,Apparel,Cap,Online,Cash,18,10.7,192.6
10175,2025-08-19,Central,Rakib Hasan,Apparel,Jacket,Distributor,Credit Card,22,60.8,1337.6
10176,2025-07-26,West,Rakib Hasan,Apparel,Jacket,Online,Cash,13,68.96,896.48
10177,2025-01-05,Central,Farzana Islam,Apparel,Jeans,Wholesale,Nagad,1,34.67,34.67
10178,2024-05-20,East,Sadia Chowdhury,Furniture,Desk,Retail Store,bKash,5,165.47,827.35
10179,2025-09-24,Central,Arif Hossain,Electronics,Smartwatch,Online,Cash,5,157.4,787.0
10180,2024-02-14,South,Lamia Sultana,Furniture,Desk,Retail Store,Bank Transfer,14,178.39,2497.46
10181,2025-06-30,Central,Shakil Rahman,Furniture,Sofa,Wholesale,bKash,8,439.82,3518.56
10182,2024-10-15,East,Lamia Sultana,Grocery,Cooking Oil 1L,Wholesale,Bank Transfer,25,2.99,74.75
10183,2024-02-23,South,Nusrat Jahan,Stationery,Desk Organizer,Retail Store,Cash,21,18.36,385.56
10184,2024-03-26,North,Arif Hossain,Apparel,Cap,Online,Cash,25,9.4,235.0
10185,2025-04-06,South,Imran Kabir,Grocery,Snack Box,Online,bKash,12,5.66,67.92
10186,2025-01-30,West,Arif Hossain,Grocery,Rice 5kg,Distributor,bKash,3,7.95,23.85
10187,2024-02-09,North,Mim Akter,Electronics,Headphones,Retail Store,bKash,10,67.76,677.6
10188,2024-01-20,West,Sadia Chowdhury,Grocery,Cooking Oil 1L,Online,Credit Card,9,2.86,25.74
10189,2024-10-22,Central,Arif Hossain,Furniture,Dining Table,Wholesale,Credit Card,8,341.35,2730.8
10190,2024-04-23,West,Lamia Sultana,Electronics,Smartphone,Wholesale,Credit Card,16,419.67,6714.72
10191,2024-10-25,Central,Lamia Sultana,Electronics,Monitor,Retail Store,bKash,14,198.09,2773.26
10192,2025-06-20,Central,Imran Kabir,Apparel,Jeans,Retail Store,Credit Card,12,32.09,385.08
10193,2025-01-17,West,Sadia Chowdhury,Stationery,Notebook,Online,Bank Transfer,9,2.17,19.53
10194,2024-12-06,East,Nusrat Jahan,Apparel,T-Shirt,Online,Nagad,5,13.67,68.35
10195,2024-05-18,South,Sadia Chowdhury,Stationery,Backpack,Wholesale,bKash,3,43.16,129.48
10196,2024-02-12,East,Nusrat Jahan,Grocery,Rice 5kg,Online,bKash,11,9.07,99.77
10197,2025-10-24,Central,Sadia Chowdhury,Stationery,Desk Organizer,Distributor,Credit Card,7,17.49,122.43
10198,2025-03-23,East,Shakil Rahman,Electronics,Monitor,Online,Cash,13,238.88,3105.44
10199,2025-06-15,South,Sadia Chowdhury,Grocery,Tea Pack,Wholesale,Cash,9,4.4,39.6
10200,2024-10-27,West,Lamia Sultana,Grocery,Rice 5kg,Retail Store,Nagad,11,7.41,81.51
10201,2025-12-07,East,Sadia Chowdhury,Apparel,Jacket,Wholesale,bKash,15,64.21,963.15
10202,2025-10-16,East,Lamia Sultana,Electronics,Monitor,Wholesale,Cash,2,202.13,404.26
10203,2025-09-14,Central,Rakib Hasan,Grocery,Tea Pack,Online,bKash,22,4.38,96.36
10204,2025-01-27,North,Nusrat Jahan,Electronics,Smartphone,Distributor,Cash,19,363.24,6901.56
10205,2025-08-10,East,Mim Akter,Furniture,Sofa,Wholesale,Credit Card,5,464.56,2322.8
10206,2024-07-09,East,Nusrat Jahan,Grocery,Tea Pack,Online,Credit Card,16,4.12,65.92
10207,2025-09-18,East,Shakil Rahman,Stationery,Notebook,Wholesale,bKash,10,2.15,21.5
10208,2024-06-25,North,Rakib Hasan,Grocery,Cooking Oil 1L,Online,Bank Transfer,23,3.03,69.69
10209,2025-07-09,East,Mim Akter,Electronics,Monitor,Online,Nagad,10,247.02,2470.2
10210,2024-07-24,East,Arif Hossain,Furniture,Desk,Retail Store,Credit Card,5,172.65,863.25
10211,2025-07-18,East,Arif Hossain,Grocery,Rice 5kg,Distributor,Bank Transfer,5,8.42,42.1
10212,2025-02-24,East,Imran Kabir,Electronics,Laptop,Wholesale,Nagad,25,852.0,21300.0
10213,2025-04-22,South,Mim Akter,Stationery,Notebook,Online,Bank Transfer,22,2.06,45.32
10214,2025-05-29,Central,Rakib Hasan,Furniture,Dining Table,Retail Store,Bank Transfer,2,387.75,775.5
10215,2025-12-27,East,Rakib Hasan,Stationery,Pen Set,Retail Store,Cash,8,5.92,47.36
10216,2024-10-08,North,Shakil Rahman,Stationery,Backpack,Retail Store,Nagad,5,42.25,211.25
10217,2025-11-05,Central,Rakib Hasan,Stationery,Notebook,Retail Store,bKash,20,2.16,43.2
10218,2024-02-16,Central,Tanvir Ahmed,Stationery,Backpack,Online,Credit Card,21,43.71,917.91
10219,2025-10-04,Central,Imran Kabir,Apparel,Jeans,Online,Bank Transfer,18,34.03,612.54
10220,2024-03-15,South,Imran Kabir,Apparel,Sneakers,Distributor,Bank Transfer,23,50.32,1157.36
10221,2025-09-13,West,Sadia Chowdhury,Grocery,Coffee Jar,Retail Store,Cash,5,6.85,34.25
10222,2025-07-29,West,Rakib Hasan,Apparel,Jacket,Distributor,Nagad,4,63.69,254.76
10223,2024-04-09,East,Sadia Chowdhury,Grocery,Rice 5kg,Retail Store,bKash,2,7.78,15.56
10224,2025-08-14,West,Nusrat Jahan,Grocery,Snack Box,Retail Store,Cash,24,4.89,117.36
10225,2025-05-24,Central,Sadia Chowdhury,Furniture,Sofa,Wholesale,Cash,1,415.13,415.13
10226,2024-12-27,West,Nusrat Jahan,Grocery,Snack Box,Retail Store,Nagad,2,4.56,9.12
10227,2025-03-17,West,Shakil Rahman,Grocery,Snack Box,Online,Credit Card,5,5.6,28.0
10228,2025-08-06,East,Tanvir Ahmed,Apparel,Sneakers,Wholesale,Credit Card,18,52.18,939.24
10229,2024-10-13,North,Imran Kabir,Stationery,Backpack,Wholesale,Nagad,20,42.8,856.0
10230,2025-07-25,North,Imran Kabir,Electronics,Smartphone,Distributor,Cash,12,435.5,5226.0
10231,2024-02-09,Central,Imran Kabir,Furniture,Dining Table,Online,Credit Card,5,377.44,1887.2
10232,2025-09-19,West,Rakib Hasan,Grocery,Snack Box,Retail Store,Cash,11,4.7,51.7
10233,2024-11-02,Central,Mim Akter,Stationery,Backpack,Wholesale,Nagad,16,44.16,706.56
10234,2025-09-03,North,Imran Kabir,Apparel,Jacket,Distributor,Credit Card,16,62.81,1004.96
10235,2025-06-20,North,Lamia Sultana,Stationery,Pen Set,Wholesale,bKash,21,6.48,136.08
10236,2024-01-20,South,Tanvir Ahmed,Grocery,Cooking Oil 1L,Online,bKash,15,2.94,44.1
10237,2025-12-23,South,Imran Kabir,Furniture,Sofa,Wholesale,Credit Card,5,463.35,2316.75
10238,2024-06-26,West,Arif Hossain,Stationery,Backpack,Wholesale,Cash,15,45.12,676.8
10239,2024-09-09,East,Shakil Rahman,Apparel,Cap,Wholesale,bKash,9,10.4,93.6
10240,2025-05-06,East,Nusrat Jahan,Furniture,Bookshelf,Wholesale,Cash,12,93.61,1123.32
10241,2024-12-19,North,Lamia Sultana,Apparel,Jacket,Wholesale,Bank Transfer,25,71.58,1789.5
10242,2025-11-02,East,Farzana Islam,Apparel,T-Shirt,Distributor,Bank Transfer,9,16.3,146.7
10243,2024-04-21,Central,Shakil Rahman,Furniture,Desk,Distributor,bKash,20,195.34,3906.8
10244,2024-02-23,North,Arif Hossain,Furniture,Desk,Retail Store,bKash,4,180.6,722.4
10245,2025-10-30,South,Tanvir Ahmed,Grocery,Rice 5kg,Retail Store,Bank Transfer,16,8.15,130.4
10246,2025-10-29,East,Shakil Rahman,Furniture,Bookshelf,Online,Credit Card,19,86.22,1638.18
10247,2025-05-22,West,Rakib Hasan,Electronics,Smartphone,Online,Bank Transfer,6,453.66,2721.96
10248,2024-10-18,North,Shakil Rahman,Apparel,T-Shirt,Online,Cash,15,17.21,258.15
10249,2024-07-16,South,Arif Hossain,Stationery,Desk Organizer,Wholesale,Cash,4,17.69,70.76
10250,2025-08-04,South,Tanvir Ahmed,Grocery,Tea Pack,Distributor,Cash,22,4.36,95.92
10251,2025-02-14,West,Imran Kabir,Furniture,Dining Table,Distributor,Credit Card,22,323.35,7113.7
10252,2025-01-27,East,Nusrat Jahan,Furniture,Sofa,Online,Cash,8,455.26,3642.08
10253,2025-10-31,East,Lamia Sultana,Apparel,Jacket,Online,Cash,12,69.76,837.12
10254,2025-02-19,North,Sadia Chowdhury,Electronics,Monitor,Distributor,bKash,22,225.64,4964.08
10255,2024-05-16,East,Mim Akter,Apparel,T-Shirt,Retail Store,bKash,16,14.07,225.12
10256,2025-11-11,West,Arif Hossain,Stationery,Backpack,Wholesale,Nagad,7,43.62,305.34
10257,2025-07-31,Central,Sadia Chowdhury,Stationery,Notebook,Distributor,Credit Card,4,1.83,7.32
10258,2024-12-01,Central,Arif Hossain,Stationery,Pen Set,Retail Store,bKash,17,6.06,103.02
10259,2025-04-09,West,Farzana Islam,Furniture,Dining Table,Wholesale,Credit Card,5,359.91,1799.55
10260,2024-01-23,North,Arif Hossain,Grocery,Snack Box,Wholesale,Cash,13,4.82,62.66
10261,2025-03-09,South,Lamia Sultana,Electronics,Monitor,Online,Credit Card,12,236.52,2838.24
10262,2025-02-22,North,Sadia Chowdhury,Stationery,Notebook,Online,Cash,6,2.18,13.08
10263,2024-03-23,West,Sadia Chowdhury,Grocery,Tea Pack,Wholesale,Bank Transfer,22,4.56,100.32
10264,2025-02-06,East,Farzana Islam,Stationery,Pen Set,Retail Store,Nagad,17,5.59,95.03
10265,2025-03-10,North,Shakil Rahman,Furniture,Office Chair,Wholesale,Nagad,18,119.38,2148.84
10266,2024-07-12,West,Mim Akter,Furniture,Desk,Retail Store,Cash,24,196.45,4714.8
10267,2024-07-30,West,Lamia Sultana,Electronics,Monitor,Online,bKash,3,203.55,610.65
10268,2025-02-15,Central,Tanvir Ahmed,Electronics,Tablet,Retail Store,Credit Card,15,287.58,4313.7
10269,2025-08-12,South,Arif Hossain,Furniture,Office Chair,Distributor,bKash,11,125.32,1378.52
10270,2024-11-03,East,Rakib Hasan,Apparel,Jeans,Retail Store,Bank Transfer,9,32.03,288.27
10271,2024-12-18,West,Arif Hossain,Stationery,Pen Set,Wholesale,Credit Card,21,6.41,134.61
10272,2025-01-20,West,Imran Kabir,Stationery,Backpack,Retail Store,Cash,6,43.54,261.24
10273,2024-02-29,South,Shakil Rahman,Grocery,Cooking Oil 1L,Retail Store,Bank Transfer,18,3.01,54.18
10274,2024-09-18,Central,Rakib Hasan,Grocery,Snack Box,Wholesale,bKash,7,4.91,34.37
10275,2024-10-01,East,Farzana Islam,Electronics,Tablet,Retail Store,Credit Card,13,320.53,4166.89
10276,2024-08-01,North,Nusrat Jahan,Stationery,Notebook,Retail Store,Bank Transfer,11,1.95,21.45
10277,2025-12-13,South,Farzana Islam,Electronics,Smartphone,Wholesale,bKash,20,430.38,8607.6
10278,2025-04-22,Central,Mim Akter,Grocery,Cooking Oil 1L,Distributor,Bank Transfer,18,3.19,57.42
10279,2024-04-10,East,Arif Hossain,Apparel,Jacket,Wholesale,Bank Transfer,24,66.13,1587.12
10280,2025-07-30,East,Mim Akter,Apparel,Jeans,Wholesale,Credit Card,8,37.99,303.92
10281,2024-06-05,Central,Lamia Sultana,Electronics,Headphones,Wholesale,Cash,7,58.95,412.65
10282,2025-05-15,South,Sadia Chowdhury,Grocery,Snack Box,Distributor,Cash,24,5.3,127.2
10283,2025-07-13,South,Mim Akter,Grocery,Coffee Jar,Retail Store,bKash,16,6.62,105.92
10284,2024-01-07,Central,Tanvir Ahmed,Stationery,Notebook,Online,Credit Card,14,1.87,26.18
10285,2025-04-11,South,Tanvir Ahmed,Furniture,Office Chair,Retail Store,Nagad,12,109.81,1317.72
10286,2025-07-18,West,Tanvir Ahmed,Stationery,Desk Organizer,Online,Nagad,14,16.25,227.5
10287,2025-12-15,Central,Shakil Rahman,Stationery,Backpack,Online,Nagad,22,40.31,886.82
10288,2024-07-15,North,Arif Hossain,Furniture,Office Chair,Retail Store,bKash,20,123.79,2475.8
10289,2025-04-15,West,Farzana Islam,Apparel,Jacket,Distributor,Bank Transfer,19,62.45,1186.55
10290,2025-01-23,North,Tanvir Ahmed,Furniture,Bookshelf,Online,Bank Transfer,13,93.44,1214.72
10291,2025-03-20,North,Rakib Hasan,Electronics,Monitor,Online,Bank Transfer,21,241.14,5063.94
10292,2025-12-09,Central,Tanvir Ahmed,Stationery,Notebook,Retail Store,bKash,19,2.04,38.76
10293,2024-11-18,East,Arif Hossain,Electronics,Laptop,Online,bKash,1,969.31,969.31
10294,2025-07-31,West,Farzana Islam,Stationery,Pen Set,Distributor,bKash,8,6.25,50.0
10295,2025-05-27,East,Imran Kabir,Grocery,Snack Box,Retail Store,Credit Card,24,5.72,137.28
10296,2025-09-11,West,Nusrat Jahan,Electronics,Laptop,Online,Cash,25,895.45,22386.25
10297,2025-05-17,East,Tanvir Ahmed,Stationery,Desk Organizer,Distributor,Bank Transfer,8,17.8,142.4
10298,2025-09-25,South,Lamia Sultana,Grocery,Coffee Jar,Wholesale,Credit Card,10,7.7,77.0
10299,2025-02-02,East,Rakib Hasan,Electronics,Laptop,Wholesale,bKash,11,841.65,9258.15
10300,2024-04-14,East,Sadia Chowdhury,Electronics,Laptop,Distributor,Cash,5,783.55,3917.75
10301,2024-01-27,Central,Arif Hossain,Grocery,Coffee Jar,Wholesale,Credit Card,3,6.92,20.76
10302,2024-10-25,Central,Mim Akter,Electronics,Smartwatch,Wholesale,Credit Card,14,149.54,2093.56
10303,2024-06-22,Central,Nusrat Jahan,Electronics,Monitor,Retail Store,Bank Transfer,5,212.79,1063.95
10304,2024-10-09,South,Farzana Islam,Apparel,Sneakers,Retail Store,Bank Transfer,14,53.62,750.68
10305,2025-09-23,East,Nusrat Jahan,Electronics,Headphones,Wholesale,Nagad,7,60.87,426.09
10306,2025-01-24,North,Imran Kabir,Furniture,Bookshelf,Distributor,Nagad,11,90.91,1000.01
10307,2025-12-12,South,Shakil Rahman,Grocery,Snack Box,Distributor,Nagad,7,5.1,35.7
10308,2024-09-05,East,Shakil Rahman,Furniture,Sofa,Wholesale,Nagad,11,447.31,4920.41
10309,2025-07-12,North,Lamia Sultana,Grocery,Tea Pack,Retail Store,Nagad,6,4.28,25.68
10310,2025-12-10,West,Nusrat Jahan,Stationery,Notebook,Wholesale,Cash,3,2.21,6.63
10311,2025-11-05,South,Shakil Rahman,Grocery,Coffee Jar,Retail Store,Cash,5,7.55,37.75
10312,2025-02-14,West,Lamia Sultana,Grocery,Rice 5kg,Wholesale,Nagad,18,8.21,147.78
10313,2024-09-11,North,Mim Akter,Grocery,Snack Box,Online,Credit Card,22,5.33,117.26
10314,2025-03-16,North,Lamia Sultana,Furniture,Dining Table,Wholesale,Cash,4,315.92,1263.68
10315,2025-01-18,Central,Arif Hossain,Apparel,Jeans,Retail Store,Bank Transfer,13,35.55,462.15
10316,2024-10-29,East,Tanvir Ahmed,Stationery,Pen Set,Wholesale,Credit Card,14,6.78,94.92
10317,2025-04-11,South,Mim Akter,Electronics,Laptop,Distributor,Cash,7,875.74,6130.18
10318,2024-03-09,North,Sadia Chowdhury,Apparel,Sneakers,Wholesale,Cash,10,50.11,501.1
10319,2025-06-12,East,Farzana Islam,Electronics,Laptop,Retail Store,bKash,6,882.28,5293.68
10320,2025-10-06,West,Sadia Chowdhury,Apparel,Cap,Retail Store,Bank Transfer,6,9.47,56.82
10321,2025-08-29,North,Lamia Sultana,Grocery,Coffee Jar,Retail Store,Bank Transfer,14,6.98,97.72
10322,2024-07-10,East,Farzana Islam,Furniture,Desk,Online,Nagad,12,176.67,2120.04
10323,2025-02-01,East,Sadia Chowdhury,Grocery,Rice 5kg,Distributor,Nagad,20,7.99,159.8
10324,2025-09-21,East,Sadia Chowdhury,Electronics,Headphones,Retail Store,Cash,19,55.27,1050.13
10325,2024-07-06,North,Nusrat Jahan,Furniture,Bookshelf,Distributor,Credit Card,12,96.6,1159.2
10326,2025-01-27,West,Lamia Sultana,Stationery,Desk Organizer,Retail Store,Nagad,14,17.04,238.56
10327,2024-05-23,Central,Rakib Hasan,Stationery,Pen Set,Wholesale,Cash,6,5.87,35.22
10328,2024-05-19,North,Mim Akter,Grocery,Snack Box,Online,Bank Transfer,7,5.52,38.64
10329,2025-05-15,West,Sadia Chowdhury,Stationery,Desk Organizer,Wholesale,Bank Transfer,6,16.57,99.42
10330,2025-07-04,East,Tanvir Ahmed,Electronics,Smartphone,Distributor,bKash,10,376.82,3768.2
10331,2024-04-26,West,Arif Hossain,Grocery,Snack Box,Online,Nagad,9,5.47,49.23
10332,2024-04-14,North,Sadia Chowdhury,Apparel,Cap,Retail Store,Bank Transfer,24,11.08,265.92
10333,2024-03-30,North,Sadia Chowdhury,Furniture,Bookshelf,Distributor,Cash,15,100.47,1507.05
10334,2025-10-09,South,Lamia Sultana,Electronics,Smartphone,Distributor,Nagad,14,376.6,5272.4
10335,2024-10-14,South,Tanvir Ahmed,Furniture,Desk,Distributor,Nagad,20,186.24,3724.8
10336,2025-11-26,East,Lamia Sultana,Apparel,Jacket,Distributor,Nagad,4,60.7,242.8
10337,2024-05-29,East,Rakib Hasan,Grocery,Rice 5kg,Retail Store,bKash,23,7.84,180.32
10338,2025-01-19,West,Rakib Hasan,Furniture,Sofa,Distributor,Bank Transfer,15,413.5,6202.5
10339,2025-05-14,Central,Shakil Rahman,Electronics,Tablet,Distributor,Bank Transfer,11,313.65,3450.15
10340,2025-02-11,West,Mim Akter,Electronics,Monitor,Online,Nagad,7,251.25,1758.75
10341,2025-07-14,East,Mim Akter,Furniture,Sofa,Distributor,Cash,19,419.69,7974.11
10342,2024-01-17,North,Tanvir Ahmed,Grocery,Tea Pack,Online,Bank Transfer,4,4.53,18.12
10343,2025-12-06,West,Tanvir Ahmed,Furniture,Sofa,Wholesale,bKash,5,504.24,2521.2
10344,2024-03-25,East,Farzana Islam,Apparel,Jeans,Distributor,Cash,12,37.31,447.72
10345,2025-11-02,West,Shakil Rahman,Furniture,Office Chair,Retail Store,Bank Transfer,3,129.11,387.33
10346,2024-08-19,West,Farzana Islam,Electronics,Smartphone,Retail Store,Nagad,17,428.0,7276.0
10347,2025-05-04,East,Farzana Islam,Electronics,Laptop,Wholesale,bKash,3,813.65,2440.95
10348,2024-11-02,North,Farzana Islam,Electronics,Monitor,Distributor,Cash,5,219.05,1095.25
10349,2025-10-27,North,Arif Hossain,Furniture,Desk,Online,Nagad,6,181.8,1090.8
10350,2024-03-29,West,Lamia Sultana,Furniture,Desk,Wholesale,bKash,4,168.3,673.2
10351,2024-05-23,West,Mim Akter,Electronics,Smartwatch,Wholesale,Cash,8,145.39,1163.12
10352,2025-11-05,Central,Lamia Sultana,Electronics,Smartphone,Distributor,Credit Card,10,380.54,3805.4
10353,2025-05-21,West,Shakil Rahman,Stationery,Pen Set,Online,bKash,13,5.57,72.41
10354,2024-11-20,North,Arif Hossain,Grocery,Snack Box,Online,Cash,5,4.98,24.9
10355,2024-03-15,East,Arif Hossain,Stationery,Desk Organizer,Retail Store,Bank Transfer,1,18.84,18.84
10356,2025-06-02,South,Tanvir Ahmed,Electronics,Headphones,Online,Bank Transfer,10,63.43,634.3
10357,2025-07-04,West,Imran Kabir,Stationery,Desk Organizer,Online,Nagad,20,16.89,337.8
10358,2025-07-03,North,Arif Hossain,Electronics,Headphones,Retail Store,bKash,11,59.86,658.46
10359,2024-03-29,West,Nusrat Jahan,Electronics,Headphones,Online,bKash,14,55.74,780.36
10360,2025-12-25,East,Rakib Hasan,Stationery,Notebook,Online,Credit Card,5,2.15,10.75
10361,2025-01-15,East,Arif Hossain,Furniture,Sofa,Distributor,bKash,5,489.35,2446.75
10362,2025-06-20,North,Mim Akter,Apparel,T-Shirt,Wholesale,Cash,3,14.49,43.47
10363,2025-05-26,West,Sadia Chowdhury,Stationery,Notebook,Distributor,Credit Card,19,1.88,35.72
10364,2025-06-05,North,Lamia Sultana,Furniture,Bookshelf,Online,bKash,1,81.99,81.99
10365,2024-06-02,North,Sadia Chowdhury,Electronics,Smartphone,Distributor,Bank Transfer,6,453.12,2718.72
10366,2025-03-02,West,Nusrat Jahan,Electronics,Smartwatch,Distributor,bKash,24,147.0,3528.0
10367,2024-08-16,East,Farzana Islam,Electronics,Smartwatch,Online,bKash,17,171.8,2920.6
10368,2024-03-29,West,Shakil Rahman,Grocery,Rice 5kg,Distributor,Cash,18,8.11,145.98
10369,2024-09-05,East,Lamia Sultana,Apparel,Jeans,Distributor,Nagad,15,34.72,520.8
10370,2025-02-23,Central,Nusrat Jahan,Grocery,Cooking Oil 1L,Retail Store,Credit Card,1,2.87,2.87
10371,2024-04-16,East,Tanvir Ahmed,Apparel,T-Shirt,Wholesale,Cash,7,15.49,108.43
10372,2024-04-05,West,Tanvir Ahmed,Furniture,Sofa,Retail Store,Cash,2,508.64,1017.28
10373,2024-04-07,East,Sadia Chowdhury,Stationery,Desk Organizer,Online,Nagad,17,16.8,285.6
10374,2025-11-09,Central,Lamia Sultana,Grocery,Rice 5kg,Online,Bank Transfer,5,7.67,38.35
10375,2024-10-05,West,Mim Akter,Apparel,Jacket,Distributor,Bank Transfer,8,59.71,477.68
10376,2024-06-17,Central,Farzana Islam,Furniture,Desk,Retail Store,Credit Card,15,182.97,2744.55
10377,2024-11-11,Central,Mim Akter,Grocery,Rice 5kg,Retail Store,Bank Transfer,15,7.73,115.95
10378,2024-12-01,South,Shakil Rahman,Electronics,Laptop,Online,bKash,5,784.38,3921.9
10379,2024-09-23,West,Arif Hossain,Furniture,Bookshelf,Online,Cash,6,81.7,490.2
10380,2025-04-18,Central,Arif Hossain,Grocery,Coffee Jar,Retail Store,Credit Card,4,7.71,30.84
10381,2024-07-21,North,Tanvir Ahmed,Furniture,Office Chair,Retail Store,bKash,13,119.17,1549.21
10382,2024-03-07,Central,Shakil Rahman,Electronics,Smartwatch,Online,Credit Card,7,168.84,1181.88
10383,2025-04-17,North,Mim Akter,Grocery,Cooking Oil 1L,Online,Credit Card,2,2.83,5.66
10384,2025-11-30,West,Sadia Chowdhury,Stationery,Desk Organizer,Online,Bank Transfer,14,16.98,237.72
10385,2024-02-05,East,Shakil Rahman,Furniture,Desk,Wholesale,bKash,20,189.86,3797.2
10386,2024-03-30,West,Imran Kabir,Furniture,Bookshelf,Wholesale,Credit Card,9,89.62,806.58
10387,2025-12-31,Central,Nusrat Jahan,Grocery,Cooking Oil 1L,Online,Bank Transfer,12,3.06,36.72
10388,2024-10-03,Central,Arif Hossain,Grocery,Tea Pack,Distributor,Bank Transfer,6,3.63,21.78
10389,2025-06-26,North,Shakil Rahman,Stationery,Pen Set,Online,Bank Transfer,12,6.55,78.6
10390,2025-06-30,North,Nusrat Jahan,Furniture,Desk,Retail Store,Cash,24,164.52,3948.48
10391,2024-08-30,West,Mim Akter,Furniture,Dining Table,Retail Store,bKash,19,342.83,6513.77
10392,2024-07-11,North,Mim Akter,Apparel,Cap,Retail Store,Nagad,16,10.36,165.76
10393,2025-09-08,North,Farzana Islam,Furniture,Sofa,Online,bKash,8,407.24,3257.92
10394,2024-12-14,East,Lamia Sultana,Grocery,Rice 5kg,Retail Store,bKash,23,7.55,173.65
10395,2025-06-22,North,Rakib Hasan,Apparel,T-Shirt,Retail Store,Credit Card,12,17.1,205.2
10396,2024-11-26,Central,Farzana Islam,Apparel,Sneakers,Distributor,Cash,5,62.92,314.6
10397,2025-11-12,East,Rakib Hasan,Grocery,Coffee Jar,Distributor,bKash,19,7.73,146.87
10398,2025-12-19,East,Rakib Hasan,Grocery,Tea Pack,Retail Store,Credit Card,19,3.99,75.81
10399,2024-08-14,South,Lamia Sultana,Stationery,Notebook,Distributor,Nagad,21,2.08,43.68
10400,2024-11-23,East,Farzana Islam,Grocery,Cooking Oil 1L,Retail Store,Cash,6,3.18,19.08
10401,2024-08-02,East,Sadia Chowdhury,Electronics,Monitor,Online,Cash,8,236.12,1888.96
10402,2025-03-24,North,Tanvir Ahmed,Apparel,Jacket,Online,Bank Transfer,24,65.32,1567.68
10403,2025-01-19,West,Imran Kabir,Furniture,Sofa,Distributor,Nagad,4,498.24,1992.96
10404,2024-10-28,South,Sadia Chowdhury,Stationery,Pen Set,Online,Credit Card,1,5.88,5.88
10405,2024-03-17,East,Rakib Hasan,Electronics,Laptop,Wholesale,bKash,18,965.14,17372.52
10406,2025-03-17,Central,Lamia Sultana,Electronics,Headphones,Wholesale,Credit Card,21,56.47,1185.87
10407,2024-07-13,North,Farzana Islam,Grocery,Cooking Oil 1L,Distributor,bKash,14,3.22,45.08
10408,2024-02-20,East,Shakil Rahman,Stationery,Backpack,Retail Store,Credit Card,13,41.72,542.36
10409,2024-03-30,North,Mim Akter,Grocery,Cooking Oil 1L,Online,Bank Transfer,10,3.32,33.2
10410,2024-06-23,South,Farzana Islam,Stationery,Desk Organizer,Online,bKash,21,17.51,367.71
10411,2025-05-15,North,Shakil Rahman,Electronics,Tablet,Wholesale,Bank Transfer,22,289.88,6377.36
10412,2024-07-10,South,Mim Akter,Stationery,Desk Organizer,Wholesale,Cash,15,16.4,246.0
10413,2024-03-04,East,Nusrat Jahan,Grocery,Coffee Jar,Distributor,Nagad,5,7.62,38.1
10414,2024-08-20,East,Arif Hossain,Electronics,Laptop,Wholesale,Nagad,18,777.96,14003.28
10415,2024-08-29,West,Arif Hossain,Grocery,Snack Box,Wholesale,Nagad,16,4.87,77.92
10416,2025-04-04,Central,Lamia Sultana,Grocery,Rice 5kg,Retail Store,Credit Card,6,9.1,54.6
10417,2024-03-21,South,Rakib Hasan,Furniture,Desk,Online,Bank Transfer,22,181.59,3994.98
10418,2025-02-01,East,Mim Akter,Furniture,Dining Table,Online,Credit Card,18,349.77,6295.86
10419,2025-08-24,Central,Sadia Chowdhury,Apparel,Jacket,Online,Nagad,17,71.2,1210.4
10420,2025-07-30,South,Rakib Hasan,Electronics,Tablet,Online,Credit Card,25,277.57,6939.25
10421,2025-11-01,East,Imran Kabir,Apparel,Cap,Distributor,Bank Transfer,16,10.43,166.88
10422,2025-09-25,South,Shakil Rahman,Grocery,Rice 5kg,Wholesale,bKash,20,8.56,171.2
10423,2025-05-01,West,Mim Akter,Grocery,Rice 5kg,Retail Store,Credit Card,9,8.99,80.91
10424,2025-12-13,East,Shakil Rahman,Electronics,Headphones,Distributor,Bank Transfer,22,55.47,1220.34
10425,2025-03-02,East,Sadia Chowdhury,Furniture,Desk,Distributor,Cash,20,191.05,3821.0
10426,2025-01-17,South,Imran Kabir,Furniture,Sofa,Wholesale,Nagad,2,462.97,925.94
10427,2025-06-20,East,Arif Hossain,Furniture,Office Chair,Wholesale,bKash,19,108.87,2068.53
10428,2024-02-21,North,Nusrat Jahan,Furniture,Desk,Online,Bank Transfer,12,193.71,2324.52
10429,2025-11-28,West,Arif Hossain,Apparel,Jacket,Wholesale,Credit Card,1,62.43,62.43
10430,2025-07-18,West,Rakib Hasan,Grocery,Snack Box,Wholesale,Nagad,12,4.93,59.16
10431,2024-06-15,East,Tanvir Ahmed,Apparel,T-Shirt,Wholesale,Credit Card,19,16.42,311.98
10432,2025-06-09,South,Nusrat Jahan,Furniture,Desk,Distributor,Bank Transfer,1,200.91,200.91
10433,2024-09-15,South,Rakib Hasan,Electronics,Tablet,Online,bKash,20,330.38,6607.6
10434,2024-09-15,West,Imran Kabir,Apparel,Jacket,Distributor,Bank Transfer,7,66.08,462.56
10435,2025-11-09,Central,Farzana Islam,Stationery,Desk Organizer,Online,Nagad,12,18.73,224.76
10436,2024-12-10,East,Farzana Islam,Stationery,Backpack,Wholesale,Credit Card,9,42.41,381.69
10437,2024-09-03,East,Nusrat Jahan,Apparel,Jacket,Retail Store,Nagad,2,71.59,143.18
10438,2024-10-29,East,Rakib Hasan,Stationery,Desk Organizer,Online,Bank Transfer,9,20.28,182.52
10439,2025-12-31,North,Lamia Sultana,Grocery,Coffee Jar,Retail Store,Cash,8,7.5,60.0
10440,2024-07-04,Central,Shakil Rahman,Grocery,Tea Pack,Retail Store,Nagad,10,3.7,37.0
10441,2024-08-15,Central,Rakib Hasan,Furniture,Bookshelf,Distributor,Credit Card,12,86.02,1032.24
10442,2024-10-28,East,Mim Akter,Apparel,Sneakers,Distributor,Nagad,15,61.2,918.0
10443,2024-07-18,Central,Lamia Sultana,Grocery,Rice 5kg,Online,Bank Transfer,17,7.44,126.48
10444,2024-05-20,East,Imran Kabir,Grocery,Snack Box,Online,bKash,7,4.93,34.51
10445,2025-05-14,South,Mim Akter,Stationery,Desk Organizer,Retail Store,Credit Card,11,19.04,209.44
10446,2024-08-02,North,Tanvir Ahmed,Furniture,Bookshelf,Wholesale,Cash,25,98.4,2460.0
10447,2025-03-20,West,Farzana Islam,Stationery,Pen Set,Retail Store,Nagad,21,6.04,126.84
10448,2024-07-23,West,Tanvir Ahmed,Grocery,Coffee Jar,Online,Nagad,24,6.95,166.8
10449,2025-10-03,Central,Nusrat Jahan,Electronics,Headphones,Online,Credit Card,24,57.73,1385.52
10450,2025-08-25,South,Farzana Islam,Apparel,Jacket,Wholesale,Nagad,10,61.21,612.1
10451,2025-12-04,East,Sadia Chowdhury,Electronics,Headphones,Distributor,Bank Transfer,5,59.14,295.7
10452,2024-08-21,South,Rakib Hasan,Grocery,Tea Pack,Wholesale,Credit Card,8,4.33,34.64
10453,2025-01-10,North,Lamia Sultana,Furniture,Desk,Retail Store,Credit Card,23,191.27,4399.21
10454,2024-02-19,East,Arif Hossain,Electronics,Tablet,Online,Nagad,22,278.11,6118.42
10455,2024-05-06,North,Imran Kabir,Electronics,Laptop,Wholesale,Bank Transfer,18,818.71,14736.78
10456,2025-11-09,North,Shakil Rahman,Furniture,Desk,Wholesale,Credit Card,17,174.15,2960.55
10457,2024-04-26,West,Farzana Islam,Stationery,Pen Set,Online,Cash,4,6.15,24.6
10458,2025-12-21,East,Arif Hossain,Stationery,Pen Set,Retail Store,Cash,14,5.84,81.76
10459,2024-08-28,West,Nusrat Jahan,Electronics,Smartwatch,Wholesale,Cash,1,135.48,135.48
10460,2025-06-07,Central,Sadia Chowdhury,Electronics,Laptop,Retail Store,Credit Card,3,918.76,2756.28
10461,2025-04-20,South,Sadia Chowdhury,Electronics,Headphones,Distributor,Cash,2,55.5,111.0
10462,2024-04-28,East,Mim Akter,Furniture,Office Chair,Distributor,Bank Transfer,4,133.54,534.16
10463,2025-03-24,South,Rakib Hasan,Electronics,Laptop,Distributor,Cash,20,822.02,16440.4
10464,2025-02-13,East,Rakib Hasan,Electronics,Headphones,Online,Bank Transfer,15,58.08,871.2
10465,2025-12-13,West,Rakib Hasan,Grocery,Coffee Jar,Online,bKash,24,6.4,153.6
10466,2025-11-25,West,Lamia Sultana,Furniture,Office Chair,Wholesale,Nagad,15,113.44,1701.6
10467,2025-05-14,Central,Tanvir Ahmed,Grocery,Tea Pack,Retail Store,Bank Transfer,4,4.49,17.96
10468,2025-12-22,North,Shakil Rahman,Grocery,Rice 5kg,Distributor,Credit Card,22,8.25,181.5
10469,2025-11-08,East,Arif Hossain,Stationery,Pen Set,Online,Bank Transfer,24,5.77,138.48
10470,2025-10-20,South,Arif Hossain,Apparel,Sneakers,Online,Credit Card,6,56.45,338.7
10471,2024-09-03,South,Farzana Islam,Grocery,Coffee Jar,Wholesale,Cash,11,8.0,88.0
10472,2024-08-28,South,Arif Hossain,Electronics,Smartwatch,Wholesale,Bank Transfer,3,152.22,456.66
10473,2024-05-01,North,Sadia Chowdhury,Stationery,Desk Organizer,Wholesale,Cash,16,19.55,312.8
10474,2025-07-16,West,Imran Kabir,Electronics,Laptop,Online,Nagad,1,940.51,940.51
10475,2024-12-15,Central,Arif Hossain,Stationery,Backpack,Retail Store,Bank Transfer,12,44.25,531.0
10476,2025-04-08,East,Arif Hossain,Furniture,Sofa,Wholesale,Cash,4,415.96,1663.84
10477,2025-06-18,East,Mim Akter,Furniture,Office Chair,Distributor,Nagad,12,129.06,1548.72
10478,2024-09-17,West,Rakib Hasan,Electronics,Smartphone,Wholesale,Credit Card,20,379.59,7591.8
10479,2024-04-20,South,Sadia Chowdhury,Electronics,Tablet,Retail Store,Cash,25,301.09,7527.25
10480,2024-01-05,West,Sadia Chowdhury,Stationery,Notebook,Retail Store,Bank Transfer,17,2.17,36.89
10481,2024-06-26,Central,Sadia Chowdhury,Stationery,Desk Organizer,Retail Store,Nagad,24,19.87,476.88
10482,2025-01-28,Central,Lamia Sultana,Electronics,Tablet,Distributor,Nagad,14,343.46,4808.44
10483,2024-05-16,West,Mim Akter,Furniture,Bookshelf,Distributor,Bank Transfer,5,90.29,451.45
10484,2024-08-02,Central,Mim Akter,Stationery,Backpack,Retail Store,bKash,20,43.14,862.8
10485,2024-12-26,South,Arif Hossain,Apparel,Jeans,Distributor,Credit Card,18,35.7,642.6
10486,2025-06-19,Central,Shakil Rahman,Stationery,Desk Organizer,Wholesale,Credit Card,4,16.31,65.24
10487,2024-10-20,North,Nusrat Jahan,Furniture,Office Chair,Distributor,bKash,22,115.52,2541.44
10488,2025-04-08,East,Nusrat Jahan,Electronics,Monitor,Online,Cash,4,231.89,927.56
10489,2025-12-13,Central,Imran Kabir,Stationery,Pen Set,Retail Store,Nagad,10,6.44,64.4
10490,2024-02-25,West,Imran Kabir,Electronics,Tablet,Distributor,Nagad,1,325.78,325.78
10491,2025-07-13,West,Nusrat Jahan,Furniture,Dining Table,Distributor,Nagad,24,367.8,8827.2
10492,2024-06-26,West,Rakib Hasan,Furniture,Bookshelf,Online,bKash,24,92.56,2221.44
10493,2024-06-13,West,Shakil Rahman,Grocery,Rice 5kg,Distributor,bKash,19,8.89,168.91
10494,2024-11-26,West,Rakib Hasan,Electronics,Headphones,Online,bKash,20,54.76,1095.2
10495,2025-12-25,West,Lamia Sultana,Stationery,Backpack,Distributor,Credit Card,11,41.25,453.75
10496,2025-07-10,North,Arif Hossain,Furniture,Dining Table,Retail Store,Bank Transfer,18,350.3,6305.4
10497,2024-10-27,South,Mim Akter,Apparel,Jeans,Distributor,Cash,7,39.82,278.74
10498,2025-04-01,Central,Tanvir Ahmed,Stationery,Desk Organizer,Online,Cash,8,20.27,162.16
10499,2025-01-30,North,Mim Akter,Stationery,Pen Set,Wholesale,Credit Card,9,6.21,55.89
10500,2024-02-14,Central,Mim Akter,Apparel,T-Shirt,Wholesale,Bank Transfer,10,16.87,168.7
10501,2025-07-04,Central,Farzana Islam,Furniture,Bookshelf,Online,bKash,18,81.16,1460.88
10502,2025-07-04,South,Imran Kabir,Electronics,Smartphone,Online,bKash,23,447.86,10300.78
10503,2024-02-08,South,Tanvir Ahmed,Grocery,Rice 5kg,Wholesale,Cash,3,7.35,22.05
10504,2025-02-21,Central,Farzana Islam,Furniture,Bookshelf,Retail Store,Cash,13,91.15,1184.95
10505,2025-07-01,East,Tanvir Ahmed,Grocery,Coffee Jar,Wholesale,Credit Card,1,7.42,7.42
10506,2025-05-29,Central,Tanvir Ahmed,Stationery,Notebook,Online,Cash,4,1.94,7.76
10507,2025-02-08,North,Shakil Rahman,Apparel,Cap,Wholesale,Bank Transfer,22,9.08,199.76
10508,2024-10-29,South,Rakib Hasan,Furniture,Dining Table,Wholesale,Nagad,21,327.61,6879.81
10509,2024-02-12,Central,Arif Hossain,Apparel,T-Shirt,Retail Store,Credit Card,1,15.65,15.65
10510,2024-12-18,Central,Farzana Islam,Grocery,Snack Box,Distributor,bKash,7,5.02,35.14
10511,2024-09-15,South,Rakib Hasan,Stationery,Pen Set,Retail Store,Nagad,7,5.57,38.99
10512,2025-11-18,Central,Sadia Chowdhury,Stationery,Notebook,Online,Cash,3,1.93,5.79
10513,2025-11-18,West,Mim Akter,Furniture,Dining Table,Distributor,bKash,21,335.52,7045.92
10514,2025-04-06,North,Nusrat Jahan,Apparel,Cap,Distributor,Bank Transfer,11,10.54,115.94
10515,2025-03-14,South,Lamia Sultana,Apparel,Cap,Distributor,Cash,6,9.01,54.06
10516,2025-11-26,West,Shakil Rahman,Furniture,Desk,Distributor,bKash,24,176.92,4246.08
10517,2025-07-18,West,Mim Akter,Grocery,Coffee Jar,Distributor,Bank Transfer,4,6.61,26.44
10518,2025-10-03,East,Rakib Hasan,Stationery,Notebook,Retail Store,Cash,3,2.16,6.48
10519,2024-08-05,North,Lamia Sultana,Electronics,Smartwatch,Wholesale,Nagad,2,155.68,311.36
10520,2025-08-26,South,Mim Akter,Stationery,Desk Organizer,Wholesale,bKash,24,20.06,481.44
10521,2025-01-07,Central,Arif Hossain,Furniture,Sofa,Online,Bank Transfer,17,406.19,6905.23
10522,2024-06-12,South,Arif Hossain,Furniture,Dining Table,Retail Store,Bank Transfer,6,364.56,2187.36
10523,2025-05-14,West,Mim Akter,Stationery,Pen Set,Online,bKash,8,5.49,43.92
10524,2025-04-25,North,Nusrat Jahan,Apparel,Jeans,Distributor,Bank Transfer,15,39.21,588.15
10525,2025-08-15,East,Farzana Islam,Electronics,Monitor,Distributor,Cash,18,229.36,4128.48
10526,2024-09-14,East,Lamia Sultana,Grocery,Coffee Jar,Online,Nagad,13,8.0,104.0
10527,2025-05-08,West,Mim Akter,Furniture,Dining Table,Distributor,Bank Transfer,20,315.58,6311.6
10528,2025-10-20,South,Nusrat Jahan,Furniture,Sofa,Online,Nagad,9,428.8,3859.2
10529,2025-02-28,East,Lamia Sultana,Furniture,Desk,Online,bKash,11,194.41,2138.51
10530,2024-01-23,West,Nusrat Jahan,Grocery,Coffee Jar,Retail Store,Bank Transfer,8,6.38,51.04
10531,2024-05-30,South,Arif Hossain,Stationery,Pen Set,Online,Nagad,2,5.65,11.3
10532,2024-03-28,West,Lamia Sultana,Furniture,Dining Table,Online,Cash,7,354.31,2480.17
10533,2024-05-26,South,Nusrat Jahan,Grocery,Coffee Jar,Wholesale,Nagad,19,7.74,147.06
10534,2025-04-09,Central,Shakil Rahman,Furniture,Dining Table,Retail Store,Cash,20,366.68,7333.6
10535,2024-07-26,West,Rakib Hasan,Furniture,Sofa,Online,Credit Card,17,501.7,8528.9
10536,2025-05-02,South,Lamia Sultana,Stationery,Desk Organizer,Online,bKash,20,18.9,378.0
10537,2025-07-06,North,Sadia Chowdhury,Stationery,Notebook,Retail Store,Nagad,1,2.25,2.25
10538,2025-03-15,West,Mim Akter,Grocery,Snack Box,Online,Nagad,8,5.67,45.36
10539,2024-05-17,East,Lamia Sultana,Grocery,Coffee Jar,Online,Bank Transfer,9,7.13,64.17
10540,2024-07-12,East,Lamia Sultana,Furniture,Office Chair,Wholesale,Cash,1,129.27,129.27
10541,2025-11-01,Central,Farzana Islam,Electronics,Smartwatch,Online,Bank Transfer,7,160.79,1125.53
10542,2025-10-29,East,Farzana Islam,Apparel,Sneakers,Retail Store,Bank Transfer,19,52.99,1006.81
10543,2024-07-27,Central,Mim Akter,Stationery,Desk Organizer,Distributor,Bank Transfer,14,18.68,261.52
10544,2024-11-10,South,Mim Akter,Stationery,Desk Organizer,Wholesale,Cash,19,17.75,337.25
10545,2024-04-12,North,Nusrat Jahan,Grocery,Cooking Oil 1L,Wholesale,bKash,7,3.08,21.56
10546,2025-10-13,Central,Tanvir Ahmed,Apparel,Cap,Retail Store,Bank Transfer,1,11.01,11.01
10547,2024-09-26,Central,Imran Kabir,Furniture,Sofa,Online,Credit Card,8,446.72,3573.76
10548,2024-02-28,West,Imran Kabir,Stationery,Notebook,Distributor,Nagad,25,2.21,55.25
10549,2024-02-04,North,Nusrat Jahan,Grocery,Coffee Jar,Distributor,bKash,20,7.19,143.8
10550,2025-11-01,South,Tanvir Ahmed,Furniture,Dining Table,Distributor,bKash,1,400.37,400.37
10551,2025-08-23,West,Mim Akter,Electronics,Headphones,Wholesale,Bank Transfer,7,61.77,432.39
10552,2024-10-10,Central,Shakil Rahman,Electronics,Laptop,Distributor,Cash,8,893.85,7150.8
10553,2024-06-28,West,Lamia Sultana,Furniture,Sofa,Online,Cash,14,461.95,6467.3
10554,2025-06-09,Central,Shakil Rahman,Stationery,Notebook,Distributor,Credit Card,9,2.24,20.16
10555,2024-12-13,West,Imran Kabir,Stationery,Backpack,Wholesale,bKash,25,40.59,1014.75
10556,2024-03-10,North,Sadia Chowdhury,Grocery,Snack Box,Online,Cash,13,5.29,68.77
10557,2025-07-02,East,Imran Kabir,Furniture,Desk,Distributor,Nagad,1,193.54,193.54
10558,2024-03-18,East,Farzana Islam,Apparel,Jeans,Wholesale,Cash,18,39.65,713.7
10559,2025-11-30,East,Nusrat Jahan,Grocery,Tea Pack,Distributor,bKash,7,4.1,28.7
10560,2024-07-26,South,Shakil Rahman,Furniture,Desk,Retail Store,bKash,8,199.64,1597.12
10561,2025-09-20,North,Farzana Islam,Apparel,Jeans,Online,Bank Transfer,1,38.19,38.19
10562,2025-08-11,West,Mim Akter,Stationery,Notebook,Distributor,Bank Transfer,9,2.05,18.45
10563,2025-06-22,West,Nusrat Jahan,Stationery,Backpack,Retail Store,Credit Card,14,40.78,570.92
10564,2025-04-13,Central,Mim Akter,Stationery,Notebook,Wholesale,bKash,4,2.15,8.6
10565,2025-08-17,North,Tanvir Ahmed,Grocery,Tea Pack,Retail Store,Bank Transfer,4,3.93,15.72
10566,2024-10-02,South,Arif Hossain,Stationery,Backpack,Distributor,bKash,16,45.59,729.44
10567,2025-03-05,South,Sadia Chowdhury,Apparel,Jacket,Wholesale,bKash,23,70.72,1626.56
10568,2024-05-14,East,Sadia Chowdhury,Apparel,Sneakers,Retail Store,Nagad,19,58.93,1119.67
10569,2024-07-19,East,Nusrat Jahan,Electronics,Monitor,Wholesale,Bank Transfer,5,242.0,1210.0
10570,2024-05-17,North,Rakib Hasan,Furniture,Sofa,Wholesale,Bank Transfer,21,463.16,9726.36
10571,2024-04-11,East,Shakil Rahman,Apparel,Sneakers,Online,Bank Transfer,23,51.75,1190.25
10572,2024-09-23,West,Farzana Islam,Furniture,Bookshelf,Wholesale,Cash,12,89.11,1069.32
10573,2024-12-25,East,Tanvir Ahmed,Stationery,Backpack,Wholesale,Credit Card,22,45.63,1003.86
10574,2024-12-29,Central,Arif Hossain,Furniture,Dining Table,Retail Store,Cash,11,373.9,4112.9
10575,2025-10-08,North,Imran Kabir,Grocery,Coffee Jar,Distributor,Bank Transfer,5,7.82,39.1
10576,2024-03-22,Central,Lamia Sultana,Apparel,Sneakers,Wholesale,Credit Card,6,54.22,325.32
10577,2025-03-31,East,Shakil Rahman,Apparel,Jacket,Wholesale,Cash,25,72.52,1813.0
10578,2024-07-07,Central,Sadia Chowdhury,Apparel,Cap,Wholesale,bKash,1,9.31,9.31
10579,2024-04-15,North,Nusrat Jahan,Furniture,Bookshelf,Retail Store,Bank Transfer,4,82.44,329.76
10580,2024-03-26,North,Tanvir Ahmed,Grocery,Snack Box,Wholesale,Nagad,4,4.83,19.32
10581,2024-10-17,West,Shakil Rahman,Furniture,Office Chair,Retail Store,bKash,15,126.79,1901.85
10582,2024-11-29,South,Tanvir Ahmed,Furniture,Dining Table,Online,Cash,16,355.88,5694.08
10583,2024-06-30,Central,Sadia Chowdhury,Stationery,Backpack,Retail Store,Nagad,19,41.98,797.62
10584,2025-05-08,Central,Arif Hossain,Stationery,Desk Organizer,Distributor,Cash,18,17.22,309.96
10585,2024-06-08,East,Mim Akter,Electronics,Tablet,Wholesale,Cash,10,270.79,2707.9
10586,2024-01-09,East,Shakil Rahman,Stationery,Pen Set,Wholesale,Nagad,23,6.78,155.94
10587,2024-08-24,North,Imran Kabir,Grocery,Tea Pack,Distributor,Nagad,1,4.15,4.15
10588,2024-06-16,Central,Imran Kabir,Furniture,Sofa,Wholesale,bKash,23,487.93,11222.39
10589,2025-10-02,South,Shakil Rahman,Grocery,Coffee Jar,Online,Bank Transfer,8,7.2,57.6
10590,2024-07-11,East,Arif Hossain,Stationery,Backpack,Distributor,Bank Transfer,3,37.82,113.46
10591,2025-12-18,West,Lamia Sultana,Apparel,T-Shirt,Wholesale,Cash,20,15.34,306.8
10592,2024-04-14,South,Tanvir Ahmed,Apparel,T-Shirt,Online,bKash,10,14.51,145.1
10593,2025-05-20,South,Farzana Islam,Grocery,Rice 5kg,Retail Store,Credit Card,7,7.88,55.16
10594,2024-03-23,East,Sadia Chowdhury,Apparel,Sneakers,Online,Cash,25,62.59,1564.75
10595,2024-07-15,West,Farzana Islam,Electronics,Headphones,Wholesale,bKash,9,66.26,596.34
10596,2024-02-04,South,Imran Kabir,Electronics,Laptop,Wholesale,bKash,7,862.93,6040.51
10597,2024-11-26,South,Sadia Chowdhury,Electronics,Smartwatch,Wholesale,Cash,6,158.59,951.54
10598,2025-05-07,Central,Arif Hossain,Electronics,Monitor,Online,Cash,21,214.43,4503.03
10599,2024-11-28,South,Farzana Islam,Apparel,T-Shirt,Retail Store,Bank Transfer,1,14.13,14.13
10600,2024-02-13,North,Imran Kabir,Apparel,Cap,Retail Store,Credit Card,19,10.96,208.24
10601,2024-06-10,South,Mim Akter,Grocery,Snack Box,Online,bKash,16,4.61,73.76
10602,2025-12-19,North,Tanvir Ahmed,Stationery,Backpack,Distributor,bKash,18,43.91,790.38
10603,2024-07-16,South,Mim Akter,Furniture,Sofa,Distributor,Bank Transfer,1,482.54,482.54
10604,2025-07-26,East,Tanvir Ahmed,Apparel,Jeans,Wholesale,Bank Transfer,10,36.25,362.5
10605,2025-04-24,Central,Rakib Hasan,Grocery,Cooking Oil 1L,Distributor,Cash,9,3.35,30.15
10606,2024-10-29,North,Arif Hossain,Stationery,Pen Set,Retail Store,Bank Transfer,9,6.21,55.89
10607,2025-09-26,Central,Imran Kabir,Grocery,Rice 5kg,Retail Store,Credit Card,12,8.75,105.0
10608,2025-06-20,North,Arif Hossain,Furniture,Bookshelf,Wholesale,bKash,22,92.19,2028.18
10609,2025-10-18,Central,Shakil Rahman,Stationery,Pen Set,Distributor,Bank Transfer,11,5.57,61.27
10610,2024-07-25,North,Rakib Hasan,Stationery,Notebook,Retail Store,Credit Card,4,2.04,8.16
10611,2025-09-30,Central,Imran Kabir,Electronics,Laptop,Wholesale,Nagad,23,890.44,20480.12
10612,2024-08-01,South,Lamia Sultana,Electronics,Headphones,Online,Credit Card,21,61.37,1288.77
10613,2025-12-26,North,Mim Akter,Electronics,Tablet,Wholesale,Cash,2,331.77,663.54
10614,2024-08-09,North,Farzana Islam,Apparel,Cap,Distributor,Credit Card,17,9.24,157.08
10615,2025-11-03,West,Nusrat Jahan,Furniture,Dining Table,Retail Store,Nagad,8,364.88,2919.04
10616,2025-01-01,Central,Imran Kabir,Furniture,Dining Table,Online,Nagad,22,355.14,7813.08
10617,2024-12-11,South,Rakib Hasan,Grocery,Rice 5kg,Wholesale,Nagad,22,7.52,165.44
10618,2025-02-26,East,Mim Akter,Stationery,Desk Organizer,Distributor,Cash,25,19.05,476.25
10619,2025-07-17,South,Lamia Sultana,Apparel,Cap,Retail Store,Bank Transfer,24,9.64,231.36
10620,2025-09-02,West,Tanvir Ahmed,Grocery,Coffee Jar,Online,Cash,1,7.21,7.21
10621,2024-01-23,East,Nusrat Jahan,Apparel,T-Shirt,Retail Store,Cash,25,16.58,414.5
10622,2024-02-08,Central,Arif Hossain,Apparel,Cap,Retail Store,Credit Card,15,9.89,148.35
10623,2024-09-19,East,Lamia Sultana,Furniture,Bookshelf,Retail Store,bKash,10,83.07,830.7
10624,2024-06-26,South,Farzana Islam,Grocery,Snack Box,Distributor,Bank Transfer,16,5.53,88.48
10625,2025-01-25,Central,Shakil Rahman,Stationery,Notebook,Online,Nagad,3,2.19,6.57
10626,2025-10-30,West,Imran Kabir,Apparel,Jacket,Online,bKash,20,73.59,1471.8
10627,2025-07-06,East,Arif Hossain,Grocery,Rice 5kg,Online,Cash,19,7.5,142.5
10628,2025-09-01,South,Tanvir Ahmed,Stationery,Pen Set,Wholesale,Bank Transfer,19,6.16,117.04
10629,2024-12-10,East,Imran Kabir,Furniture,Sofa,Retail Store,bKash,3,458.53,1375.59
10630,2025-05-28,West,Shakil Rahman,Electronics,Smartwatch,Online,Bank Transfer,14,164.02,2296.28
10631,2025-02-08,West,Arif Hossain,Furniture,Desk,Retail Store,Bank Transfer,21,187.71,3941.91
10632,2024-11-27,South,Farzana Islam,Stationery,Pen Set,Distributor,Bank Transfer,22,6.79,149.38
10633,2024-07-14,West,Imran Kabir,Electronics,Laptop,Distributor,Cash,11,838.21,9220.31
10634,2024-05-29,South,Mim Akter,Electronics,Headphones,Wholesale,Nagad,15,54.67,820.05
10635,2024-02-25,East,Rakib Hasan,Furniture,Desk,Online,Credit Card,8,204.7,1637.6
10636,2025-04-05,North,Mim Akter,Furniture,Bookshelf,Online,Cash,16,81.51,1304.16
10637,2025-05-09,South,Nusrat Jahan,Furniture,Dining Table,Distributor,Nagad,20,378.87,7577.4
10638,2024-06-23,West,Lamia Sultana,Furniture,Office Chair,Online,Cash,2,116.52,233.04
10639,2025-02-01,North,Sadia Chowdhury,Stationery,Backpack,Online,Credit Card,22,38.71,851.62
10640,2025-01-24,North,Shakil Rahman,Apparel,T-Shirt,Wholesale,bKash,17,17.16,291.72
10641,2024-07-22,West,Lamia Sultana,Electronics,Headphones,Online,bKash,17,68.5,1164.5
10642,2025-05-16,North,Nusrat Jahan,Stationery,Notebook,Distributor,Cash,13,2.17,28.21
10643,2025-05-28,East,Mim Akter,Electronics,Headphones,Distributor,bKash,9,66.18,595.62
10644,2024-06-04,North,Arif Hossain,Apparel,Sneakers,Distributor,bKash,11,61.84,680.24
10645,2024-09-03,West,Arif Hossain,Furniture,Office Chair,Retail Store,Bank Transfer,19,112.58,2139.02
10646,2025-10-30,East,Sadia Chowdhury,Apparel,Cap,Retail Store,bKash,5,10.45,52.25
10647,2024-05-28,East,Arif Hossain,Furniture,Desk,Retail Store,Bank Transfer,21,203.99,4283.79
10648,2024-11-21,North,Arif Hossain,Furniture,Bookshelf,Online,bKash,5,97.36,486.8
10649,2024-06-04,West,Shakil Rahman,Apparel,Sneakers,Wholesale,Cash,25,52.08,1302.0
10650,2025-08-03,North,Lamia Sultana,Furniture,Desk,Distributor,Nagad,20,172.39,3447.8
10651,2024-05-17,North,Mim Akter,Furniture,Desk,Online,Bank Transfer,17,200.08,3401.36
10652,2024-05-20,South,Imran Kabir,Grocery,Tea Pack,Wholesale,Bank Transfer,6,3.79,22.74
10653,2025-11-18,North,Shakil Rahman,Electronics,Tablet,Wholesale,bKash,7,326.83,2287.81
10654,2025-04-13,West,Lamia Sultana,Electronics,Smartphone,Wholesale,Cash,8,402.76,3222.08
10655,2025-08-08,West,Mim Akter,Electronics,Smartwatch,Wholesale,Nagad,20,155.11,3102.2
10656,2024-09-08,North,Sadia Chowdhury,Electronics,Smartwatch,Wholesale,Credit Card,17,155.17,2637.89
10657,2024-10-25,West,Arif Hossain,Electronics,Smartwatch,Online,bKash,15,149.93,2248.95
10658,2025-09-19,West,Rakib Hasan,Apparel,Jacket,Wholesale,Cash,2,69.71,139.42
10659,2025-08-22,West,Farzana Islam,Furniture,Sofa,Online,bKash,23,466.47,10728.81
10660,2025-04-09,East,Sadia Chowdhury,Grocery,Coffee Jar,Online,bKash,19,7.87,149.53
10661,2024-05-06,North,Shakil Rahman,Furniture,Sofa,Distributor,bKash,3,417.84,1253.52
10662,2025-09-18,North,Arif Hossain,Grocery,Tea Pack,Wholesale,Nagad,6,3.98,23.88
10663,2024-05-28,South,Mim Akter,Grocery,Rice 5kg,Retail Store,bKash,6,8.74,52.44
10664,2025-10-03,East,Shakil Rahman,Electronics,Tablet,Wholesale,Cash,6,278.82,1672.92
10665,2025-04-14,North,Lamia Sultana,Furniture,Desk,Distributor,Credit Card,16,200.49,3207.84
10666,2025-08-25,Central,Sadia Chowdhury,Stationery,Notebook,Retail Store,bKash,22,2.04,44.88
10667,2025-07-14,North,Lamia Sultana,Grocery,Coffee Jar,Online,bKash,9,7.38,66.42
10668,2025-10-30,North,Rakib Hasan,Stationery,Pen Set,Retail Store,Credit Card,12,5.46,65.52
10669,2024-03-30,Central,Lamia Sultana,Electronics,Monitor,Distributor,Cash,2,203.99,407.98
10670,2025-08-15,East,Lamia Sultana,Furniture,Desk,Retail Store,Bank Transfer,12,203.92,2447.04
10671,2025-03-13,East,Mim Akter,Electronics,Headphones,Wholesale,Credit Card,18,54.97,989.46
10672,2025-02-27,North,Shakil Rahman,Grocery,Cooking Oil 1L,Distributor,Nagad,17,2.86,48.62
10673,2025-12-06,North,Farzana Islam,Furniture,Dining Table,Online,Bank Transfer,20,396.72,7934.4
10674,2025-08-11,Central,Mim Akter,Apparel,Sneakers,Distributor,Nagad,20,54.37,1087.4
10675,2024-07-03,Central,Sadia Chowdhury,Furniture,Dining Table,Wholesale,Bank Transfer,20,335.36,6707.2
10676,2025-10-02,North,Farzana Islam,Apparel,Jeans,Online,Bank Transfer,4,37.95,151.8
10677,2024-12-24,West,Imran Kabir,Furniture,Dining Table,Online,Cash,18,385.53,6939.54
10678,2024-11-11,South,Shakil Rahman,Furniture,Office Chair,Distributor,Credit Card,10,123.2,1232.0
10679,2025-08-05,North,Mim Akter,Apparel,T-Shirt,Distributor,Bank Transfer,20,17.1,342.0
10680,2024-02-06,East,Mim Akter,Furniture,Desk,Wholesale,Bank Transfer,21,168.11,3530.31
10681,2024-02-27,Central,Mim Akter,Furniture,Sofa,Wholesale,Bank Transfer,17,438.68,7457.56
10682,2025-12-02,Central,Tanvir Ahmed,Apparel,Cap,Retail Store,Nagad,11,11.0,121.0
10683,2025-01-19,South,Shakil Rahman,Apparel,T-Shirt,Online,Cash,21,15.5,325.5
10684,2024-04-29,Central,Imran Kabir,Furniture,Dining Table,Retail Store,Nagad,25,341.97,8549.25
10685,2024-08-31,East,Imran Kabir,Apparel,T-Shirt,Online,Bank Transfer,12,15.19,182.28
10686,2025-01-18,Central,Shakil Rahman,Apparel,Jeans,Retail Store,Credit Card,2,38.31,76.62
10687,2024-06-06,Central,Tanvir Ahmed,Electronics,Tablet,Wholesale,Nagad,7,295.51,2068.57
10688,2025-06-12,East,Mim Akter,Grocery,Snack Box,Retail Store,Credit Card,22,5.74,126.28
10689,2024-11-14,West,Imran Kabir,Furniture,Office Chair,Online,Credit Card,2,128.61,257.22
10690,2025-06-17,East,Sadia Chowdhury,Stationery,Notebook,Online,Credit Card,25,2.13,53.25
10691,2024-07-24,Central,Shakil Rahman,Apparel,T-Shirt,Retail Store,Cash,7,14.57,101.99
10692,2024-06-10,West,Farzana Islam,Stationery,Backpack,Distributor,bKash,9,37.14,334.26
10693,2024-11-22,South,Arif Hossain,Stationery,Notebook,Distributor,Nagad,9,1.87,16.83
10694,2025-09-19,South,Rakib Hasan,Apparel,Cap,Online,Cash,11,10.35,113.85
10695,2025-01-27,North,Sadia Chowdhury,Electronics,Smartphone,Online,Credit Card,2,368.61,737.22
10696,2024-12-30,Central,Lamia Sultana,Grocery,Cooking Oil 1L,Wholesale,Nagad,10,2.95,29.5
10697,2025-12-16,North,Sadia Chowdhury,Furniture,Dining Table,Retail Store,Credit Card,15,323.51,4852.65
10698,2025-09-23,West,Nusrat Jahan,Apparel,Sneakers,Retail Store,bKash,9,62.05,558.45
10699,2024-01-31,East,Mim Akter,Grocery,Cooking Oil 1L,Wholesale,Bank Transfer,3,3.06,9.18
10700,2025-09-10,West,Rakib Hasan,Apparel,Sneakers,Distributor,Cash,19,51.25,973.75
10701,2025-06-29,North,Mim Akter,Electronics,Tablet,Online,Cash,15,300.06,4500.9
10702,2025-01-28,Central,Nusrat Jahan,Grocery,Cooking Oil 1L,Retail Store,Bank Transfer,3,2.96,8.88
10703,2025-12-11,West,Lamia Sultana,Stationery,Desk Organizer,Distributor,Nagad,8,16.98,135.84
10704,2025-09-02,Central,Sadia Chowdhury,Electronics,Monitor,Online,Nagad,15,215.9,3238.5
10705,2025-09-04,South,Shakil Rahman,Electronics,Tablet,Wholesale,Credit Card,4,321.41,1285.64
10706,2024-08-10,East,Sadia Chowdhury,Stationery,Desk Organizer,Online,Credit Card,5,20.19,100.95
10707,2025-09-22,South,Sadia Chowdhury,Electronics,Smartphone,Distributor,Bank Transfer,19,404.72,7689.68
10708,2024-12-18,East,Lamia Sultana,Furniture,Bookshelf,Distributor,Bank Transfer,3,94.11,282.33
10709,2025-07-16,South,Shakil Rahman,Stationery,Desk Organizer,Online,Cash,2,16.2,32.4
10710,2025-03-18,North,Shakil Rahman,Stationery,Backpack,Online,bKash,23,41.9,963.7
10711,2024-08-04,West,Imran Kabir,Apparel,Sneakers,Wholesale,Nagad,22,51.88,1141.36
10712,2024-06-06,Central,Imran Kabir,Furniture,Desk,Distributor,Bank Transfer,10,206.89,2068.9
10713,2025-05-13,North,Farzana Islam,Furniture,Desk,Online,bKash,22,181.65,3996.3
10714,2025-03-11,South,Imran Kabir,Furniture,Office Chair,Wholesale,Nagad,20,113.39,2267.8
10715,2024-08-19,Central,Sadia Chowdhury,Stationery,Desk Organizer,Wholesale,Cash,6,18.11,108.66
10716,2025-07-13,West,Nusrat Jahan,Electronics,Smartwatch,Distributor,Bank Transfer,19,148.76,2826.44
10717,2025-05-08,West,Mim Akter,Electronics,Smartwatch,Online,Nagad,23,138.0,3174.0
10718,2025-09-16,West,Arif Hossain,Stationery,Backpack,Online,Nagad,3,38.45,115.35
10719,2024-02-24,Central,Lamia Sultana,Electronics,Monitor,Distributor,Nagad,11,227.43,2501.73
10720,2024-12-05,West,Arif Hossain,Electronics,Tablet,Wholesale,Nagad,14,296.47,4150.58
10721,2024-09-23,South,Tanvir Ahmed,Apparel,Jacket,Distributor,Nagad,2,68.73,137.46
10722,2024-01-28,Central,Tanvir Ahmed,Stationery,Pen Set,Distributor,Nagad,10,6.13,61.3
10723,2025-09-22,North,Shakil Rahman,Furniture,Dining Table,Distributor,bKash,9,339.08,3051.72
10724,2024-06-03,North,Lamia Sultana,Apparel,T-Shirt,Retail Store,Nagad,22,15.17,333.74
10725,2024-02-03,South,Sadia Chowdhury,Furniture,Bookshelf,Retail Store,Nagad,11,103.14,1134.54
10726,2024-08-31,South,Sadia Chowdhury,Furniture,Dining Table,Wholesale,Bank Transfer,22,353.52,7777.44
10727,2024-04-28,Central,Mim Akter,Furniture,Desk,Online,Cash,2,169.54,339.08
10728,2025-11-30,East,Sadia Chowdhury,Grocery,Coffee Jar,Retail Store,Bank Transfer,23,6.98,160.54
10729,2025-04-04,Central,Imran Kabir,Apparel,Jeans,Online,Cash,13,37.44,486.72
10730,2025-09-17,North,Arif Hossain,Stationery,Notebook,Distributor,Bank Transfer,21,2.23,46.83
10731,2025-02-04,East,Farzana Islam,Apparel,Jacket,Distributor,Nagad,15,71.06,1065.9
10732,2024-11-16,South,Arif Hossain,Furniture,Dining Table,Distributor,bKash,18,315.93,5686.74
10733,2024-04-16,North,Imran Kabir,Electronics,Laptop,Online,Nagad,22,859.76,18914.72
10734,2025-09-26,East,Nusrat Jahan,Furniture,Bookshelf,Online,Credit Card,3,82.28,246.84
10735,2025-09-11,Central,Farzana Islam,Stationery,Pen Set,Online,Credit Card,5,5.96,29.8
10736,2025-04-23,North,Rakib Hasan,Stationery,Pen Set,Distributor,Cash,22,6.8,149.6
10737,2024-03-16,West,Mim Akter,Grocery,Tea Pack,Distributor,bKash,9,4.38,39.42
10738,2024-07-01,East,Tanvir Ahmed,Grocery,Coffee Jar,Distributor,Cash,15,6.42,96.3
10739,2024-05-27,West,Rakib Hasan,Furniture,Dining Table,Wholesale,Credit Card,18,382.26,6880.68
10740,2024-02-05,North,Sadia Chowdhury,Furniture,Dining Table,Distributor,Credit Card,3,321.16,963.48
10741,2024-02-08,North,Sadia Chowdhury,Apparel,Sneakers,Retail Store,Credit Card,22,54.87,1207.14
10742,2025-12-25,West,Lamia Sultana,Furniture,Bookshelf,Online,Nagad,25,92.04,2301.0
10743,2025-01-28,North,Arif Hossain,Grocery,Coffee Jar,Retail Store,Credit Card,23,7.73,177.79
10744,2025-11-29,Central,Arif Hossain,Grocery,Rice 5kg,Distributor,Cash,10,8.0,80.0
10745,2024-10-23,Central,Mim Akter,Electronics,Headphones,Online,Bank Transfer,21,57.05,1198.05
10746,2024-04-19,West,Nusrat Jahan,Stationery,Notebook,Distributor,Bank Transfer,21,2.14,44.94
10747,2024-07-16,West,Nusrat Jahan,Grocery,Rice 5kg,Retail Store,Credit Card,1,8.64,8.64
10748,2025-10-20,West,Imran Kabir,Stationery,Pen Set,Online,Nagad,10,6.15,61.5
10749,2024-02-13,North,Mim Akter,Grocery,Rice 5kg,Online,Cash,13,7.44,96.72
10750,2024-02-07,Central,Rakib Hasan,Stationery,Desk Organizer,Retail Store,Credit Card,24,16.84,404.16
10751,2024-01-15,Central,Tanvir Ahmed,Electronics,Tablet,Retail Store,bKash,6,317.45,1904.7
10752,2024-03-06,West,Lamia Sultana,Apparel,T-Shirt,Retail Store,Nagad,4,13.93,55.72
10753,2025-11-25,North,Nusrat Jahan,Stationery,Pen Set,Wholesale,Cash,13,5.89,76.57
10754,2024-06-26,East,Nusrat Jahan,Stationery,Pen Set,Online,Nagad,11,5.49,60.39
10755,2024-06-17,West,Rakib Hasan,Apparel,Jeans,Distributor,Nagad,15,33.63,504.45
10756,2024-01-17,South,Farzana Islam,Stationery,Notebook,Wholesale,bKash,16,1.84,29.44
10757,2025-12-11,North,Lamia Sultana,Electronics,Smartphone,Distributor,Bank Transfer,25,407.6,10190.0
10758,2024-09-01,South,Shakil Rahman,Furniture,Desk,Wholesale,Bank Transfer,6,189.47,1136.82
10759,2024-12-22,South,Sadia Chowdhury,Electronics,Smartwatch,Online,Cash,14,135.17,1892.38
10760,2025-01-05,North,Arif Hossain,Furniture,Desk,Online,Nagad,25,206.41,5160.25
10761,2024-07-17,West,Nusrat Jahan,Stationery,Pen Set,Distributor,Credit Card,4,6.59,26.36
10762,2025-10-22,South,Rakib Hasan,Grocery,Coffee Jar,Online,Credit Card,12,6.8,81.6
10763,2024-04-16,East,Lamia Sultana,Grocery,Tea Pack,Wholesale,Credit Card,24,3.65,87.6
10764,2024-04-28,South,Tanvir Ahmed,Stationery,Pen Set,Wholesale,Nagad,3,6.74,20.22
10765,2025-11-24,Central,Mim Akter,Grocery,Snack Box,Wholesale,bKash,11,4.79,52.69
10766,2024-07-23,South,Farzana Islam,Electronics,Headphones,Retail Store,Bank Transfer,13,67.37,875.81
10767,2024-05-28,Central,Sadia Chowdhury,Electronics,Tablet,Online,Bank Transfer,7,339.59,2377.13
10768,2024-07-17,West,Mim Akter,Grocery,Cooking Oil 1L,Retail Store,Bank Transfer,21,2.97,62.37
10769,2024-03-02,East,Rakib Hasan,Apparel,Jeans,Online,Nagad,9,32.69,294.21
10770,2024-10-29,West,Rakib Hasan,Grocery,Coffee Jar,Distributor,bKash,20,6.57,131.4
10771,2025-02-25,Central,Arif Hossain,Stationery,Pen Set,Retail Store,Credit Card,17,6.13,104.21
10772,2025-03-14,West,Sadia Chowdhury,Furniture,Dining Table,Distributor,Credit Card,24,391.35,9392.4
10773,2024-06-01,West,Lamia Sultana,Furniture,Bookshelf,Retail Store,Nagad,19,101.21,1922.99
10774,2025-06-27,North,Sadia Chowdhury,Grocery,Rice 5kg,Online,Bank Transfer,13,8.16,106.08
10775,2024-01-13,West,Nusrat Jahan,Electronics,Tablet,Online,Nagad,23,324.88,7472.24
10776,2024-01-17,East,Shakil Rahman,Furniture,Desk,Retail Store,Credit Card,16,192.11,3073.76
10777,2025-04-19,Central,Lamia Sultana,Furniture,Sofa,Online,Bank Transfer,25,420.6,10515.0
10778,2025-01-29,East,Sadia Chowdhury,Grocery,Cooking Oil 1L,Online,Credit Card,23,2.95,67.85
10779,2025-09-27,West,Shakil Rahman,Electronics,Headphones,Retail Store,Credit Card,11,65.04,715.44
10780,2025-01-09,East,Tanvir Ahmed,Electronics,Smartwatch,Online,Bank Transfer,15,158.22,2373.3
10781,2025-12-27,South,Arif Hossain,Apparel,Jacket,Online,Nagad,25,61.83,1545.75
10782,2025-12-20,Central,Farzana Islam,Apparel,Jeans,Wholesale,Nagad,7,38.09,266.63
10783,2024-02-25,East,Shakil Rahman,Furniture,Bookshelf,Wholesale,Cash,3,89.39,268.17
10784,2025-12-27,Central,Arif Hossain,Grocery,Coffee Jar,Online,Bank Transfer,18,7.49,134.82
10785,2024-07-11,West,Lamia Sultana,Stationery,Backpack,Distributor,Credit Card,15,36.87,553.05
10786,2024-10-09,East,Farzana Islam,Grocery,Cooking Oil 1L,Online,bKash,4,3.22,12.88
10787,2025-03-02,South,Arif Hossain,Grocery,Cooking Oil 1L,Online,Cash,22,3.11,68.42
10788,2024-10-25,East,Imran Kabir,Furniture,Sofa,Wholesale,Credit Card,7,412.08,2884.56
10789,2025-05-12,East,Imran Kabir,Furniture,Dining Table,Distributor,Cash,19,373.26,7091.94
10790,2024-06-24,West,Shakil Rahman,Stationery,Desk Organizer,Retail Store,Cash,9,17.22,154.98
10791,2025-04-11,North,Rakib Hasan,Apparel,Jacket,Distributor,Cash,6,68.55,411.3
10792,2024-06-14,East,Rakib Hasan,Furniture,Dining Table,Retail Store,bKash,8,325.23,2601.84
10793,2024-07-07,South,Sadia Chowdhury,Apparel,Cap,Distributor,Cash,7,10.41,72.87
10794,2025-04-04,East,Mim Akter,Electronics,Monitor,Retail Store,Cash,18,251.65,4529.7
10795,2024-05-28,North,Tanvir Ahmed,Stationery,Backpack,Wholesale,Bank Transfer,15,45.28,679.2
10796,2025-04-30,Central,Arif Hossain,Furniture,Office Chair,Distributor,Cash,10,137.09,1370.9
10797,2025-05-05,Central,Sadia Chowdhury,Stationery,Pen Set,Distributor,Credit Card,2,5.61,11.22
10798,2024-08-13,East,Tanvir Ahmed,Stationery,Notebook,Wholesale,Nagad,15,1.98,29.7
10799,2024-07-19,Central,Nusrat Jahan,Apparel,T-Shirt,Retail Store,Cash,1,13.81,13.81
10800,2024-11-21,Central,Imran Kabir,Grocery,Rice 5kg,Retail Store,Bank Transfer,20,8.41,168.2
10801,2025-01-13,East,Imran Kabir,Electronics,Monitor,Retail Store,Bank Transfer,13,218.51,2840.63
10802,2024-03-30,East,Shakil Rahman,Apparel,Jacket,Wholesale,Nagad,7,70.33,492.31
10803,2025-02-28,West,Shakil Rahman,Grocery,Coffee Jar,Retail Store,Bank Transfer,5,7.76,38.8
10804,2025-06-21,South,Nusrat Jahan,Stationery,Notebook,Distributor,Bank Transfer,11,1.83,20.13
10805,2025-02-28,North,Tanvir Ahmed,Stationery,Desk Organizer,Wholesale,Cash,6,18.7,112.2
10806,2025-07-21,South,Rakib Hasan,Stationery,Pen Set,Wholesale,Cash,16,5.46,87.36
10807,2024-01-28,East,Sadia Chowdhury,Apparel,Cap,Wholesale,bKash,1,9.39,9.39
10808,2025-05-18,North,Shakil Rahman,Apparel,Sneakers,Wholesale,bKash,23,58.37,1342.51
10809,2025-01-05,East,Sadia Chowdhury,Electronics,Laptop,Online,Nagad,19,867.1,16474.9
10810,2025-08-12,West,Farzana Islam,Grocery,Tea Pack,Distributor,Nagad,1,4.45,4.45
10811,2025-12-10,North,Rakib Hasan,Furniture,Dining Table,Distributor,Bank Transfer,5,346.27,1731.35
10812,2024-10-23,East,Imran Kabir,Electronics,Headphones,Distributor,Credit Card,10,61.94,619.4
10813,2024-06-20,South,Rakib Hasan,Electronics,Smartwatch,Online,Nagad,18,147.1,2647.8
10814,2025-08-16,East,Mim Akter,Apparel,Jacket,Online,Nagad,12,71.88,862.56
10815,2025-02-25,Central,Shakil Rahman,Electronics,Smartphone,Distributor,Bank Transfer,11,452.09,4972.99
10816,2025-07-26,South,Rakib Hasan,Furniture,Office Chair,Retail Store,bKash,20,128.69,2573.8
10817,2024-05-14,West,Sadia Chowdhury,Stationery,Notebook,Online,Credit Card,1,2.04,2.04
10818,2025-12-27,South,Sadia Chowdhury,Apparel,Jacket,Distributor,bKash,10,58.97,589.7
10819,2024-05-08,South,Rakib Hasan,Electronics,Smartphone,Retail Store,Cash,7,373.02,2611.14
10820,2025-03-17,North,Farzana Islam,Electronics,Tablet,Online,Bank Transfer,2,284.73,569.46
10821,2024-05-01,Central,Lamia Sultana,Electronics,Monitor,Online,Bank Transfer,9,200.38,1803.42
10822,2024-07-23,North,Farzana Islam,Apparel,T-Shirt,Retail Store,Nagad,6,16.01,96.06
10823,2024-06-13,South,Shakil Rahman,Electronics,Laptop,Distributor,Cash,17,930.92,15825.64
10824,2025-08-15,Central,Lamia Sultana,Stationery,Pen Set,Online,Credit Card,25,5.42,135.5
10825,2024-08-07,East,Rakib Hasan,Furniture,Desk,Online,Credit Card,17,200.31,3405.27
10826,2024-07-04,Central,Rakib Hasan,Grocery,Tea Pack,Wholesale,Credit Card,12,4.58,54.96
10827,2024-11-17,Central,Nusrat Jahan,Grocery,Cooking Oil 1L,Wholesale,Credit Card,4,3.05,12.2
10828,2024-02-11,West,Mim Akter,Stationery,Pen Set,Distributor,Nagad,3,5.89,17.67
10829,2024-08-19,East,Sadia Chowdhury,Electronics,Tablet,Distributor,Bank Transfer,18,300.55,5409.9
10830,2024-01-14,North,Sadia Chowdhury,Grocery,Cooking Oil 1L,Distributor,bKash,22,3.07,67.54
10831,2024-05-26,West,Arif Hossain,Electronics,Tablet,Online,Credit Card,13,300.05,3900.65
10832,2024-12-12,South,Farzana Islam,Stationery,Notebook,Distributor,bKash,7,2.1,14.7
10833,2025-12-31,South,Imran Kabir,Grocery,Rice 5kg,Wholesale,Cash,25,8.36,209.0
10834,2025-06-07,East,Sadia Chowdhury,Apparel,Sneakers,Wholesale,Bank Transfer,9,51.53,463.77
10835,2024-08-24,North,Shakil Rahman,Grocery,Rice 5kg,Wholesale,Bank Transfer,21,9.08,190.68
10836,2024-07-02,North,Farzana Islam,Electronics,Laptop,Wholesale,Credit Card,13,893.47,11615.11
10837,2025-11-07,East,Lamia Sultana,Apparel,Jeans,Online,Credit Card,25,36.05,901.25
10838,2025-05-31,South,Shakil Rahman,Grocery,Coffee Jar,Wholesale,Bank Transfer,9,7.25,65.25
10839,2025-04-05,North,Imran Kabir,Stationery,Notebook,Online,Bank Transfer,11,2.23,24.53
10840,2025-11-06,North,Tanvir Ahmed,Grocery,Coffee Jar,Retail Store,Nagad,25,6.83,170.75
10841,2025-05-14,West,Rakib Hasan,Furniture,Sofa,Distributor,Bank Transfer,25,417.31,10432.75
10842,2025-07-29,Central,Lamia Sultana,Grocery,Snack Box,Wholesale,Bank Transfer,6,5.13,30.78
10843,2025-11-23,West,Lamia Sultana,Grocery,Tea Pack,Wholesale,Nagad,12,4.37,52.44
10844,2025-01-10,North,Tanvir Ahmed,Apparel,Jacket,Online,bKash,12,71.66,859.92
10845,2024-12-19,East,Imran Kabir,Stationery,Notebook,Online,Bank Transfer,12,2.01,24.12
10846,2025-08-29,South,Nusrat Jahan,Electronics,Monitor,Retail Store,Cash,3,248.07,744.21
10847,2025-07-05,North,Mim Akter,Electronics,Headphones,Retail Store,Credit Card,11,54.56,600.16
10848,2025-12-13,Central,Imran Kabir,Grocery,Snack Box,Distributor,Credit Card,16,5.23,83.68
10849,2024-04-10,Central,Imran Kabir,Apparel,Sneakers,Distributor,Nagad,16,50.88,814.08
10850,2025-09-21,West,Arif Hossain,Furniture,Bookshelf,Distributor,bKash,10,89.18,891.8
10851,2024-09-28,West,Farzana Islam,Grocery,Cooking Oil 1L,Retail Store,Cash,2,2.92,5.84
10852,2024-04-07,South,Lamia Sultana,Stationery,Desk Organizer,Online,Nagad,19,17.72,336.68
10853,2024-12-21,Central,Sadia Chowdhury,Electronics,Smartwatch,Wholesale,bKash,3,159.43,478.29
10854,2025-02-28,East,Imran Kabir,Apparel,Cap,Distributor,bKash,13,9.63,125.19
10855,2024-07-10,Central,Rakib Hasan,Stationery,Desk Organizer,Online,Nagad,19,18.45,350.55
10856,2025-10-03,Central,Lamia Sultana,Grocery,Tea Pack,Wholesale,Nagad,2,4.12,8.24
10857,2025-03-21,South,Nusrat Jahan,Apparel,Sneakers,Retail Store,Cash,14,53.88,754.32
10858,2025-10-23,South,Imran Kabir,Electronics,Monitor,Distributor,Cash,6,212.1,1272.6
10859,2024-07-15,West,Nusrat Jahan,Stationery,Pen Set,Online,bKash,1,5.77,5.77
10860,2025-10-24,West,Arif Hossain,Apparel,Sneakers,Wholesale,Bank Transfer,2,52.28,104.56
10861,2024-06-29,North,Shakil Rahman,Apparel,Jeans,Distributor,Nagad,21,38.96,818.16
10862,2024-11-01,North,Farzana Islam,Grocery,Rice 5kg,Distributor,Nagad,3,9.0,27.0
10863,2024-04-24,North,Imran Kabir,Grocery,Tea Pack,Retail Store,bKash,19,4.33,82.27
10864,2024-04-02,Central,Arif Hossain,Electronics,Smartwatch,Distributor,Bank Transfer,8,157.49,1259.92
10865,2024-08-11,Central,Imran Kabir,Apparel,Jacket,Retail Store,Bank Transfer,5,60.24,301.2
10866,2024-02-27,West,Imran Kabir,Furniture,Bookshelf,Distributor,Nagad,16,93.0,1488.0
10867,2024-10-11,Central,Imran Kabir,Electronics,Headphones,Wholesale,bKash,5,59.44,297.2
10868,2025-12-08,North,Lamia Sultana,Apparel,Jacket,Online,Credit Card,22,62.39,1372.58
10869,2024-08-30,East,Mim Akter,Stationery,Desk Organizer,Online,Nagad,15,17.95,269.25
10870,2024-08-03,East,Farzana Islam,Grocery,Tea Pack,Retail Store,Cash,6,4.52,27.12
10871,2025-04-27,North,Shakil Rahman,Apparel,Sneakers,Online,Bank Transfer,24,55.18,1324.32
10872,2024-03-08,North,Rakib Hasan,Apparel,Sneakers,Distributor,Nagad,12,55.29,663.48
10873,2025-10-07,West,Tanvir Ahmed,Stationery,Backpack,Online,bKash,15,43.91,658.65
10874,2025-08-12,West,Nusrat Jahan,Furniture,Office Chair,Distributor,Cash,3,111.32,333.96
10875,2025-04-07,South,Lamia Sultana,Furniture,Dining Table,Wholesale,Cash,16,391.43,6262.88
10876,2024-07-22,South,Lamia Sultana,Furniture,Bookshelf,Distributor,Cash,3,90.33,270.99
10877,2024-01-24,West,Lamia Sultana,Furniture,Sofa,Retail Store,Credit Card,18,477.8,8600.4
10878,2024-02-20,West,Nusrat Jahan,Furniture,Office Chair,Distributor,bKash,13,126.54,1645.02
10879,2025-08-03,South,Farzana Islam,Stationery,Backpack,Distributor,bKash,4,36.14,144.56
10880,2025-12-31,West,Sadia Chowdhury,Stationery,Desk Organizer,Online,bKash,7,17.06,119.42
10881,2024-07-30,West,Imran Kabir,Apparel,Jacket,Retail Store,Bank Transfer,20,62.0,1240.0
10882,2024-01-30,West,Rakib Hasan,Apparel,Jeans,Wholesale,bKash,10,40.04,400.4
10883,2025-12-01,West,Nusrat Jahan,Furniture,Dining Table,Distributor,Nagad,21,355.09,7456.89
10884,2025-12-31,South,Mim Akter,Electronics,Tablet,Wholesale,bKash,13,323.13,4200.69
10885,2024-12-06,North,Farzana Islam,Stationery,Backpack,Online,Credit Card,8,40.71,325.68
10886,2025-05-31,Central,Tanvir Ahmed,Apparel,Cap,Online,Cash,20,9.95,199.0
10887,2024-07-02,South,Arif Hossain,Grocery,Tea Pack,Online,Nagad,9,3.77,33.93
10888,2025-12-28,West,Rakib Hasan,Grocery,Tea Pack,Online,Cash,17,4.03,68.51
10889,2024-10-14,East,Tanvir Ahmed,Apparel,T-Shirt,Retail Store,Bank Transfer,24,14.85,356.4
10890,2024-11-16,East,Lamia Sultana,Grocery,Tea Pack,Distributor,Nagad,14,4.49,62.86
10891,2024-07-12,South,Arif Hossain,Apparel,Sneakers,Wholesale,Credit Card,5,50.25,251.25
10892,2025-03-22,West,Shakil Rahman,Furniture,Office Chair,Retail Store,Bank Transfer,4,137.86,551.44
10893,2025-05-19,West,Mim Akter,Grocery,Rice 5kg,Wholesale,Bank Transfer,4,8.89,35.56
10894,2024-07-03,East,Farzana Islam,Furniture,Office Chair,Retail Store,Cash,6,130.5,783.0
10895,2025-08-07,Central,Nusrat Jahan,Apparel,Cap,Online,Nagad,6,10.04,60.24
10896,2024-10-18,West,Farzana Islam,Electronics,Smartphone,Distributor,Credit Card,22,458.13,10078.86
10897,2024-06-06,East,Lamia Sultana,Electronics,Tablet,Online,Cash,1,276.08,276.08
10898,2024-02-14,East,Lamia Sultana,Grocery,Coffee Jar,Online,Cash,21,7.39,155.19
10899,2025-10-21,Central,Rakib Hasan,Grocery,Tea Pack,Retail Store,Credit Card,10,3.92,39.2
10900,2025-02-12,North,Arif Hossain,Electronics,Monitor,Wholesale,Credit Card,9,207.79,1870.11
10901,2025-02-16,North,Nusrat Jahan,Grocery,Rice 5kg,Retail Store,Bank Transfer,10,8.49,84.9
10902,2025-12-02,East,Sadia Chowdhury,Furniture,Office Chair,Wholesale,Cash,20,111.94,2238.8
10903,2025-02-01,Central,Nusrat Jahan,Electronics,Headphones,Wholesale,Bank Transfer,16,58.03,928.48
10904,2024-07-09,North,Imran Kabir,Stationery,Desk Organizer,Distributor,Nagad,14,19.04,266.56
10905,2025-10-25,Central,Mim Akter,Electronics,Laptop,Wholesale,bKash,22,916.65,20166.3
10906,2025-03-23,Central,Farzana Islam,Grocery,Snack Box,Distributor,Bank Transfer,3,5.63,16.89
10907,2025-06-19,South,Rakib Hasan,Grocery,Tea Pack,Distributor,bKash,14,3.9,54.6
10908,2025-03-11,North,Tanvir Ahmed,Electronics,Smartwatch,Online,Nagad,14,138.54,1939.56
10909,2024-01-17,East,Shakil Rahman,Stationery,Backpack,Online,Nagad,4,43.41,173.64
10910,2025-03-02,South,Imran Kabir,Grocery,Cooking Oil 1L,Online,Credit Card,23,2.92,67.16
10911,2024-07-10,West,Lamia Sultana,Stationery,Desk Organizer,Distributor,Cash,7,17.03,119.21
10912,2025-02-08,North,Imran Kabir,Stationery,Backpack,Online,Credit Card,4,36.13,144.52
10913,2025-09-25,West,Lamia Sultana,Grocery,Coffee Jar,Wholesale,Cash,20,6.93,138.6
10914,2024-07-14,North,Rakib Hasan,Grocery,Tea Pack,Retail Store,Credit Card,4,4.42,17.68
10915,2025-03-22,South,Sadia Chowdhury,Furniture,Office Chair,Retail Store,bKash,21,133.75,2808.75
10916,2025-04-30,North,Shakil Rahman,Stationery,Pen Set,Wholesale,bKash,14,5.43,76.02
10917,2025-04-05,West,Sadia Chowdhury,Furniture,Desk,Wholesale,Credit Card,19,172.92,3285.48
10918,2024-04-15,West,Tanvir Ahmed,Apparel,Cap,Distributor,Credit Card,21,11.12,233.52
10919,2025-05-14,West,Lamia Sultana,Grocery,Coffee Jar,Distributor,Credit Card,13,7.15,92.95
10920,2025-08-13,South,Tanvir Ahmed,Stationery,Desk Organizer,Online,Bank Transfer,11,18.69,205.59
10921,2025-10-23,West,Farzana Islam,Apparel,Sneakers,Wholesale,Nagad,12,55.66,667.92
10922,2024-12-18,South,Shakil Rahman,Grocery,Rice 5kg,Retail Store,Bank Transfer,15,7.66,114.9
10923,2024-10-27,East,Lamia Sultana,Furniture,Dining Table,Wholesale,bKash,24,377.25,9054.0
10924,2025-12-08,West,Rakib Hasan,Grocery,Tea Pack,Retail Store,Cash,24,3.69,88.56
10925,2025-05-18,South,Nusrat Jahan,Grocery,Cooking Oil 1L,Retail Store,Nagad,4,3.3,13.2
10926,2025-01-02,South,Nusrat Jahan,Grocery,Tea Pack,Online,Credit Card,9,3.96,35.64
10927,2025-03-16,Central,Tanvir Ahmed,Furniture,Desk,Online,Cash,4,189.79,759.16
10928,2024-12-29,South,Sadia Chowdhury,Electronics,Smartwatch,Distributor,Cash,25,136.75,3418.75
10929,2025-03-24,South,Arif Hossain,Stationery,Backpack,Online,Credit Card,15,45.63,684.45
10930,2024-02-12,Central,Lamia Sultana,Electronics,Laptop,Online,Nagad,17,787.4,13385.8
10931,2025-06-02,East,Rakib Hasan,Electronics,Smartphone,Distributor,Bank Transfer,16,433.26,6932.16
10932,2024-07-25,East,Mim Akter,Electronics,Smartphone,Retail Store,Credit Card,15,456.96,6854.4
10933,2024-06-24,West,Mim Akter,Electronics,Smartphone,Distributor,Nagad,3,386.6,1159.8
10934,2024-05-21,South,Rakib Hasan,Grocery,Tea Pack,Wholesale,bKash,14,4.01,56.14
10935,2024-05-29,Central,Mim Akter,Grocery,Coffee Jar,Online,Bank Transfer,25,6.32,158.0
10936,2024-06-17,North,Mim Akter,Stationery,Notebook,Distributor,Bank Transfer,14,1.83,25.62
10937,2024-10-29,South,Lamia Sultana,Electronics,Monitor,Online,Nagad,14,220.11,3081.54
10938,2025-06-24,East,Mim Akter,Stationery,Backpack,Online,Cash,20,45.2,904.0
10939,2025-10-26,South,Arif Hossain,Grocery,Coffee Jar,Wholesale,Cash,13,7.66,99.58
10940,2024-05-09,North,Arif Hossain,Apparel,T-Shirt,Distributor,Bank Transfer,17,17.22,292.74
10941,2024-12-14,North,Arif Hossain,Apparel,Jeans,Distributor,Nagad,25,37.06,926.5
10942,2024-11-07,Central,Lamia Sultana,Electronics,Laptop,Distributor,bKash,24,854.83,20515.92
10943,2024-12-28,North,Mim Akter,Stationery,Notebook,Distributor,Nagad,4,1.82,7.28
10944,2024-12-13,East,Lamia Sultana,Electronics,Tablet,Online,Bank Transfer,8,330.4,2643.2
10945,2025-11-19,East,Shakil Rahman,Stationery,Pen Set,Distributor,Nagad,5,6.47,32.35
10946,2025-04-10,North,Mim Akter,Stationery,Pen Set,Retail Store,Cash,4,5.62,22.48
10947,2024-05-13,North,Farzana Islam,Grocery,Coffee Jar,Online,Bank Transfer,16,6.68,106.88
10948,2025-08-21,Central,Imran Kabir,Electronics,Headphones,Wholesale,Cash,16,63.55,1016.8
10949,2024-05-10,West,Rakib Hasan,Grocery,Coffee Jar,Retail Store,Nagad,16,7.54,120.64
10950,2025-04-29,Central,Farzana Islam,Furniture,Dining Table,Retail Store,Bank Transfer,2,380.32,760.64
10951,2024-05-03,North,Lamia Sultana,Stationery,Backpack,Wholesale,Credit Card,12,41.72,500.64
10952,2025-01-18,South,Farzana Islam,Electronics,Smartwatch,Distributor,Cash,10,146.02,1460.2
10953,2024-11-08,South,Lamia Sultana,Electronics,Smartphone,Wholesale,Credit Card,10,381.56,3815.6
10954,2024-02-15,North,Arif Hossain,Grocery,Rice 5kg,Distributor,Credit Card,14,8.16,114.24
10955,2025-09-12,West,Mim Akter,Apparel,Cap,Wholesale,Bank Transfer,5,10.9,54.5
10956,2024-04-01,West,Sadia Chowdhury,Stationery,Desk Organizer,Retail Store,Cash,20,19.19,383.8
10957,2024-02-16,South,Imran Kabir,Grocery,Coffee Jar,Distributor,Nagad,22,7.86,172.92
10958,2025-10-22,South,Tanvir Ahmed,Apparel,T-Shirt,Distributor,Nagad,4,15.91,63.64
10959,2025-06-18,Central,Arif Hossain,Electronics,Smartphone,Online,Nagad,7,435.06,3045.42
10960,2024-10-08,North,Arif Hossain,Stationery,Notebook,Retail Store,Credit Card,7,1.92,13.44
10961,2025-08-26,North,Arif Hossain,Stationery,Desk Organizer,Distributor,Bank Transfer,2,18.41,36.82
10962,2025-06-24,West,Rakib Hasan,Electronics,Headphones,Wholesale,Credit Card,11,59.73,657.03
10963,2024-05-27,North,Arif Hossain,Electronics,Laptop,Retail Store,Cash,6,819.31,4915.86
10964,2025-09-21,East,Imran Kabir,Electronics,Smartphone,Retail Store,Credit Card,11,378.15,4159.65
10965,2025-02-26,West,Farzana Islam,Electronics,Headphones,Distributor,bKash,11,57.87,636.57
10966,2025-06-04,South,Nusrat Jahan,Electronics,Laptop,Retail Store,Bank Transfer,25,872.19,21804.75
10967,2025-02-20,North,Mim Akter,Electronics,Headphones,Wholesale,Nagad,3,61.26,183.78
10968,2025-07-22,North,Shakil Rahman,Grocery,Cooking Oil 1L,Online,bKash,21,3.29,69.09
10969,2024-07-27,West,Sadia Chowdhury,Apparel,Cap,Online,Nagad,5,9.93,49.65
10970,2024-01-02,Central,Imran Kabir,Furniture,Desk,Wholesale,Credit Card,15,205.25,3078.75
10971,2024-10-06,South,Tanvir Ahmed,Stationery,Backpack,Online,Bank Transfer,20,38.51,770.2
10972,2024-06-14,South,Lamia Sultana,Grocery,Tea Pack,Distributor,Credit Card,24,4.13,99.12
10973,2025-07-23,North,Imran Kabir,Electronics,Headphones,Online,bKash,9,67.17,604.53
10974,2025-12-25,Central,Mim Akter,Furniture,Dining Table,Distributor,Cash,15,338.89,5083.35
10975,2025-12-09,South,Sadia Chowdhury,Apparel,Jacket,Distributor,Credit Card,5,69.0,345.0
10976,2025-02-27,West,Tanvir Ahmed,Electronics,Smartwatch,Online,bKash,18,168.57,3034.26
10977,2024-02-01,Central,Farzana Islam,Grocery,Coffee Jar,Online,Nagad,22,7.08,155.76
10978,2024-06-30,West,Lamia Sultana,Electronics,Headphones,Distributor,Bank Transfer,25,66.18,1654.5
10979,2024-01-10,West,Mim Akter,Electronics,Laptop,Retail Store,Bank Transfer,8,922.92,7383.36
10980,2024-08-27,South,Farzana Islam,Apparel,Jacket,Distributor,bKash,16,74.22,1187.52
10981,2024-07-19,West,Lamia Sultana,Electronics,Headphones,Retail Store,Credit Card,21,59.94,1258.74
10982,2024-07-17,Central,Sadia Chowdhury,Apparel,Cap,Retail Store,Nagad,22,10.85,238.7
10983,2024-05-10,North,Lamia Sultana,Stationery,Pen Set,Retail Store,Credit Card,9,6.8,61.2
10984,2025-09-21,East,Nusrat Jahan,Furniture,Dining Table,Online,Nagad,9,374.56,3371.04
10985,2025-02-20,West,Tanvir Ahmed,Grocery,Rice 5kg,Distributor,Bank Transfer,9,7.44,66.96
10986,2024-02-18,West,Mim Akter,Stationery,Desk Organizer,Online,bKash,9,20.33,182.97
10987,2024-12-08,East,Tanvir Ahmed,Stationery,Desk Organizer,Wholesale,bKash,3,20.16,60.48
10988,2024-07-20,South,Imran Kabir,Electronics,Monitor,Online,bKash,6,216.11,1296.66
10989,2024-01-25,North,Tanvir Ahmed,Electronics,Monitor,Wholesale,Bank Transfer,19,241.85,4595.15
10990,2024-12-14,South,Farzana Islam,Apparel,Jacket,Wholesale,bKash,2,71.85,143.7
10991,2025-10-02,North,Lamia Sultana,Stationery,Pen Set,Wholesale,Credit Card,15,6.27,94.05
10992,2024-05-10,North,Imran Kabir,Electronics,Laptop,Distributor,Credit Card,2,960.31,1920.62
10993,2024-04-14,East,Lamia Sultana,Grocery,Rice 5kg,Wholesale,Credit Card,22,7.31,160.82
10994,2025-02-24,West,Imran Kabir,Electronics,Headphones,Online,Nagad,8,66.97,535.76
10995,2025-09-27,West,Imran Kabir,Stationery,Notebook,Wholesale,Bank Transfer,20,1.85,37.0
10996,2024-04-15,Central,Mim Akter,Electronics,Tablet,Retail Store,Credit Card,1,314.64,314.64
10997,2024-09-19,South,Lamia Sultana,Electronics,Smartwatch,Retail Store,Nagad,12,150.79,1809.48
10998,2024-03-02,South,Nusrat Jahan,Stationery,Desk Organizer,Retail Store,Credit Card,5,17.6,88.0
10999,2025-04-25,East,Shakil Rahman,Grocery,Snack Box,Retail Store,bKash,10,5.25,52.5
11000,2024-08-31,North,Arif Hossain,Apparel,Jacket,Retail Store,Credit Card,17,71.81,1220.77
11001,2025-10-17,West,Mim Akter,Stationery,Notebook,Retail Store,bKash,7,2.19,15.33
11002,2025-08-02,West,Sadia Chowdhury,Apparel,Jeans,Distributor,Nagad,11,36.89,405.79
11003,2025-05-22,South,Farzana Islam,Grocery,Tea Pack,Wholesale,Credit Card,8,4.52,36.16
11004,2025-05-07,West,Lamia Sultana,Furniture,Desk,Retail Store,bKash,24,196.58,4717.92
11005,2025-01-06,South,Imran Kabir,Apparel,Sneakers,Retail Store,Credit Card,1,50.51,50.51
11006,2024-07-18,North,Rakib Hasan,Electronics,Smartwatch,Distributor,Bank Transfer,21,156.96,3296.16
11007,2024-06-27,North,Nusrat Jahan,Apparel,T-Shirt,Retail Store,Cash,8,16.82,134.56
11008,2024-01-23,Central,Nusrat Jahan,Furniture,Bookshelf,Retail Store,bKash,6,99.96,599.76
11009,2024-08-03,South,Imran Kabir,Electronics,Laptop,Online,Cash,10,861.94,8619.4
11010,2024-05-01,South,Arif Hossain,Apparel,Jacket,Wholesale,Credit Card,5,72.84,364.2
11011,2024-11-21,South,Arif Hossain,Furniture,Desk,Wholesale,Cash,20,181.33,3626.6
11012,2024-10-28,Central,Lamia Sultana,Furniture,Office Chair,Retail Store,Nagad,5,117.83,589.15
11013,2024-03-24,East,Rakib Hasan,Electronics,Monitor,Wholesale,bKash,16,241.5,3864.0
11014,2025-01-18,South,Arif Hossain,Stationery,Notebook,Wholesale,Nagad,16,2.06,32.96
11015,2025-04-30,East,Arif Hossain,Furniture,Bookshelf,Wholesale,Bank Transfer,9,94.08,846.72
11016,2024-08-28,South,Nusrat Jahan,Stationery,Notebook,Retail Store,Bank Transfer,13,1.91,24.83
11017,2025-07-17,Central,Rakib Hasan,Grocery,Coffee Jar,Distributor,Cash,3,6.54,19.62
11018,2025-08-20,West,Arif Hossain,Electronics,Headphones,Distributor,bKash,2,60.98,121.96
11019,2025-02-22,West,Sadia Chowdhury,Stationery,Backpack,Wholesale,Bank Transfer,12,44.05,528.6
11020,2024-08-27,West,Tanvir Ahmed,Apparel,Jacket,Retail Store,Bank Transfer,9,68.99,620.91
11021,2024-08-21,East,Arif Hossain,Apparel,T-Shirt,Online,Cash,4,13.94,55.76
11022,2025-11-22,Central,Nusrat Jahan,Apparel,T-Shirt,Distributor,bKash,11,14.44,158.84
11023,2024-11-02,Central,Rakib Hasan,Apparel,Jeans,Distributor,Credit Card,10,38.7,387.0
11024,2024-06-01,Central,Tanvir Ahmed,Grocery,Coffee Jar,Wholesale,Nagad,13,6.7,87.1
11025,2024-12-14,South,Arif Hossain,Furniture,Sofa,Wholesale,Bank Transfer,3,440.22,1320.66
11026,2025-07-25,West,Nusrat Jahan,Furniture,Sofa,Wholesale,Bank Transfer,1,447.15,447.15
11027,2024-12-13,East,Tanvir Ahmed,Stationery,Pen Set,Wholesale,Cash,8,6.03,48.24
11028,2024-02-02,East,Mim Akter,Grocery,Snack Box,Online,Nagad,5,4.69,23.45
11029,2024-07-28,Central,Lamia Sultana,Apparel,Cap,Wholesale,Bank Transfer,13,9.16,119.08
11030,2025-04-07,West,Farzana Islam,Grocery,Cooking Oil 1L,Distributor,Nagad,21,3.37,70.77
11031,2025-12-06,North,Arif Hossain,Electronics,Smartphone,Retail Store,Credit Card,20,408.86,8177.2
11032,2024-08-26,North,Imran Kabir,Furniture,Desk,Distributor,bKash,10,191.68,1916.8
11033,2024-11-30,North,Mim Akter,Electronics,Tablet,Online,bKash,14,299.33,4190.62
11034,2025-02-02,Central,Imran Kabir,Electronics,Smartphone,Wholesale,Credit Card,7,372.99,2610.93
11035,2025-08-11,West,Sadia Chowdhury,Furniture,Bookshelf,Retail Store,Nagad,10,94.22,942.2
11036,2025-04-01,East,Nusrat Jahan,Stationery,Desk Organizer,Online,bKash,3,19.91,59.73
11037,2025-04-18,Central,Mim Akter,Stationery,Pen Set,Wholesale,Bank Transfer,19,5.46,103.74
11038,2025-09-19,West,Mim Akter,Electronics,Headphones,Distributor,Bank Transfer,6,60.23,361.38
11039,2025-12-16,West,Sadia Chowdhury,Furniture,Dining Table,Wholesale,bKash,19,323.36,6143.84
11040,2025-12-15,South,Shakil Rahman,Electronics,Smartphone,Distributor,Credit Card,24,432.24,10373.76
11041,2024-03-19,West,Arif Hossain,Furniture,Sofa,Online,Cash,25,416.84,10421.0
11042,2025-06-02,West,Rakib Hasan,Apparel,Sneakers,Distributor,bKash,2,55.85,111.7
11043,2024-07-18,West,Imran Kabir,Electronics,Monitor,Distributor,Bank Transfer,13,200.08,2601.04
11044,2025-04-17,South,Mim Akter,Apparel,T-Shirt,Wholesale,Bank Transfer,3,13.81,41.43
11045,2024-06-23,South,Sadia Chowdhury,Furniture,Sofa,Distributor,bKash,1,473.29,473.29
11046,2024-03-20,North,Arif Hossain,Furniture,Bookshelf,Wholesale,bKash,22,98.18,2159.96
11047,2024-02-05,West,Mim Akter,Apparel,Jeans,Retail Store,bKash,22,36.16,795.52
11048,2025-03-30,Central,Farzana Islam,Grocery,Rice 5kg,Wholesale,Cash,2,8.4,16.8
11049,2024-07-23,South,Nusrat Jahan,Electronics,Tablet,Distributor,bKash,3,271.2,813.6
11050,2024-04-08,East,Nusrat Jahan,Electronics,Laptop,Online,bKash,22,800.68,17614.96
11051,2024-11-26,West,Arif Hossain,Furniture,Office Chair,Online,Cash,18,126.8,2282.4
11052,2024-08-25,Central,Imran Kabir,Stationery,Pen Set,Wholesale,Credit Card,7,5.56,38.92
11053,2025-02-02,North,Imran Kabir,Apparel,Jeans,Distributor,Credit Card,7,35.51,248.57
11054,2024-03-09,East,Lamia Sultana,Electronics,Monitor,Distributor,Credit Card,7,220.61,1544.27
11055,2024-04-07,North,Arif Hossain,Stationery,Desk Organizer,Retail Store,Cash,20,17.66,353.2
11056,2024-03-10,East,Rakib Hasan,Grocery,Cooking Oil 1L,Distributor,Bank Transfer,11,2.71,29.81
11057,2025-08-24,West,Arif Hossain,Stationery,Desk Organizer,Retail Store,Nagad,23,20.65,474.95
11058,2025-03-14,Central,Farzana Islam,Furniture,Office Chair,Distributor,bKash,25,115.31,2882.75
11059,2024-07-25,South,Mim Akter,Electronics,Laptop,Wholesale,Cash,5,844.85,4224.25
11060,2024-10-11,Central,Sadia Chowdhury,Electronics,Smartphone,Distributor,bKash,11,424.36,4667.96
11061,2024-12-05,West,Shakil Rahman,Electronics,Smartwatch,Online,bKash,11,144.08,1584.88
11062,2024-11-25,South,Nusrat Jahan,Stationery,Notebook,Wholesale,Nagad,6,2.02,12.12
11063,2025-10-11,West,Farzana Islam,Electronics,Laptop,Retail Store,Credit Card,5,964.38,4821.9
11064,2025-06-03,South,Lamia Sultana,Furniture,Office Chair,Retail Store,bKash,3,120.79,362.37
11065,2024-06-29,South,Nusrat Jahan,Grocery,Tea Pack,Retail Store,Bank Transfer,20,3.85,77.0
11066,2024-03-22,West,Nusrat Jahan,Apparel,Cap,Distributor,Bank Transfer,12,10.0,120.0
11067,2025-05-08,West,Imran Kabir,Furniture,Sofa,Wholesale,bKash,1,490.72,490.72
11068,2024-06-28,East,Lamia Sultana,Grocery,Rice 5kg,Retail Store,Nagad,9,7.96,71.64
11069,2024-12-07,East,Imran Kabir,Apparel,Sneakers,Wholesale,Credit Card,5,59.33,296.65
11070,2025-01-18,South,Tanvir Ahmed,Furniture,Desk,Online,Nagad,16,180.2,2883.2
11071,2025-10-18,East,Imran Kabir,Grocery,Coffee Jar,Wholesale,Cash,19,6.42,121.98
11072,2025-03-22,West,Lamia Sultana,Electronics,Laptop,Retail Store,bKash,9,928.89,8360.01
11073,2025-03-10,West,Mim Akter,Apparel,Cap,Online,Bank Transfer,24,9.62,230.88
11074,2025-09-11,East,Tanvir Ahmed,Grocery,Rice 5kg,Retail Store,Cash,15,9.09,136.35
11075,2024-04-29,South,Lamia Sultana,Furniture,Bookshelf,Retail Store,Credit Card,25,83.08,2077.0
11076,2024-06-18,Central,Farzana Islam,Grocery,Coffee Jar,Retail Store,Bank Transfer,14,6.74,94.36
11077,2024-04-01,Central,Imran Kabir,Apparel,Cap,Distributor,Bank Transfer,4,10.59,42.36
11078,2024-01-07,East,Nusrat Jahan,Apparel,Jeans,Wholesale,Cash,6,38.64,231.84
11079,2025-03-17,North,Imran Kabir,Electronics,Laptop,Wholesale,Cash,6,802.49,4814.94
11080,2024-04-22,South,Sadia Chowdhury,Furniture,Desk,Retail Store,Nagad,15,187.52,2812.8
11081,2024-09-22,South,Tanvir Ahmed,Furniture,Desk,Retail Store,bKash,14,181.83,2545.62
11082,2025-01-21,South,Farzana Islam,Stationery,Notebook,Distributor,Credit Card,4,1.94,7.76
11083,2025-11-19,Central,Nusrat Jahan,Apparel,T-Shirt,Wholesale,Bank Transfer,25,13.88,347.0
11084,2024-08-04,North,Lamia Sultana,Electronics,Headphones,Online,Credit Card,17,65.88,1119.96
11085,2024-12-11,Central,Shakil Rahman,Grocery,Snack Box,Wholesale,Bank Transfer,20,5.04,100.8
11086,2025-01-22,East,Nusrat Jahan,Apparel,Jacket,Distributor,Bank Transfer,20,59.43,1188.6
11087,2024-05-22,North,Tanvir Ahmed,Apparel,Jacket,Wholesale,Bank Transfer,1,68.28,68.28
11088,2025-12-03,South,Mim Akter,Stationery,Backpack,Wholesale,Nagad,22,44.7,983.4
11089,2025-10-10,South,Tanvir Ahmed,Stationery,Desk Organizer,Distributor,Credit Card,12,20.13,241.56
11090,2025-09-19,South,Lamia Sultana,Apparel,Sneakers,Wholesale,Bank Transfer,3,54.29,162.87
11091,2025-06-16,West,Shakil Rahman,Grocery,Rice 5kg,Retail Store,bKash,19,8.77,166.63
11092,2025-11-20,South,Sadia Chowdhury,Stationery,Notebook,Online,Cash,18,2.29,41.22
11093,2024-09-03,West,Farzana Islam,Grocery,Cooking Oil 1L,Wholesale,Nagad,8,2.86,22.88
11094,2025-01-27,West,Tanvir Ahmed,Electronics,Laptop,Retail Store,Cash,25,824.58,20614.5
11095,2025-12-09,North,Rakib Hasan,Apparel,Sneakers,Wholesale,Credit Card,11,61.49,676.39
11096,2025-03-23,East,Imran Kabir,Stationery,Notebook,Wholesale,Nagad,8,1.91,15.28
11097,2025-08-29,North,Farzana Islam,Electronics,Headphones,Online,Cash,7,65.17,456.19
11098,2025-08-13,East,Rakib Hasan,Electronics,Smartwatch,Distributor,Bank Transfer,24,135.06,3241.44
11099,2024-11-23,Central,Nusrat Jahan,Electronics,Smartwatch,Wholesale,Bank Transfer,25,148.69,3717.25
11100,2025-02-08,Central,Lamia Sultana,Furniture,Dining Table,Retail Store,Credit Card,1,362.1,362.1
11101,2025-11-27,South,Shakil Rahman,Grocery,Tea Pack,Retail Store,Bank Transfer,15,3.75,56.25
11102,2025-05-29,North,Lamia Sultana,Apparel,Jeans,Distributor,Cash,23,32.58,749.34
11103,2024-03-01,South,Sadia Chowdhury,Stationery,Desk Organizer,Distributor,Bank Transfer,11,16.89,185.79
11104,2024-11-02,North,Rakib Hasan,Furniture,Desk,Wholesale,Bank Transfer,22,203.06,4467.32
11105,2025-11-25,Central,Imran Kabir,Furniture,Office Chair,Distributor,Bank Transfer,16,137.71,2203.36
11106,2025-12-14,North,Arif Hossain,Grocery,Coffee Jar,Distributor,Cash,7,7.53,52.71
11107,2024-02-25,North,Rakib Hasan,Stationery,Desk Organizer,Distributor,Nagad,23,17.57,404.11
11108,2024-05-28,South,Sadia Chowdhury,Furniture,Dining Table,Wholesale,Cash,7,334.09,2338.63
11109,2025-01-20,East,Lamia Sultana,Furniture,Office Chair,Online,bKash,14,128.38,1797.32
11110,2024-02-23,North,Mim Akter,Furniture,Office Chair,Wholesale,bKash,4,137.41,549.64
11111,2024-02-04,West,Rakib Hasan,Apparel,Cap,Wholesale,bKash,4,9.6,38.4
11112,2025-04-19,Central,Rakib Hasan,Grocery,Tea Pack,Wholesale,Credit Card,21,3.98,83.58
11113,2024-05-04,North,Farzana Islam,Grocery,Tea Pack,Online,Credit Card,16,4.24,67.84
11114,2025-12-11,North,Lamia Sultana,Stationery,Pen Set,Wholesale,Cash,24,5.54,132.96
11115,2025-08-08,West,Sadia Chowdhury,Stationery,Pen Set,Wholesale,Cash,5,5.55,27.75
11116,2025-02-07,Central,Rakib Hasan,Electronics,Monitor,Wholesale,Credit Card,18,242.96,4373.28
11117,2025-11-05,North,Arif Hossain,Stationery,Desk Organizer,Online,bKash,4,17.01,68.04
11118,2024-05-05,North,Arif Hossain,Stationery,Pen Set,Wholesale,Cash,2,5.59,11.18
11119,2024-03-27,North,Arif Hossain,Furniture,Desk,Distributor,Credit Card,4,184.78,739.12
11120,2024-11-03,South,Imran Kabir,Apparel,Cap,Online,bKash,2,11.37,22.74
11121,2025-05-17,Central,Sadia Chowdhury,Stationery,Backpack,Retail Store,Nagad,23,39.13,899.99
11122,2025-11-09,Central,Arif Hossain,Apparel,Cap,Retail Store,Credit Card,2,9.59,19.18
11123,2025-07-19,East,Nusrat Jahan,Furniture,Desk,Retail Store,Nagad,7,188.63,1320.41
11124,2024-09-18,Central,Imran Kabir,Apparel,Jeans,Online,Nagad,9,34.84,313.56
11125,2025-12-12,West,Farzana Islam,Furniture,Sofa,Distributor,Bank Transfer,5,465.29,2326.45
11126,2025-11-04,East,Nusrat Jahan,Electronics,Monitor,Distributor,Nagad,21,243.13,5105.73
11127,2025-01-23,West,Rakib Hasan,Stationery,Pen Set,Distributor,Bank Transfer,1,6.85,6.85
11128,2025-02-20,East,Farzana Islam,Furniture,Office Chair,Online,Nagad,3,117.88,353.64
11129,2024-10-07,East,Shakil Rahman,Electronics,Headphones,Retail Store,bKash,1,55.47,55.47
11130,2024-11-09,North,Farzana Islam,Furniture,Sofa,Retail Store,Nagad,19,497.4,9450.6
11131,2024-10-04,Central,Mim Akter,Grocery,Rice 5kg,Distributor,Nagad,20,7.4,148.0
11132,2025-11-25,East,Imran Kabir,Electronics,Smartphone,Retail Store,Cash,18,415.17,7473.06
11133,2025-12-04,Central,Rakib Hasan,Grocery,Coffee Jar,Distributor,Credit Card,17,7.55,128.35
11134,2025-10-16,West,Lamia Sultana,Furniture,Desk,Distributor,Credit Card,12,193.84,2326.08
11135,2024-12-28,West,Sadia Chowdhury,Furniture,Dining Table,Retail Store,Bank Transfer,15,358.95,5384.25
11136,2024-11-08,Central,Nusrat Jahan,Apparel,Sneakers,Distributor,Credit Card,14,60.1,841.4
11137,2024-06-18,North,Farzana Islam,Electronics,Monitor,Retail Store,Credit Card,19,201.16,3822.04
11138,2024-05-19,West,Tanvir Ahmed,Apparel,Cap,Wholesale,Nagad,16,10.24,163.84
11139,2025-03-11,West,Tanvir Ahmed,Stationery,Notebook,Retail Store,Credit Card,23,2.07,47.61
11140,2025-04-04,Central,Lamia Sultana,Apparel,Jeans,Online,Nagad,6,37.4,224.4
11141,2025-06-10,South,Farzana Islam,Stationery,Pen Set,Distributor,bKash,12,6.83,81.96
11142,2024-12-12,West,Rakib Hasan,Grocery,Coffee Jar,Distributor,Credit Card,22,6.74,148.28
11143,2024-09-28,East,Shakil Rahman,Stationery,Notebook,Wholesale,Cash,7,1.8,12.6
11144,2025-09-24,South,Shakil Rahman,Stationery,Desk Organizer,Online,Bank Transfer,16,16.46,263.36
11145,2024-04-19,West,Mim Akter,Electronics,Smartwatch,Distributor,Cash,1,148.11,148.11
11146,2025-05-18,East,Tanvir Ahmed,Furniture,Sofa,Online,Bank Transfer,7,414.53,2901.71
11147,2024-06-08,West,Farzana Islam,Stationery,Pen Set,Wholesale,Credit Card,25,6.38,159.5
11148,2025-03-14,West,Mim Akter,Furniture,Sofa,Distributor,Cash,6,465.35,2792.1
11149,2024-12-28,West,Sadia Chowdhury,Apparel,T-Shirt,Retail Store,bKash,24,15.13,363.12
11150,2024-05-16,North,Nusrat Jahan,Apparel,Jeans,Distributor,Credit Card,13,35.18,457.34
11151,2024-05-01,South,Nusrat Jahan,Apparel,T-Shirt,Wholesale,Cash,14,15.33,214.62
11152,2024-04-22,East,Imran Kabir,Grocery,Cooking Oil 1L,Wholesale,bKash,4,3.29,13.16
11153,2024-02-23,East,Arif Hossain,Furniture,Desk,Online,bKash,22,199.34,4385.48
11154,2024-10-15,North,Imran Kabir,Grocery,Snack Box,Wholesale,Cash,16,4.6,73.6
11155,2024-10-14,Central,Rakib Hasan,Grocery,Cooking Oil 1L,Retail Store,bKash,25,2.79,69.75
11156,2025-12-18,West,Nusrat Jahan,Apparel,Jeans,Wholesale,Credit Card,24,35.9,861.6
11157,2024-05-15,Central,Rakib Hasan,Furniture,Desk,Retail Store,Credit Card,13,163.73,2128.49
11158,2024-02-22,West,Tanvir Ahmed,Furniture,Desk,Retail Store,Credit Card,13,180.33,2344.29
11159,2024-03-03,South,Mim Akter,Apparel,Jeans,Wholesale,Bank Transfer,17,35.24,599.08
11160,2024-12-25,North,Shakil Rahman,Electronics,Headphones,Distributor,Cash,23,60.27,1386.21
11161,2025-11-07,South,Tanvir Ahmed,Apparel,T-Shirt,Online,Credit Card,24,14.71,353.04
11162,2024-07-08,East,Lamia Sultana,Apparel,Sneakers,Online,Bank Transfer,9,62.54,562.86
11163,2025-11-30,East,Farzana Islam,Apparel,Jacket,Online,Credit Card,18,71.02,1278.36
11164,2025-10-27,East,Mim Akter,Furniture,Bookshelf,Distributor,bKash,9,85.73,771.57
11165,2025-08-23,North,Rakib Hasan,Grocery,Rice 5kg,Online,Credit Card,21,8.83,185.43
11166,2025-04-30,North,Farzana Islam,Furniture,Sofa,Distributor,Cash,25,427.72,10693.0
11167,2025-12-29,South,Nusrat Jahan,Furniture,Office Chair,Wholesale,Nagad,9,134.75,1212.75
11168,2024-03-10,East,Sadia Chowdhury,Stationery,Backpack,Online,Bank Transfer,16,40.19,643.04
11169,2024-10-23,South,Lamia Sultana,Stationery,Notebook,Distributor,bKash,2,2.28,4.56
11170,2025-06-09,South,Imran Kabir,Electronics,Monitor,Wholesale,Nagad,3,207.1,621.3
11171,2024-10-05,Central,Imran Kabir,Stationery,Desk Organizer,Wholesale,Nagad,7,17.03,119.21
11172,2025-04-11,South,Lamia Sultana,Furniture,Dining Table,Online,Nagad,17,376.93,6407.81
11173,2025-07-19,East,Nusrat Jahan,Stationery,Backpack,Distributor,Cash,4,37.71,150.84
11174,2024-10-11,South,Shakil Rahman,Electronics,Smartwatch,Online,bKash,5,145.14,725.7
11175,2025-10-26,South,Nusrat Jahan,Electronics,Monitor,Online,Credit Card,12,232.8,2793.6
11176,2025-02-22,North,Arif Hossain,Apparel,Jacket,Distributor,bKash,20,63.29,1265.8
11177,2024-06-29,North,Mim Akter,Electronics,Monitor,Retail Store,Cash,9,251.44,2262.96
11178,2024-08-13,West,Shakil Rahman,Stationery,Notebook,Retail Store,Bank Transfer,11,1.93,21.23
11179,2025-01-12,South,Sadia Chowdhury,Stationery,Desk Organizer,Retail Store,Bank Transfer,5,20.26,101.3
11180,2024-07-12,South,Sadia Chowdhury,Electronics,Tablet,Retail Store,bKash,19,306.79,5829.01
11181,2025-02-07,North,Shakil Rahman,Furniture,Bookshelf,Retail Store,bKash,22,94.68,2082.96
11182,2025-10-22,North,Imran Kabir,Electronics,Smartphone,Retail Store,Bank Transfer,13,370.02,4810.26
11183,2025-01-28,North,Lamia Sultana,Stationery,Pen Set,Online,Bank Transfer,1,5.57,5.57
11184,2024-10-01,North,Rakib Hasan,Electronics,Monitor,Retail Store,Credit Card,5,249.62,1248.1
11185,2024-07-26,North,Farzana Islam,Stationery,Notebook,Distributor,Credit Card,5,2.04,10.2
11186,2024-06-07,South,Shakil Rahman,Stationery,Desk Organizer,Distributor,Bank Transfer,8,16.45,131.6
11187,2025-07-11,North,Tanvir Ahmed,Apparel,Cap,Online,Credit Card,10,9.26,92.6
11188,2025-03-13,North,Nusrat Jahan,Grocery,Cooking Oil 1L,Online,bKash,13,2.81,36.53
11189,2024-04-22,West,Farzana Islam,Apparel,Jeans,Wholesale,bKash,8,32.39,259.12
11190,2025-01-04,North,Lamia Sultana,Apparel,Jacket,Distributor,Credit Card,3,73.05,219.15
11191,2024-07-04,South,Imran Kabir,Stationery,Pen Set,Distributor,Nagad,22,6.04,132.88
11192,2025-05-26,East,Mim Akter,Apparel,Cap,Online,Cash,22,9.92,218.24
11193,2024-05-31,North,Rakib Hasan,Apparel,T-Shirt,Retail Store,Cash,13,15.18,197.34
11194,2024-05-28,North,Lamia Sultana,Grocery,Rice 5kg,Wholesale,Cash,3,7.85,23.55
11195,2025-03-10,West,Mim Akter,Furniture,Desk,Distributor,Bank Transfer,16,193.2,3091.2
11196,2025-03-04,East,Rakib Hasan,Grocery,Snack Box,Retail Store,Bank Transfer,18,5.12,92.16
11197,2024-03-26,Central,Arif Hossain,Stationery,Desk Organizer,Retail Store,Bank Transfer,19,19.42,368.98
11198,2024-07-27,North,Nusrat Jahan,Stationery,Pen Set,Distributor,Credit Card,1,5.94,5.94
11199,2024-05-22,North,Tanvir Ahmed,Grocery,Cooking Oil 1L,Distributor,Cash,10,3.05,30.5
11200,2024-05-21,South,Nusrat Jahan,Stationery,Desk Organizer,Retail Store,Credit Card,4,20.53,82.12
11201,2025-12-19,North,Imran Kabir,Furniture,Sofa,Distributor,Credit Card,4,479.56,1918.24
11202,2025-01-09,Central,Rakib Hasan,Electronics,Tablet,Online,bKash,5,275.92,1379.6
11203,2025-04-26,Central,Imran Kabir,Electronics,Laptop,Retail Store,bKash,24,794.77,19074.48
11204,2025-10-22,West,Imran Kabir,Stationery,Backpack,Distributor,Bank Transfer,23,36.13,830.99
11205,2024-06-13,North,Tanvir Ahmed,Electronics,Smartphone,Retail Store,Nagad,1,399.64,399.64
11206,2025-03-09,Central,Shakil Rahman,Grocery,Coffee Jar,Distributor,bKash,6,6.78,40.68
11207,2025-09-25,West,Rakib Hasan,Electronics,Smartwatch,Retail Store,Bank Transfer,2,143.21,286.42
11208,2024-11-16,Central,Farzana Islam,Furniture,Dining Table,Wholesale,Bank Transfer,21,371.17,7794.57
11209,2024-10-03,North,Mim Akter,Grocery,Cooking Oil 1L,Wholesale,bKash,4,2.78,11.12
11210,2024-06-15,East,Tanvir Ahmed,Apparel,Cap,Retail Store,Cash,18,9.27,166.86
11211,2024-07-25,North,Shakil Rahman,Furniture,Dining Table,Retail Store,Nagad,21,396.31,8322.51
11212,2025-05-10,North,Lamia Sultana,Furniture,Bookshelf,Online,Nagad,2,82.08,164.16
11213,2025-05-27,North,Mim Akter,Electronics,Headphones,Distributor,Bank Transfer,7,58.72,411.04
11214,2025-05-30,South,Farzana Islam,Grocery,Tea Pack,Distributor,Bank Transfer,4,4.1,16.4
11215,2024-02-08,Central,Imran Kabir,Furniture,Office Chair,Wholesale,Nagad,10,112.84,1128.4
11216,2024-06-13,North,Nusrat Jahan,Grocery,Rice 5kg,Retail Store,bKash,17,8.23,139.91
11217,2025-01-03,West,Rakib Hasan,Stationery,Backpack,Distributor,Cash,20,44.56,891.2
11218,2025-09-13,West,Nusrat Jahan,Grocery,Rice 5kg,Retail Store,Nagad,3,9.12,27.36
11219,2025-07-14,North,Tanvir Ahmed,Stationery,Desk Organizer,Retail Store,Cash,3,18.45,55.35
11220,2024-10-13,South,Shakil Rahman,Grocery,Tea Pack,Retail Store,Credit Card,19,3.96,75.24
11221,2024-09-19,South,Sadia Chowdhury,Electronics,Laptop,Distributor,Bank Transfer,25,951.29,23782.25
11222,2024-10-20,Central,Sadia Chowdhury,Furniture,Office Chair,Online,Cash,13,120.27,1563.51
11223,2024-03-26,West,Mim Akter,Stationery,Pen Set,Distributor,Cash,22,6.02,132.44
11224,2025-12-17,North,Lamia Sultana,Grocery,Tea Pack,Online,bKash,18,3.61,64.98
11225,2024-08-16,West,Rakib Hasan,Electronics,Headphones,Wholesale,Credit Card,13,67.11,872.43
11226,2024-03-28,West,Sadia Chowdhury,Electronics,Headphones,Wholesale,Credit Card,6,64.98,389.88
11227,2024-11-20,South,Imran Kabir,Grocery,Coffee Jar,Distributor,Credit Card,11,8.04,88.44
11228,2024-02-09,West,Farzana Islam,Grocery,Cooking Oil 1L,Distributor,Bank Transfer,18,2.82,50.76
11229,2025-01-24,South,Mim Akter,Grocery,Cooking Oil 1L,Online,Nagad,2,3.4,6.8
11230,2024-01-24,West,Nusrat Jahan,Apparel,Sneakers,Online,bKash,25,58.9,1472.5
11231,2024-10-07,South,Farzana Islam,Apparel,Jacket,Retail Store,Credit Card,13,59.83,777.79
11232,2024-02-25,Central,Nusrat Jahan,Grocery,Coffee Jar,Distributor,bKash,3,7.87,23.61
11233,2025-03-05,East,Rakib Hasan,Grocery,Tea Pack,Retail Store,Cash,16,4.08,65.28
11234,2025-07-28,East,Lamia Sultana,Furniture,Sofa,Wholesale,Credit Card,20,427.34,8546.8
11235,2025-04-14,East,Mim Akter,Stationery,Pen Set,Online,bKash,5,6.15,30.75
11236,2024-05-08,West,Shakil Rahman,Apparel,T-Shirt,Online,Bank Transfer,21,15.18,318.78
11237,2025-12-14,North,Nusrat Jahan,Stationery,Notebook,Retail Store,Bank Transfer,18,2.19,39.42
11238,2025-11-26,South,Mim Akter,Stationery,Desk Organizer,Retail Store,bKash,19,20.5,389.5
11239,2024-05-07,North,Shakil Rahman,Apparel,Jacket,Distributor,Nagad,23,66.61,1532.03
11240,2025-03-12,West,Mim Akter,Grocery,Coffee Jar,Distributor,Nagad,17,8.0,136.0
11241,2024-06-30,South,Sadia Chowdhury,Apparel,T-Shirt,Wholesale,Cash,18,15.73,283.14
11242,2025-12-19,West,Shakil Rahman,Stationery,Desk Organizer,Wholesale,Cash,20,20.42,408.4
11243,2025-02-25,North,Farzana Islam,Electronics,Laptop,Online,Nagad,4,870.49,3481.96
11244,2025-03-06,West,Arif Hossain,Stationery,Notebook,Online,Cash,7,1.91,13.37
11245,2024-05-07,West,Farzana Islam,Grocery,Snack Box,Retail Store,Bank Transfer,12,5.71,68.52
11246,2025-06-03,West,Tanvir Ahmed,Grocery,Coffee Jar,Distributor,bKash,10,6.77,67.7
11247,2024-02-03,West,Nusrat Jahan,Apparel,Jacket,Online,Bank Transfer,1,58.93,58.93
11248,2025-08-08,Central,Mim Akter,Apparel,Cap,Distributor,bKash,14,9.6,134.4
11249,2025-03-15,Central,Imran Kabir,Grocery,Cooking Oil 1L,Online,Nagad,5,3.4,17.0
11250,2024-08-24,West,Mim Akter,Grocery,Cooking Oil 1L,Retail Store,Bank Transfer,4,3.23,12.92
11251,2025-07-20,North,Lamia Sultana,Furniture,Dining Table,Wholesale,Cash,6,398.01,2388.06
11252,2025-10-05,North,Tanvir Ahmed,Furniture,Office Chair,Wholesale,Credit Card,25,125.8,3145.0
11253,2024-05-13,Central,Farzana Islam,Electronics,Smartwatch,Wholesale,Credit Card,15,158.79,2381.85
11254,2025-07-02,South,Nusrat Jahan,Apparel,Jeans,Distributor,bKash,8,37.86,302.88
11255,2025-10-04,North,Shakil Rahman,Grocery,Tea Pack,Online,bKash,1,4.24,4.24
11256,2024-05-25,North,Sadia Chowdhury,Stationery,Notebook,Online,Credit Card,10,1.93,19.3
11257,2025-02-04,North,Sadia Chowdhury,Furniture,Office Chair,Distributor,bKash,4,122.73,490.92
11258,2025-12-04,North,Sadia Chowdhury,Electronics,Tablet,Online,bKash,14,298.14,4173.96
11259,2024-07-01,South,Rakib Hasan,Apparel,Sneakers,Distributor,Credit Card,22,57.3,1260.6
11260,2025-09-20,North,Mim Akter,Stationery,Notebook,Distributor,Bank Transfer,20,2.07,41.4
11261,2024-01-31,East,Farzana Islam,Furniture,Dining Table,Retail Store,Nagad,18,317.02,5706.36
11262,2024-01-31,South,Mim Akter,Stationery,Pen Set,Online,bKash,11,5.61,61.71
11263,2024-07-23,South,Shakil Rahman,Electronics,Monitor,Distributor,Bank Transfer,3,217.17,651.51
11264,2025-02-13,West,Sadia Chowdhury,Stationery,Backpack,Wholesale,Nagad,7,38.5,269.5
11265,2024-07-29,West,Farzana Islam,Furniture,Bookshelf,Distributor,bKash,24,91.98,2207.52
11266,2024-04-20,Central,Shakil Rahman,Grocery,Coffee Jar,Distributor,Nagad,20,6.97,139.4
11267,2024-06-20,East,Mim Akter,Furniture,Dining Table,Online,Bank Transfer,2,398.83,797.66
11268,2024-01-31,West,Shakil Rahman,Apparel,Cap,Distributor,Bank Transfer,4,9.45,37.8
11269,2024-08-08,South,Mim Akter,Apparel,Sneakers,Retail Store,Credit Card,22,54.61,1201.42
11270,2024-12-02,North,Tanvir Ahmed,Furniture,Bookshelf,Distributor,Credit Card,7,91.47,640.29
11271,2025-09-08,Central,Farzana Islam,Apparel,Jeans,Wholesale,Cash,7,36.11,252.77
11272,2025-10-23,East,Lamia Sultana,Electronics,Smartwatch,Online,Nagad,14,160.58,2248.12
11273,2025-05-20,East,Nusrat Jahan,Grocery,Tea Pack,Retail Store,Credit Card,16,3.65,58.4
11274,2025-09-07,North,Farzana Islam,Apparel,Sneakers,Wholesale,bKash,11,57.63,633.93
11275,2024-01-05,North,Shakil Rahman,Furniture,Dining Table,Online,Nagad,15,339.88,5098.2
11276,2025-10-22,Central,Arif Hossain,Grocery,Rice 5kg,Online,Cash,1,7.34,7.34
11277,2025-02-13,East,Shakil Rahman,Electronics,Tablet,Distributor,Cash,3,311.73,935.19
11278,2025-12-14,Central,Tanvir Ahmed,Apparel,Sneakers,Wholesale,Cash,15,56.28,844.2
11279,2024-02-18,Central,Farzana Islam,Electronics,Headphones,Online,bKash,1,56.08,56.08
11280,2025-01-12,South,Rakib Hasan,Apparel,Sneakers,Online,bKash,18,63.11,1135.98
11281,2024-03-17,North,Farzana Islam,Electronics,Headphones,Online,Cash,9,58.94,530.46
11282,2025-04-16,East,Rakib Hasan,Stationery,Desk Organizer,Retail Store,Nagad,4,16.77,67.08
11283,2025-06-24,West,Sadia Chowdhury,Furniture,Dining Table,Online,Nagad,8,365.56,2924.48
11284,2024-09-27,East,Sadia Chowdhury,Grocery,Tea Pack,Retail Store,Credit Card,25,3.9,97.5
11285,2024-03-17,Central,Nusrat Jahan,Electronics,Headphones,Retail Store,Credit Card,16,54.9,878.4
11286,2025-05-14,South,Sadia Chowdhury,Electronics,Monitor,Wholesale,bKash,4,216.72,866.88
11287,2024-04-18,East,Sadia Chowdhury,Stationery,Backpack,Retail Store,Nagad,5,38.19,190.95
11288,2024-07-11,West,Lamia Sultana,Apparel,Sneakers,Retail Store,Bank Transfer,3,53.32,159.96
11289,2024-04-19,Central,Farzana Islam,Furniture,Bookshelf,Retail Store,Bank Transfer,24,83.48,2003.52
11290,2025-11-08,South,Shakil Rahman,Electronics,Tablet,Online,Bank Transfer,17,303.95,5167.15
11291,2024-08-05,Central,Farzana Islam,Apparel,T-Shirt,Distributor,Bank Transfer,5,14.99,74.95
11292,2025-01-13,East,Tanvir Ahmed,Grocery,Snack Box,Wholesale,Cash,4,4.56,18.24
11293,2024-06-29,South,Shakil Rahman,Grocery,Coffee Jar,Retail Store,Bank Transfer,20,6.78,135.6
11294,2025-10-23,Central,Imran Kabir,Stationery,Desk Organizer,Online,Credit Card,8,20.52,164.16
11295,2024-03-08,North,Tanvir Ahmed,Furniture,Office Chair,Distributor,bKash,18,111.03,1998.54
11296,2024-08-13,West,Imran Kabir,Furniture,Dining Table,Wholesale,Credit Card,24,387.11,9290.64
11297,2025-10-14,South,Rakib Hasan,Apparel,Sneakers,Retail Store,Cash,10,59.21,592.1
11298,2025-12-05,North,Rakib Hasan,Apparel,T-Shirt,Wholesale,Cash,8,14.14,113.12
11299,2024-01-14,South,Mim Akter,Electronics,Smartphone,Wholesale,bKash,22,407.46,8964.12
11300,2025-11-26,South,Shakil Rahman,Apparel,T-Shirt,Online,bKash,25,16.7,417.5
11301,2024-09-10,West,Lamia Sultana,Stationery,Backpack,Online,Bank Transfer,16,37.09,593.44
11302,2024-04-06,East,Nusrat Jahan,Electronics,Smartwatch,Retail Store,bKash,4,146.42,585.68
11303,2024-09-16,West,Mim Akter,Apparel,Sneakers,Distributor,Bank Transfer,12,55.81,669.72
11304,2024-10-03,East,Arif Hossain,Apparel,Jacket,Wholesale,Credit Card,22,66.94,1472.68
11305,2025-05-24,West,Nusrat Jahan,Electronics,Smartphone,Retail Store,Cash,1,384.44,384.44
11306,2025-10-16,South,Farzana Islam,Grocery,Tea Pack,Retail Store,Bank Transfer,4,4.57,18.28
11307,2024-12-05,Central,Rakib Hasan,Stationery,Desk Organizer,Distributor,Cash,13,18.85,245.05
11308,2024-05-05,South,Tanvir Ahmed,Apparel,Jacket,Distributor,Nagad,14,71.42,999.88
11309,2025-12-02,East,Farzana Islam,Stationery,Backpack,Online,Bank Transfer,5,40.66,203.3
11310,2025-05-13,East,Lamia Sultana,Furniture,Dining Table,Retail Store,Cash,10,320.65,3206.5
11311,2025-08-30,West,Tanvir Ahmed,Apparel,T-Shirt,Retail Store,Cash,4,13.7,54.8
11312,2024-09-14,West,Mim Akter,Apparel,T-Shirt,Online,Credit Card,5,14.81,74.05
11313,2024-05-26,Central,Rakib Hasan,Apparel,Cap,Online,Cash,24,9.49,227.76
11314,2024-12-29,East,Nusrat Jahan,Stationery,Notebook,Online,Bank Transfer,8,2.21,17.68
11315,2025-09-03,West,Farzana Islam,Grocery,Coffee Jar,Distributor,Cash,10,6.6,66.0
11316,2024-05-18,Central,Rakib Hasan,Grocery,Tea Pack,Retail Store,Cash,14,4.15,58.1
11317,2024-07-06,North,Shakil Rahman,Apparel,Jacket,Wholesale,Nagad,13,71.21,925.73
11318,2025-05-30,South,Arif Hossain,Grocery,Rice 5kg,Wholesale,Cash,22,8.63,189.86
11319,2025-04-17,West,Sadia Chowdhury,Grocery,Tea Pack,Wholesale,Bank Transfer,1,4.51,4.51
11320,2025-08-17,North,Rakib Hasan,Electronics,Tablet,Distributor,bKash,17,297.98,5065.66
11321,2025-11-17,North,Imran Kabir,Stationery,Backpack,Retail Store,Bank Transfer,1,40.63,40.63
11322,2025-10-27,North,Farzana Islam,Stationery,Desk Organizer,Online,Cash,4,17.7,70.8
11323,2024-05-04,Central,Sadia Chowdhury,Electronics,Headphones,Distributor,Credit Card,24,62.77,1506.48
11324,2025-05-22,South,Arif Hossain,Stationery,Notebook,Retail Store,Nagad,5,1.91,9.55
11325,2025-12-05,East,Tanvir Ahmed,Furniture,Bookshelf,Wholesale,Nagad,7,83.58,585.06
11326,2024-07-28,Central,Farzana Islam,Electronics,Smartphone,Online,bKash,4,407.37,1629.48
11327,2025-02-18,West,Tanvir Ahmed,Stationery,Desk Organizer,Online,Cash,16,20.62,329.92
11328,2024-05-06,East,Lamia Sultana,Furniture,Dining Table,Wholesale,Nagad,14,327.8,4589.2
11329,2025-12-17,South,Nusrat Jahan,Electronics,Smartphone,Retail Store,Nagad,18,380.04,6840.72
11330,2025-11-14,East,Farzana Islam,Grocery,Tea Pack,Wholesale,Cash,9,3.99,35.91
11331,2024-10-17,West,Imran Kabir,Electronics,Tablet,Retail Store,Credit Card,15,279.01,4185.15
11332,2025-03-31,Central,Shakil Rahman,Grocery,Rice 5kg,Online,Nagad,2,9.02,18.04
11333,2024-06-11,West,Sadia Chowdhury,Apparel,Jeans,Distributor,Credit Card,12,35.88,430.56
11334,2024-03-05,East,Arif Hossain,Stationery,Pen Set,Wholesale,Nagad,6,6.38,38.28
11335,2025-11-05,East,Sadia Chowdhury,Apparel,Cap,Retail Store,Cash,10,11.31,113.1
11336,2025-11-05,West,Imran Kabir,Electronics,Monitor,Wholesale,Nagad,6,229.68,1378.08
11337,2025-09-24,South,Mim Akter,Stationery,Backpack,Distributor,Nagad,13,36.68,476.84
11338,2025-05-26,South,Nusrat Jahan,Electronics,Monitor,Online,Credit Card,22,224.2,4932.4
11339,2024-03-06,North,Rakib Hasan,Furniture,Desk,Wholesale,Bank Transfer,2,189.54,379.08
11340,2025-10-08,North,Sadia Chowdhury,Electronics,Laptop,Distributor,Nagad,1,961.25,961.25
11341,2025-07-23,West,Imran Kabir,Apparel,T-Shirt,Retail Store,Nagad,7,14.23,99.61
11342,2025-03-20,East,Nusrat Jahan,Grocery,Coffee Jar,Retail Store,bKash,17,7.72,131.24
11343,2024-02-04,Central,Tanvir Ahmed,Furniture,Office Chair,Online,bKash,5,134.8,674.0
11344,2024-07-08,Central,Arif Hossain,Apparel,Sneakers,Online,Cash,22,59.54,1309.88
11345,2024-12-26,South,Nusrat Jahan,Stationery,Desk Organizer,Wholesale,Nagad,12,18.98,227.76
11346,2024-03-13,North,Sadia Chowdhury,Stationery,Pen Set,Wholesale,Bank Transfer,19,5.52,104.88
11347,2024-02-22,North,Farzana Islam,Stationery,Backpack,Wholesale,bKash,20,41.41,828.2
11348,2024-03-10,East,Shakil Rahman,Electronics,Smartphone,Wholesale,Cash,6,456.81,2740.86
11349,2025-09-25,Central,Nusrat Jahan,Electronics,Smartwatch,Distributor,Bank Transfer,2,155.47,310.94
11350,2024-12-12,West,Shakil Rahman,Electronics,Smartwatch,Online,Credit Card,14,144.78,2026.92
11351,2024-08-29,South,Nusrat Jahan,Apparel,T-Shirt,Distributor,Credit Card,16,13.77,220.32
11352,2025-09-19,East,Farzana Islam,Stationery,Notebook,Wholesale,Nagad,3,2.24,6.72
11353,2025-05-23,East,Tanvir Ahmed,Grocery,Cooking Oil 1L,Online,Credit Card,17,2.87,48.79
11354,2024-02-26,West,Shakil Rahman,Apparel,Sneakers,Retail Store,Credit Card,1,60.14,60.14
11355,2025-05-08,Central,Imran Kabir,Furniture,Dining Table,Online,Nagad,2,348.87,697.74
11356,2025-03-24,West,Imran Kabir,Grocery,Cooking Oil 1L,Retail Store,Credit Card,4,3.37,13.48
11357,2024-08-31,South,Mim Akter,Apparel,Jacket,Wholesale,Credit Card,8,59.99,479.92
11358,2024-09-12,West,Arif Hossain,Electronics,Smartphone,Online,Credit Card,2,367.66,735.32
11359,2024-12-24,South,Shakil Rahman,Furniture,Sofa,Online,Cash,20,478.71,9574.2
11360,2025-11-04,South,Lamia Sultana,Furniture,Bookshelf,Wholesale,Bank Transfer,4,95.77,383.08
11361,2024-08-13,Central,Nusrat Jahan,Electronics,Headphones,Wholesale,Cash,15,64.7,970.5
11362,2025-12-15,East,Nusrat Jahan,Apparel,Cap,Distributor,Cash,18,10.26,184.68
11363,2024-03-21,West,Lamia Sultana,Electronics,Headphones,Wholesale,Cash,7,67.68,473.76
11364,2025-01-16,East,Arif Hossain,Stationery,Pen Set,Retail Store,Credit Card,24,6.62,158.88
11365,2024-01-22,South,Sadia Chowdhury,Furniture,Office Chair,Wholesale,Credit Card,16,133.09,2129.44
11366,2024-03-02,Central,Imran Kabir,Apparel,Jacket,Distributor,Credit Card,9,72.39,651.51
11367,2024-02-15,North,Imran Kabir,Grocery,Coffee Jar,Wholesale,Bank Transfer,8,6.66,53.28
11368,2025-07-08,Central,Tanvir Ahmed,Furniture,Sofa,Distributor,Credit Card,25,444.13,11103.25
11369,2024-12-15,East,Shakil Rahman,Electronics,Smartwatch,Retail Store,Credit Card,24,166.1,3986.4
11370,2025-07-01,North,Farzana Islam,Grocery,Coffee Jar,Wholesale,Cash,15,7.04,105.6
11371,2024-05-15,South,Imran Kabir,Stationery,Backpack,Wholesale,bKash,1,38.81,38.81
11372,2025-08-07,South,Arif Hossain,Apparel,T-Shirt,Distributor,Cash,13,13.64,177.32
11373,2024-11-10,East,Shakil Rahman,Apparel,Jacket,Online,Credit Card,19,69.24,1315.56
11374,2024-01-10,West,Sadia Chowdhury,Apparel,Jeans,Online,Bank Transfer,15,31.82,477.3
11375,2025-08-16,Central,Nusrat Jahan,Apparel,Sneakers,Wholesale,Credit Card,3,53.3,159.9
11376,2024-10-09,North,Sadia Chowdhury,Stationery,Backpack,Retail Store,Cash,9,44.69,402.21
11377,2024-04-27,South,Rakib Hasan,Furniture,Desk,Online,bKash,21,163.73,3438.33
11378,2024-08-21,Central,Mim Akter,Stationery,Desk Organizer,Online,Nagad,2,20.48,40.96
11379,2024-08-28,North,Mim Akter,Apparel,Jacket,Online,Nagad,12,60.27,723.24
11380,2024-07-27,North,Arif Hossain,Stationery,Desk Organizer,Online,bKash,11,18.77,206.47
11381,2024-11-30,West,Shakil Rahman,Grocery,Rice 5kg,Retail Store,Credit Card,20,8.78,175.6
11382,2024-02-01,East,Sadia Chowdhury,Apparel,Sneakers,Distributor,Nagad,6,54.56,327.36
11383,2024-08-04,Central,Tanvir Ahmed,Apparel,Jeans,Online,Nagad,11,35.97,395.67
11384,2025-01-25,South,Imran Kabir,Stationery,Backpack,Online,bKash,25,45.98,1149.5
11385,2024-05-04,South,Lamia Sultana,Electronics,Laptop,Wholesale,Nagad,17,934.62,15888.54
11386,2024-10-02,Central,Arif Hossain,Stationery,Desk Organizer,Wholesale,Cash,7,19.96,139.72
11387,2025-04-11,East,Nusrat Jahan,Apparel,Jeans,Distributor,bKash,11,38.05,418.55
11388,2024-03-22,South,Sadia Chowdhury,Electronics,Monitor,Wholesale,Cash,12,228.83,2745.96
11389,2025-03-04,West,Lamia Sultana,Electronics,Headphones,Retail Store,Bank Transfer,8,62.54,500.32
11390,2024-09-23,South,Imran Kabir,Furniture,Dining Table,Retail Store,Nagad,10,344.89,3448.9
11391,2025-05-21,West,Imran Kabir,Electronics,Laptop,Retail Store,Nagad,21,952.31,19998.51
11392,2025-03-04,West,Tanvir Ahmed,Furniture,Desk,Retail Store,Credit Card,9,196.45,1768.05
11393,2025-12-07,South,Tanvir Ahmed,Grocery,Rice 5kg,Wholesale,Credit Card,6,9.18,55.08
11394,2024-05-10,Central,Imran Kabir,Furniture,Dining Table,Wholesale,Cash,13,375.98,4887.74
11395,2025-09-15,North,Mim Akter,Furniture,Bookshelf,Distributor,Nagad,20,83.42,1668.4
11396,2025-03-22,East,Sadia Chowdhury,Electronics,Laptop,Wholesale,Bank Transfer,10,926.0,9260.0
11397,2024-01-08,Central,Arif Hossain,Furniture,Desk,Online,bKash,19,188.69,3585.11
11398,2025-08-25,East,Sadia Chowdhury,Grocery,Coffee Jar,Retail Store,Nagad,9,7.95,71.55
11399,2025-07-31,East,Sadia Chowdhury,Electronics,Smartphone,Distributor,Credit Card,17,449.73,7645.41
11400,2024-07-01,East,Mim Akter,Stationery,Desk Organizer,Wholesale,Cash,5,16.39,81.95
11401,2024-12-21,Central,Shakil Rahman,Furniture,Sofa,Distributor,Credit Card,10,423.63,4236.3
11402,2024-10-22,West,Sadia Chowdhury,Apparel,Jacket,Retail Store,bKash,9,74.57,671.13
11403,2025-07-19,East,Rakib Hasan,Electronics,Smartphone,Online,bKash,17,435.49,7403.33
11404,2025-05-15,North,Arif Hossain,Electronics,Smartwatch,Retail Store,Credit Card,1,148.86,148.86
11405,2024-10-29,West,Sadia Chowdhury,Apparel,Cap,Retail Store,Bank Transfer,4,10.79,43.16
11406,2024-05-20,West,Sadia Chowdhury,Electronics,Tablet,Distributor,Credit Card,9,324.87,2923.83
11407,2024-06-09,North,Nusrat Jahan,Electronics,Headphones,Online,Cash,17,59.03,1003.51
11408,2024-04-12,North,Mim Akter,Grocery,Snack Box,Online,Bank Transfer,23,5.49,126.27
11409,2024-05-20,Central,Tanvir Ahmed,Apparel,Jeans,Online,bKash,19,34.79,661.01
11410,2024-07-10,East,Sadia Chowdhury,Furniture,Desk,Retail Store,Bank Transfer,24,184.35,4424.4
11411,2025-03-20,North,Arif Hossain,Furniture,Desk,Retail Store,Credit Card,3,184.08,552.24
11412,2025-09-20,South,Tanvir Ahmed,Stationery,Pen Set,Wholesale,Cash,13,6.35,82.55
11413,2024-08-25,West,Arif Hossain,Furniture,Bookshelf,Retail Store,Cash,10,96.03,960.3
11414,2024-04-08,Central,Mim Akter,Grocery,Coffee Jar,Wholesale,Cash,8,6.5,52.0
11415,2024-04-28,West,Mim Akter,Apparel,Sneakers,Retail Store,Bank Transfer,6,55.89,335.34
11416,2025-05-15,East,Imran Kabir,Apparel,T-Shirt,Retail Store,Bank Transfer,20,15.05,301.0
11417,2024-03-03,East,Shakil Rahman,Furniture,Office Chair,Retail Store,Bank Transfer,18,131.15,2360.7
11418,2025-02-12,West,Imran Kabir,Apparel,Jacket,Wholesale,Bank Transfer,9,73.33,659.97
11419,2025-04-03,South,Mim Akter,Apparel,Sneakers,Online,Cash,14,52.54,735.56
11420,2025-09-11,South,Farzana Islam,Furniture,Dining Table,Distributor,bKash,18,316.74,5701.32
11421,2024-03-05,North,Mim Akter,Electronics,Tablet,Distributor,Nagad,21,273.69,5747.49
11422,2025-02-09,Central,Nusrat Jahan,Furniture,Bookshelf,Retail Store,Nagad,23,86.16,1981.68
11423,2024-09-11,East,Imran Kabir,Furniture,Bookshelf,Retail Store,Nagad,1,81.81,81.81
11424,2024-02-13,North,Arif Hossain,Electronics,Smartwatch,Wholesale,Bank Transfer,6,145.62,873.72
11425,2025-01-21,South,Tanvir Ahmed,Electronics,Smartphone,Distributor,Credit Card,21,400.08,8401.68
11426,2024-01-16,North,Farzana Islam,Apparel,T-Shirt,Wholesale,Credit Card,24,16.61,398.64
11427,2025-09-12,North,Lamia Sultana,Stationery,Pen Set,Wholesale,bKash,10,6.58,65.8
11428,2024-07-26,North,Shakil Rahman,Grocery,Snack Box,Distributor,Bank Transfer,4,4.83,19.32
11429,2024-08-15,West,Shakil Rahman,Stationery,Desk Organizer,Wholesale,Credit Card,14,18.72,262.08
11430,2024-01-18,Central,Arif Hossain,Grocery,Tea Pack,Retail Store,Bank Transfer,16,4.33,69.28
11431,2024-01-26,North,Sadia Chowdhury,Apparel,Cap,Retail Store,Nagad,13,10.93,142.09
11432,2024-12-06,West,Lamia Sultana,Grocery,Tea Pack,Online,Cash,5,4.41,22.05
11433,2025-08-30,Central,Rakib Hasan,Electronics,Laptop,Retail Store,Bank Transfer,8,782.83,6262.64
11434,2025-05-20,West,Arif Hossain,Grocery,Snack Box,Retail Store,Credit Card,9,5.01,45.09
11435,2024-10-01,North,Mim Akter,Apparel,Jeans,Wholesale,Credit Card,23,33.33,766.59
11436,2024-11-25,Central,Sadia Chowdhury,Stationery,Desk Organizer,Distributor,bKash,15,19.39,290.85
11437,2024-05-10,North,Imran Kabir,Stationery,Notebook,Online,Bank Transfer,25,1.81,45.25
11438,2024-02-09,South,Nusrat Jahan,Stationery,Notebook,Wholesale,Credit Card,14,2.05,28.7
11439,2024-01-10,South,Arif Hossain,Stationery,Desk Organizer,Wholesale,Bank Transfer,10,16.73,167.3
11440,2025-10-27,Central,Mim Akter,Apparel,Jacket,Distributor,Nagad,6,60.8,364.8
11441,2025-04-18,Central,Mim Akter,Stationery,Pen Set,Distributor,Bank Transfer,7,6.8,47.6
11442,2025-03-02,Central,Sadia Chowdhury,Furniture,Desk,Online,Cash,6,168.77,1012.62
11443,2025-07-04,East,Nusrat Jahan,Electronics,Laptop,Retail Store,Credit Card,15,835.34,12530.1
11444,2024-12-24,West,Lamia Sultana,Electronics,Smartwatch,Retail Store,Credit Card,21,155.97,3275.37
11445,2025-03-12,North,Nusrat Jahan,Furniture,Bookshelf,Distributor,Cash,19,97.41,1850.79
11446,2025-08-29,West,Shakil Rahman,Apparel,Cap,Retail Store,Credit Card,5,9.26,46.3
11447,2025-06-18,South,Shakil Rahman,Furniture,Bookshelf,Online,bKash,19,95.51,1814.69
11448,2025-11-15,Central,Lamia Sultana,Grocery,Tea Pack,Distributor,Nagad,16,3.81,60.96
11449,2024-06-17,South,Farzana Islam,Electronics,Smartphone,Retail Store,bKash,16,447.46,7159.36
11450,2025-11-11,North,Rakib Hasan,Apparel,T-Shirt,Wholesale,Bank Transfer,16,14.73,235.68
11451,2025-01-29,South,Arif Hossain,Stationery,Notebook,Wholesale,Bank Transfer,23,2.04,46.92
11452,2024-08-07,East,Arif Hossain,Apparel,Cap,Online,Nagad,6,11.36,68.16
11453,2025-12-12,West,Arif Hossain,Apparel,Jeans,Wholesale,Bank Transfer,9,37.5,337.5
11454,2025-04-22,East,Rakib Hasan,Stationery,Desk Organizer,Online,Cash,25,19.22,480.5
11455,2025-01-18,Central,Arif Hossain,Grocery,Cooking Oil 1L,Retail Store,Bank Transfer,6,3.4,20.4
11456,2025-08-23,West,Mim Akter,Electronics,Smartphone,Retail Store,Credit Card,10,392.85,3928.5
11457,2025-10-24,Central,Tanvir Ahmed,Apparel,Jacket,Distributor,Credit Card,9,68.93,620.37
11458,2024-02-01,East,Shakil Rahman,Grocery,Rice 5kg,Online,Nagad,23,9.06,208.38
11459,2024-04-16,West,Rakib Hasan,Stationery,Desk Organizer,Wholesale,Nagad,2,17.86,35.72
11460,2024-05-02,South,Rakib Hasan,Stationery,Pen Set,Online,Bank Transfer,2,6.07,12.14
11461,2025-11-01,North,Arif Hossain,Electronics,Headphones,Distributor,bKash,20,65.06,1301.2
11462,2024-01-15,South,Lamia Sultana,Apparel,Jacket,Distributor,Nagad,22,65.05,1431.1
11463,2024-03-26,South,Arif Hossain,Electronics,Laptop,Retail Store,Cash,6,859.22,5155.32
11464,2025-10-12,South,Arif Hossain,Apparel,Cap,Wholesale,bKash,24,11.11,266.64
11465,2024-12-15,East,Arif Hossain,Electronics,Headphones,Distributor,Credit Card,15,62.52,937.8
11466,2024-07-05,West,Farzana Islam,Electronics,Smartwatch,Online,Credit Card,24,138.24,3317.76
11467,2025-10-15,North,Rakib Hasan,Apparel,Cap,Online,bKash,12,10.15,121.8
11468,2025-01-23,South,Rakib Hasan,Furniture,Bookshelf,Distributor,Credit Card,23,87.46,2011.58
11469,2024-07-11,Central,Mim Akter,Apparel,Jeans,Wholesale,bKash,9,39.23,353.07
11470,2025-05-16,East,Sadia Chowdhury,Furniture,Bookshelf,Distributor,Credit Card,12,94.02,1128.24
11471,2025-01-29,West,Rakib Hasan,Apparel,Cap,Online,Nagad,5,10.34,51.7
11472,2025-12-17,East,Shakil Rahman,Furniture,Sofa,Retail Store,Cash,17,467.06,7940.02
11473,2025-04-23,Central,Nusrat Jahan,Apparel,T-Shirt,Distributor,bKash,9,13.62,122.58
11474,2025-08-23,South,Sadia Chowdhury,Electronics,Smartwatch,Retail Store,Bank Transfer,11,148.96,1638.56
11475,2024-01-09,North,Mim Akter,Grocery,Snack Box,Online,Cash,6,5.03,30.18
11476,2024-06-15,North,Rakib Hasan,Apparel,Jacket,Distributor,Cash,15,67.39,1010.85
11477,2025-04-29,Central,Sadia Chowdhury,Electronics,Tablet,Wholesale,Bank Transfer,8,288.94,2311.52
11478,2024-02-11,East,Sadia Chowdhury,Apparel,Cap,Wholesale,Cash,8,10.91,87.28
11479,2025-02-14,West,Imran Kabir,Stationery,Notebook,Distributor,Nagad,19,1.81,34.39
11480,2024-05-22,East,Lamia Sultana,Stationery,Pen Set,Retail Store,Nagad,5,6.4,32.0
11481,2025-02-09,East,Rakib Hasan,Electronics,Laptop,Distributor,Bank Transfer,6,862.87,5177.22
11482,2024-07-08,South,Shakil Rahman,Furniture,Desk,Distributor,Credit Card,8,200.6,1604.8
11483,2025-05-03,South,Rakib Hasan,Grocery,Rice 5kg,Distributor,Credit Card,6,7.89,47.34
11484,2025-04-19,West,Nusrat Jahan,Grocery,Snack Box,Wholesale,Bank Transfer,23,4.8,110.4
11485,2024-11-30,South,Mim Akter,Electronics,Tablet,Retail Store,Bank Transfer,10,331.48,3314.8
11486,2025-05-15,West,Arif Hossain,Grocery,Snack Box,Online,Cash,22,5.43,119.46
11487,2025-01-12,South,Lamia Sultana,Stationery,Notebook,Retail Store,bKash,12,1.97,23.64
11488,2024-05-21,Central,Imran Kabir,Electronics,Smartwatch,Online,bKash,16,142.05,2272.8
11489,2025-10-31,West,Farzana Islam,Furniture,Bookshelf,Distributor,Bank Transfer,6,90.58,543.48
11490,2025-03-07,West,Sadia Chowdhury,Apparel,Jacket,Online,Cash,6,61.16,366.96
11491,2025-11-02,West,Farzana Islam,Stationery,Notebook,Distributor,Credit Card,13,2.2,28.6
11492,2024-01-12,East,Rakib Hasan,Electronics,Smartphone,Wholesale,Bank Transfer,16,425.38,6806.08
11493,2025-10-11,North,Shakil Rahman,Grocery,Coffee Jar,Wholesale,Cash,4,7.36,29.44
11494,2025-01-08,East,Sadia Chowdhury,Grocery,Snack Box,Distributor,Nagad,4,5.48,21.92
11495,2024-12-11,West,Farzana Islam,Grocery,Snack Box,Retail Store,Credit Card,23,5.24,120.52
11496,2025-04-20,Central,Sadia Chowdhury,Furniture,Dining Table,Wholesale,Credit Card,10,318.49,3184.9
11497,2025-03-11,East,Tanvir Ahmed,Grocery,Coffee Jar,Distributor,Cash,11,7.48,82.28
11498,2025-03-03,East,Rakib Hasan,Electronics,Smartwatch,Distributor,Cash,1,151.75,151.75
11499,2025-06-28,Central,Farzana Islam,Apparel,T-Shirt,Distributor,Credit Card,24,14.99,359.76
11500,2025-10-10,Central,Farzana Islam,Furniture,Office Chair,Retail Store,bKash,16,120.93,1934.88
11501,2025-08-05,West,Lamia Sultana,Apparel,Jacket,Retail Store,Nagad,15,59.16,887.4
11502,2025-06-08,North,Rakib Hasan,Apparel,Jacket,Online,Bank Transfer,24,59.78,1434.72
11503,2025-10-30,West,Tanvir Ahmed,Apparel,Sneakers,Retail Store,Cash,24,61.64,1479.36
11504,2025-09-22,South,Lamia Sultana,Grocery,Rice 5kg,Distributor,Cash,17,8.28,140.76
11505,2025-03-23,East,Lamia Sultana,Furniture,Office Chair,Wholesale,bKash,9,130.41,1173.69
11506,2025-11-25,Central,Tanvir Ahmed,Furniture,Bookshelf,Wholesale,bKash,10,87.14,871.4
11507,2024-09-30,North,Imran Kabir,Grocery,Cooking Oil 1L,Retail Store,Cash,15,3.15,47.25
11508,2024-08-14,South,Nusrat Jahan,Apparel,T-Shirt,Online,Cash,3,15.79,47.37
11509,2025-02-02,Central,Imran Kabir,Stationery,Desk Organizer,Distributor,Nagad,16,20.38,326.08
11510,2024-06-04,East,Mim Akter,Electronics,Headphones,Distributor,Bank Transfer,15,66.82,1002.3
11511,2025-02-16,Central,Rakib Hasan,Grocery,Cooking Oil 1L,Wholesale,Cash,2,3.2,6.4
11512,2024-07-31,West,Arif Hossain,Stationery,Notebook,Distributor,Credit Card,24,2.29,54.96
11513,2024-01-31,East,Mim Akter,Apparel,Jacket,Wholesale,Bank Transfer,5,68.65,343.25
11514,2024-01-24,East,Lamia Sultana,Furniture,Dining Table,Wholesale,Bank Transfer,25,400.17,10004.25
11515,2025-09-13,South,Imran Kabir,Stationery,Desk Organizer,Retail Store,Bank Transfer,4,16.64,66.56
11516,2024-06-11,North,Lamia Sultana,Furniture,Desk,Distributor,bKash,25,196.99,4924.75
11517,2025-09-05,West,Mim Akter,Grocery,Snack Box,Retail Store,Bank Transfer,9,4.9,44.1
11518,2025-02-17,East,Arif Hossain,Apparel,T-Shirt,Wholesale,bKash,16,16.34,261.44
11519,2024-01-04,South,Rakib Hasan,Apparel,Sneakers,Wholesale,Cash,18,60.91,1096.38
11520,2025-02-24,North,Imran Kabir,Grocery,Cooking Oil 1L,Wholesale,Bank Transfer,7,3.18,22.26
11521,2025-08-07,South,Lamia Sultana,Stationery,Pen Set,Online,Nagad,24,6.01,144.24
11522,2025-10-02,Central,Nusrat Jahan,Electronics,Headphones,Retail Store,Nagad,16,64.27,1028.32
11523,2025-04-13,Central,Imran Kabir,Apparel,T-Shirt,Retail Store,bKash,12,16.21,194.52
11524,2024-10-27,West,Nusrat Jahan,Furniture,Desk,Distributor,bKash,3,202.25,606.75
11525,2025-03-30,West,Sadia Chowdhury,Furniture,Dining Table,Retail Store,Nagad,8,384.72,3077.76
11526,2024-09-07,North,Lamia Sultana,Grocery,Snack Box,Distributor,bKash,15,5.4,81.0
11527,2024-03-13,North,Imran Kabir,Electronics,Laptop,Wholesale,Bank Transfer,14,968.48,13558.72
11528,2025-05-07,Central,Arif Hossain,Stationery,Notebook,Online,Bank Transfer,24,1.83,43.92
11529,2024-05-07,East,Imran Kabir,Grocery,Rice 5kg,Wholesale,Bank Transfer,4,7.49,29.96
11530,2025-11-03,North,Rakib Hasan,Apparel,Cap,Distributor,Bank Transfer,11,9.35,102.85
11531,2025-10-19,South,Shakil Rahman,Furniture,Sofa,Online,Cash,23,413.33,9506.59
11532,2024-12-04,East,Mim Akter,Grocery,Cooking Oil 1L,Distributor,Bank Transfer,15,3.22,48.3
11533,2025-06-18,Central,Tanvir Ahmed,Stationery,Backpack,Retail Store,bKash,10,36.26,362.6
11534,2025-08-04,East,Shakil Rahman,Apparel,Cap,Distributor,bKash,21,9.76,204.96
11535,2024-10-26,South,Rakib Hasan,Grocery,Tea Pack,Retail Store,Nagad,13,3.86,50.18
11536,2025-08-21,South,Lamia Sultana,Furniture,Office Chair,Distributor,bKash,1,115.78,115.78
11537,2025-10-21,West,Lamia Sultana,Stationery,Desk Organizer,Retail Store,Cash,5,18.84,94.2
11538,2025-10-25,Central,Mim Akter,Stationery,Backpack,Wholesale,Bank Transfer,6,44.71,268.26
11539,2024-12-16,West,Imran Kabir,Grocery,Cooking Oil 1L,Online,Credit Card,8,2.93,23.44
11540,2024-12-31,East,Lamia Sultana,Furniture,Desk,Online,bKash,16,182.67,2922.72
11541,2025-11-11,Central,Nusrat Jahan,Electronics,Monitor,Retail Store,Cash,2,219.92,439.84
11542,2025-07-01,Central,Farzana Islam,Electronics,Headphones,Distributor,Nagad,24,62.07,1489.68
11543,2024-09-19,West,Lamia Sultana,Electronics,Laptop,Retail Store,bKash,24,803.82,19291.68
11544,2024-09-29,West,Rakib Hasan,Furniture,Desk,Online,Nagad,18,174.49,3140.82
11545,2024-07-31,South,Arif Hossain,Furniture,Office Chair,Distributor,Credit Card,8,115.32,922.56
11546,2025-10-11,West,Farzana Islam,Stationery,Desk Organizer,Online,Cash,3,17.08,51.24
11547,2025-07-09,North,Sadia Chowdhury,Electronics,Tablet,Retail Store,Credit Card,19,286.12,5436.28
11548,2025-03-29,Central,Tanvir Ahmed,Grocery,Tea Pack,Wholesale,Credit Card,25,4.24,106.0
11549,2024-10-04,North,Shakil Rahman,Stationery,Desk Organizer,Wholesale,Nagad,16,19.04,304.64
11550,2024-09-27,West,Arif Hossain,Apparel,Cap,Distributor,Cash,18,9.62,173.16
11551,2024-07-05,Central,Shakil Rahman,Apparel,Cap,Wholesale,Credit Card,16,9.02,144.32
11552,2025-03-18,West,Rakib Hasan,Stationery,Desk Organizer,Retail Store,Credit Card,22,17.57,386.54
11553,2024-08-25,Central,Rakib Hasan,Grocery,Tea Pack,Retail Store,Credit Card,7,3.91,27.37
11554,2025-09-16,Central,Sadia Chowdhury,Apparel,Jacket,Online,Cash,7,67.78,474.46
11555,2024-06-10,South,Nusrat Jahan,Furniture,Bookshelf,Wholesale,bKash,20,95.91,1918.2
11556,2024-08-22,West,Lamia Sultana,Apparel,Cap,Wholesale,Cash,9,10.18,91.62
11557,2024-11-18,South,Shakil Rahman,Apparel,Jacket,Distributor,Cash,15,63.51,952.65
11558,2025-02-22,West,Tanvir Ahmed,Stationery,Desk Organizer,Wholesale,Credit Card,12,19.11,229.32
11559,2025-11-08,East,Tanvir Ahmed,Furniture,Sofa,Retail Store,bKash,23,433.79,9977.17
11560,2025-07-25,East,Imran Kabir,Apparel,T-Shirt,Wholesale,Cash,18,16.27,292.86
11561,2024-03-17,Central,Sadia Chowdhury,Furniture,Dining Table,Distributor,Credit Card,8,329.04,2632.32
11562,2024-09-12,West,Tanvir Ahmed,Grocery,Snack Box,Wholesale,Bank Transfer,9,5.73,51.57
11563,2024-10-09,North,Farzana Islam,Stationery,Desk Organizer,Online,Cash,18,17.86,321.48
11564,2025-02-27,West,Rakib Hasan,Apparel,T-Shirt,Online,Cash,5,16.78,83.9
11565,2024-09-08,Central,Nusrat Jahan,Stationery,Backpack,Online,Bank Transfer,11,41.73,459.03
11566,2024-03-10,Central,Shakil Rahman,Apparel,Cap,Online,bKash,23,10.78,247.94
11567,2025-04-24,West,Nusrat Jahan,Apparel,Jacket,Retail Store,Cash,8,65.99,527.92
11568,2024-05-02,East,Shakil Rahman,Apparel,Jeans,Online,bKash,21,35.09,736.89
11569,2025-01-17,North,Arif Hossain,Grocery,Coffee Jar,Online,Nagad,1,7.29,7.29
11570,2025-08-11,East,Arif Hossain,Electronics,Smartwatch,Wholesale,Cash,11,158.79,1746.69
11571,2024-06-11,North,Arif Hossain,Electronics,Smartwatch,Online,Nagad,17,166.74,2834.58
11572,2025-12-01,West,Lamia Sultana,Electronics,Smartwatch,Retail Store,Credit Card,14,165.67,2319.38
11573,2025-10-25,South,Mim Akter,Grocery,Coffee Jar,Online,bKash,19,6.89,130.91
11574,2025-09-30,North,Imran Kabir,Stationery,Desk Organizer,Distributor,Credit Card,13,16.28,211.64
11575,2025-08-21,West,Rakib Hasan,Furniture,Bookshelf,Distributor,bKash,22,98.28,2162.16
11576,2024-06-05,South,Lamia Sultana,Stationery,Desk Organizer,Distributor,Nagad,7,19.68,137.76
11577,2025-09-08,South,Farzana Islam,Furniture,Bookshelf,Online,Nagad,2,98.54,197.08
11578,2025-11-04,North,Mim Akter,Stationery,Backpack,Distributor,bKash,7,38.02,266.14
11579,2024-01-28,East,Nusrat Jahan,Furniture,Sofa,Retail Store,Cash,5,503.73,2518.65
11580,2025-01-24,West,Tanvir Ahmed,Grocery,Rice 5kg,Wholesale,bKash,2,8.09,16.18
11581,2024-06-28,South,Imran Kabir,Grocery,Cooking Oil 1L,Online,Credit Card,17,3.38,57.46
11582,2025-09-11,South,Nusrat Jahan,Stationery,Notebook,Online,Bank Transfer,12,2.17,26.04
11583,2025-01-03,South,Nusrat Jahan,Apparel,Sneakers,Online,Nagad,16,53.01,848.16
11584,2025-02-13,North,Tanvir Ahmed,Electronics,Tablet,Wholesale,Bank Transfer,4,296.6,1186.4
11585,2025-10-28,West,Shakil Rahman,Apparel,T-Shirt,Retail Store,Credit Card,21,16.54,347.34
11586,2024-09-11,East,Mim Akter,Grocery,Rice 5kg,Online,bKash,6,8.33,49.98
11587,2024-03-03,South,Rakib Hasan,Furniture,Dining Table,Wholesale,Credit Card,20,385.21,7704.2
11588,2024-06-25,Central,Imran Kabir,Apparel,Jacket,Retail Store,Bank Transfer,6,73.71,442.26
11589,2025-05-24,East,Farzana Islam,Furniture,Desk,Retail Store,Credit Card,7,175.77,1230.39
11590,2024-12-05,Central,Mim Akter,Apparel,Jacket,Online,Credit Card,1,72.94,72.94
11591,2025-01-21,South,Imran Kabir,Electronics,Monitor,Online,Nagad,25,230.92,5773.0
11592,2024-08-16,South,Farzana Islam,Stationery,Pen Set,Online,Cash,3,6.03,18.09
11593,2025-03-26,West,Sadia Chowdhury,Electronics,Laptop,Wholesale,Nagad,5,947.09,4735.45
11594,2024-11-26,West,Sadia Chowdhury,Electronics,Headphones,Distributor,bKash,22,62.1,1366.2
11595,2024-08-12,West,Sadia Chowdhury,Stationery,Notebook,Retail Store,bKash,17,1.86,31.62
11596,2025-09-21,North,Farzana Islam,Furniture,Desk,Wholesale,Cash,4,173.24,692.96
11597,2025-06-16,East,Mim Akter,Apparel,Jeans,Wholesale,Nagad,17,36.55,621.35
11598,2025-08-16,East,Imran Kabir,Apparel,Jeans,Distributor,bKash,24,39.68,952.32
11599,2024-01-15,West,Tanvir Ahmed,Electronics,Monitor,Retail Store,bKash,5,232.9,1164.5
11600,2025-05-07,West,Mim Akter,Furniture,Desk,Online,Nagad,16,200.6,3209.6
11601,2025-09-28,West,Sadia Chowdhury,Furniture,Dining Table,Retail Store,Bank Transfer,9,362.76,3264.84
11602,2024-07-09,East,Arif Hossain,Electronics,Monitor,Distributor,Cash,9,216.75,1950.75
11603,2024-09-26,West,Farzana Islam,Grocery,Snack Box,Distributor,Nagad,3,5.48,16.44
11604,2025-04-13,Central,Rakib Hasan,Grocery,Rice 5kg,Online,bKash,4,7.44,29.76
11605,2025-07-20,East,Shakil Rahman,Apparel,Jeans,Wholesale,Bank Transfer,3,39.96,119.88
11606,2025-11-27,West,Arif Hossain,Stationery,Pen Set,Retail Store,bKash,8,6.56,52.48
11607,2025-06-27,Central,Lamia Sultana,Furniture,Bookshelf,Retail Store,Nagad,17,82.06,1395.02
11608,2024-06-11,Central,Nusrat Jahan,Stationery,Backpack,Retail Store,Cash,4,42.8,171.2
11609,2024-10-12,South,Arif Hossain,Stationery,Pen Set,Wholesale,bKash,2,6.84,13.68
11610,2025-04-24,West,Arif Hossain,Grocery,Tea Pack,Wholesale,Bank Transfer,11,3.74,41.14
11611,2025-09-19,North,Shakil Rahman,Apparel,T-Shirt,Distributor,bKash,20,17.1,342.0
11612,2024-09-05,South,Rakib Hasan,Electronics,Tablet,Wholesale,bKash,13,328.97,4276.61
11613,2024-03-13,Central,Nusrat Jahan,Grocery,Coffee Jar,Retail Store,Cash,8,7.99,63.92
11614,2025-03-30,West,Farzana Islam,Apparel,Jeans,Retail Store,bKash,5,37.38,186.9
11615,2024-04-15,North,Arif Hossain,Apparel,T-Shirt,Distributor,Nagad,25,15.86,396.5
11616,2025-09-16,West,Shakil Rahman,Grocery,Cooking Oil 1L,Online,Nagad,15,2.82,42.3
11617,2025-10-03,North,Imran Kabir,Apparel,Jacket,Distributor,Credit Card,15,65.42,981.3
11618,2025-09-09,East,Nusrat Jahan,Furniture,Sofa,Online,Credit Card,20,502.32,10046.4
11619,2024-10-13,West,Imran Kabir,Furniture,Sofa,Online,Credit Card,24,487.4,11697.6
11620,2024-03-26,East,Imran Kabir,Apparel,Cap,Distributor,Cash,1,9.25,9.25
11621,2025-03-20,Central,Sadia Chowdhury,Grocery,Cooking Oil 1L,Retail Store,Nagad,22,2.9,63.8
11622,2025-06-15,Central,Lamia Sultana,Grocery,Snack Box,Wholesale,Nagad,22,4.98,109.56
11623,2024-09-01,Central,Farzana Islam,Stationery,Notebook,Online,Credit Card,12,2.09,25.08
11624,2025-04-16,West,Tanvir Ahmed,Stationery,Desk Organizer,Distributor,Bank Transfer,19,20.09,381.71
11625,2024-07-04,West,Tanvir Ahmed,Electronics,Tablet,Retail Store,Nagad,1,317.29,317.29
11626,2024-09-16,East,Imran Kabir,Apparel,T-Shirt,Online,Bank Transfer,12,16.57,198.84
11627,2024-11-28,South,Shakil Rahman,Apparel,Jacket,Wholesale,Credit Card,15,69.86,1047.9
11628,2024-12-22,South,Arif Hossain,Apparel,Jeans,Distributor,Bank Transfer,25,38.64,966.0
11629,2024-11-09,East,Mim Akter,Grocery,Rice 5kg,Retail Store,Cash,4,9.03,36.12
11630,2025-01-26,West,Mim Akter,Electronics,Monitor,Wholesale,bKash,7,212.56,1487.92
11631,2024-06-21,East,Sadia Chowdhury,Grocery,Tea Pack,Distributor,bKash,11,3.62,39.82
11632,2025-07-05,East,Arif Hossain,Furniture,Dining Table,Distributor,Nagad,6,349.82,2098.92
11633,2024-05-29,North,Farzana Islam,Electronics,Smartphone,Wholesale,Cash,23,394.02,9062.46
11634,2025-09-20,South,Imran Kabir,Apparel,Sneakers,Online,Cash,19,62.85,1194.15
11635,2024-06-07,West,Tanvir Ahmed,Apparel,Jeans,Retail Store,Nagad,22,40.19,884.18
11636,2025-03-26,South,Nusrat Jahan,Electronics,Tablet,Retail Store,bKash,21,330.86,6948.06
11637,2025-05-09,East,Nusrat Jahan,Furniture,Office Chair,Online,Nagad,15,120.44,1806.6
11638,2025-01-31,West,Rakib Hasan,Stationery,Pen Set,Wholesale,Nagad,24,5.79,138.96
11639,2024-11-23,West,Mim Akter,Apparel,Jacket,Distributor,bKash,18,64.3,1157.4
11640,2025-06-03,South,Arif Hossain,Furniture,Bookshelf,Retail Store,Credit Card,23,91.7,2109.1
11641,2024-08-17,Central,Nusrat Jahan,Apparel,T-Shirt,Distributor,Nagad,15,14.51,217.65
11642,2025-03-22,Central,Sadia Chowdhury,Electronics,Tablet,Wholesale,Nagad,3,341.49,1024.47
11643,2025-05-03,Central,Sadia Chowdhury,Furniture,Office Chair,Online,Cash,23,112.44,2586.12
11644,2025-12-31,East,Lamia Sultana,Apparel,T-Shirt,Distributor,Credit Card,20,15.34,306.8
11645,2025-12-14,South,Sadia Chowdhury,Furniture,Sofa,Distributor,Nagad,22,439.27,9663.94
11646,2025-11-28,Central,Imran Kabir,Furniture,Dining Table,Retail Store,Nagad,19,342.52,6507.88
11647,2025-09-20,North,Mim Akter,Electronics,Smartwatch,Online,Credit Card,3,154.87,464.61
11648,2024-01-31,South,Lamia Sultana,Furniture,Desk,Retail Store,bKash,21,203.8,4279.8
11649,2025-12-18,North,Farzana Islam,Electronics,Headphones,Wholesale,Nagad,22,59.81,1315.82
11650,2024-04-08,West,Rakib Hasan,Grocery,Coffee Jar,Distributor,bKash,10,6.92,69.2
11651,2025-02-15,West,Farzana Islam,Grocery,Tea Pack,Retail Store,Cash,7,3.83,26.81
11652,2025-09-12,West,Farzana Islam,Electronics,Headphones,Distributor,Credit Card,2,68.73,137.46
11653,2025-06-25,East,Farzana Islam,Electronics,Monitor,Retail Store,Credit Card,1,198.26,198.26
11654,2024-06-25,North,Lamia Sultana,Grocery,Tea Pack,Distributor,Credit Card,7,4.24,29.68
11655,2025-11-30,Central,Nusrat Jahan,Grocery,Cooking Oil 1L,Distributor,Credit Card,5,3.15,15.75
11656,2024-02-01,West,Rakib Hasan,Stationery,Pen Set,Retail Store,Bank Transfer,20,5.46,109.2
11657,2025-11-30,East,Shakil Rahman,Stationery,Notebook,Online,Cash,6,2.1,12.6
11658,2024-12-11,West,Nusrat Jahan,Furniture,Office Chair,Retail Store,Nagad,15,135.86,2037.9
11659,2024-09-09,West,Farzana Islam,Stationery,Desk Organizer,Online,Cash,12,16.84,202.08
11660,2025-05-06,West,Tanvir Ahmed,Grocery,Cooking Oil 1L,Distributor,Credit Card,22,3.23,71.06
11661,2025-07-30,Central,Farzana Islam,Stationery,Notebook,Distributor,Nagad,19,2.15,40.85
11662,2024-05-18,Central,Nusrat Jahan,Stationery,Desk Organizer,Distributor,Cash,15,19.64,294.6
11663,2025-05-17,West,Imran Kabir,Apparel,Sneakers,Wholesale,Credit Card,1,56.25,56.25
11664,2025-05-24,West,Lamia Sultana,Apparel,Cap,Wholesale,Cash,25,9.72,243.0
11665,2025-08-24,North,Nusrat Jahan,Electronics,Smartwatch,Online,Cash,24,168.76,4050.24
11666,2024-11-06,East,Tanvir Ahmed,Stationery,Pen Set,Online,Credit Card,13,5.68,73.84
11667,2025-01-14,West,Arif Hossain,Stationery,Notebook,Retail Store,Nagad,22,2.15,47.3
11668,2024-03-15,West,Rakib Hasan,Furniture,Office Chair,Retail Store,Cash,23,114.11,2624.53
11669,2024-07-29,Central,Tanvir Ahmed,Furniture,Dining Table,Online,Bank Transfer,23,325.18,7479.14
11670,2024-08-21,South,Mim Akter,Apparel,T-Shirt,Retail Store,Bank Transfer,12,16.94,203.28
11671,2025-11-15,South,Rakib Hasan,Grocery,Rice 5kg,Retail Store,Nagad,9,8.96,80.64
11672,2025-12-07,East,Nusrat Jahan,Grocery,Snack Box,Distributor,Bank Transfer,1,5.02,5.02
11673,2025-09-06,East,Nusrat Jahan,Grocery,Coffee Jar,Wholesale,Cash,1,7.4,7.4
11674,2025-10-14,West,Rakib Hasan,Grocery,Rice 5kg,Retail Store,Credit Card,4,7.43,29.72
11675,2024-09-19,South,Arif Hossain,Grocery,Rice 5kg,Distributor,bKash,22,8.63,189.86
11676,2024-09-24,Central,Shakil Rahman,Grocery,Tea Pack,Distributor,Nagad,4,4.36,17.44
11677,2024-05-10,North,Arif Hossain,Grocery,Cooking Oil 1L,Wholesale,bKash,17,3.45,58.65
11678,2025-02-01,North,Farzana Islam,Grocery,Coffee Jar,Retail Store,Credit Card,6,6.45,38.7
11679,2024-05-26,West,Lamia Sultana,Electronics,Smartphone,Distributor,Bank Transfer,15,419.7,6295.5
11680,2024-02-14,Central,Nusrat Jahan,Electronics,Monitor,Retail Store,Cash,19,198.78,3776.82
11681,2024-07-24,East,Rakib Hasan,Furniture,Bookshelf,Distributor,Bank Transfer,21,82.27,1727.67
11682,2024-07-07,East,Arif Hossain,Grocery,Cooking Oil 1L,Online,bKash,21,2.85,59.85
11683,2025-06-25,West,Farzana Islam,Grocery,Rice 5kg,Retail Store,Nagad,10,8.31,83.1
11684,2025-02-23,East,Tanvir Ahmed,Furniture,Dining Table,Online,Credit Card,17,361.75,6149.75
11685,2024-04-16,East,Mim Akter,Stationery,Pen Set,Online,bKash,22,5.75,126.5
11686,2024-05-02,Central,Tanvir Ahmed,Grocery,Rice 5kg,Wholesale,Nagad,8,8.72,69.76
11687,2025-08-08,Central,Farzana Islam,Electronics,Smartwatch,Online,Bank Transfer,21,149.48,3139.08
11688,2024-09-13,West,Nusrat Jahan,Stationery,Desk Organizer,Wholesale,Nagad,12,20.61,247.32
11689,2024-05-27,South,Sadia Chowdhury,Grocery,Coffee Jar,Distributor,bKash,10,7.41,74.1
11690,2025-03-18,East,Rakib Hasan,Furniture,Sofa,Distributor,Credit Card,10,421.2,4212.0
11691,2025-10-03,Central,Nusrat Jahan,Grocery,Coffee Jar,Wholesale,bKash,12,6.66,79.92
11692,2025-02-01,West,Sadia Chowdhury,Grocery,Coffee Jar,Wholesale,Bank Transfer,15,6.94,104.1
11693,2024-08-10,South,Arif Hossain,Apparel,Sneakers,Retail Store,bKash,23,52.13,1198.99
11694,2025-10-21,East,Sadia Chowdhury,Furniture,Dining Table,Wholesale,Cash,10,333.68,3336.8
11695,2025-09-30,North,Arif Hossain,Furniture,Sofa,Wholesale,Cash,14,410.72,5750.08
11696,2025-03-18,Central,Rakib Hasan,Furniture,Bookshelf,Wholesale,Nagad,6,102.22,613.32
11697,2025-11-27,South,Imran Kabir,Electronics,Monitor,Retail Store,Cash,19,240.31,4565.89
11698,2025-04-24,South,Rakib Hasan,Grocery,Snack Box,Wholesale,Cash,8,5.59,44.72
11699,2024-03-07,East,Lamia Sultana,Furniture,Sofa,Online,Credit Card,3,407.41,1222.23
11700,2024-06-03,North,Mim Akter,Electronics,Headphones,Distributor,bKash,7,58.61,410.27
11701,2024-12-12,Central,Mim Akter,Electronics,Headphones,Wholesale,Bank Transfer,23,56.63,1302.49
11702,2025-03-01,Central,Rakib Hasan,Apparel,T-Shirt,Retail Store,bKash,4,15.5,62.0
11703,2025-12-07,South,Arif Hossain,Stationery,Desk Organizer,Wholesale,Cash,8,20.59,164.72
11704,2025-04-29,North,Tanvir Ahmed,Furniture,Sofa,Retail Store,Bank Transfer,13,458.65,5962.45
11705,2024-01-21,East,Sadia Chowdhury,Electronics,Smartwatch,Retail Store,Bank Transfer,16,170.5,2728.0
11706,2024-06-30,East,Farzana Islam,Stationery,Backpack,Distributor,Credit Card,5,42.24,211.2
11707,2025-12-29,North,Nusrat Jahan,Grocery,Cooking Oil 1L,Distributor,Cash,3,2.97,8.91
11708,2025-01-08,Central,Lamia Sultana,Grocery,Rice 5kg,Wholesale,bKash,9,7.58,68.22
11709,2024-02-23,North,Sadia Chowdhury,Apparel,Cap,Distributor,bKash,21,9.6,201.6
11710,2024-10-06,West,Imran Kabir,Apparel,Jacket,Distributor,Credit Card,24,74.67,1792.08
11711,2025-10-01,East,Arif Hossain,Grocery,Rice 5kg,Online,bKash,1,8.67,8.67
11712,2025-02-01,West,Nusrat Jahan,Electronics,Headphones,Wholesale,Bank Transfer,2,64.43,128.86
11713,2025-12-25,East,Mim Akter,Apparel,Sneakers,Wholesale,Bank Transfer,11,51.32,564.52
11714,2024-09-30,Central,Nusrat Jahan,Apparel,Jacket,Wholesale,Cash,3,73.34,220.02
11715,2024-05-11,East,Arif Hossain,Electronics,Monitor,Online,Credit Card,25,203.89,5097.25
11716,2024-08-30,East,Farzana Islam,Electronics,Smartphone,Retail Store,Nagad,25,368.74,9218.5
11717,2025-08-19,North,Mim Akter,Electronics,Laptop,Online,bKash,21,970.2,20374.2
11718,2025-12-22,North,Lamia Sultana,Grocery,Tea Pack,Online,Credit Card,5,3.8,19.0
11719,2025-12-03,North,Farzana Islam,Electronics,Smartphone,Online,Bank Transfer,8,381.02,3048.16
11720,2024-07-21,East,Arif Hossain,Electronics,Tablet,Retail Store,Bank Transfer,23,344.09,7914.07
11721,2024-07-08,West,Shakil Rahman,Stationery,Pen Set,Online,Bank Transfer,17,5.41,91.97
11722,2025-12-20,East,Rakib Hasan,Furniture,Desk,Retail Store,Credit Card,25,165.41,4135.25
11723,2024-10-30,South,Rakib Hasan,Furniture,Bookshelf,Wholesale,Nagad,20,90.28,1805.6
11724,2025-06-27,West,Shakil Rahman,Apparel,Jeans,Distributor,bKash,1,37.23,37.23
11725,2025-05-20,South,Farzana Islam,Apparel,Jacket,Online,Credit Card,12,73.17,878.04
11726,2025-11-21,West,Farzana Islam,Electronics,Smartwatch,Wholesale,Credit Card,3,146.94,440.82
11727,2025-04-06,North,Lamia Sultana,Apparel,Cap,Distributor,Cash,12,10.86,130.32
11728,2025-07-13,West,Shakil Rahman,Grocery,Tea Pack,Wholesale,Cash,24,3.79,90.96
11729,2025-04-17,North,Mim Akter,Stationery,Pen Set,Wholesale,Bank Transfer,11,6.79,74.69
11730,2025-01-29,West,Sadia Chowdhury,Grocery,Coffee Jar,Retail Store,bKash,14,7.96,111.44
11731,2024-01-15,West,Rakib Hasan,Furniture,Bookshelf,Wholesale,Cash,14,98.81,1383.34
11732,2024-01-17,Central,Rakib Hasan,Furniture,Desk,Retail Store,Credit Card,13,183.25,2382.25
11733,2024-06-11,South,Tanvir Ahmed,Apparel,Jacket,Wholesale,Bank Transfer,10,71.98,719.8
11734,2025-05-26,South,Nusrat Jahan,Stationery,Backpack,Wholesale,Nagad,14,40.35,564.9
11735,2024-11-27,North,Mim Akter,Furniture,Sofa,Online,Credit Card,23,458.63,10548.49
11736,2025-03-02,South,Arif Hossain,Apparel,Jeans,Wholesale,bKash,16,31.61,505.76
11737,2024-05-04,East,Shakil Rahman,Apparel,Jeans,Wholesale,Nagad,20,32.63,652.6
11738,2025-04-29,East,Rakib Hasan,Apparel,Jacket,Distributor,Nagad,3,58.79,176.37
11739,2024-11-16,South,Nusrat Jahan,Apparel,Sneakers,Distributor,bKash,21,62.09,1303.89
11740,2024-05-10,Central,Mim Akter,Grocery,Tea Pack,Distributor,bKash,11,4.38,48.18
11741,2025-05-15,Central,Lamia Sultana,Stationery,Pen Set,Retail Store,bKash,19,6.1,115.9
11742,2025-09-30,Central,Farzana Islam,Electronics,Headphones,Wholesale,bKash,11,55.22,607.42
11743,2025-02-02,Central,Shakil Rahman,Grocery,Coffee Jar,Online,Bank Transfer,25,6.64,166.0
11744,2024-08-16,East,Tanvir Ahmed,Apparel,Jeans,Wholesale,bKash,21,31.53,662.13
11745,2024-11-23,West,Arif Hossain,Apparel,Cap,Retail Store,Cash,16,11.46,183.36
11746,2024-03-03,South,Lamia Sultana,Stationery,Pen Set,Online,Cash,24,6.73,161.52
11747,2024-11-01,South,Imran Kabir,Stationery,Backpack,Wholesale,Credit Card,9,38.04,342.36
11748,2025-04-21,North,Imran Kabir,Apparel,T-Shirt,Online,Cash,25,16.91,422.75
11749,2025-03-30,West,Arif Hossain,Furniture,Sofa,Retail Store,Nagad,25,440.33,11008.25
11750,2024-06-15,East,Nusrat Jahan,Apparel,Sneakers,Wholesale,Cash,19,51.27,974.13
11751,2024-05-25,North,Mim Akter,Electronics,Laptop,Wholesale,Cash,11,941.76,10359.36
11752,2024-07-01,North,Imran Kabir,Grocery,Snack Box,Distributor,Bank Transfer,11,5.27,57.97
11753,2024-02-27,East,Mim Akter,Electronics,Monitor,Online,Nagad,24,237.45,5698.8
11754,2024-04-14,North,Farzana Islam,Furniture,Sofa,Retail Store,bKash,17,423.38,7197.46
11755,2025-02-26,East,Mim Akter,Furniture,Office Chair,Distributor,Credit Card,11,130.53,1435.83
11756,2025-12-12,Central,Tanvir Ahmed,Grocery,Coffee Jar,Wholesale,Bank Transfer,5,7.26,36.3
11757,2024-08-20,West,Rakib Hasan,Electronics,Smartphone,Online,Cash,8,365.65,2925.2
11758,2024-02-13,North,Nusrat Jahan,Stationery,Notebook,Wholesale,Credit Card,8,2.18,17.44
11759,2025-10-11,Central,Mim Akter,Furniture,Desk,Distributor,Bank Transfer,22,179.81,3955.82
11760,2024-03-10,West,Tanvir Ahmed,Stationery,Backpack,Wholesale,Nagad,2,38.0,76.0
11761,2024-12-23,South,Lamia Sultana,Electronics,Smartphone,Wholesale,Credit Card,23,368.06,8465.38
11762,2025-07-03,South,Imran Kabir,Apparel,Cap,Retail Store,bKash,1,11.29,11.29
11763,2025-02-01,East,Arif Hossain,Stationery,Backpack,Distributor,Nagad,6,44.35,266.1
11764,2025-02-06,East,Nusrat Jahan,Stationery,Backpack,Distributor,Cash,4,42.5,170.0
11765,2024-07-08,West,Lamia Sultana,Grocery,Rice 5kg,Wholesale,bKash,4,7.28,29.12
11766,2025-08-30,South,Nusrat Jahan,Electronics,Monitor,Distributor,bKash,10,217.85,2178.5
11767,2025-06-07,South,Lamia Sultana,Electronics,Monitor,Distributor,bKash,1,215.04,215.04
11768,2024-12-01,East,Nusrat Jahan,Furniture,Desk,Wholesale,Bank Transfer,15,206.29,3094.35
11769,2024-03-20,West,Sadia Chowdhury,Stationery,Pen Set,Distributor,bKash,20,5.56,111.2
11770,2024-01-01,Central,Tanvir Ahmed,Electronics,Laptop,Online,Cash,10,859.58,8595.8
11771,2025-10-23,North,Tanvir Ahmed,Stationery,Pen Set,Distributor,bKash,7,6.86,48.02
11772,2024-02-05,East,Imran Kabir,Apparel,T-Shirt,Online,Cash,4,14.63,58.52
11773,2024-06-27,South,Farzana Islam,Apparel,Sneakers,Online,Bank Transfer,1,51.05,51.05
11774,2024-01-24,Central,Arif Hossain,Furniture,Sofa,Distributor,Cash,23,468.36,10772.28
11775,2025-11-25,South,Nusrat Jahan,Electronics,Monitor,Online,Bank Transfer,13,199.64,2595.32
11776,2025-08-13,West,Imran Kabir,Grocery,Coffee Jar,Retail Store,Credit Card,2,7.45,14.9
11777,2025-11-18,West,Nusrat Jahan,Apparel,Jacket,Distributor,Credit Card,9,74.15,667.35
11778,2025-03-21,West,Tanvir Ahmed,Furniture,Desk,Online,Nagad,18,204.85,3687.3
11779,2025-09-04,North,Shakil Rahman,Grocery,Cooking Oil 1L,Distributor,Credit Card,12,3.04,36.48
11780,2025-07-07,South,Mim Akter,Grocery,Snack Box,Distributor,Nagad,5,4.9,24.5
11781,2025-04-23,South,Lamia Sultana,Apparel,Sneakers,Wholesale,Cash,12,60.05,720.6
11782,2024-03-29,Central,Imran Kabir,Furniture,Sofa,Distributor,Bank Transfer,20,433.49,8669.8
11783,2025-11-27,East,Sadia Chowdhury,Furniture,Bookshelf,Wholesale,Nagad,6,101.02,606.12
11784,2025-10-09,South,Lamia Sultana,Apparel,Cap,Distributor,Nagad,24,9.4,225.6
11785,2024-04-24,South,Imran Kabir,Stationery,Pen Set,Online,Bank Transfer,17,6.22,105.74
11786,2025-11-11,Central,Tanvir Ahmed,Stationery,Notebook,Distributor,Nagad,6,2.17,13.02
11787,2025-02-08,North,Mim Akter,Apparel,Sneakers,Distributor,Nagad,17,58.53,995.01
11788,2024-08-19,Central,Mim Akter,Grocery,Cooking Oil 1L,Wholesale,Credit Card,21,3.18,66.78
11789,2024-05-27,North,Arif Hossain,Furniture,Desk,Online,Bank Transfer,3,193.27,579.81
11790,2025-10-15,West,Shakil Rahman,Apparel,Jeans,Retail Store,Nagad,4,39.83,159.32
11791,2024-07-31,North,Tanvir Ahmed,Furniture,Office Chair,Distributor,Credit Card,6,132.83,796.98
11792,2025-01-01,East,Sadia Chowdhury,Electronics,Laptop,Online,Bank Transfer,22,850.64,18714.08
11793,2024-11-07,East,Imran Kabir,Stationery,Backpack,Distributor,bKash,14,42.19,590.66
11794,2025-05-26,Central,Tanvir Ahmed,Grocery,Snack Box,Wholesale,Credit Card,11,4.94,54.34
11795,2025-12-06,West,Arif Hossain,Apparel,Sneakers,Online,Bank Transfer,19,58.03,1102.57
11796,2024-03-29,North,Imran Kabir,Apparel,Sneakers,Online,Bank Transfer,16,52.97,847.52
11797,2024-12-11,South,Farzana Islam,Electronics,Laptop,Wholesale,Bank Transfer,8,893.27,7146.16
11798,2025-09-20,East,Shakil Rahman,Grocery,Rice 5kg,Wholesale,bKash,14,7.39,103.46
11799,2025-05-29,North,Arif Hossain,Furniture,Dining Table,Wholesale,Credit Card,6,355.53,2133.18
11800,2024-04-30,Central,Tanvir Ahmed,Stationery,Desk Organizer,Distributor,Nagad,23,18.53,426.19
11801,2025-09-07,East,Rakib Hasan,Furniture,Sofa,Online,Cash,11,453.01,4983.11
11802,2024-01-06,South,Sadia Chowdhury,Furniture,Office Chair,Wholesale,bKash,13,131.27,1706.51
11803,2024-12-14,North,Shakil Rahman,Furniture,Sofa,Retail Store,bKash,22,470.65,10354.3
11804,2024-05-22,West,Farzana Islam,Grocery,Cooking Oil 1L,Online,bKash,5,3.26,16.3
11805,2024-01-22,West,Sadia Chowdhury,Stationery,Notebook,Distributor,Bank Transfer,23,2.06,47.38
11806,2024-10-12,North,Imran Kabir,Apparel,Cap,Wholesale,Credit Card,14,10.39,145.46
11807,2025-05-01,North,Farzana Islam,Grocery,Rice 5kg,Distributor,Cash,13,8.21,106.73
11808,2025-08-07,North,Tanvir Ahmed,Furniture,Desk,Retail Store,Credit Card,6,191.91,1151.46
11809,2024-03-09,East,Arif Hossain,Grocery,Snack Box,Distributor,Bank Transfer,22,4.73,104.06
11810,2024-05-30,Central,Tanvir Ahmed,Grocery,Rice 5kg,Retail Store,bKash,10,7.47,74.7
11811,2025-06-21,East,Tanvir Ahmed,Grocery,Rice 5kg,Online,Credit Card,22,7.73,170.06
11812,2025-05-06,East,Rakib Hasan,Stationery,Notebook,Distributor,bKash,7,1.89,13.23
11813,2025-02-01,West,Nusrat Jahan,Grocery,Coffee Jar,Online,bKash,18,7.41,133.38
11814,2025-05-04,South,Rakib Hasan,Stationery,Notebook,Retail Store,Credit Card,17,2.29,38.93
11815,2024-08-18,South,Nusrat Jahan,Electronics,Smartwatch,Wholesale,Cash,9,150.24,1352.16
11816,2025-11-18,East,Imran Kabir,Grocery,Rice 5kg,Online,bKash,24,9.06,217.44
11817,2025-09-21,Central,Nusrat Jahan,Grocery,Coffee Jar,Retail Store,Bank Transfer,17,7.86,133.62
11818,2024-03-17,Central,Arif Hossain,Furniture,Desk,Distributor,Bank Transfer,14,188.99,2645.86
11819,2025-01-13,Central,Farzana Islam,Grocery,Rice 5kg,Retail Store,Credit Card,9,7.99,71.91
11820,2025-04-26,East,Arif Hossain,Grocery,Tea Pack,Distributor,Cash,17,4.09,69.53
11821,2024-12-16,West,Mim Akter,Stationery,Pen Set,Online,Bank Transfer,18,6.18,111.24
11822,2025-06-09,East,Shakil Rahman,Electronics,Headphones,Distributor,Nagad,8,58.7,469.6
11823,2024-07-15,Central,Nusrat Jahan,Apparel,Jeans,Distributor,Cash,11,36.03,396.33
11824,2025-09-19,East,Lamia Sultana,Grocery,Tea Pack,Wholesale,bKash,5,4.4,22.0
11825,2025-04-18,East,Arif Hossain,Apparel,Jeans,Distributor,bKash,19,36.05,684.95
11826,2025-10-10,East,Nusrat Jahan,Electronics,Monitor,Retail Store,Nagad,11,208.07,2288.77
11827,2025-08-04,South,Imran Kabir,Grocery,Tea Pack,Wholesale,Cash,15,4.14,62.1
11828,2025-01-20,Central,Farzana Islam,Furniture,Bookshelf,Distributor,Credit Card,18,103.14,1856.52
11829,2025-07-17,South,Shakil Rahman,Electronics,Laptop,Wholesale,Bank Transfer,19,939.5,17850.5
11830,2025-10-05,South,Shakil Rahman,Stationery,Desk Organizer,Online,Bank Transfer,16,18.88,302.08
11831,2024-07-04,West,Mim Akter,Grocery,Coffee Jar,Online,bKash,4,6.93,27.72
11832,2025-07-02,North,Shakil Rahman,Electronics,Laptop,Online,Nagad,9,792.08,7128.72
11833,2024-03-02,West,Nusrat Jahan,Electronics,Monitor,Online,Nagad,1,204.13,204.13
11834,2024-08-13,East,Imran Kabir,Stationery,Backpack,Retail Store,bKash,20,42.04,840.8
11835,2025-07-20,East,Nusrat Jahan,Apparel,Cap,Retail Store,Credit Card,19,9.79,186.01
11836,2024-04-03,West,Nusrat Jahan,Furniture,Desk,Online,bKash,19,195.32,3711.08
11837,2024-08-14,North,Farzana Islam,Apparel,Sneakers,Retail Store,Bank Transfer,8,55.82,446.56
11838,2024-09-01,South,Shakil Rahman,Furniture,Desk,Online,Credit Card,22,175.88,3869.36
11839,2024-03-24,West,Nusrat Jahan,Stationery,Desk Organizer,Retail Store,Credit Card,14,19.41,271.74
11840,2025-07-08,West,Lamia Sultana,Grocery,Cooking Oil 1L,Wholesale,Credit Card,25,2.9,72.5
11841,2025-05-26,Central,Mim Akter,Grocery,Coffee Jar,Distributor,Credit Card,17,7.38,125.46
11842,2025-09-07,South,Mim Akter,Grocery,Snack Box,Retail Store,Credit Card,23,5.35,123.05
11843,2025-02-18,South,Nusrat Jahan,Furniture,Sofa,Distributor,Cash,9,432.99,3896.91
11844,2025-12-03,West,Lamia Sultana,Apparel,Jeans,Wholesale,Credit Card,19,33.64,639.16
11845,2025-01-25,North,Imran Kabir,Electronics,Tablet,Distributor,Cash,1,306.82,306.82
11846,2024-08-22,North,Imran Kabir,Grocery,Coffee Jar,Distributor,Cash,9,6.94,62.46
11847,2025-10-22,South,Rakib Hasan,Apparel,Sneakers,Retail Store,Nagad,17,57.74,981.58
11848,2024-04-02,West,Mim Akter,Furniture,Office Chair,Online,bKash,23,135.48,3116.04
11849,2025-06-21,Central,Tanvir Ahmed,Electronics,Smartwatch,Distributor,Credit Card,9,151.99,1367.91
11850,2025-02-23,West,Shakil Rahman,Apparel,Jeans,Retail Store,bKash,10,32.96,329.6
11851,2025-11-01,North,Lamia Sultana,Electronics,Smartphone,Online,Nagad,24,377.59,9062.16
11852,2024-07-19,West,Rakib Hasan,Stationery,Desk Organizer,Retail Store,Credit Card,20,19.41,388.2
11853,2025-07-20,East,Rakib Hasan,Electronics,Laptop,Online,Bank Transfer,25,843.4,21085.0
11854,2024-11-29,Central,Rakib Hasan,Furniture,Desk,Retail Store,Credit Card,6,196.49,1178.94
11855,2024-05-18,Central,Arif Hossain,Stationery,Notebook,Online,Bank Transfer,6,1.82,10.92
11856,2024-10-12,South,Lamia Sultana,Furniture,Desk,Distributor,Nagad,15,173.06,2595.9
11857,2025-01-21,South,Rakib Hasan,Furniture,Office Chair,Online,Credit Card,5,108.02,540.1
11858,2025-04-22,West,Imran Kabir,Grocery,Snack Box,Wholesale,Nagad,21,5.68,119.28
11859,2025-02-21,Central,Imran Kabir,Apparel,Cap,Distributor,Nagad,6,10.26,61.56
11860,2025-01-11,North,Nusrat Jahan,Grocery,Cooking Oil 1L,Online,Nagad,10,2.79,27.9
11861,2024-11-18,West,Shakil Rahman,Grocery,Coffee Jar,Distributor,Credit Card,16,6.65,106.4
11862,2024-05-23,West,Rakib Hasan,Electronics,Smartphone,Wholesale,Nagad,21,439.38,9226.98
11863,2024-09-15,South,Tanvir Ahmed,Grocery,Cooking Oil 1L,Retail Store,Bank Transfer,16,3.0,48.0
11864,2024-02-22,South,Sadia Chowdhury,Grocery,Tea Pack,Retail Store,Bank Transfer,8,4.55,36.4
11865,2025-01-30,East,Tanvir Ahmed,Electronics,Headphones,Distributor,Bank Transfer,21,67.08,1408.68
11866,2025-05-05,East,Mim Akter,Electronics,Smartwatch,Wholesale,Credit Card,3,148.22,444.66
11867,2024-05-29,Central,Rakib Hasan,Furniture,Bookshelf,Online,Credit Card,24,97.0,2328.0
11868,2025-01-15,North,Arif Hossain,Apparel,T-Shirt,Retail Store,Nagad,1,15.18,15.18
11869,2025-01-11,West,Mim Akter,Apparel,Cap,Distributor,Cash,2,11.0,22.0
11870,2024-02-07,West,Sadia Chowdhury,Stationery,Notebook,Wholesale,Nagad,22,2.19,48.18
11871,2025-10-12,South,Imran Kabir,Stationery,Notebook,Distributor,Bank Transfer,9,1.87,16.83
11872,2024-08-13,Central,Imran Kabir,Furniture,Office Chair,Distributor,Bank Transfer,2,109.32,218.64
11873,2024-06-04,South,Imran Kabir,Electronics,Smartphone,Retail Store,Bank Transfer,14,414.71,5805.94
11874,2024-09-28,North,Farzana Islam,Apparel,Jeans,Retail Store,Credit Card,24,35.72,857.28
11875,2024-03-22,West,Rakib Hasan,Electronics,Smartphone,Wholesale,Credit Card,22,405.96,8931.12
11876,2025-07-25,East,Sadia Chowdhury,Apparel,Cap,Distributor,Nagad,18,11.22,201.96
11877,2024-09-08,Central,Rakib Hasan,Apparel,Jacket,Distributor,Nagad,8,71.74,573.92
11878,2025-02-18,East,Mim Akter,Grocery,Coffee Jar,Distributor,Bank Transfer,2,7.97,15.94
11879,2024-09-11,North,Rakib Hasan,Apparel,Jacket,Retail Store,bKash,15,73.21,1098.15
11880,2025-02-13,Central,Arif Hossain,Electronics,Monitor,Distributor,Bank Transfer,14,229.16,3208.24
11881,2024-11-17,South,Rakib Hasan,Apparel,T-Shirt,Wholesale,Credit Card,2,15.13,30.26
11882,2025-01-14,West,Sadia Chowdhury,Grocery,Cooking Oil 1L,Online,Cash,4,2.93,11.72
11883,2025-03-16,West,Lamia Sultana,Grocery,Coffee Jar,Retail Store,Bank Transfer,8,6.8,54.4
11884,2025-01-20,East,Rakib Hasan,Stationery,Pen Set,Distributor,Nagad,3,5.55,16.65
11885,2024-04-04,North,Rakib Hasan,Electronics,Monitor,Wholesale,Bank Transfer,23,233.64,5373.72
11886,2024-10-25,West,Rakib Hasan,Electronics,Laptop,Online,bKash,12,909.23,10910.76
11887,2024-12-04,North,Tanvir Ahmed,Apparel,Cap,Retail Store,Cash,4,9.1,36.4
11888,2024-06-23,North,Lamia Sultana,Stationery,Notebook,Online,bKash,13,2.21,28.73
11889,2025-06-22,East,Lamia Sultana,Grocery,Rice 5kg,Distributor,Nagad,3,8.86,26.58
11890,2025-10-20,North,Sadia Chowdhury,Apparel,Jeans,Distributor,bKash,25,37.62,940.5
11891,2025-02-06,Central,Nusrat Jahan,Electronics,Tablet,Distributor,Credit Card,11,319.88,3518.68
11892,2025-10-31,East,Arif Hossain,Grocery,Coffee Jar,Distributor,Cash,23,7.73,177.79
11893,2025-04-17,East,Mim Akter,Grocery,Cooking Oil 1L,Retail Store,bKash,5,3.23,16.15
11894,2024-04-20,North,Lamia Sultana,Electronics,Laptop,Online,bKash,15,791.8,11877.0
11895,2025-03-21,East,Mim Akter,Electronics,Headphones,Retail Store,Bank Transfer,14,55.84,781.76
11896,2024-06-09,South,Sadia Chowdhury,Stationery,Backpack,Online,Cash,13,37.91,492.83
11897,2025-05-24,North,Shakil Rahman,Electronics,Laptop,Wholesale,bKash,15,904.9,13573.5
11898,2025-11-05,West,Rakib Hasan,Grocery,Tea Pack,Distributor,Bank Transfer,11,4.56,50.16
11899,2024-04-05,North,Rakib Hasan,Stationery,Pen Set,Distributor,Bank Transfer,16,6.71,107.36
11900,2025-09-10,North,Rakib Hasan,Apparel,Jeans,Retail Store,Nagad,16,39.87,637.92
11901,2025-12-29,West,Tanvir Ahmed,Furniture,Desk,Online,Cash,11,198.01,2178.11
11902,2024-07-25,North,Farzana Islam,Apparel,Jacket,Wholesale,Nagad,7,60.9,426.3
11903,2024-02-10,Central,Imran Kabir,Stationery,Backpack,Retail Store,Bank Transfer,15,45.64,684.6
11904,2024-12-06,Central,Sadia Chowdhury,Stationery,Backpack,Online,Cash,1,40.07,40.07
11905,2025-08-28,West,Sadia Chowdhury,Electronics,Tablet,Retail Store,Cash,8,303.7,2429.6
11906,2024-09-28,South,Lamia Sultana,Apparel,T-Shirt,Distributor,Bank Transfer,1,15.49,15.49
11907,2025-03-16,West,Nusrat Jahan,Electronics,Smartphone,Wholesale,Credit Card,2,455.86,911.72
11908,2025-10-17,Central,Imran Kabir,Apparel,Cap,Online,Nagad,10,10.92,109.2
11909,2024-08-28,Central,Nusrat Jahan,Electronics,Tablet,Distributor,Credit Card,13,312.06,4056.78
11910,2024-03-22,Central,Nusrat Jahan,Apparel,Jeans,Online,Bank Transfer,11,37.16,408.76
11911,2025-11-04,North,Rakib Hasan,Grocery,Rice 5kg,Distributor,bKash,10,8.54,85.4
11912,2024-04-09,West,Nusrat Jahan,Grocery,Cooking Oil 1L,Retail Store,Cash,25,3.4,85.0
11913,2024-05-04,Central,Farzana Islam,Apparel,Cap,Online,bKash,1,11.38,11.38
11914,2024-05-04,South,Farzana Islam,Electronics,Headphones,Wholesale,Cash,17,65.49,1113.33
11915,2024-10-11,Central,Farzana Islam,Stationery,Desk Organizer,Wholesale,Nagad,3,17.8,53.4
11916,2024-09-13,South,Imran Kabir,Electronics,Headphones,Retail Store,Nagad,24,54.27,1302.48
11917,2024-06-13,North,Rakib Hasan,Stationery,Notebook,Retail Store,Cash,17,2.21,37.57
11918,2025-02-02,West,Mim Akter,Stationery,Pen Set,Online,Cash,25,6.05,151.25
11919,2025-10-14,South,Rakib Hasan,Stationery,Desk Organizer,Retail Store,Nagad,16,19.68,314.88
11920,2024-11-25,South,Sadia Chowdhury,Electronics,Monitor,Wholesale,Bank Transfer,21,218.29,4584.09
11921,2024-12-29,West,Nusrat Jahan,Electronics,Laptop,Online,Nagad,1,974.88,974.88
11922,2024-03-28,West,Tanvir Ahmed,Apparel,Jacket,Distributor,Bank Transfer,5,72.2,361.0
11923,2025-07-20,Central,Rakib Hasan,Stationery,Notebook,Wholesale,Bank Transfer,18,2.16,38.88
11924,2024-11-15,Central,Tanvir Ahmed,Apparel,T-Shirt,Distributor,bKash,18,16.58,298.44
11925,2025-12-13,North,Tanvir Ahmed,Apparel,T-Shirt,Distributor,bKash,9,16.56,149.04
11926,2025-01-07,East,Imran Kabir,Furniture,Bookshelf,Online,Nagad,3,92.21,276.63
11927,2024-07-08,North,Tanvir Ahmed,Apparel,Sneakers,Distributor,Cash,23,50.78,1167.94
11928,2024-04-26,Central,Lamia Sultana,Furniture,Dining Table,Online,Cash,4,400.28,1601.12
11929,2024-03-21,North,Rakib Hasan,Apparel,Jacket,Retail Store,Nagad,8,59.3,474.4
11930,2025-11-04,Central,Farzana Islam,Apparel,Cap,Distributor,Nagad,10,9.25,92.5
11931,2024-10-02,East,Imran Kabir,Grocery,Rice 5kg,Online,Cash,24,7.3,175.2
11932,2024-02-13,Central,Tanvir Ahmed,Electronics,Laptop,Online,Bank Transfer,16,937.02,14992.32
11933,2025-07-28,North,Shakil Rahman,Grocery,Snack Box,Retail Store,Nagad,8,4.6,36.8
11934,2024-08-11,Central,Farzana Islam,Furniture,Desk,Online,Bank Transfer,24,193.87,4652.88
11935,2024-10-06,South,Imran Kabir,Furniture,Dining Table,Online,Nagad,19,384.53,7306.07
11936,2024-08-04,Central,Nusrat Jahan,Furniture,Sofa,Online,Bank Transfer,20,480.02,9600.4
11937,2025-08-27,East,Mim Akter,Furniture,Dining Table,Retail Store,Bank Transfer,14,394.69,5525.66
11938,2024-09-18,South,Lamia Sultana,Apparel,Jacket,Online,Bank Transfer,21,68.34,1435.14
11939,2025-12-08,West,Lamia Sultana,Electronics,Laptop,Retail Store,Cash,5,887.53,4437.65
11940,2024-09-12,South,Rakib Hasan,Stationery,Notebook,Online,bKash,24,1.82,43.68
11941,2024-04-25,West,Rakib Hasan,Electronics,Monitor,Retail Store,Cash,19,198.15,3764.85
11942,2024-07-30,North,Imran Kabir,Furniture,Office Chair,Online,Cash,15,112.33,1684.95
11943,2025-11-27,East,Imran Kabir,Electronics,Headphones,Wholesale,Nagad,9,60.65,545.85
11944,2025-11-12,South,Imran Kabir,Furniture,Desk,Distributor,bKash,22,172.92,3804.24
11945,2025-03-19,West,Tanvir Ahmed,Grocery,Tea Pack,Distributor,Credit Card,15,3.76,56.4
11946,2025-02-27,West,Arif Hossain,Electronics,Monitor,Distributor,bKash,4,246.47,985.88
11947,2025-04-29,East,Rakib Hasan,Furniture,Bookshelf,Wholesale,Credit Card,25,92.92,2323.0
11948,2024-07-24,East,Shakil Rahman,Stationery,Desk Organizer,Retail Store,Bank Transfer,23,20.09,462.07
11949,2025-03-24,East,Rakib Hasan,Grocery,Coffee Jar,Wholesale,bKash,5,6.33,31.65
11950,2024-10-01,West,Nusrat Jahan,Furniture,Sofa,Retail Store,Credit Card,24,446.72,10721.28
11951,2024-01-21,East,Arif Hossain,Apparel,T-Shirt,Distributor,Bank Transfer,3,15.63,46.89
11952,2025-09-20,East,Shakil Rahman,Electronics,Smartphone,Retail Store,Nagad,19,439.9,8358.1
11953,2024-01-21,West,Arif Hossain,Stationery,Pen Set,Online,bKash,11,6.55,72.05
11954,2024-07-17,Central,Mim Akter,Stationery,Desk Organizer,Online,Bank Transfer,6,16.69,100.14
11955,2025-11-16,East,Shakil Rahman,Apparel,Sneakers,Retail Store,Bank Transfer,20,57.27,1145.4
11956,2024-11-28,West,Sadia Chowdhury,Apparel,T-Shirt,Retail Store,bKash,2,16.72,33.44
11957,2024-08-21,South,Arif Hossain,Apparel,Sneakers,Distributor,Bank Transfer,14,62.67,877.38
11958,2025-02-24,North,Farzana Islam,Electronics,Monitor,Retail Store,bKash,2,209.27,418.54
11959,2024-08-14,North,Farzana Islam,Grocery,Snack Box,Wholesale,bKash,24,4.77,114.48
11960,2025-02-22,North,Shakil Rahman,Apparel,T-Shirt,Online,Nagad,4,17.22,68.88
11961,2025-09-18,South,Farzana Islam,Stationery,Desk Organizer,Distributor,bKash,4,16.62,66.48
11962,2025-12-06,Central,Nusrat Jahan,Apparel,Cap,Online,Bank Transfer,9,10.35,93.15
11963,2024-03-31,South,Imran Kabir,Electronics,Tablet,Distributor,Credit Card,17,313.72,5333.24
11964,2025-04-08,North,Imran Kabir,Stationery,Backpack,Distributor,Cash,18,42.96,773.28
11965,2024-07-16,North,Lamia Sultana,Electronics,Monitor,Online,Cash,6,243.23,1459.38
11966,2024-05-15,South,Nusrat Jahan,Furniture,Office Chair,Retail Store,bKash,10,121.83,1218.3
11967,2024-07-28,Central,Rakib Hasan,Grocery,Cooking Oil 1L,Online,Credit Card,12,3.17,38.04
11968,2025-01-22,South,Farzana Islam,Apparel,Sneakers,Retail Store,Bank Transfer,1,51.86,51.86
11969,2024-06-10,South,Imran Kabir,Electronics,Smartwatch,Online,Credit Card,7,137.75,964.25
11970,2025-12-31,West,Nusrat Jahan,Grocery,Rice 5kg,Retail Store,Cash,17,8.63,146.71
11971,2025-03-11,West,Rakib Hasan,Stationery,Backpack,Retail Store,Bank Transfer,6,42.11,252.66
11972,2024-07-19,East,Shakil Rahman,Grocery,Tea Pack,Retail Store,Credit Card,13,3.9,50.7
11973,2024-02-25,North,Lamia Sultana,Stationery,Desk Organizer,Online,bKash,8,19.52,156.16
11974,2025-12-30,Central,Sadia Chowdhury,Stationery,Notebook,Wholesale,Nagad,24,2.21,53.04
11975,2024-09-03,South,Arif Hossain,Electronics,Smartwatch,Retail Store,bKash,2,154.07,308.14
11976,2025-06-21,South,Arif Hossain,Stationery,Notebook,Online,Cash,18,1.85,33.3
11977,2025-03-13,Central,Rakib Hasan,Apparel,Jacket,Retail Store,Credit Card,16,72.32,1157.12
11978,2025-03-28,South,Farzana Islam,Furniture,Desk,Retail Store,Nagad,3,181.0,543.0
11979,2024-12-11,East,Sadia Chowdhury,Stationery,Notebook,Retail Store,Cash,1,1.82,1.82
11980,2024-06-17,North,Tanvir Ahmed,Electronics,Laptop,Online,Cash,25,922.72,23068.0
11981,2025-03-25,North,Nusrat Jahan,Stationery,Notebook,Wholesale,Credit Card,18,2.12,38.16
11982,2024-11-16,Central,Tanvir Ahmed,Electronics,Monitor,Retail Store,Cash,13,234.97,3054.61
11983,2025-07-12,East,Shakil Rahman,Stationery,Backpack,Retail Store,Credit Card,5,42.0,210.0
11984,2024-06-28,East,Sadia Chowdhury,Stationery,Desk Organizer,Online,bKash,25,17.5,437.5
11985,2025-06-03,East,Imran Kabir,Stationery,Notebook,Wholesale,Credit Card,14,2.03,28.42
11986,2025-01-21,North,Tanvir Ahmed,Electronics,Smartwatch,Distributor,bKash,12,158.88,1906.56
11987,2025-01-21,Central,Shakil Rahman,Electronics,Headphones,Retail Store,Bank Transfer,19,55.84,1060.96
11988,2025-01-13,East,Arif Hossain,Grocery,Cooking Oil 1L,Retail Store,Cash,22,2.74,60.28
11989,2024-02-10,Central,Imran Kabir,Apparel,Jeans,Online,Nagad,21,35.61,747.81
11990,2024-12-29,South,Imran Kabir,Grocery,Cooking Oil 1L,Wholesale,Nagad,1,3.28,3.28
11991,2024-02-18,South,Farzana Islam,Stationery,Pen Set,Online,Cash,4,6.7,26.8
11992,2025-10-02,North,Arif Hossain,Apparel,Cap,Online,Cash,24,9.65,231.6
11993,2024-07-17,West,Sadia Chowdhury,Furniture,Dining Table,Retail Store,Nagad,13,377.84,4911.92
11994,2024-06-07,North,Imran Kabir,Furniture,Dining Table,Distributor,bKash,22,320.73,7056.06
11995,2024-10-31,East,Rakib Hasan,Grocery,Snack Box,Distributor,Bank Transfer,6,4.53,27.18
11996,2024-04-16,East,Arif Hossain,Grocery,Cooking Oil 1L,Wholesale,bKash,10,3.42,34.2
11997,2025-10-08,West,Tanvir Ahmed,Apparel,T-Shirt,Wholesale,Cash,13,14.09,183.17
11998,2025-11-22,North,Rakib Hasan,Apparel,Jacket,Wholesale,bKash,12,64.02,768.24
11999,2025-01-21,South,Tanvir Ahmed,Furniture,Bookshelf,Online,Bank Transfer,10,90.25,902.5
12000,2024-04-21,Central,Lamia Sultana,Apparel,Jacket,Online,bKash,12,62.42,749.04
12001,2025-09-16,East,Mim Akter,Stationery,Pen Set,Retail Store,Bank Transfer,23,5.49,126.27
12002,2024-07-28,East,Tanvir Ahmed,Apparel,T-Shirt,Distributor,bKash,7,14.28,99.96
12003,2025-02-08,Central,Shakil Rahman,Apparel,Jeans,Distributor,Credit Card,24,33.44,802.56
12004,2025-04-22,North,Farzana Islam,Furniture,Office Chair,Wholesale,Nagad,24,134.36,3224.64
12005,2025-08-30,North,Lamia Sultana,Electronics,Smartwatch,Retail Store,bKash,3,158.66,475.98
12006,2024-08-19,South,Rakib Hasan,Furniture,Sofa,Wholesale,Cash,2,504.27,1008.54
12007,2025-02-02,North,Farzana Islam,Electronics,Monitor,Wholesale,Cash,4,223.39,893.56
12008,2024-07-08,Central,Arif Hossain,Stationery,Desk Organizer,Online,Credit Card,7,19.89,139.23
12009,2025-07-16,North,Mim Akter,Electronics,Smartwatch,Wholesale,Credit Card,5,166.41,832.05
12010,2025-10-14,South,Imran Kabir,Stationery,Notebook,Distributor,Bank Transfer,23,2.05,47.15
12011,2025-11-27,North,Imran Kabir,Apparel,Cap,Online,Nagad,7,9.98,69.86
12012,2025-09-10,South,Tanvir Ahmed,Stationery,Backpack,Online,Cash,3,44.09,132.27
12013,2024-08-24,North,Arif Hossain,Stationery,Backpack,Distributor,bKash,13,41.3,536.9
12014,2024-06-23,Central,Rakib Hasan,Apparel,T-Shirt,Wholesale,bKash,24,14.09,338.16
12015,2024-09-02,Central,Arif Hossain,Furniture,Dining Table,Retail Store,Credit Card,15,339.06,5085.9
12016,2025-12-13,North,Farzana Islam,Apparel,Sneakers,Distributor,Credit Card,24,61.29,1470.96
12017,2025-01-10,Central,Arif Hossain,Apparel,Jeans,Wholesale,Credit Card,21,31.69,665.49
12018,2024-02-17,West,Imran Kabir,Apparel,Jeans,Wholesale,Bank Transfer,17,37.57,638.69
12019,2024-07-16,South,Imran Kabir,Electronics,Monitor,Online,Credit Card,2,226.61,453.22
12020,2025-01-30,West,Imran Kabir,Furniture,Bookshelf,Online,Credit Card,5,96.41,482.05
12021,2024-09-17,South,Farzana Islam,Electronics,Headphones,Retail Store,bKash,11,59.34,652.74
12022,2024-04-21,Central,Rakib Hasan,Grocery,Snack Box,Wholesale,Nagad,16,5.28,84.48
12023,2024-09-27,Central,Rakib Hasan,Grocery,Coffee Jar,Retail Store,Nagad,10,7.61,76.1
12024,2025-04-03,South,Shakil Rahman,Electronics,Laptop,Online,Nagad,25,806.24,20156.0
12025,2024-02-17,West,Arif Hossain,Apparel,Jeans,Retail Store,Bank Transfer,7,33.55,234.85
12026,2025-04-07,North,Tanvir Ahmed,Apparel,Cap,Online,Cash,23,10.73,246.79
12027,2024-10-19,Central,Mim Akter,Stationery,Notebook,Online,Cash,19,1.89,35.91
12028,2025-09-04,West,Shakil Rahman,Electronics,Monitor,Retail Store,Bank Transfer,23,229.5,5278.5
12029,2025-10-19,Central,Imran Kabir,Grocery,Snack Box,Distributor,Nagad,20,5.45,109.0
12030,2025-01-09,Central,Shakil Rahman,Grocery,Rice 5kg,Retail Store,Nagad,19,7.97,151.43
12031,2024-01-22,South,Mim Akter,Stationery,Pen Set,Online,Cash,25,6.15,153.75
12032,2024-04-20,Central,Nusrat Jahan,Apparel,Cap,Retail Store,bKash,6,11.1,66.6
12033,2025-07-27,South,Imran Kabir,Furniture,Bookshelf,Wholesale,Nagad,2,90.18,180.36
12034,2025-04-13,West,Rakib Hasan,Electronics,Smartwatch,Wholesale,Credit Card,25,150.66,3766.5
12035,2025-07-29,West,Rakib Hasan,Electronics,Monitor,Retail Store,Cash,24,210.55,5053.2
12036,2025-06-16,East,Lamia Sultana,Stationery,Pen Set,Distributor,bKash,5,6.39,31.95
12037,2025-11-10,East,Tanvir Ahmed,Stationery,Notebook,Distributor,Bank Transfer,4,2.29,9.16
12038,2025-08-27,East,Tanvir Ahmed,Stationery,Desk Organizer,Retail Store,Bank Transfer,25,17.81,445.25
12039,2025-01-22,East,Farzana Islam,Furniture,Sofa,Wholesale,Nagad,12,450.78,5409.36
12040,2024-04-10,North,Arif Hossain,Electronics,Smartphone,Wholesale,Bank Transfer,22,443.06,9747.32
12041,2024-09-14,Central,Mim Akter,Furniture,Desk,Distributor,Credit Card,7,196.97,1378.79
12042,2024-10-05,South,Nusrat Jahan,Grocery,Snack Box,Distributor,Nagad,21,5.62,118.02
12043,2025-11-14,West,Nusrat Jahan,Electronics,Smartphone,Online,Credit Card,17,403.42,6858.14
12044,2025-05-30,North,Tanvir Ahmed,Grocery,Coffee Jar,Online,Bank Transfer,7,6.43,45.01
12045,2025-01-19,East,Tanvir Ahmed,Furniture,Dining Table,Online,Credit Card,17,319.9,5438.3
12046,2024-02-25,East,Lamia Sultana,Apparel,T-Shirt,Online,Cash,15,15.03,225.45
12047,2025-10-04,South,Lamia Sultana,Furniture,Dining Table,Wholesale,Bank Transfer,5,319.4,1597.0
12048,2025-03-27,East,Shakil Rahman,Apparel,Jeans,Online,Bank Transfer,15,36.74,551.1
12049,2025-02-25,North,Sadia Chowdhury,Grocery,Cooking Oil 1L,Retail Store,Bank Transfer,22,2.8,61.6
12050,2025-10-02,North,Arif Hossain,Furniture,Bookshelf,Online,Bank Transfer,16,101.76,1628.16
12051,2024-01-24,Central,Lamia Sultana,Electronics,Smartphone,Online,Cash,13,453.66,5897.58
12052,2025-04-09,North,Nusrat Jahan,Stationery,Backpack,Retail Store,bKash,8,36.89,295.12
12053,2025-02-14,East,Rakib Hasan,Furniture,Bookshelf,Retail Store,Cash,4,91.51,366.04
12054,2024-03-21,North,Nusrat Jahan,Electronics,Tablet,Retail Store,Credit Card,20,282.25,5645.0
12055,2025-11-16,South,Imran Kabir,Grocery,Rice 5kg,Retail Store,Nagad,11,7.46,82.06
12056,2024-07-13,Central,Mim Akter,Grocery,Snack Box,Wholesale,Credit Card,7,5.06,35.42
12057,2025-08-15,East,Shakil Rahman,Stationery,Backpack,Online,bKash,11,36.48,401.28
12058,2024-10-09,Central,Tanvir Ahmed,Grocery,Tea Pack,Online,Bank Transfer,10,4.59,45.9
12059,2025-04-26,South,Shakil Rahman,Furniture,Sofa,Online,Bank Transfer,18,417.18,7509.24
12060,2024-03-17,West,Arif Hossain,Furniture,Sofa,Retail Store,bKash,1,498.82,498.82
12061,2025-10-05,Central,Arif Hossain,Electronics,Tablet,Retail Store,Credit Card,7,289.58,2027.06
12062,2025-12-04,Central,Arif Hossain,Grocery,Cooking Oil 1L,Distributor,Bank Transfer,20,3.03,60.6
12063,2024-06-30,Central,Nusrat Jahan,Grocery,Cooking Oil 1L,Online,Nagad,18,3.21,57.78
12064,2025-04-05,North,Mim Akter,Apparel,Sneakers,Retail Store,Nagad,24,49.82,1195.68
12065,2025-12-17,West,Farzana Islam,Stationery,Desk Organizer,Wholesale,Bank Transfer,2,18.01,36.02
12066,2025-01-08,West,Arif Hossain,Grocery,Cooking Oil 1L,Retail Store,Credit Card,25,2.7,67.5
12067,2025-10-06,North,Rakib Hasan,Stationery,Pen Set,Retail Store,bKash,12,5.89,70.68
12068,2025-07-06,West,Mim Akter,Furniture,Office Chair,Online,Cash,15,136.11,2041.65
12069,2025-10-28,Central,Rakib Hasan,Apparel,Sneakers,Online,Nagad,25,62.38,1559.5
12070,2025-08-31,South,Mim Akter,Electronics,Smartwatch,Wholesale,Bank Transfer,2,155.91,311.82
12071,2024-01-17,South,Imran Kabir,Stationery,Backpack,Distributor,Nagad,6,37.27,223.62
12072,2025-03-19,North,Lamia Sultana,Electronics,Headphones,Retail Store,Nagad,24,62.97,1511.28
12073,2024-12-11,East,Rakib Hasan,Apparel,Cap,Distributor,Nagad,24,10.52,252.48
12074,2025-10-03,North,Shakil Rahman,Stationery,Notebook,Distributor,Bank Transfer,18,2.05,36.9
12075,2024-08-28,West,Farzana Islam,Electronics,Monitor,Distributor,bKash,18,220.09,3961.62
12076,2025-09-22,South,Arif Hossain,Grocery,Coffee Jar,Retail Store,Credit Card,15,6.78,101.7
12077,2025-06-28,North,Sadia Chowdhury,Electronics,Smartwatch,Wholesale,Nagad,16,149.42,2390.72
12078,2024-05-12,Central,Imran Kabir,Furniture,Dining Table,Wholesale,bKash,11,360.16,3961.76
12079,2024-01-01,North,Arif Hossain,Furniture,Sofa,Distributor,Nagad,13,477.4,6206.2
12080,2025-02-03,North,Shakil Rahman,Furniture,Bookshelf,Online,Cash,13,97.37,1265.81
12081,2024-06-20,Central,Tanvir Ahmed,Apparel,Sneakers,Online,Credit Card,9,61.87,556.83
12082,2025-06-20,East,Shakil Rahman,Furniture,Bookshelf,Distributor,bKash,13,91.37,1187.81
12083,2025-10-15,South,Mim Akter,Grocery,Cooking Oil 1L,Distributor,bKash,8,3.18,25.44
12084,2024-07-18,Central,Shakil Rahman,Furniture,Dining Table,Wholesale,bKash,18,399.04,7182.72
12085,2024-03-22,East,Imran Kabir,Stationery,Notebook,Retail Store,Cash,22,2.14,47.08
12086,2024-12-17,Central,Mim Akter,Apparel,Jeans,Wholesale,bKash,13,32.97,428.61
12087,2024-12-17,West,Lamia Sultana,Stationery,Pen Set,Retail Store,bKash,17,6.31,107.27
12088,2025-12-28,South,Arif Hossain,Apparel,T-Shirt,Online,Nagad,13,14.88,193.44
12089,2025-07-26,West,Arif Hossain,Electronics,Monitor,Distributor,Bank Transfer,11,198.86,2187.46
12090,2024-07-17,East,Shakil Rahman,Apparel,Sneakers,Retail Store,Credit Card,10,58.14,581.4
12091,2025-05-07,Central,Lamia Sultana,Electronics,Monitor,Online,Credit Card,20,224.63,4492.6
12092,2024-02-08,Central,Mim Akter,Electronics,Smartphone,Retail Store,Cash,3,443.86,1331.58
12093,2025-04-09,East,Farzana Islam,Furniture,Sofa,Distributor,Cash,4,441.76,1767.04
12094,2025-09-26,North,Nusrat Jahan,Apparel,Jeans,Retail Store,Cash,7,38.65,270.55
12095,2024-11-20,North,Nusrat Jahan,Grocery,Snack Box,Wholesale,Bank Transfer,2,4.52,9.04
12096,2024-02-06,South,Farzana Islam,Stationery,Backpack,Distributor,Credit Card,25,39.54,988.5
12097,2025-06-20,Central,Arif Hossain,Grocery,Coffee Jar,Online,Nagad,16,7.28,116.48
12098,2024-05-12,West,Tanvir Ahmed,Stationery,Pen Set,Distributor,Cash,8,6.67,53.36
12099,2025-07-24,West,Rakib Hasan,Stationery,Backpack,Retail Store,Cash,25,40.28,1007.0
12100,2025-07-05,Central,Arif Hossain,Electronics,Headphones,Wholesale,Bank Transfer,15,58.19,872.85
12101,2025-07-08,West,Mim Akter,Furniture,Desk,Distributor,Cash,21,177.28,3722.88
12102,2025-05-29,East,Mim Akter,Stationery,Desk Organizer,Distributor,bKash,5,17.57,87.85
12103,2024-05-19,North,Imran Kabir,Stationery,Notebook,Distributor,Credit Card,1,2.24,2.24
12104,2025-10-24,East,Mim Akter,Electronics,Smartphone,Retail Store,Nagad,8,367.27,2938.16
12105,2024-08-01,North,Mim Akter,Furniture,Desk,Distributor,Credit Card,1,176.58,176.58
12106,2024-07-05,Central,Nusrat Jahan,Grocery,Rice 5kg,Wholesale,Nagad,22,7.4,162.8
12107,2025-08-23,Central,Arif Hossain,Apparel,Jacket,Wholesale,Bank Transfer,20,74.67,1493.4
12108,2025-10-14,West,Nusrat Jahan,Grocery,Cooking Oil 1L,Wholesale,Bank Transfer,15,3.24,48.6
12109,2025-06-11,South,Tanvir Ahmed,Apparel,Sneakers,Retail Store,Cash,24,59.18,1420.32
12110,2025-12-25,South,Farzana Islam,Apparel,Jacket,Retail Store,bKash,18,71.63,1289.34
12111,2024-07-23,South,Nusrat Jahan,Electronics,Monitor,Online,bKash,20,205.88,4117.6
12112,2025-01-21,East,Lamia Sultana,Electronics,Monitor,Online,Credit Card,24,198.45,4762.8
12113,2024-06-12,South,Imran Kabir,Electronics,Smartwatch,Distributor,Bank Transfer,7,161.91,1133.37
12114,2025-02-17,North,Arif Hossain,Grocery,Tea Pack,Retail Store,Bank Transfer,17,4.31,73.27
12115,2024-11-24,South,Mim Akter,Grocery,Cooking Oil 1L,Wholesale,Bank Transfer,9,3.26,29.34
12116,2024-06-07,East,Sadia Chowdhury,Apparel,Cap,Retail Store,Bank Transfer,19,11.36,215.84
12117,2025-11-04,Central,Farzana Islam,Apparel,Jeans,Wholesale,Bank Transfer,18,33.61,604.98
12118,2024-05-03,North,Arif Hossain,Electronics,Tablet,Retail Store,Bank Transfer,21,305.16,6408.36
12119,2025-08-01,South,Nusrat Jahan,Electronics,Tablet,Wholesale,bKash,21,313.69,6587.49
12120,2025-08-13,East,Rakib Hasan,Furniture,Office Chair,Retail Store,bKash,19,135.29,2570.51
12121,2025-11-04,South,Farzana Islam,Furniture,Sofa,Wholesale,Cash,19,413.48,7856.12
12122,2024-06-19,Central,Arif Hossain,Apparel,Jeans,Retail Store,bKash,11,37.22,409.42
12123,2024-11-11,Central,Nusrat Jahan,Furniture,Dining Table,Distributor,Nagad,9,351.56,3164.04
12124,2024-10-23,West,Nusrat Jahan,Grocery,Coffee Jar,Retail Store,Bank Transfer,8,7.95,63.6
12125,2024-04-29,East,Shakil Rahman,Stationery,Backpack,Wholesale,Nagad,6,44.93,269.58
12126,2024-03-12,North,Rakib Hasan,Stationery,Desk Organizer,Retail Store,Bank Transfer,6,16.45,98.7
12127,2024-08-07,West,Arif Hossain,Furniture,Dining Table,Wholesale,Credit Card,16,376.94,6031.04
12128,2024-06-01,Central,Arif Hossain,Apparel,Jeans,Retail Store,bKash,1,38.61,38.61
12129,2024-07-11,East,Imran Kabir,Electronics,Smartphone,Online,Nagad,6,363.77,2182.62
12130,2025-05-30,Central,Sadia Chowdhury,Electronics,Headphones,Wholesale,Nagad,17,66.95,1138.15
12131,2024-08-30,South,Mim Akter,Grocery,Tea Pack,Distributor,bKash,21,4.13,86.73
12132,2024-08-29,South,Tanvir Ahmed,Electronics,Laptop,Distributor,Cash,13,902.15,11727.95
12133,2024-06-15,North,Sadia Chowdhury,Stationery,Backpack,Online,Cash,7,44.72,313.04
12134,2024-12-22,North,Rakib Hasan,Stationery,Notebook,Retail Store,Nagad,22,1.81,39.82
12135,2025-09-18,West,Shakil Rahman,Apparel,Jeans,Retail Store,Credit Card,7,39.48,276.36
12136,2025-05-26,West,Farzana Islam,Stationery,Desk Organizer,Retail Store,Nagad,3,18.94,56.82
12137,2024-04-28,West,Tanvir Ahmed,Electronics,Smartphone,Retail Store,bKash,7,375.74,2630.18
12138,2025-09-12,West,Rakib Hasan,Grocery,Coffee Jar,Online,Credit Card,25,7.61,190.25
12139,2024-05-12,North,Imran Kabir,Electronics,Laptop,Wholesale,Credit Card,6,773.89,4643.34
12140,2025-03-24,West,Rakib Hasan,Stationery,Notebook,Distributor,Nagad,8,1.9,15.2
12141,2025-01-24,North,Shakil Rahman,Stationery,Pen Set,Retail Store,Bank Transfer,11,5.71,62.81
12142,2024-04-16,South,Sadia Chowdhury,Electronics,Monitor,Distributor,Nagad,5,240.04,1200.2
12143,2025-07-25,North,Farzana Islam,Apparel,Jeans,Distributor,Credit Card,22,34.95,768.9
12144,2024-06-02,East,Tanvir Ahmed,Stationery,Pen Set,Distributor,bKash,20,5.83,116.6
12145,2025-01-24,Central,Nusrat Jahan,Furniture,Office Chair,Distributor,Cash,3,132.31,396.93
12146,2025-12-12,Central,Lamia Sultana,Electronics,Smartphone,Distributor,bKash,19,409.66,7783.54
12147,2024-10-09,South,Sadia Chowdhury,Electronics,Laptop,Online,bKash,7,855.07,5985.49
12148,2024-11-10,East,Arif Hossain,Apparel,Cap,Distributor,Bank Transfer,25,11.31,282.75
12149,2024-05-24,East,Farzana Islam,Furniture,Office Chair,Retail Store,Credit Card,16,135.91,2174.56
12150,2024-08-24,East,Lamia Sultana,Grocery,Rice 5kg,Retail Store,Bank Transfer,18,8.19,147.42
12151,2024-03-28,Central,Lamia Sultana,Electronics,Smartphone,Online,Bank Transfer,14,402.62,5636.68
12152,2024-10-15,West,Nusrat Jahan,Stationery,Notebook,Retail Store,bKash,17,2.13,36.21
12153,2024-08-15,East,Shakil Rahman,Electronics,Headphones,Retail Store,Credit Card,23,64.65,1486.95
12154,2025-09-22,South,Tanvir Ahmed,Apparel,T-Shirt,Online,Credit Card,12,16.9,202.8
12155,2024-11-11,Central,Sadia Chowdhury,Grocery,Coffee Jar,Distributor,Bank Transfer,20,6.41,128.2
12156,2024-06-25,East,Mim Akter,Grocery,Snack Box,Distributor,Bank Transfer,8,4.81,38.48
12157,2024-04-23,East,Sadia Chowdhury,Electronics,Smartphone,Wholesale,Credit Card,2,415.49,830.98
12158,2025-02-26,North,Tanvir Ahmed,Electronics,Smartwatch,Retail Store,Credit Card,18,143.62,2585.16
12159,2025-03-09,East,Farzana Islam,Grocery,Coffee Jar,Wholesale,bKash,17,6.37,108.29
12160,2024-05-31,North,Mim Akter,Electronics,Smartwatch,Wholesale,Credit Card,19,136.14,2586.66
12161,2025-06-04,North,Sadia Chowdhury,Electronics,Headphones,Online,bKash,2,60.13,120.26
12162,2024-03-22,North,Sadia Chowdhury,Electronics,Smartphone,Retail Store,Cash,2,441.3,882.6
12163,2024-07-23,Central,Shakil Rahman,Apparel,Jacket,Wholesale,Cash,13,61.34,797.42
12164,2024-12-23,North,Lamia Sultana,Furniture,Office Chair,Wholesale,bKash,18,133.78,2408.04
12165,2024-01-31,West,Imran Kabir,Apparel,Sneakers,Distributor,Bank Transfer,7,51.16,358.12
12166,2025-03-26,South,Nusrat Jahan,Electronics,Headphones,Wholesale,bKash,9,66.57,599.13
12167,2024-03-06,South,Farzana Islam,Grocery,Coffee Jar,Distributor,Nagad,17,6.72,114.24
12168,2025-02-16,North,Tanvir Ahmed,Furniture,Sofa,Online,Cash,14,452.88,6340.32
12169,2024-02-21,Central,Tanvir Ahmed,Apparel,Jacket,Online,Credit Card,15,68.06,1020.9
12170,2025-08-22,East,Tanvir Ahmed,Grocery,Rice 5kg,Online,Cash,8,8.29,66.32
12171,2024-09-12,Central,Shakil Rahman,Stationery,Notebook,Online,Cash,22,2.3,50.6
12172,2025-09-15,South,Tanvir Ahmed,Electronics,Headphones,Distributor,Nagad,17,54.57,927.69
12173,2025-06-25,Central,Sadia Chowdhury,Stationery,Backpack,Wholesale,Nagad,16,42.39,678.24
12174,2025-02-28,West,Lamia Sultana,Electronics,Smartphone,Wholesale,Credit Card,13,420.3,5463.9
12175,2024-08-09,West,Imran Kabir,Apparel,T-Shirt,Online,bKash,16,14.57,233.12
12176,2024-08-26,West,Lamia Sultana,Electronics,Tablet,Distributor,bKash,6,327.16,1962.96
12177,2025-08-05,South,Arif Hossain,Grocery,Cooking Oil 1L,Distributor,Nagad,4,3.45,13.8
12178,2025-11-07,North,Shakil Rahman,Grocery,Rice 5kg,Retail Store,Bank Transfer,5,7.25,36.25
12179,2024-04-01,Central,Sadia Chowdhury,Grocery,Rice 5kg,Retail Store,Credit Card,14,7.31,102.34
12180,2025-01-13,East,Farzana Islam,Furniture,Office Chair,Online,bKash,22,129.05,2839.1
12181,2024-01-23,South,Farzana Islam,Stationery,Desk Organizer,Online,Bank Transfer,24,19.96,479.04
12182,2025-02-12,Central,Tanvir Ahmed,Stationery,Backpack,Online,Nagad,9,39.04,351.36
12183,2025-06-09,North,Sadia Chowdhury,Furniture,Desk,Distributor,Nagad,24,203.72,4889.28
12184,2025-07-06,Central,Mim Akter,Stationery,Desk Organizer,Wholesale,Credit Card,6,16.48,98.88
12185,2024-11-23,Central,Tanvir Ahmed,Electronics,Headphones,Wholesale,Bank Transfer,16,64.0,1024.0
12186,2025-09-01,West,Lamia Sultana,Furniture,Desk,Online,Cash,13,166.12,2159.56
12187,2025-09-06,Central,Sadia Chowdhury,Electronics,Smartphone,Distributor,bKash,22,402.35,8851.7
12188,2024-09-30,West,Imran Kabir,Stationery,Pen Set,Wholesale,Credit Card,2,6.28,12.56
12189,2024-12-29,East,Farzana Islam,Furniture,Office Chair,Wholesale,Credit Card,14,109.32,1530.48
12190,2025-07-25,South,Sadia Chowdhury,Stationery,Pen Set,Distributor,Nagad,8,5.9,47.2
12191,2024-10-26,North,Sadia Chowdhury,Grocery,Tea Pack,Wholesale,bKash,21,3.65,76.65
12192,2025-07-13,East,Lamia Sultana,Stationery,Desk Organizer,Wholesale,Bank Transfer,8,19.44,155.52
12193,2024-11-15,North,Shakil Rahman,Stationery,Desk Organizer,Wholesale,Nagad,5,16.49,82.45
12194,2024-05-25,Central,Mim Akter,Electronics,Smartphone,Online,Bank Transfer,6,458.12,2748.72
12195,2025-07-13,South,Imran Kabir,Apparel,Cap,Distributor,Nagad,5,9.0,45.0
12196,2025-12-14,East,Arif Hossain,Stationery,Pen Set,Wholesale,Nagad,17,5.74,97.58
12197,2024-06-03,South,Shakil Rahman,Electronics,Tablet,Wholesale,Bank Transfer,25,309.54,7738.5
12198,2024-11-03,West,Tanvir Ahmed,Stationery,Notebook,Online,Credit Card,3,1.91,5.73
12199,2025-02-21,South,Mim Akter,Electronics,Smartwatch,Retail Store,bKash,4,143.72,574.88
12200,2024-02-14,North,Mim Akter,Grocery,Coffee Jar,Retail Store,bKash,9,6.86,61.74
12201,2025-01-03,West,Mim Akter,Stationery,Notebook,Online,bKash,9,2.18,19.62
12202,2024-11-21,East,Farzana Islam,Grocery,Cooking Oil 1L,Online,Bank Transfer,21,2.72,57.12
12203,2024-03-05,East,Tanvir Ahmed,Furniture,Bookshelf,Wholesale,Bank Transfer,16,98.0,1568.0
12204,2025-07-05,Central,Rakib Hasan,Grocery,Rice 5kg,Distributor,Nagad,19,8.71,165.49
12205,2025-07-18,Central,Tanvir Ahmed,Electronics,Smartwatch,Wholesale,Bank Transfer,5,138.63,693.15
12206,2024-11-30,East,Imran Kabir,Electronics,Tablet,Online,bKash,20,283.85,5677.0
12207,2025-11-10,East,Arif Hossain,Grocery,Coffee Jar,Wholesale,Nagad,18,7.38,132.84
12208,2025-06-02,West,Lamia Sultana,Furniture,Dining Table,Wholesale,Cash,13,364.63,4740.19
12209,2025-11-06,East,Lamia Sultana,Electronics,Headphones,Distributor,Cash,2,55.66,111.32
12210,2025-01-04,Central,Rakib Hasan,Stationery,Pen Set,Online,Bank Transfer,8,6.45,51.6
12211,2024-03-21,East,Farzana Islam,Grocery,Rice 5kg,Online,Bank Transfer,14,8.57,119.98
12212,2025-03-07,Central,Arif Hossain,Electronics,Smartphone,Wholesale,bKash,11,384.86,4233.46
12213,2025-01-16,Central,Lamia Sultana,Furniture,Office Chair,Distributor,Cash,20,109.67,2193.4
12214,2024-11-01,North,Tanvir Ahmed,Grocery,Rice 5kg,Distributor,bKash,17,9.14,155.38
12215,2025-11-29,North,Shakil Rahman,Apparel,Jeans,Wholesale,Bank Transfer,9,38.37,345.33
12216,2024-11-30,West,Sadia Chowdhury,Stationery,Desk Organizer,Wholesale,Credit Card,14,17.38,243.32
12217,2025-03-29,East,Imran Kabir,Electronics,Headphones,Distributor,Bank Transfer,11,62.06,682.66
12218,2024-07-15,West,Shakil Rahman,Electronics,Smartwatch,Distributor,bKash,17,165.2,2808.4
12219,2025-02-18,South,Nusrat Jahan,Electronics,Tablet,Distributor,Cash,13,328.75,4273.75
12220,2025-02-10,East,Shakil Rahman,Furniture,Sofa,Online,Credit Card,21,442.58,9294.18
12221,2024-06-13,South,Tanvir Ahmed,Stationery,Backpack,Online,Bank Transfer,6,37.18,223.08
12222,2025-12-11,South,Sadia Chowdhury,Furniture,Bookshelf,Wholesale,Bank Transfer,22,91.66,2016.52
12223,2024-01-29,East,Lamia Sultana,Grocery,Cooking Oil 1L,Online,Bank Transfer,4,2.76,11.04
12224,2025-06-13,North,Mim Akter,Apparel,T-Shirt,Distributor,Nagad,21,14.96,314.16
12225,2025-08-25,Central,Tanvir Ahmed,Electronics,Laptop,Online,Bank Transfer,17,973.67,16552.39
12226,2024-06-26,Central,Rakib Hasan,Grocery,Coffee Jar,Retail Store,Credit Card,19,7.34,139.46
12227,2025-02-22,North,Shakil Rahman,Apparel,Sneakers,Wholesale,bKash,9,61.23,551.07
12228,2024-07-27,South,Farzana Islam,Grocery,Rice 5kg,Retail Store,Credit Card,17,7.7,130.9
12229,2025-01-30,South,Imran Kabir,Grocery,Tea Pack,Distributor,Nagad,25,4.13,103.25
12230,2025-06-10,East,Rakib Hasan,Grocery,Snack Box,Distributor,Cash,6,4.89,29.34
12231,2025-01-05,Central,Nusrat Jahan,Electronics,Monitor,Distributor,Cash,25,251.9,6297.5
12232,2025-10-30,North,Imran Kabir,Apparel,T-Shirt,Distributor,Cash,12,14.57,174.84
12233,2024-05-23,South,Nusrat Jahan,Grocery,Tea Pack,Online,Credit Card,7,3.75,26.25
12234,2024-03-27,Central,Lamia Sultana,Grocery,Tea Pack,Wholesale,Nagad,15,4.04,60.6
12235,2024-06-22,South,Shakil Rahman,Grocery,Cooking Oil 1L,Retail Store,Bank Transfer,1,2.84,2.84
12236,2024-01-13,South,Farzana Islam,Stationery,Desk Organizer,Wholesale,Cash,21,18.64,391.44
12237,2024-12-02,West,Nusrat Jahan,Electronics,Smartwatch,Online,Cash,23,158.83,3653.09
12238,2025-05-30,Central,Nusrat Jahan,Electronics,Tablet,Distributor,Nagad,5,290.01,1450.05
12239,2025-12-17,South,Shakil Rahman,Furniture,Bookshelf,Online,Credit Card,21,97.66,2050.86
12240,2024-10-20,West,Sadia Chowdhury,Stationery,Notebook,Wholesale,Nagad,17,2.25,38.25
12241,2025-11-17,South,Shakil Rahman,Grocery,Tea Pack,Distributor,Cash,12,3.86,46.32
12242,2025-05-01,Central,Nusrat Jahan,Grocery,Rice 5kg,Distributor,Credit Card,20,8.44,168.8
12243,2025-10-21,North,Tanvir Ahmed,Grocery,Snack Box,Distributor,bKash,20,4.65,93.0
12244,2025-01-30,Central,Arif Hossain,Stationery,Desk Organizer,Distributor,Nagad,20,18.76,375.2
12245,2024-03-03,Central,Arif Hossain,Grocery,Snack Box,Retail Store,Nagad,10,5.74,57.4
12246,2024-10-07,Central,Rakib Hasan,Apparel,Sneakers,Wholesale,Credit Card,15,58.86,882.9
12247,2025-07-07,South,Tanvir Ahmed,Apparel,Sneakers,Online,Nagad,24,62.75,1506.0
12248,2025-10-26,East,Rakib Hasan,Apparel,Jeans,Retail Store,Nagad,8,36.68,293.44
12249,2024-04-25,South,Nusrat Jahan,Furniture,Dining Table,Online,bKash,21,372.71,7826.91
12250,2025-06-13,West,Rakib Hasan,Grocery,Rice 5kg,Retail Store,bKash,17,9.05,153.85
12251,2024-04-29,South,Rakib Hasan,Stationery,Pen Set,Online,Credit Card,1,5.68,5.68
12252,2025-03-20,North,Farzana Islam,Furniture,Office Chair,Wholesale,Bank Transfer,13,111.44,1448.72
12253,2024-05-04,Central,Arif Hossain,Electronics,Smartwatch,Wholesale,Bank Transfer,1,155.54,155.54
12254,2024-03-04,East,Imran Kabir,Apparel,Jeans,Online,Cash,24,33.56,805.44
12255,2025-06-06,East,Nusrat Jahan,Stationery,Backpack,Online,Nagad,25,36.47,911.75
12256,2024-11-18,West,Arif Hossain,Grocery,Tea Pack,Retail Store,bKash,10,4.01,40.1
12257,2024-01-18,North,Tanvir Ahmed,Stationery,Backpack,Online,bKash,15,44.35,665.25
12258,2025-08-25,North,Mim Akter,Grocery,Cooking Oil 1L,Distributor,Cash,13,3.03,39.39
12259,2025-11-15,North,Tanvir Ahmed,Electronics,Headphones,Wholesale,Bank Transfer,13,60.33,784.29
12260,2024-03-29,North,Imran Kabir,Electronics,Laptop,Distributor,Cash,23,784.19,18036.37
12261,2025-02-12,North,Sadia Chowdhury,Furniture,Bookshelf,Distributor,Credit Card,20,99.4,1988.0
12262,2025-09-21,Central,Sadia Chowdhury,Stationery,Backpack,Online,Nagad,1,39.67,39.67
12263,2025-07-21,West,Imran Kabir,Stationery,Pen Set,Retail Store,Cash,5,5.97,29.85
12264,2025-06-24,South,Imran Kabir,Stationery,Desk Organizer,Wholesale,Credit Card,8,18.63,149.04
12265,2024-03-15,West,Arif Hossain,Stationery,Notebook,Wholesale,Nagad,12,1.82,21.84
12266,2025-08-06,South,Mim Akter,Stationery,Desk Organizer,Wholesale,Credit Card,15,20.24,303.6
12267,2024-03-30,Central,Nusrat Jahan,Electronics,Monitor,Retail Store,Credit Card,5,221.74,1108.7
12268,2024-01-16,Central,Lamia Sultana,Apparel,Sneakers,Retail Store,Bank Transfer,10,62.94,629.4
12269,2025-04-17,Central,Mim Akter,Stationery,Notebook,Retail Store,Credit Card,12,1.97,23.64
12270,2025-12-24,West,Sadia Chowdhury,Apparel,T-Shirt,Wholesale,Cash,3,16.02,48.06
12271,2024-04-08,East,Imran Kabir,Furniture,Sofa,Retail Store,Credit Card,18,480.71,8652.78
12272,2025-03-22,East,Farzana Islam,Stationery,Pen Set,Wholesale,bKash,9,5.67,51.03
12273,2024-02-24,West,Mim Akter,Furniture,Dining Table,Online,Bank Transfer,23,392.14,9019.22
12274,2024-12-20,East,Rakib Hasan,Apparel,Jacket,Online,Nagad,22,63.27,1391.94
12275,2025-08-14,East,Imran Kabir,Grocery,Rice 5kg,Retail Store,Credit Card,5,7.45,37.25
12276,2024-03-05,North,Lamia Sultana,Apparel,Sneakers,Online,Credit Card,21,54.99,1154.79
12277,2024-08-04,East,Tanvir Ahmed,Apparel,Sneakers,Wholesale,bKash,5,53.33,266.65
12278,2024-01-06,Central,Rakib Hasan,Grocery,Cooking Oil 1L,Distributor,Cash,2,2.77,5.54
12279,2024-04-02,South,Shakil Rahman,Stationery,Pen Set,Wholesale,bKash,5,6.89,34.45
12280,2024-03-08,Central,Mim Akter,Electronics,Tablet,Online,Bank Transfer,2,328.97,657.94
12281,2025-09-17,North,Farzana Islam,Stationery,Notebook,Distributor,Credit Card,6,2.22,13.32
12282,2024-03-23,North,Mim Akter,Electronics,Monitor,Retail Store,Bank Transfer,24,246.41,5913.84
12283,2024-02-14,West,Tanvir Ahmed,Apparel,Jeans,Retail Store,bKash,2,35.55,71.1
12284,2024-09-19,East,Tanvir Ahmed,Grocery,Snack Box,Online,Bank Transfer,23,5.54,127.42
12285,2024-08-20,Central,Shakil Rahman,Electronics,Smartwatch,Distributor,Cash,21,140.28,2945.88
12286,2024-12-18,West,Lamia Sultana,Stationery,Desk Organizer,Retail Store,Bank Transfer,5,18.88,94.4
12287,2025-06-11,North,Imran Kabir,Apparel,Sneakers,Online,Nagad,5,62.94,314.7
12288,2024-02-06,Central,Farzana Islam,Furniture,Bookshelf,Retail Store,Credit Card,9,88.48,796.32
12289,2025-12-02,Central,Lamia Sultana,Furniture,Bookshelf,Wholesale,bKash,6,82.55,495.3
12290,2024-09-04,East,Sadia Chowdhury,Apparel,Jeans,Distributor,Nagad,11,39.12,430.32
12291,2025-07-12,Central,Tanvir Ahmed,Furniture,Sofa,Wholesale,Cash,14,409.38,5731.32
12292,2024-11-02,South,Lamia Sultana,Grocery,Coffee Jar,Retail Store,Cash,18,7.18,129.24
12293,2025-10-07,South,Mim Akter,Stationery,Backpack,Retail Store,Bank Transfer,10,40.06,400.6
12294,2025-04-01,North,Mim Akter,Furniture,Dining Table,Distributor,Credit Card,15,396.11,5941.65
12295,2024-03-22,East,Sadia Chowdhury,Electronics,Tablet,Distributor,Cash,12,342.07,4104.84
12296,2024-02-04,Central,Rakib Hasan,Furniture,Desk,Online,Nagad,18,204.16,3674.88
12297,2025-11-13,North,Sadia Chowdhury,Apparel,T-Shirt,Distributor,Credit Card,20,13.88,277.6
12298,2025-02-01,North,Farzana Islam,Furniture,Office Chair,Wholesale,Nagad,4,126.03,504.12
12299,2024-02-25,East,Shakil Rahman,Electronics,Smartphone,Wholesale,Bank Transfer,22,430.27,9465.94
12300,2024-11-18,West,Lamia Sultana,Furniture,Office Chair,Distributor,bKash,9,128.96,1160.64
12301,2024-07-05,South,Tanvir Ahmed,Electronics,Monitor,Online,bKash,15,247.56,3713.4
12302,2025-12-17,North,Tanvir Ahmed,Stationery,Backpack,Retail Store,Bank Transfer,2,36.79,73.58
12303,2024-09-22,South,Rakib Hasan,Electronics,Headphones,Distributor,Nagad,15,63.51,952.65
12304,2025-05-19,North,Sadia Chowdhury,Stationery,Backpack,Distributor,Credit Card,4,43.65,174.6
12305,2025-12-26,West,Lamia Sultana,Furniture,Desk,Online,Cash,24,188.54,4524.96
12306,2025-02-06,South,Farzana Islam,Apparel,T-Shirt,Online,Credit Card,10,17.09,170.9
12307,2024-05-01,East,Tanvir Ahmed,Stationery,Pen Set,Retail Store,Nagad,1,5.82,5.82
12308,2025-09-18,South,Imran Kabir,Furniture,Office Chair,Online,Nagad,23,137.17,3154.91
12309,2024-04-06,North,Arif Hossain,Apparel,T-Shirt,Distributor,Nagad,8,17.21,137.68
12310,2024-09-06,Central,Rakib Hasan,Apparel,Cap,Distributor,Cash,12,10.72,128.64
12311,2024-02-04,North,Mim Akter,Apparel,Jeans,Wholesale,Credit Card,2,35.07,70.14
12312,2025-08-07,Central,Tanvir Ahmed,Grocery,Snack Box,Online,Bank Transfer,14,5.68,79.52
12313,2025-05-03,North,Arif Hossain,Stationery,Notebook,Wholesale,Bank Transfer,9,1.82,16.38
12314,2025-11-09,Central,Shakil Rahman,Furniture,Sofa,Retail Store,bKash,7,469.16,3284.12
12315,2024-01-03,Central,Mim Akter,Apparel,Jacket,Retail Store,Credit Card,13,66.48,864.24
12316,2024-06-13,East,Mim Akter,Grocery,Cooking Oil 1L,Online,bKash,21,2.96,62.16
12317,2024-09-18,West,Nusrat Jahan,Electronics,Laptop,Wholesale,Cash,5,956.0,4780.0
12318,2025-08-19,North,Sadia Chowdhury,Furniture,Bookshelf,Distributor,bKash,2,95.12,190.24
12319,2024-04-07,South,Nusrat Jahan,Stationery,Pen Set,Distributor,Cash,3,5.42,16.26
12320,2024-09-07,North,Imran Kabir,Electronics,Smartwatch,Online,Cash,1,158.9,158.9
12321,2024-06-04,Central,Shakil Rahman,Stationery,Desk Organizer,Retail Store,Credit Card,4,16.6,66.4
12322,2025-11-25,South,Rakib Hasan,Grocery,Coffee Jar,Online,Cash,11,7.98,87.78
12323,2025-08-02,Central,Arif Hossain,Grocery,Tea Pack,Wholesale,Cash,6,3.69,22.14
12324,2024-08-24,East,Rakib Hasan,Stationery,Desk Organizer,Wholesale,Credit Card,8,18.09,144.72
12325,2025-06-17,South,Sadia Chowdhury,Furniture,Office Chair,Distributor,Cash,6,110.33,661.98
12326,2025-03-31,North,Lamia Sultana,Grocery,Coffee Jar,Retail Store,Credit Card,4,6.46,25.84
12327,2024-07-12,South,Arif Hossain,Apparel,Jeans,Online,bKash,14,37.63,526.82
12328,2025-06-21,Central,Rakib Hasan,Furniture,Office Chair,Online,Cash,4,123.67,494.68
12329,2024-04-18,East,Lamia Sultana,Grocery,Rice 5kg,Online,Bank Transfer,25,7.42,185.5
12330,2025-07-17,Central,Mim Akter,Grocery,Cooking Oil 1L,Distributor,Nagad,3,3.25,9.75
12331,2025-01-25,West,Sadia Chowdhury,Apparel,Cap,Retail Store,Credit Card,18,10.29,185.22
12332,2025-07-14,South,Sadia Chowdhury,Electronics,Headphones,Retail Store,Credit Card,13,63.13,820.69
12333,2024-10-09,Central,Sadia Chowdhury,Furniture,Dining Table,Retail Store,Nagad,11,399.13,4390.43
12334,2025-05-03,North,Arif Hossain,Apparel,T-Shirt,Retail Store,bKash,6,13.5,81.0
12335,2024-05-10,South,Lamia Sultana,Furniture,Dining Table,Distributor,Nagad,21,396.08,8317.68
12336,2024-10-11,South,Tanvir Ahmed,Furniture,Desk,Distributor,Credit Card,9,183.93,1655.37
12337,2025-03-07,South,Arif Hossain,Apparel,Jeans,Online,Credit Card,12,36.55,438.6
12338,2025-10-11,South,Tanvir Ahmed,Furniture,Office Chair,Retail Store,Credit Card,7,137.36,961.52
12339,2025-05-24,South,Rakib Hasan,Apparel,Jeans,Retail Store,Bank Transfer,12,38.94,467.28
12340,2024-05-13,South,Mim Akter,Furniture,Office Chair,Retail Store,Credit Card,17,110.81,1883.77
12341,2024-01-03,West,Shakil Rahman,Apparel,T-Shirt,Wholesale,bKash,22,17.19,378.18
12342,2025-04-15,Central,Nusrat Jahan,Electronics,Headphones,Wholesale,Bank Transfer,12,59.97,719.64
12343,2024-03-13,Central,Arif Hossain,Stationery,Notebook,Retail Store,bKash,22,1.81,39.82
12344,2024-11-01,North,Imran Kabir,Furniture,Dining Table,Online,Bank Transfer,13,390.7,5079.1
12345,2024-01-30,Central,Arif Hossain,Electronics,Smartphone,Retail Store,Credit Card,9,384.79,3463.11
12346,2024-06-15,North,Lamia Sultana,Stationery,Backpack,Wholesale,Bank Transfer,5,41.67,208.35
12347,2024-02-27,West,Sadia Chowdhury,Furniture,Office Chair,Online,Nagad,12,120.18,1442.16
12348,2024-08-27,West,Sadia Chowdhury,Apparel,Sneakers,Online,Bank Transfer,23,54.92,1263.16
12349,2025-01-05,Central,Arif Hossain,Furniture,Office Chair,Wholesale,Cash,2,117.1,234.2
12350,2025-02-04,East,Tanvir Ahmed,Apparel,Jacket,Wholesale,Bank Transfer,7,69.63,487.41
12351,2024-01-09,South,Lamia Sultana,Stationery,Pen Set,Wholesale,Cash,10,6.37,63.7
12352,2025-01-29,West,Nusrat Jahan,Grocery,Cooking Oil 1L,Retail Store,bKash,5,3.03,15.15
12353,2025-02-24,East,Rakib Hasan,Electronics,Laptop,Distributor,bKash,22,794.21,17472.62
12354,2025-11-26,East,Shakil Rahman,Apparel,Cap,Retail Store,Credit Card,17,11.13,189.21
12355,2025-02-21,West,Lamia Sultana,Electronics,Smartwatch,Online,Nagad,5,158.98,794.9
12356,2024-08-13,Central,Lamia Sultana,Apparel,T-Shirt,Wholesale,Cash,7,15.6,109.2
12357,2025-11-13,East,Sadia Chowdhury,Furniture,Desk,Retail Store,Cash,2,178.41,356.82
12358,2025-12-07,South,Shakil Rahman,Furniture,Desk,Retail Store,Credit Card,8,165.49,1323.92
12359,2024-09-30,West,Imran Kabir,Apparel,Cap,Online,Cash,12,11.16,133.92
12360,2025-02-15,East,Sadia Chowdhury,Grocery,Snack Box,Distributor,Bank Transfer,19,5.39,102.41
12361,2025-01-14,South,Mim Akter,Apparel,Jacket,Retail Store,Bank Transfer,19,66.17,1257.23
12362,2025-03-17,West,Lamia Sultana,Apparel,Sneakers,Wholesale,Credit Card,7,61.96,433.72
12363,2024-01-23,South,Mim Akter,Furniture,Office Chair,Distributor,Cash,18,128.93,2320.74
12364,2024-03-30,East,Lamia Sultana,Electronics,Smartwatch,Distributor,Nagad,11,141.95,1561.45
12365,2025-01-25,South,Mim Akter,Grocery,Snack Box,Distributor,Nagad,13,4.88,63.44
12366,2024-10-09,North,Nusrat Jahan,Grocery,Cooking Oil 1L,Online,Bank Transfer,5,2.88,14.4
12367,2024-10-19,East,Rakib Hasan,Stationery,Notebook,Wholesale,Credit Card,2,2.3,4.6
12368,2025-03-01,Central,Nusrat Jahan,Apparel,Cap,Retail Store,bKash,4,9.75,39.0
12369,2025-02-26,South,Tanvir Ahmed,Apparel,Jacket,Wholesale,Nagad,8,69.19,553.52
12370,2025-10-23,North,Tanvir Ahmed,Grocery,Cooking Oil 1L,Online,Nagad,22,3.25,71.5
12371,2024-03-22,East,Rakib Hasan,Grocery,Snack Box,Retail Store,Credit Card,12,5.41,64.92
12372,2024-08-02,Central,Shakil Rahman,Grocery,Rice 5kg,Distributor,bKash,12,8.83,105.96
12373,2024-09-30,West,Arif Hossain,Apparel,Jeans,Wholesale,Cash,22,37.19,818.18
12374,2025-10-25,North,Sadia Chowdhury,Grocery,Rice 5kg,Retail Store,bKash,22,7.25,159.5
12375,2025-04-18,East,Rakib Hasan,Stationery,Desk Organizer,Retail Store,Bank Transfer,15,16.79,251.85
12376,2025-04-24,East,Imran Kabir,Grocery,Coffee Jar,Retail Store,bKash,1,6.5,6.5
12377,2025-07-03,North,Mim Akter,Electronics,Monitor,Retail Store,Bank Transfer,3,199.35,598.05
12378,2024-06-04,Central,Tanvir Ahmed,Apparel,Jacket,Online,Credit Card,16,72.42,1158.72
12379,2025-04-19,North,Shakil Rahman,Furniture,Desk,Retail Store,Cash,22,200.1,4402.2
12380,2025-08-10,West,Tanvir Ahmed,Furniture,Office Chair,Distributor,bKash,23,131.75,3030.25
12381,2024-02-05,Central,Farzana Islam,Furniture,Sofa,Wholesale,bKash,7,418.68,2930.76
12382,2025-02-04,East,Mim Akter,Grocery,Snack Box,Retail Store,Nagad,6,5.63,33.78
12383,2024-12-18,South,Lamia Sultana,Electronics,Smartwatch,Wholesale,bKash,5,161.97,809.85
12384,2024-06-03,South,Nusrat Jahan,Stationery,Backpack,Retail Store,bKash,21,42.93,901.53
12385,2024-10-21,Central,Nusrat Jahan,Grocery,Cooking Oil 1L,Retail Store,Credit Card,12,3.34,40.08
12386,2025-03-13,South,Rakib Hasan,Furniture,Bookshelf,Retail Store,Bank Transfer,3,92.41,277.23
12387,2025-04-15,West,Farzana Islam,Electronics,Tablet,Online,Nagad,2,308.36,616.72
12388,2025-01-25,West,Farzana Islam,Grocery,Snack Box,Retail Store,bKash,2,4.62,9.24
12389,2025-10-22,South,Imran Kabir,Grocery,Rice 5kg,Online,Cash,18,7.64,137.52
12390,2025-06-30,North,Sadia Chowdhury,Stationery,Pen Set,Wholesale,Cash,9,6.57,59.13
12391,2024-05-28,East,Sadia Chowdhury,Grocery,Cooking Oil 1L,Distributor,bKash,7,3.43,24.01
12392,2025-09-14,South,Rakib Hasan,Furniture,Desk,Online,Credit Card,10,173.42,1734.2
12393,2024-07-01,Central,Lamia Sultana,Furniture,Bookshelf,Retail Store,bKash,24,102.56,2461.44
12394,2025-01-15,West,Rakib Hasan,Grocery,Rice 5kg,Distributor,bKash,21,7.3,153.3
12395,2025-06-28,West,Nusrat Jahan,Grocery,Cooking Oil 1L,Online,Credit Card,2,2.9,5.8
12396,2025-11-16,North,Nusrat Jahan,Grocery,Tea Pack,Online,Bank Transfer,11,3.83,42.13
12397,2024-01-14,North,Arif Hossain,Stationery,Backpack,Distributor,bKash,22,36.72,807.84
12398,2024-08-22,West,Tanvir Ahmed,Grocery,Cooking Oil 1L,Distributor,Bank Transfer,19,3.32,63.08
12399,2025-05-02,West,Farzana Islam,Grocery,Tea Pack,Distributor,Cash,2,3.96,7.92
12400,2024-03-29,North,Rakib Hasan,Apparel,Cap,Online,Cash,14,11.44,160.16
12401,2025-03-14,North,Lamia Sultana,Apparel,T-Shirt,Distributor,Cash,9,13.56,122.04
12402,2024-11-24,West,Lamia Sultana,Electronics,Smartwatch,Retail Store,Nagad,15,155.52,2332.8
12403,2024-01-19,North,Sadia Chowdhury,Apparel,Jeans,Online,bKash,9,32.98,296.82
12404,2024-05-19,North,Lamia Sultana,Furniture,Office Chair,Wholesale,Credit Card,24,127.85,3068.4
12405,2025-09-27,North,Nusrat Jahan,Furniture,Bookshelf,Retail Store,Bank Transfer,13,91.41,1188.33
12406,2024-03-16,West,Tanvir Ahmed,Stationery,Desk Organizer,Wholesale,bKash,6,18.12,108.72
12407,2025-03-24,North,Lamia Sultana,Grocery,Cooking Oil 1L,Retail Store,bKash,21,2.99,62.79
12408,2025-03-06,East,Lamia Sultana,Electronics,Tablet,Wholesale,Nagad,12,287.79,3453.48
12409,2024-04-03,East,Nusrat Jahan,Furniture,Dining Table,Online,Nagad,21,382.37,8029.77
12410,2024-08-26,South,Tanvir Ahmed,Apparel,Jacket,Distributor,bKash,4,60.85,243.4
12411,2024-12-23,Central,Farzana Islam,Furniture,Office Chair,Distributor,Credit Card,16,132.23,2115.68
12412,2024-01-08,Central,Sadia Chowdhury,Apparel,Jacket,Distributor,Bank Transfer,23,59.31,1364.13
12413,2024-11-12,Central,Sadia Chowdhury,Furniture,Sofa,Wholesale,Cash,18,479.86,8637.48
12414,2025-04-05,West,Shakil Rahman,Grocery,Coffee Jar,Wholesale,Nagad,10,7.85,78.5
12415,2025-12-08,South,Imran Kabir,Electronics,Tablet,Distributor,Bank Transfer,2,289.27,578.54
12416,2024-11-18,North,Imran Kabir,Apparel,T-Shirt,Retail Store,Cash,23,14.33,329.59
12417,2025-03-12,Central,Imran Kabir,Furniture,Office Chair,Distributor,Nagad,20,113.59,2271.8
12418,2025-08-05,North,Farzana Islam,Grocery,Coffee Jar,Distributor,bKash,23,6.97,160.31
12419,2024-07-02,North,Mim Akter,Apparel,Jeans,Wholesale,Credit Card,12,34.56,414.72
12420,2025-03-12,South,Sadia Chowdhury,Furniture,Dining Table,Wholesale,bKash,10,335.54,3355.4
12421,2025-02-06,Central,Shakil Rahman,Electronics,Headphones,Distributor,Nagad,12,67.84,814.08
12422,2024-10-26,South,Shakil Rahman,Grocery,Coffee Jar,Distributor,Cash,24,6.69,160.56
12423,2025-08-06,East,Lamia Sultana,Apparel,T-Shirt,Online,Bank Transfer,20,15.71,314.2
12424,2024-08-19,East,Shakil Rahman,Stationery,Pen Set,Wholesale,Cash,19,6.72,127.68
12425,2024-08-17,North,Arif Hossain,Grocery,Tea Pack,Retail Store,bKash,2,4.19,8.38
12426,2025-08-12,South,Lamia Sultana,Stationery,Desk Organizer,Wholesale,bKash,22,19.88,437.36
12427,2024-01-09,North,Nusrat Jahan,Stationery,Backpack,Retail Store,Credit Card,25,41.71,1042.75
12428,2025-05-05,South,Farzana Islam,Furniture,Office Chair,Wholesale,Credit Card,11,117.04,1287.44
12429,2024-12-10,South,Shakil Rahman,Stationery,Backpack,Wholesale,Cash,16,44.0,704.0
12430,2024-11-05,North,Nusrat Jahan,Furniture,Desk,Online,Credit Card,9,187.5,1687.5
12431,2024-02-25,North,Rakib Hasan,Apparel,Sneakers,Retail Store,Nagad,1,51.44,51.44
12432,2024-12-07,South,Farzana Islam,Apparel,T-Shirt,Retail Store,Bank Transfer,13,16.74,217.62
12433,2024-01-03,South,Mim Akter,Stationery,Desk Organizer,Distributor,Bank Transfer,18,20.43,367.74
12434,2025-12-23,Central,Nusrat Jahan,Electronics,Smartwatch,Online,Cash,12,155.72,1868.64
12435,2024-03-27,East,Imran Kabir,Furniture,Bookshelf,Wholesale,bKash,3,86.01,258.03
12436,2024-07-14,North,Nusrat Jahan,Stationery,Backpack,Distributor,bKash,14,37.58,526.12
12437,2024-10-26,South,Nusrat Jahan,Furniture,Office Chair,Distributor,Bank Transfer,6,115.95,695.7
12438,2025-08-16,North,Shakil Rahman,Furniture,Office Chair,Retail Store,Bank Transfer,14,123.13,1723.82
12439,2025-08-05,North,Tanvir Ahmed,Grocery,Snack Box,Distributor,bKash,9,4.98,44.82
12440,2024-10-19,South,Farzana Islam,Stationery,Notebook,Wholesale,Bank Transfer,3,2.03,6.09
12441,2024-06-07,East,Nusrat Jahan,Furniture,Office Chair,Distributor,Credit Card,8,124.1,992.8
12442,2025-02-04,South,Rakib Hasan,Apparel,T-Shirt,Distributor,Bank Transfer,11,14.18,155.98
12443,2024-06-05,South,Nusrat Jahan,Apparel,Jeans,Retail Store,Nagad,20,38.44,768.8
12444,2025-08-10,North,Rakib Hasan,Electronics,Smartphone,Distributor,Bank Transfer,4,381.55,1526.2
12445,2025-02-22,North,Nusrat Jahan,Electronics,Smartphone,Retail Store,Cash,15,404.1,6061.5
12446,2025-03-24,West,Sadia Chowdhury,Electronics,Monitor,Distributor,Credit Card,14,205.81,2881.34
12447,2024-02-28,Central,Mim Akter,Grocery,Snack Box,Distributor,bKash,6,4.85,29.1
12448,2025-08-18,North,Farzana Islam,Apparel,Jeans,Retail Store,bKash,18,38.23,688.14
12449,2024-05-14,South,Tanvir Ahmed,Grocery,Cooking Oil 1L,Retail Store,Cash,2,2.8,5.6
12450,2025-04-10,North,Lamia Sultana,Apparel,Sneakers,Online,Credit Card,23,51.74,1190.02
12451,2025-03-25,East,Tanvir Ahmed,Furniture,Desk,Distributor,Credit Card,24,180.61,4334.64
12452,2024-11-24,West,Farzana Islam,Apparel,Cap,Wholesale,Bank Transfer,9,10.03,90.27
12453,2025-10-17,East,Tanvir Ahmed,Stationery,Pen Set,Wholesale,Cash,18,5.74,103.32
12454,2024-03-06,West,Rakib Hasan,Grocery,Cooking Oil 1L,Distributor,Nagad,6,2.82,16.92
12455,2025-06-30,Central,Mim Akter,Stationery,Notebook,Wholesale,Bank Transfer,10,2.16,21.6
12456,2025-04-07,South,Sadia Chowdhury,Stationery,Pen Set,Retail Store,bKash,19,6.55,124.45
12457,2024-02-18,North,Rakib Hasan,Electronics,Smartphone,Online,Credit Card,4,413.09,1652.36
12458,2024-02-21,South,Mim Akter,Stationery,Notebook,Wholesale,Nagad,22,2.26,49.72
12459,2025-10-06,North,Sadia Chowdhury,Electronics,Tablet,Distributor,Credit Card,8,314.87,2518.96
12460,2024-07-01,Central,Lamia Sultana,Apparel,T-Shirt,Distributor,Cash,20,14.69,293.8
12461,2025-05-19,North,Rakib Hasan,Electronics,Tablet,Retail Store,bKash,13,326.13,4239.69
12462,2024-01-22,Central,Sadia Chowdhury,Furniture,Desk,Retail Store,bKash,12,200.57,2406.84
12463,2025-11-26,North,Imran Kabir,Furniture,Desk,Retail Store,Bank Transfer,11,192.83,2121.13
12464,2025-12-09,West,Nusrat Jahan,Apparel,Cap,Retail Store,Credit Card,18,11.04,198.72
12465,2024-11-08,East,Shakil Rahman,Furniture,Bookshelf,Wholesale,Credit Card,17,99.91,1698.47
12466,2024-10-04,Central,Lamia Sultana,Grocery,Snack Box,Distributor,Credit Card,15,4.53,67.95
12467,2025-12-01,East,Lamia Sultana,Furniture,Office Chair,Wholesale,Nagad,12,110.14,1321.68
12468,2025-12-19,West,Sadia Chowdhury,Apparel,Jeans,Distributor,Nagad,6,34.98,209.88
12469,2024-10-01,Central,Mim Akter,Furniture,Desk,Wholesale,bKash,6,182.36,1094.16
12470,2025-08-03,East,Rakib Hasan,Grocery,Coffee Jar,Retail Store,Cash,5,6.33,31.65
12471,2025-09-11,East,Arif Hossain,Electronics,Tablet,Online,bKash,5,272.08,1360.4
12472,2024-03-14,South,Rakib Hasan,Apparel,Cap,Distributor,Credit Card,11,11.31,124.41
12473,2025-11-11,North,Rakib Hasan,Grocery,Cooking Oil 1L,Distributor,Cash,23,3.14,72.22
12474,2024-06-25,South,Sadia Chowdhury,Furniture,Sofa,Retail Store,Bank Transfer,20,486.31,9726.2
12475,2025-11-10,West,Imran Kabir,Furniture,Office Chair,Online,Cash,9,126.71,1140.39
12476,2024-07-28,Central,Mim Akter,Electronics,Monitor,Online,bKash,24,203.88,4893.12
12477,2024-03-06,North,Shakil Rahman,Stationery,Notebook,Retail Store,bKash,21,1.84,38.64
12478,2025-06-07,South,Farzana Islam,Furniture,Office Chair,Distributor,Cash,22,135.35,2977.7
12479,2025-07-10,East,Arif Hossain,Electronics,Monitor,Retail Store,Bank Transfer,14,227.47,3184.58
12480,2024-11-30,North,Farzana Islam,Grocery,Tea Pack,Online,Nagad,9,4.16,37.44
12481,2024-02-13,East,Shakil Rahman,Electronics,Tablet,Retail Store,Credit Card,13,283.32,3683.16
12482,2024-11-17,West,Arif Hossain,Stationery,Desk Organizer,Wholesale,bKash,17,17.67,300.39
12483,2025-09-02,East,Imran Kabir,Grocery,Coffee Jar,Distributor,Credit Card,14,7.57,105.98
12484,2024-05-28,South,Farzana Islam,Furniture,Bookshelf,Retail Store,Bank Transfer,6,82.69,496.14
12485,2024-06-16,East,Farzana Islam,Furniture,Office Chair,Online,Cash,20,115.59,2311.8
12486,2025-04-27,East,Sadia Chowdhury,Furniture,Office Chair,Online,Credit Card,20,121.4,2428.0
12487,2025-12-08,Central,Lamia Sultana,Grocery,Snack Box,Distributor,Nagad,17,4.62,78.54
12488,2024-08-12,South,Farzana Islam,Furniture,Dining Table,Online,Credit Card,14,351.95,4927.3
12489,2024-12-22,South,Tanvir Ahmed,Electronics,Monitor,Online,Credit Card,7,239.14,1673.98
12490,2024-04-08,South,Arif Hossain,Stationery,Backpack,Wholesale,bKash,1,39.22,39.22
12491,2024-08-28,South,Shakil Rahman,Electronics,Headphones,Retail Store,Nagad,18,64.65,1163.7
12492,2025-09-18,South,Imran Kabir,Apparel,Cap,Retail Store,Nagad,2,9.15,18.3
12493,2024-09-06,West,Rakib Hasan,Grocery,Snack Box,Wholesale,Bank Transfer,8,4.72,37.76
12494,2024-08-07,Central,Lamia Sultana,Stationery,Pen Set,Wholesale,bKash,16,6.01,96.16
12495,2025-02-11,East,Farzana Islam,Electronics,Smartwatch,Wholesale,bKash,15,138.93,2083.95
12496,2024-07-13,East,Farzana Islam,Grocery,Snack Box,Online,Credit Card,5,5.33,26.65
12497,2025-11-20,South,Lamia Sultana,Furniture,Desk,Retail Store,Credit Card,18,200.21,3603.78
12498,2025-05-03,South,Sadia Chowdhury,Furniture,Bookshelf,Online,Nagad,11,96.94,1066.34
12499,2025-10-28,West,Sadia Chowdhury,Electronics,Tablet,Wholesale,Credit Card,2,301.69,603.38
12500,2024-09-10,South,Tanvir Ahmed,Apparel,Cap,Online,Cash,25,9.19,229.75
12501,2025-04-16,Central,Sadia Chowdhury,Furniture,Sofa,Wholesale,Credit Card,17,483.16,8213.72
12502,2025-12-10,West,Lamia Sultana,Apparel,Cap,Retail Store,Nagad,10,9.87,98.7
12503,2025-01-12,North,Rakib Hasan,Grocery,Cooking Oil 1L,Wholesale,Bank Transfer,23,3.42,78.66
12504,2024-04-06,West,Rakib Hasan,Grocery,Snack Box,Distributor,Nagad,5,4.9,24.5
12505,2024-11-29,Central,Arif Hossain,Furniture,Bookshelf,Retail Store,Cash,8,94.55,756.4
12506,2025-09-14,West,Shakil Rahman,Grocery,Rice 5kg,Retail Store,Nagad,1,8.09,8.09
12507,2024-11-07,Central,Imran Kabir,Grocery,Cooking Oil 1L,Wholesale,Nagad,3,3.27,9.81
12508,2025-09-01,West,Tanvir Ahmed,Stationery,Desk Organizer,Online,Nagad,15,17.58,263.7
12509,2024-10-09,Central,Mim Akter,Grocery,Tea Pack,Distributor,Bank Transfer,3,4.55,13.65
12510,2025-04-18,Central,Shakil Rahman,Furniture,Dining Table,Online,Bank Transfer,8,340.29,2722.32
12511,2025-07-03,East,Nusrat Jahan,Grocery,Snack Box,Wholesale,Nagad,18,4.63,83.34
12512,2024-10-23,Central,Arif Hossain,Grocery,Tea Pack,Online,Cash,11,3.61,39.71
12513,2024-06-24,Central,Imran Kabir,Stationery,Pen Set,Online,Cash,4,6.65,26.6
12514,2025-02-10,West,Rakib Hasan,Electronics,Smartphone,Wholesale,Credit Card,13,388.99,5056.87
12515,2025-07-01,North,Arif Hossain,Stationery,Notebook,Retail Store,Cash,9,1.98,17.82
12516,2024-12-03,North,Arif Hossain,Electronics,Smartphone,Retail Store,Credit Card,16,390.51,6248.16
12517,2024-04-18,Central,Lamia Sultana,Stationery,Pen Set,Wholesale,Cash,18,5.92,106.56
12518,2024-02-18,South,Sadia Chowdhury,Furniture,Office Chair,Distributor,Credit Card,1,114.39,114.39
12519,2024-01-18,West,Farzana Islam,Apparel,Sneakers,Distributor,bKash,12,54.83,657.96
12520,2025-07-08,East,Lamia Sultana,Electronics,Smartwatch,Retail Store,Bank Transfer,22,166.68,3666.96
12521,2025-05-06,West,Lamia Sultana,Apparel,Sneakers,Online,Nagad,24,62.04,1488.96
12522,2024-02-01,West,Rakib Hasan,Electronics,Smartwatch,Wholesale,Credit Card,4,158.66,634.64
12523,2024-10-04,East,Farzana Islam,Furniture,Sofa,Online,bKash,10,439.09,4390.9
12524,2025-05-10,Central,Lamia Sultana,Apparel,Jeans,Online,Bank Transfer,9,37.32,335.88
12525,2024-02-09,West,Mim Akter,Grocery,Snack Box,Retail Store,Cash,13,4.68,60.84
12526,2024-05-20,East,Mim Akter,Furniture,Office Chair,Wholesale,Bank Transfer,11,135.97,1495.67
12527,2024-08-29,South,Farzana Islam,Furniture,Desk,Online,Cash,7,203.93,1427.51
12528,2025-05-06,North,Shakil Rahman,Apparel,Sneakers,Wholesale,Cash,13,53.67,697.71
12529,2025-03-23,East,Lamia Sultana,Apparel,Jacket,Retail Store,Nagad,11,61.27,673.97
12530,2024-03-24,South,Mim Akter,Furniture,Dining Table,Online,Bank Transfer,5,340.15,1700.75
12531,2024-09-12,North,Rakib Hasan,Apparel,Jeans,Online,Credit Card,13,32.62,424.06
12532,2025-10-10,North,Sadia Chowdhury,Furniture,Office Chair,Retail Store,bKash,15,122.84,1842.6
12533,2024-12-20,Central,Arif Hossain,Grocery,Tea Pack,Retail Store,Nagad,18,3.92,70.56
12534,2025-11-15,East,Rakib Hasan,Apparel,Cap,Retail Store,Nagad,10,9.43,94.3
12535,2025-05-29,East,Farzana Islam,Apparel,Jeans,Wholesale,Credit Card,11,35.78,393.58
12536,2024-02-23,West,Farzana Islam,Stationery,Notebook,Online,Cash,17,2.23,37.91
12537,2025-04-03,East,Lamia Sultana,Electronics,Headphones,Online,Cash,15,58.61,879.15
12538,2024-10-31,East,Nusrat Jahan,Grocery,Cooking Oil 1L,Distributor,bKash,15,3.36,50.4
12539,2024-11-03,West,Farzana Islam,Apparel,T-Shirt,Distributor,Nagad,23,16.52,379.96
12540,2024-07-27,South,Shakil Rahman,Stationery,Desk Organizer,Distributor,Nagad,2,17.7,35.4
12541,2024-05-07,Central,Tanvir Ahmed,Grocery,Snack Box,Retail Store,bKash,17,4.77,81.09
12542,2024-02-08,South,Nusrat Jahan,Electronics,Laptop,Retail Store,Bank Transfer,17,865.82,14718.94
12543,2025-05-06,Central,Farzana Islam,Stationery,Pen Set,Distributor,bKash,18,6.11,109.98
12544,2025-12-01,Central,Imran Kabir,Electronics,Headphones,Retail Store,Cash,3,58.7,176.1
12545,2024-12-01,East,Imran Kabir,Electronics,Tablet,Distributor,bKash,24,286.98,6887.52
12546,2025-03-11,North,Arif Hossain,Stationery,Notebook,Online,Cash,22,2.04,44.88
12547,2025-03-29,West,Sadia Chowdhury,Apparel,Jacket,Online,Bank Transfer,24,64.66,1551.84
12548,2024-08-17,West,Lamia Sultana,Furniture,Dining Table,Online,Cash,7,386.19,2703.33
12549,2025-10-06,Central,Lamia Sultana,Furniture,Dining Table,Distributor,Bank Transfer,14,337.92,4730.88
12550,2024-04-24,Central,Lamia Sultana,Apparel,T-Shirt,Online,Credit Card,2,15.5,31.0
12551,2024-08-27,West,Nusrat Jahan,Stationery,Backpack,Online,Nagad,22,43.09,947.98
12552,2024-10-24,North,Arif Hossain,Furniture,Office Chair,Wholesale,Nagad,10,113.11,1131.1
12553,2025-11-17,East,Arif Hossain,Apparel,Sneakers,Distributor,Nagad,20,59.46,1189.2
12554,2024-12-02,West,Rakib Hasan,Stationery,Backpack,Distributor,Bank Transfer,21,43.1,905.1
12555,2024-02-22,South,Arif Hossain,Apparel,Cap,Online,Nagad,6,9.36,56.16
12556,2024-11-02,West,Arif Hossain,Grocery,Snack Box,Online,bKash,17,5.18,88.06
12557,2025-08-17,North,Sadia Chowdhury,Stationery,Desk Organizer,Online,Cash,17,17.55,298.35
12558,2025-05-23,North,Shakil Rahman,Apparel,Jacket,Retail Store,Bank Transfer,25,72.7,1817.5
12559,2024-08-10,Central,Farzana Islam,Stationery,Desk Organizer,Online,bKash,21,16.33,342.93
12560,2025-08-14,West,Arif Hossain,Stationery,Backpack,Online,Credit Card,8,42.1,336.8
12561,2024-01-12,North,Shakil Rahman,Grocery,Snack Box,Distributor,Nagad,1,5.42,5.42
12562,2024-02-18,North,Sadia Chowdhury,Stationery,Pen Set,Wholesale,Nagad,12,5.87,70.44
12563,2025-01-17,West,Lamia Sultana,Stationery,Desk Organizer,Retail Store,bKash,3,19.03,57.09
12564,2025-11-15,Central,Tanvir Ahmed,Apparel,Cap,Wholesale,Credit Card,11,9.49,104.39
12565,2024-03-22,North,Farzana Islam,Grocery,Rice 5kg,Retail Store,Nagad,1,7.7,7.7
12566,2025-10-23,Central,Sadia Chowdhury,Stationery,Pen Set,Distributor,bKash,11,5.92,65.12
12567,2024-12-01,North,Lamia Sultana,Furniture,Sofa,Online,Nagad,18,494.73,8905.14
12568,2024-05-18,North,Shakil Rahman,Stationery,Notebook,Distributor,Credit Card,10,1.91,19.1
12569,2025-05-23,West,Farzana Islam,Grocery,Cooking Oil 1L,Distributor,Nagad,7,2.98,20.86
12570,2025-06-05,West,Farzana Islam,Grocery,Cooking Oil 1L,Retail Store,Cash,24,3.15,75.6
12571,2024-03-02,South,Mim Akter,Stationery,Pen Set,Retail Store,Nagad,23,5.41,124.43
12572,2025-10-10,East,Imran Kabir,Apparel,Cap,Online,Cash,10,10.13,101.3
12573,2025-08-21,East,Imran Kabir,Furniture,Office Chair,Wholesale,bKash,16,125.04,2000.64
12574,2024-09-09,North,Farzana Islam,Apparel,Jacket,Wholesale,Cash,13,74.04,962.52
12575,2025-05-12,South,Arif Hossain,Stationery,Notebook,Retail Store,Bank Transfer,6,2.03,12.18
12576,2024-01-05,Central,Imran Kabir,Furniture,Dining Table,Wholesale,Bank Transfer,11,394.98,4344.78
12577,2024-09-19,Central,Farzana Islam,Apparel,Jeans,Wholesale,Cash,3,38.65,115.95
12578,2025-10-11,North,Farzana Islam,Grocery,Rice 5kg,Wholesale,Cash,7,7.87,55.09
12579,2024-02-08,East,Tanvir Ahmed,Apparel,Sneakers,Distributor,Credit Card,7,58.7,410.9
12580,2024-09-27,South,Sadia Chowdhury,Stationery,Notebook,Retail Store,Credit Card,5,2.04,10.2
12581,2025-10-10,South,Arif Hossain,Furniture,Sofa,Online,Cash,9,481.1,4329.9
12582,2024-11-20,Central,Lamia Sultana,Grocery,Rice 5kg,Retail Store,Nagad,7,9.05,63.35
12583,2025-02-15,Central,Tanvir Ahmed,Stationery,Desk Organizer,Wholesale,Bank Transfer,9,19.33,173.97
12584,2025-07-03,Central,Rakib Hasan,Stationery,Notebook,Retail Store,Nagad,25,2.23,55.75
12585,2025-12-24,East,Mim Akter,Stationery,Desk Organizer,Distributor,Credit Card,8,19.94,159.52
12586,2025-04-09,West,Rakib Hasan,Apparel,Cap,Wholesale,Credit Card,9,11.22,100.98
12587,2025-01-27,West,Arif Hossain,Electronics,Monitor,Online,Credit Card,9,240.66,2165.94
12588,2025-05-20,East,Nusrat Jahan,Electronics,Smartphone,Online,Nagad,7,414.84,2903.88
12589,2025-02-18,Central,Nusrat Jahan,Grocery,Tea Pack,Retail Store,bKash,10,4.36,43.6
12590,2025-09-11,East,Farzana Islam,Grocery,Rice 5kg,Retail Store,Credit Card,1,8.45,8.45
12591,2024-07-09,South,Arif Hossain,Electronics,Headphones,Wholesale,Credit Card,18,55.92,1006.56
12592,2024-03-10,East,Rakib Hasan,Furniture,Bookshelf,Online,Cash,21,100.07,2101.47
12593,2025-04-17,Central,Tanvir Ahmed,Furniture,Office Chair,Distributor,Bank Transfer,5,108.22,541.1
12594,2025-12-22,North,Tanvir Ahmed,Apparel,T-Shirt,Wholesale,Nagad,9,13.87,124.83
12595,2025-10-20,East,Mim Akter,Furniture,Desk,Retail Store,Nagad,3,164.68,494.04
12596,2024-10-10,East,Farzana Islam,Grocery,Snack Box,Retail Store,bKash,18,5.69,102.42
12597,2024-09-18,Central,Sadia Chowdhury,Electronics,Smartwatch,Retail Store,Bank Transfer,19,150.26,2854.94
12598,2024-05-27,East,Farzana Islam,Furniture,Desk,Wholesale,Cash,6,175.03,1050.18
12599,2025-06-30,South,Imran Kabir,Apparel,Jeans,Online,Credit Card,20,31.95,639.0
12600,2025-12-05,West,Arif Hossain,Furniture,Bookshelf,Wholesale,Credit Card,13,85.84,1115.92
12601,2025-12-12,South,Arif Hossain,Grocery,Rice 5kg,Wholesale,Bank Transfer,21,7.54,158.34
12602,2025-02-04,North,Lamia Sultana,Furniture,Office Chair,Distributor,bKash,14,129.64,1814.96
12603,2025-08-20,East,Nusrat Jahan,Electronics,Smartwatch,Wholesale,Nagad,1,135.37,135.37
12604,2024-04-08,Central,Mim Akter,Grocery,Coffee Jar,Online,Credit Card,16,6.73,107.68
12605,2025-09-22,North,Tanvir Ahmed,Apparel,Cap,Wholesale,bKash,15,9.22,138.3
12606,2024-04-21,West,Rakib Hasan,Electronics,Monitor,Retail Store,Credit Card,7,227.73,1594.11
12607,2025-11-01,North,Arif Hossain,Grocery,Snack Box,Wholesale,Credit Card,13,5.12,66.56
12608,2025-02-21,North,Shakil Rahman,Furniture,Office Chair,Distributor,Cash,4,137.96,551.84
12609,2024-01-07,South,Arif Hossain,Electronics,Smartwatch,Online,Bank Transfer,15,144.63,2169.45
12610,2024-10-27,North,Rakib Hasan,Furniture,Sofa,Retail Store,Cash,5,425.66,2128.3
12611,2024-07-04,West,Tanvir Ahmed,Furniture,Office Chair,Retail Store,Cash,7,135.34,947.38
12612,2025-04-01,South,Tanvir Ahmed,Apparel,T-Shirt,Distributor,Cash,16,16.81,268.96
12613,2025-10-18,North,Nusrat Jahan,Grocery,Snack Box,Retail Store,Bank Transfer,21,4.94,103.74
12614,2025-10-29,South,Sadia Chowdhury,Electronics,Smartphone,Wholesale,Credit Card,15,420.27,6304.05
12615,2025-12-09,North,Rakib Hasan,Apparel,Cap,Distributor,Cash,12,10.46,125.52
12616,2024-04-18,West,Tanvir Ahmed,Apparel,T-Shirt,Retail Store,Credit Card,19,16.0,304.0
12617,2025-07-07,Central,Farzana Islam,Apparel,Cap,Retail Store,Bank Transfer,13,11.48,149.24
12618,2025-07-23,Central,Imran Kabir,Apparel,Cap,Distributor,Bank Transfer,14,10.98,153.72
12619,2024-03-01,South,Nusrat Jahan,Stationery,Desk Organizer,Wholesale,Bank Transfer,1,18.45,18.45
12620,2024-08-24,West,Shakil Rahman,Apparel,Jacket,Online,Nagad,15,71.84,1077.6
12621,2024-10-25,Central,Farzana Islam,Stationery,Notebook,Online,Bank Transfer,20,2.22,44.4
12622,2025-02-17,West,Shakil Rahman,Furniture,Office Chair,Online,Credit Card,19,130.11,2472.09
12623,2024-11-29,West,Lamia Sultana,Stationery,Pen Set,Retail Store,bKash,8,5.82,46.56
12624,2025-05-31,West,Shakil Rahman,Apparel,Cap,Wholesale,Credit Card,6,9.29,55.74
12625,2024-05-31,East,Shakil Rahman,Stationery,Desk Organizer,Wholesale,bKash,23,20.05,461.15
12626,2024-01-15,South,Nusrat Jahan,Furniture,Office Chair,Wholesale,bKash,12,135.08,1620.96
12627,2024-01-19,South,Tanvir Ahmed,Electronics,Smartphone,Online,Credit Card,18,411.9,7414.2
12628,2024-04-23,West,Sadia Chowdhury,Furniture,Bookshelf,Retail Store,Nagad,20,81.11,1622.2
12629,2024-01-03,North,Shakil Rahman,Stationery,Notebook,Online,Bank Transfer,1,2.09,2.09
12630,2025-12-02,Central,Rakib Hasan,Electronics,Tablet,Retail Store,bKash,16,285.12,4561.92
12631,2024-02-15,Central,Lamia Sultana,Grocery,Snack Box,Wholesale,Nagad,13,4.51,58.63
12632,2024-09-21,Central,Farzana Islam,Apparel,Jacket,Wholesale,Bank Transfer,13,62.48,812.24
12633,2024-09-12,Central,Lamia Sultana,Electronics,Laptop,Distributor,bKash,14,790.23,11063.22
12634,2025-06-19,South,Sadia Chowdhury,Electronics,Monitor,Online,Credit Card,3,215.51,646.53
12635,2024-11-12,East,Mim Akter,Stationery,Backpack,Retail Store,Nagad,5,45.73,228.65
12636,2024-11-27,North,Farzana Islam,Furniture,Bookshelf,Distributor,bKash,25,86.38,2159.5
12637,2025-08-11,North,Sadia Chowdhury,Grocery,Coffee Jar,Distributor,Bank Transfer,20,7.35,147.0
12638,2024-05-31,East,Imran Kabir,Apparel,Cap,Wholesale,Bank Transfer,23,9.13,209.99
12639,2025-12-24,South,Shakil Rahman,Electronics,Smartwatch,Online,bKash,25,155.22,3880.5
12640,2025-06-09,Central,Rakib Hasan,Electronics,Monitor,Retail Store,bKash,15,230.81,3462.15
12641,2025-06-27,South,Imran Kabir,Apparel,T-Shirt,Retail Store,Credit Card,12,15.38,184.56
12642,2024-08-20,East,Mim Akter,Electronics,Tablet,Retail Store,Bank Transfer,12,317.79,3813.48
12643,2025-04-10,East,Rakib Hasan,Furniture,Sofa,Retail Store,Cash,1,405.95,405.95
12644,2025-12-19,Central,Farzana Islam,Electronics,Smartphone,Retail Store,Nagad,11,370.72,4077.92
12645,2024-12-20,West,Farzana Islam,Electronics,Monitor,Retail Store,Cash,19,198.98,3780.62
12646,2024-06-26,North,Tanvir Ahmed,Grocery,Rice 5kg,Wholesale,Nagad,8,7.31,58.48
12647,2025-07-29,North,Tanvir Ahmed,Grocery,Coffee Jar,Online,bKash,8,7.21,57.68
12648,2024-05-10,North,Farzana Islam,Grocery,Rice 5kg,Retail Store,bKash,19,8.67,164.73
12649,2025-11-01,East,Farzana Islam,Grocery,Rice 5kg,Retail Store,Credit Card,9,9.09,81.81
12650,2024-08-17,West,Imran Kabir,Apparel,T-Shirt,Wholesale,Cash,25,16.84,421.0
12651,2024-05-27,West,Tanvir Ahmed,Apparel,Jacket,Distributor,bKash,15,65.31,979.65
12652,2024-03-31,West,Tanvir Ahmed,Furniture,Bookshelf,Online,Nagad,11,86.32,949.52
12653,2024-09-22,South,Shakil Rahman,Apparel,Sneakers,Wholesale,bKash,8,54.31,434.48
12654,2024-11-21,West,Imran Kabir,Grocery,Rice 5kg,Retail Store,bKash,25,7.4,185.0
12655,2025-06-05,South,Imran Kabir,Furniture,Sofa,Wholesale,Credit Card,13,500.32,6504.16
12656,2024-03-19,West,Rakib Hasan,Grocery,Tea Pack,Retail Store,Cash,20,4.48,89.6
12657,2024-10-27,West,Arif Hossain,Grocery,Snack Box,Distributor,Nagad,16,5.08,81.28
12658,2025-01-05,South,Lamia Sultana,Electronics,Monitor,Online,bKash,1,200.01,200.01
12659,2024-05-29,East,Arif Hossain,Electronics,Smartwatch,Wholesale,Cash,5,143.82,719.1
12660,2025-01-22,East,Tanvir Ahmed,Apparel,Jeans,Distributor,Bank Transfer,18,32.83,590.94
12661,2025-09-11,North,Mim Akter,Electronics,Smartphone,Wholesale,Cash,24,435.12,10442.88
12662,2025-02-13,East,Lamia Sultana,Furniture,Bookshelf,Retail Store,Credit Card,22,96.55,2124.1
12663,2025-07-13,North,Farzana Islam,Apparel,T-Shirt,Wholesale,bKash,18,13.8,248.4
12664,2024-11-10,South,Tanvir Ahmed,Furniture,Sofa,Wholesale,bKash,8,442.95,3543.6
12665,2025-06-24,Central,Arif Hossain,Stationery,Backpack,Retail Store,Credit Card,17,38.77,659.09
12666,2024-01-19,North,Imran Kabir,Grocery,Snack Box,Wholesale,Cash,12,5.56,66.72
12667,2024-11-14,South,Farzana Islam,Electronics,Laptop,Retail Store,Cash,7,904.51,6331.57
12668,2025-12-26,South,Nusrat Jahan,Apparel,T-Shirt,Online,Credit Card,13,13.69,177.97
12669,2024-04-12,North,Nusrat Jahan,Stationery,Desk Organizer,Wholesale,bKash,23,19.48,448.04
12670,2024-03-04,North,Tanvir Ahmed,Stationery,Desk Organizer,Retail Store,bKash,23,17.11,393.53
12671,2024-04-01,Central,Lamia Sultana,Stationery,Desk Organizer,Online,Credit Card,9,16.35,147.15
12672,2024-04-19,East,Sadia Chowdhury,Electronics,Smartphone,Online,bKash,25,428.99,10724.75
12673,2024-04-17,West,Arif Hossain,Electronics,Smartwatch,Wholesale,Credit Card,21,163.41,3431.61
12674,2025-08-18,Central,Tanvir Ahmed,Furniture,Bookshelf,Distributor,Credit Card,21,87.41,1835.61
12675,2024-03-19,East,Mim Akter,Grocery,Snack Box,Online,Credit Card,7,5.7,39.9
12676,2024-01-24,East,Arif Hossain,Apparel,Jeans,Retail Store,Credit Card,16,39.57,633.12
12677,2025-04-24,Central,Tanvir Ahmed,Stationery,Desk Organizer,Wholesale,bKash,20,19.62,392.4
12678,2024-01-29,North,Imran Kabir,Furniture,Sofa,Online,Bank Transfer,18,482.65,8687.7
12679,2025-11-24,West,Rakib Hasan,Electronics,Smartwatch,Retail Store,bKash,20,167.97,3359.4
12680,2025-07-02,East,Sadia Chowdhury,Stationery,Desk Organizer,Wholesale,Credit Card,7,18.38,128.66
12681,2024-07-05,West,Imran Kabir,Furniture,Office Chair,Online,Credit Card,10,124.41,1244.1
12682,2024-06-22,East,Sadia Chowdhury,Stationery,Backpack,Online,Credit Card,21,38.57,809.97
12683,2024-06-15,South,Nusrat Jahan,Apparel,Jeans,Wholesale,bKash,4,34.92,139.68
12684,2024-09-22,Central,Imran Kabir,Electronics,Tablet,Distributor,Bank Transfer,13,319.98,4159.74
12685,2025-09-26,West,Mim Akter,Electronics,Tablet,Online,Bank Transfer,23,278.88,6414.24
12686,2024-04-28,South,Farzana Islam,Stationery,Backpack,Distributor,Credit Card,14,44.95,629.3
12687,2024-08-10,North,Tanvir Ahmed,Furniture,Sofa,Wholesale,Credit Card,7,445.95,3121.65
12688,2025-09-26,South,Shakil Rahman,Stationery,Backpack,Retail Store,Credit Card,18,44.66,803.88
12689,2024-03-08,East,Arif Hossain,Stationery,Pen Set,Distributor,Nagad,8,5.44,43.52
12690,2024-11-19,West,Lamia Sultana,Apparel,T-Shirt,Online,Credit Card,8,13.68,109.44
12691,2025-07-17,North,Imran Kabir,Electronics,Headphones,Wholesale,Cash,13,64.47,838.11
12692,2024-11-13,South,Lamia Sultana,Grocery,Cooking Oil 1L,Distributor,bKash,18,2.77,49.86
12693,2025-03-06,North,Farzana Islam,Electronics,Headphones,Distributor,Bank Transfer,9,65.53,589.77
12694,2024-11-23,Central,Lamia Sultana,Furniture,Sofa,Wholesale,Credit Card,16,432.76,6924.16
12695,2025-05-19,North,Rakib Hasan,Apparel,Jacket,Online,Bank Transfer,11,71.62,787.82
12696,2024-04-10,Central,Mim Akter,Furniture,Desk,Wholesale,Nagad,11,178.3,1961.3
12697,2024-08-20,North,Lamia Sultana,Furniture,Sofa,Wholesale,bKash,24,448.13,10755.12
12698,2025-03-08,East,Imran Kabir,Furniture,Bookshelf,Distributor,Cash,25,91.41,2285.25
12699,2024-01-28,East,Farzana Islam,Furniture,Office Chair,Wholesale,Credit Card,15,114.11,1711.65
12700,2025-10-29,North,Mim Akter,Stationery,Desk Organizer,Wholesale,Cash,16,18.59,297.44
12701,2024-11-21,North,Nusrat Jahan,Furniture,Sofa,Online,Bank Transfer,10,515.1,5151.0
12702,2024-11-04,South,Sadia Chowdhury,Stationery,Notebook,Distributor,Credit Card,17,2.22,37.74
12703,2024-06-25,West,Tanvir Ahmed,Grocery,Cooking Oil 1L,Retail Store,Nagad,11,2.89,31.79
12704,2025-07-22,West,Rakib Hasan,Grocery,Snack Box,Wholesale,bKash,17,5.54,94.18
12705,2024-01-11,West,Imran Kabir,Electronics,Tablet,Distributor,bKash,15,318.95,4784.25
12706,2024-12-12,South,Sadia Chowdhury,Grocery,Cooking Oil 1L,Online,bKash,7,3.24,22.68
12707,2024-05-08,West,Rakib Hasan,Grocery,Coffee Jar,Distributor,Nagad,7,7.86,55.02
12708,2025-11-18,West,Lamia Sultana,Grocery,Snack Box,Online,Bank Transfer,23,4.54,104.42
12709,2024-02-28,Central,Imran Kabir,Apparel,Cap,Retail Store,bKash,23,9.84,226.32
12710,2025-12-04,East,Tanvir Ahmed,Apparel,Jeans,Distributor,Credit Card,17,39.76,675.92
12711,2024-12-01,West,Nusrat Jahan,Stationery,Pen Set,Wholesale,Credit Card,20,6.68,133.6
12712,2025-02-25,North,Mim Akter,Grocery,Tea Pack,Retail Store,Cash,15,3.66,54.9
12713,2024-12-18,Central,Sadia Chowdhury,Grocery,Snack Box,Wholesale,Cash,9,4.7,42.3
12714,2024-07-04,North,Nusrat Jahan,Electronics,Smartwatch,Distributor,bKash,16,142.88,2286.08
12715,2025-12-24,West,Nusrat Jahan,Grocery,Cooking Oil 1L,Retail Store,Credit Card,6,2.83,16.98
12716,2025-01-14,North,Farzana Islam,Furniture,Sofa,Online,Bank Transfer,21,504.79,10600.59
12717,2024-06-17,North,Sadia Chowdhury,Grocery,Snack Box,Online,Bank Transfer,2,5.47,10.94
12718,2024-10-01,Central,Mim Akter,Furniture,Dining Table,Online,Cash,18,350.36,6306.48
12719,2025-03-11,North,Mim Akter,Stationery,Pen Set,Retail Store,Credit Card,19,5.41,102.79
12720,2025-08-05,South,Tanvir Ahmed,Stationery,Pen Set,Retail Store,Bank Transfer,18,5.42,97.56
12721,2024-03-03,West,Shakil Rahman,Apparel,Jeans,Wholesale,Credit Card,14,36.28,507.92
12722,2025-02-13,West,Tanvir Ahmed,Electronics,Tablet,Retail Store,Credit Card,7,303.42,2123.94
12723,2024-07-22,North,Tanvir Ahmed,Electronics,Headphones,Distributor,Nagad,7,56.77,397.39
12724,2024-08-17,East,Shakil Rahman,Grocery,Cooking Oil 1L,Wholesale,Nagad,4,3.35,13.4
12725,2024-09-04,Central,Shakil Rahman,Grocery,Cooking Oil 1L,Wholesale,Bank Transfer,18,2.7,48.6
12726,2024-03-03,North,Imran Kabir,Furniture,Dining Table,Distributor,Cash,6,392.09,2352.54
12727,2024-08-18,North,Lamia Sultana,Stationery,Backpack,Retail Store,Nagad,5,40.62,203.1
12728,2025-08-09,South,Arif Hossain,Furniture,Sofa,Online,bKash,4,497.5,1990.0
12729,2024-05-08,North,Shakil Rahman,Furniture,Bookshelf,Wholesale,Credit Card,14,97.17,1360.38
12730,2025-07-20,East,Rakib Hasan,Grocery,Coffee Jar,Wholesale,bKash,21,6.83,143.43
12731,2025-04-08,West,Shakil Rahman,Furniture,Dining Table,Distributor,Credit Card,24,315.05,7561.2
12732,2025-01-07,East,Tanvir Ahmed,Stationery,Desk Organizer,Wholesale,Bank Transfer,25,18.06,451.5
12733,2025-08-01,North,Arif Hossain,Electronics,Smartphone,Online,Credit Card,6,419.5,2517.0
12734,2025-09-26,North,Mim Akter,Furniture,Desk,Distributor,bKash,2,174.58,349.16
12735,2024-12-22,Central,Nusrat Jahan,Stationery,Notebook,Retail Store,bKash,7,1.92,13.44
12736,2024-02-11,South,Nusrat Jahan,Furniture,Office Chair,Distributor,Credit Card,5,132.29,661.45
12737,2024-10-17,North,Farzana Islam,Apparel,Jacket,Retail Store,Cash,11,71.44,785.84
12738,2025-09-30,West,Lamia Sultana,Electronics,Smartphone,Distributor,bKash,7,435.51,3048.57
12739,2024-06-16,South,Shakil Rahman,Furniture,Desk,Retail Store,Bank Transfer,19,181.2,3442.8
12740,2024-05-09,North,Mim Akter,Electronics,Smartwatch,Retail Store,Credit Card,9,163.22,1468.98
12741,2025-09-04,Central,Tanvir Ahmed,Electronics,Smartphone,Wholesale,Cash,13,391.31,5087.03
12742,2025-05-23,North,Farzana Islam,Stationery,Pen Set,Retail Store,bKash,13,5.7,74.1
12743,2024-06-12,East,Lamia Sultana,Grocery,Coffee Jar,Distributor,Cash,3,7.89,23.67
12744,2024-07-27,Central,Shakil Rahman,Grocery,Cooking Oil 1L,Online,Nagad,15,2.96,44.4
12745,2024-03-18,South,Rakib Hasan,Electronics,Smartwatch,Wholesale,Bank Transfer,23,143.59,3302.57
12746,2024-10-07,South,Imran Kabir,Grocery,Tea Pack,Retail Store,Bank Transfer,16,3.92,62.72
12747,2025-12-19,East,Imran Kabir,Stationery,Desk Organizer,Online,bKash,1,20.21,20.21
12748,2025-08-07,West,Nusrat Jahan,Grocery,Rice 5kg,Online,Credit Card,19,7.52,142.88
12749,2024-07-14,East,Rakib Hasan,Stationery,Backpack,Distributor,Credit Card,6,43.05,258.3
12750,2024-11-21,South,Mim Akter,Electronics,Headphones,Distributor,Credit Card,4,58.06,232.24
12751,2025-11-13,Central,Farzana Islam,Furniture,Office Chair,Distributor,bKash,2,123.52,247.04
12752,2025-04-22,Central,Sadia Chowdhury,Grocery,Coffee Jar,Retail Store,Cash,20,8.0,160.0
12753,2025-07-12,South,Rakib Hasan,Apparel,Jacket,Online,Nagad,8,70.01,560.08
12754,2024-11-05,Central,Farzana Islam,Apparel,Jacket,Retail Store,Credit Card,25,67.32,1683.0
12755,2024-07-22,West,Sadia Chowdhury,Grocery,Rice 5kg,Wholesale,Nagad,7,8.96,62.72
12756,2024-04-07,Central,Arif Hossain,Furniture,Dining Table,Wholesale,Cash,12,391.35,4696.2
12757,2024-10-08,East,Sadia Chowdhury,Electronics,Smartphone,Distributor,Bank Transfer,2,448.34,896.68
12758,2024-06-24,East,Arif Hossain,Apparel,Cap,Retail Store,Nagad,25,9.8,245.0
12759,2025-06-04,South,Imran Kabir,Grocery,Coffee Jar,Retail Store,Credit Card,9,7.0,63.0
12760,2025-10-14,South,Mim Akter,Furniture,Dining Table,Distributor,bKash,11,379.5,4174.5
12761,2024-07-06,West,Rakib Hasan,Electronics,Smartwatch,Retail Store,bKash,12,135.32,1623.84
12762,2024-11-03,South,Mim Akter,Electronics,Smartwatch,Wholesale,bKash,15,141.45,2121.75
12763,2024-04-02,Central,Shakil Rahman,Grocery,Cooking Oil 1L,Retail Store,Credit Card,6,3.29,19.74
12764,2024-01-12,North,Shakil Rahman,Furniture,Bookshelf,Retail Store,Nagad,1,94.62,94.62
12765,2025-02-23,South,Sadia Chowdhury,Grocery,Coffee Jar,Online,bKash,13,6.3,81.9
12766,2024-07-08,Central,Mim Akter,Apparel,T-Shirt,Wholesale,bKash,3,15.29,45.87
12767,2024-03-27,North,Nusrat Jahan,Apparel,T-Shirt,Online,Credit Card,19,14.32,272.08
12768,2024-06-13,Central,Lamia Sultana,Apparel,Jeans,Retail Store,bKash,10,38.82,388.2
12769,2025-12-12,Central,Nusrat Jahan,Electronics,Laptop,Wholesale,Credit Card,2,854.22,1708.44
12770,2024-11-24,South,Sadia Chowdhury,Electronics,Smartwatch,Wholesale,Credit Card,13,145.54,1892.02
12771,2024-05-12,West,Tanvir Ahmed,Electronics,Monitor,Wholesale,Bank Transfer,13,213.48,2775.24
12772,2025-04-19,North,Tanvir Ahmed,Stationery,Backpack,Distributor,bKash,6,38.0,228.0
12773,2025-11-20,West,Imran Kabir,Grocery,Rice 5kg,Retail Store,bKash,4,7.61,30.44
12774,2025-12-30,North,Tanvir Ahmed,Furniture,Sofa,Distributor,Cash,3,513.56,1540.68
12775,2024-10-09,South,Farzana Islam,Apparel,Jeans,Wholesale,Cash,10,32.52,325.2
12776,2025-06-19,South,Sadia Chowdhury,Furniture,Sofa,Wholesale,Bank Transfer,12,458.62,5503.44
12777,2024-10-26,West,Nusrat Jahan,Grocery,Rice 5kg,Distributor,Nagad,6,8.45,50.7
12778,2024-12-14,West,Farzana Islam,Electronics,Headphones,Wholesale,Cash,4,61.67,246.68
12779,2024-11-02,North,Sadia Chowdhury,Grocery,Rice 5kg,Retail Store,bKash,23,7.57,174.11
12780,2024-09-30,Central,Nusrat Jahan,Furniture,Bookshelf,Wholesale,Cash,25,87.01,2175.25
12781,2024-12-09,South,Shakil Rahman,Grocery,Cooking Oil 1L,Distributor,Bank Transfer,7,3.08,21.56
12782,2025-01-02,East,Sadia Chowdhury,Grocery,Snack Box,Online,bKash,10,5.47,54.7
12783,2025-08-04,West,Rakib Hasan,Apparel,Jeans,Wholesale,Nagad,2,33.96,67.92
12784,2024-03-05,South,Arif Hossain,Grocery,Cooking Oil 1L,Wholesale,Cash,21,2.71,56.91
12785,2025-05-08,East,Nusrat Jahan,Electronics,Smartwatch,Distributor,Cash,24,170.39,4089.36
12786,2025-08-27,West,Shakil Rahman,Furniture,Office Chair,Retail Store,Cash,20,108.48,2169.6
12787,2025-11-19,South,Sadia Chowdhury,Electronics,Smartwatch,Online,Cash,14,136.87,1916.18
12788,2025-06-01,North,Shakil Rahman,Grocery,Coffee Jar,Retail Store,Bank Transfer,17,6.76,114.92
12789,2025-07-09,North,Imran Kabir,Furniture,Sofa,Wholesale,Credit Card,25,455.78,11394.5
12790,2025-11-26,East,Imran Kabir,Apparel,Sneakers,Wholesale,bKash,13,59.88,778.44
12791,2025-06-15,North,Mim Akter,Grocery,Snack Box,Distributor,Credit Card,12,5.52,66.24
12792,2025-12-13,North,Rakib Hasan,Stationery,Notebook,Wholesale,Bank Transfer,6,2.09,12.54
12793,2025-12-15,Central,Shakil Rahman,Electronics,Laptop,Distributor,Credit Card,15,903.09,13546.35
12794,2025-02-25,North,Shakil Rahman,Stationery,Desk Organizer,Retail Store,Cash,25,20.17,504.25
12795,2024-09-30,North,Nusrat Jahan,Electronics,Headphones,Retail Store,Bank Transfer,14,62.88,880.32
12796,2025-11-12,North,Imran Kabir,Furniture,Desk,Wholesale,Bank Transfer,7,163.0,1141.0
12797,2024-07-06,North,Arif Hossain,Grocery,Coffee Jar,Retail Store,bKash,14,7.02,98.28
12798,2025-04-07,East,Farzana Islam,Grocery,Snack Box,Online,Nagad,17,5.31,90.27
12799,2024-02-17,South,Arif Hossain,Grocery,Tea Pack,Distributor,Nagad,13,4.07,52.91
12800,2025-12-14,West,Nusrat Jahan,Furniture,Dining Table,Distributor,bKash,17,375.69,6386.73
12801,2024-01-23,West,Tanvir Ahmed,Stationery,Desk Organizer,Distributor,Cash,22,19.07,419.54
12802,2024-09-25,South,Farzana Islam,Stationery,Pen Set,Wholesale,Credit Card,21,6.68,140.28
12803,2025-02-20,Central,Imran Kabir,Grocery,Rice 5kg,Wholesale,Credit Card,13,7.61,98.93
12804,2024-07-15,West,Rakib Hasan,Electronics,Laptop,Online,Bank Transfer,19,888.54,16882.26
12805,2024-05-02,Central,Arif Hossain,Stationery,Notebook,Retail Store,Bank Transfer,18,1.88,33.84
12806,2024-01-07,South,Sadia Chowdhury,Apparel,Jeans,Online,Bank Transfer,18,35.2,633.6
12807,2024-10-25,East,Rakib Hasan,Apparel,Cap,Wholesale,Nagad,6,9.08,54.48
12808,2025-12-04,North,Nusrat Jahan,Stationery,Pen Set,Distributor,Cash,21,6.3,132.3
12809,2024-01-28,East,Mim Akter,Electronics,Laptop,Wholesale,Bank Transfer,13,892.25,11599.25
12810,2024-01-03,East,Arif Hossain,Electronics,Smartwatch,Wholesale,bKash,12,144.69,1736.28
12811,2024-02-25,East,Nusrat Jahan,Stationery,Pen Set,Distributor,bKash,23,5.62,129.26
12812,2025-05-29,Central,Farzana Islam,Electronics,Tablet,Wholesale,Bank Transfer,1,298.98,298.98
12813,2025-08-16,South,Farzana Islam,Grocery,Tea Pack,Distributor,Nagad,25,4.36,109.0
12814,2024-04-05,West,Shakil Rahman,Electronics,Laptop,Retail Store,Nagad,11,765.31,8418.41
12815,2024-06-08,North,Sadia Chowdhury,Grocery,Rice 5kg,Online,Nagad,14,8.46,118.44
12816,2025-10-06,North,Nusrat Jahan,Electronics,Tablet,Online,Nagad,18,272.36,4902.48
12817,2024-06-18,South,Imran Kabir,Electronics,Tablet,Retail Store,Nagad,20,340.94,6818.8
12818,2025-11-07,East,Shakil Rahman,Stationery,Pen Set,Distributor,Credit Card,1,6.09,6.09
12819,2024-03-31,Central,Rakib Hasan,Stationery,Backpack,Wholesale,Cash,3,40.19,120.57
12820,2024-06-24,Central,Farzana Islam,Electronics,Tablet,Wholesale,Credit Card,16,300.46,4807.36
12821,2024-09-02,Central,Tanvir Ahmed,Furniture,Office Chair,Retail Store,Credit Card,20,111.6,2232.0
12822,2024-10-14,South,Imran Kabir,Electronics,Monitor,Retail Store,Cash,9,210.01,1890.09
12823,2025-11-27,South,Shakil Rahman,Stationery,Desk Organizer,Distributor,Nagad,16,20.25,324.0
12824,2024-06-15,North,Shakil Rahman,Electronics,Smartphone,Retail Store,Cash,22,447.69,9849.18
12825,2024-08-16,Central,Tanvir Ahmed,Furniture,Sofa,Online,bKash,15,445.98,6689.7
12826,2025-12-22,Central,Shakil Rahman,Electronics,Smartphone,Wholesale,Bank Transfer,2,384.99,769.98
12827,2025-01-19,North,Rakib Hasan,Grocery,Coffee Jar,Distributor,bKash,11,6.53,71.83
12828,2024-09-18,East,Mim Akter,Apparel,T-Shirt,Retail Store,Bank Transfer,17,16.33,277.61
12829,2025-02-13,East,Shakil Rahman,Stationery,Desk Organizer,Online,bKash,23,17.42,400.66
12830,2024-09-11,North,Mim Akter,Stationery,Pen Set,Wholesale,Bank Transfer,17,5.95,101.15
12831,2025-03-14,South,Nusrat Jahan,Grocery,Coffee Jar,Retail Store,bKash,2,6.97,13.94
12832,2025-08-22,Central,Arif Hossain,Grocery,Snack Box,Wholesale,Cash,3,4.66,13.98
12833,2024-02-21,Central,Sadia Chowdhury,Stationery,Backpack,Retail Store,bKash,9,37.86,340.74
12834,2025-09-26,South,Rakib Hasan,Stationery,Desk Organizer,Wholesale,Nagad,5,16.25,81.25
12835,2024-07-12,North,Sadia Chowdhury,Grocery,Coffee Jar,Wholesale,bKash,12,6.96,83.52
12836,2024-11-24,Central,Lamia Sultana,Stationery,Pen Set,Retail Store,bKash,25,6.23,155.75
12837,2025-04-06,Central,Arif Hossain,Grocery,Coffee Jar,Wholesale,Bank Transfer,20,6.63,132.6
12838,2025-06-21,East,Farzana Islam,Grocery,Rice 5kg,Retail Store,Cash,6,7.3,43.8
12839,2025-09-09,South,Farzana Islam,Apparel,Cap,Distributor,bKash,17,10.87,184.79
12840,2024-01-31,South,Rakib Hasan,Stationery,Notebook,Wholesale,Credit Card,1,2.25,2.25
12841,2025-09-23,North,Sadia Chowdhury,Apparel,Jacket,Wholesale,bKash,24,70.64,1695.36
12842,2024-03-13,South,Tanvir Ahmed,Electronics,Headphones,Distributor,Nagad,7,58.51,409.57
12843,2024-06-04,Central,Lamia Sultana,Electronics,Smartphone,Wholesale,Cash,21,444.36,9331.56
12844,2025-11-18,North,Lamia Sultana,Grocery,Cooking Oil 1L,Wholesale,Cash,13,2.92,37.96
12845,2025-06-15,North,Mim Akter,Furniture,Bookshelf,Retail Store,Credit Card,6,86.25,517.5
12846,2025-09-15,Central,Sadia Chowdhury,Furniture,Office Chair,Wholesale,Bank Transfer,4,126.67,506.68
12847,2025-07-12,Central,Imran Kabir,Apparel,Cap,Retail Store,Nagad,2,10.62,21.24
12848,2025-04-30,Central,Rakib Hasan,Apparel,Sneakers,Online,Credit Card,22,54.51,1199.22
12849,2025-06-22,Central,Imran Kabir,Electronics,Tablet,Wholesale,Credit Card,14,312.89,4380.46
12850,2024-11-10,East,Tanvir Ahmed,Grocery,Cooking Oil 1L,Distributor,bKash,16,2.89,46.24
12851,2025-11-07,South,Farzana Islam,Furniture,Bookshelf,Retail Store,Bank Transfer,20,88.1,1762.0
12852,2025-05-22,North,Tanvir Ahmed,Grocery,Rice 5kg,Wholesale,Bank Transfer,7,8.48,59.36
12853,2024-03-29,East,Tanvir Ahmed,Electronics,Tablet,Retail Store,Bank Transfer,25,313.17,7829.25
12854,2024-07-22,South,Mim Akter,Furniture,Office Chair,Online,Nagad,17,122.53,2083.01
12855,2024-10-27,North,Nusrat Jahan,Furniture,Sofa,Distributor,bKash,10,435.94,4359.4
12856,2025-05-20,Central,Lamia Sultana,Grocery,Tea Pack,Online,Cash,14,3.63,50.82
12857,2024-01-06,South,Nusrat Jahan,Stationery,Desk Organizer,Distributor,Credit Card,23,19.97,459.31
12858,2025-10-06,North,Lamia Sultana,Grocery,Tea Pack,Online,Bank Transfer,2,4.58,9.16
12859,2025-07-05,North,Sadia Chowdhury,Stationery,Backpack,Retail Store,bKash,19,39.47,749.93
12860,2025-09-11,West,Nusrat Jahan,Apparel,Jacket,Distributor,Credit Card,3,67.57,202.71
12861,2024-03-21,North,Mim Akter,Apparel,Cap,Distributor,Nagad,24,10.84,260.16
12862,2025-02-05,West,Shakil Rahman,Electronics,Headphones,Distributor,Nagad,22,59.49,1308.78
12863,2024-01-03,West,Tanvir Ahmed,Stationery,Notebook,Wholesale,Bank Transfer,2,1.94,3.88
12864,2024-04-30,North,Shakil Rahman,Stationery,Pen Set,Distributor,Cash,18,5.81,104.58
12865,2024-03-24,Central,Arif Hossain,Electronics,Smartphone,Retail Store,bKash,18,362.41,6523.38
12866,2024-09-01,West,Imran Kabir,Furniture,Dining Table,Retail Store,Credit Card,17,347.53,5908.01
12867,2025-07-07,East,Tanvir Ahmed,Stationery,Desk Organizer,Wholesale,Nagad,1,16.88,16.88
12868,2024-10-16,Central,Mim Akter,Apparel,Jeans,Online,Bank Transfer,23,35.33,812.59
12869,2024-05-15,South,Nusrat Jahan,Stationery,Pen Set,Distributor,Bank Transfer,7,5.48,38.36
12870,2025-05-30,West,Shakil Rahman,Furniture,Dining Table,Distributor,Credit Card,17,393.75,6693.75
12871,2025-09-02,North,Arif Hossain,Grocery,Coffee Jar,Wholesale,Credit Card,6,6.37,38.22
12872,2024-03-21,Central,Farzana Islam,Electronics,Smartwatch,Distributor,bKash,3,142.49,427.47
12873,2025-07-04,West,Farzana Islam,Furniture,Sofa,Online,Cash,9,467.27,4205.43
12874,2024-07-09,East,Rakib Hasan,Stationery,Notebook,Wholesale,bKash,22,1.86,40.92
12875,2024-05-30,North,Shakil Rahman,Stationery,Desk Organizer,Wholesale,bKash,1,17.61,17.61
12876,2025-01-07,North,Sadia Chowdhury,Stationery,Desk Organizer,Wholesale,Cash,23,17.45,401.35
12877,2025-03-30,Central,Rakib Hasan,Grocery,Rice 5kg,Retail Store,Credit Card,25,7.33,183.25
12878,2025-08-13,Central,Lamia Sultana,Grocery,Rice 5kg,Distributor,bKash,9,8.04,72.36
12879,2024-09-11,West,Rakib Hasan,Grocery,Coffee Jar,Wholesale,bKash,11,7.53,82.83
12880,2024-05-21,North,Mim Akter,Stationery,Desk Organizer,Retail Store,Credit Card,24,17.93,430.32
12881,2025-07-22,North,Rakib Hasan,Stationery,Backpack,Distributor,Bank Transfer,15,36.06,540.9
12882,2025-02-06,West,Tanvir Ahmed,Grocery,Snack Box,Distributor,Credit Card,8,4.55,36.4
12883,2024-05-12,West,Tanvir Ahmed,Grocery,Cooking Oil 1L,Distributor,Credit Card,24,3.1,74.4
12884,2025-07-12,West,Shakil Rahman,Electronics,Monitor,Online,Nagad,19,204.64,3888.16
12885,2024-03-01,North,Lamia Sultana,Furniture,Dining Table,Online,bKash,24,335.76,8058.24
12886,2024-09-25,East,Rakib Hasan,Electronics,Smartphone,Online,Nagad,11,375.81,4133.91
12887,2025-01-10,East,Lamia Sultana,Furniture,Sofa,Wholesale,Nagad,8,501.47,4011.76
12888,2025-06-30,West,Tanvir Ahmed,Stationery,Pen Set,Online,Nagad,14,5.46,76.44
12889,2024-10-06,West,Shakil Rahman,Grocery,Tea Pack,Distributor,Cash,21,4.19,87.99
12890,2024-12-03,East,Shakil Rahman,Furniture,Office Chair,Distributor,Cash,8,123.41,987.28
12891,2025-09-01,North,Arif Hossain,Electronics,Smartwatch,Online,Nagad,13,148.04,1924.52
12892,2025-02-11,South,Shakil Rahman,Apparel,Cap,Distributor,Cash,13,9.39,122.07
12893,2025-09-23,East,Rakib Hasan,Furniture,Dining Table,Online,Bank Transfer,16,319.58,5113.28
12894,2025-03-06,North,Nusrat Jahan,Grocery,Coffee Jar,Wholesale,Credit Card,5,6.84,34.2
12895,2025-10-17,West,Tanvir Ahmed,Grocery,Rice 5kg,Distributor,Bank Transfer,5,8.72,43.6
12896,2025-01-09,South,Nusrat Jahan,Grocery,Rice 5kg,Distributor,Credit Card,17,7.93,134.81
12897,2024-08-23,South,Tanvir Ahmed,Electronics,Headphones,Online,Bank Transfer,22,64.89,1427.58
12898,2024-02-25,West,Farzana Islam,Electronics,Tablet,Distributor,Bank Transfer,12,309.49,3713.88
12899,2024-11-05,East,Rakib Hasan,Stationery,Notebook,Retail Store,Cash,3,1.9,5.7
12900,2025-12-27,East,Sadia Chowdhury,Stationery,Backpack,Distributor,Credit Card,13,45.69,593.97
12901,2024-02-25,North,Mim Akter,Apparel,Jeans,Wholesale,Nagad,11,37.82,416.02
12902,2024-11-03,North,Arif Hossain,Electronics,Smartwatch,Wholesale,Bank Transfer,23,150.17,3453.91
12903,2024-08-28,East,Imran Kabir,Furniture,Sofa,Online,Nagad,7,504.12,3528.84
12904,2025-07-14,East,Arif Hossain,Stationery,Desk Organizer,Wholesale,Bank Transfer,1,17.88,17.88
12905,2024-03-31,South,Nusrat Jahan,Grocery,Rice 5kg,Wholesale,Bank Transfer,18,7.73,139.14
12906,2024-01-27,North,Lamia Sultana,Electronics,Monitor,Retail Store,bKash,20,217.79,4355.8
12907,2025-12-16,South,Nusrat Jahan,Grocery,Cooking Oil 1L,Retail Store,Nagad,16,2.86,45.76
12908,2024-02-10,Central,Imran Kabir,Furniture,Desk,Distributor,Cash,6,201.09,1206.54
12909,2025-01-20,South,Rakib Hasan,Furniture,Bookshelf,Wholesale,Bank Transfer,20,100.34,2006.8
12910,2025-09-28,South,Sadia Chowdhury,Furniture,Bookshelf,Wholesale,bKash,23,84.59,1945.57
12911,2025-12-03,South,Tanvir Ahmed,Stationery,Backpack,Retail Store,bKash,6,36.22,217.32
12912,2024-07-12,North,Farzana Islam,Electronics,Headphones,Wholesale,Nagad,8,65.42,523.36
12913,2024-10-31,East,Shakil Rahman,Furniture,Dining Table,Retail Store,bKash,16,372.74,5963.84
12914,2024-11-24,Central,Tanvir Ahmed,Stationery,Pen Set,Wholesale,Cash,3,5.89,17.67
12915,2024-11-27,South,Imran Kabir,Apparel,Jacket,Online,Bank Transfer,14,67.74,948.36
12916,2024-01-31,South,Arif Hossain,Stationery,Notebook,Retail Store,Credit Card,1,2.16,2.16
12917,2025-03-18,South,Nusrat Jahan,Grocery,Tea Pack,Retail Store,bKash,21,4.32,90.72
12918,2024-08-11,West,Sadia Chowdhury,Furniture,Desk,Wholesale,Bank Transfer,7,204.27,1429.89
12919,2025-05-04,North,Imran Kabir,Grocery,Snack Box,Wholesale,Cash,1,5.66,5.66
12920,2024-08-31,South,Arif Hossain,Grocery,Rice 5kg,Distributor,Credit Card,13,8.8,114.4
12921,2025-10-07,East,Rakib Hasan,Apparel,Cap,Distributor,bKash,10,9.21,92.1
12922,2025-05-22,West,Shakil Rahman,Electronics,Monitor,Online,bKash,9,199.02,1791.18
12923,2025-04-09,East,Arif Hossain,Grocery,Coffee Jar,Retail Store,Bank Transfer,14,6.54,91.56
12924,2024-09-07,West,Rakib Hasan,Stationery,Notebook,Online,Credit Card,23,2.0,46.0
12925,2024-10-16,West,Shakil Rahman,Stationery,Backpack,Wholesale,Credit Card,19,40.48,769.12
12926,2025-06-19,West,Lamia Sultana,Apparel,Cap,Retail Store,Credit Card,7,11.45,80.15
12927,2024-03-20,Central,Arif Hossain,Stationery,Desk Organizer,Distributor,Nagad,9,18.89,170.01
12928,2024-01-15,North,Lamia Sultana,Stationery,Desk Organizer,Distributor,Cash,10,18.89,188.9
12929,2024-05-10,West,Imran Kabir,Furniture,Desk,Distributor,bKash,5,195.54,977.7
12930,2024-06-09,West,Farzana Islam,Stationery,Backpack,Retail Store,Credit Card,23,41.48,954.04
12931,2024-12-13,North,Mim Akter,Stationery,Notebook,Distributor,Nagad,8,1.93,15.44
12932,2025-12-16,North,Rakib Hasan,Electronics,Monitor,Wholesale,Bank Transfer,6,205.56,1233.36
12933,2024-06-25,Central,Shakil Rahman,Furniture,Dining Table,Wholesale,Cash,21,329.14,6911.94
12934,2025-05-28,Central,Sadia Chowdhury,Grocery,Coffee Jar,Online,Nagad,17,6.55,111.35
12935,2024-12-03,West,Arif Hossain,Furniture,Desk,Wholesale,Credit Card,22,186.6,4105.2
12936,2025-12-15,West,Arif Hossain,Apparel,T-Shirt,Online,Bank Transfer,3,17.2,51.6
12937,2025-04-23,Central,Mim Akter,Furniture,Bookshelf,Wholesale,Cash,24,103.04,2472.96
12938,2025-03-14,West,Tanvir Ahmed,Stationery,Backpack,Distributor,Nagad,22,40.44,889.68
12939,2025-09-27,West,Nusrat Jahan,Apparel,Cap,Retail Store,Credit Card,15,9.39,140.85
12940,2024-05-24,North,Arif Hossain,Grocery,Rice 5kg,Online,Nagad,14,7.37,103.18
12941,2024-12-30,North,Farzana Islam,Grocery,Cooking Oil 1L,Wholesale,Cash,11,3.25,35.75
12942,2025-02-12,East,Mim Akter,Stationery,Desk Organizer,Wholesale,Nagad,11,17.68,194.48
12943,2025-04-26,East,Farzana Islam,Apparel,Sneakers,Retail Store,Cash,14,53.28,745.92
12944,2025-06-17,West,Arif Hossain,Electronics,Laptop,Wholesale,Cash,14,936.78,13114.92
12945,2025-01-26,North,Mim Akter,Furniture,Bookshelf,Online,Bank Transfer,12,86.75,1041.0
12946,2024-03-11,South,Shakil Rahman,Electronics,Smartphone,Distributor,Cash,25,411.23,10280.75
12947,2024-07-25,East,Tanvir Ahmed,Stationery,Desk Organizer,Retail Store,bKash,17,18.03,306.51
12948,2025-04-26,North,Arif Hossain,Stationery,Desk Organizer,Retail Store,Cash,2,19.49,38.98
12949,2025-09-29,South,Imran Kabir,Grocery,Rice 5kg,Retail Store,Credit Card,10,8.82,88.2
12950,2024-06-26,South,Arif Hossain,Apparel,Jeans,Wholesale,Credit Card,2,38.48,76.96
12951,2025-09-15,Central,Lamia Sultana,Apparel,T-Shirt,Retail Store,Credit Card,25,16.77,419.25
12952,2025-03-19,East,Lamia Sultana,Electronics,Smartphone,Online,Nagad,21,366.62,7699.02
12953,2024-10-06,Central,Sadia Chowdhury,Stationery,Desk Organizer,Wholesale,bKash,11,20.66,227.26
12954,2025-09-16,North,Nusrat Jahan,Stationery,Backpack,Distributor,Bank Transfer,9,41.27,371.43
12955,2025-01-21,North,Sadia Chowdhury,Apparel,Jacket,Retail Store,Cash,25,69.73,1743.25
12956,2025-10-17,North,Lamia Sultana,Apparel,Cap,Distributor,Bank Transfer,21,11.38,238.98
12957,2025-11-04,North,Mim Akter,Stationery,Backpack,Online,bKash,14,36.01,504.14
12958,2024-04-02,East,Rakib Hasan,Stationery,Backpack,Online,bKash,12,45.11,541.32
12959,2024-01-18,East,Arif Hossain,Stationery,Pen Set,Distributor,Nagad,15,5.69,85.35
12960,2025-03-26,North,Nusrat Jahan,Apparel,Jeans,Online,Nagad,22,35.52,781.44
12961,2025-01-09,West,Sadia Chowdhury,Apparel,Cap,Distributor,Nagad,4,10.64,42.56
12962,2024-01-04,West,Shakil Rahman,Electronics,Smartwatch,Retail Store,bKash,17,154.57,2627.69
12963,2024-10-10,East,Arif Hossain,Furniture,Dining Table,Wholesale,Nagad,4,364.92,1459.68
12964,2025-10-20,South,Rakib Hasan,Furniture,Desk,Wholesale,Credit Card,12,194.52,2334.24
12965,2025-05-07,East,Rakib Hasan,Grocery,Snack Box,Wholesale,Bank Transfer,10,5.66,56.6
12966,2025-02-16,West,Nusrat Jahan,Furniture,Office Chair,Online,Bank Transfer,6,133.3,799.8
12967,2025-07-07,East,Farzana Islam,Furniture,Office Chair,Online,Bank Transfer,17,112.49,1912.33
12968,2025-09-29,East,Mim Akter,Furniture,Sofa,Distributor,Bank Transfer,18,471.79,8492.22
12969,2024-05-27,South,Nusrat Jahan,Electronics,Tablet,Retail Store,Bank Transfer,8,319.03,2552.24
12970,2024-06-24,Central,Arif Hossain,Electronics,Tablet,Online,bKash,8,305.36,2442.88
12971,2025-07-09,North,Imran Kabir,Stationery,Notebook,Distributor,Cash,21,2.12,44.52
12972,2025-08-17,Central,Shakil Rahman,Electronics,Monitor,Wholesale,Bank Transfer,11,236.68,2603.48
12973,2024-11-17,West,Imran Kabir,Electronics,Monitor,Wholesale,Cash,7,230.63,1614.41
12974,2024-08-03,Central,Lamia Sultana,Electronics,Smartwatch,Online,Bank Transfer,15,154.28,2314.2
12975,2024-02-29,North,Mim Akter,Apparel,Cap,Wholesale,Nagad,18,10.45,188.1
12976,2025-07-17,Central,Imran Kabir,Apparel,Cap,Retail Store,Bank Transfer,7,10.26,71.82
12977,2024-01-18,West,Nusrat Jahan,Stationery,Desk Organizer,Online,bKash,22,18.36,403.92
12978,2024-07-03,South,Lamia Sultana,Electronics,Smartphone,Wholesale,Credit Card,4,453.57,1814.28
12979,2025-08-03,East,Farzana Islam,Stationery,Notebook,Online,bKash,21,2.19,45.99
12980,2025-10-26,North,Arif Hossain,Stationery,Desk Organizer,Retail Store,Credit Card,16,16.23,259.68
12981,2025-04-10,Central,Tanvir Ahmed,Grocery,Coffee Jar,Online,Credit Card,19,6.53,124.07
12982,2025-07-20,Central,Arif Hossain,Grocery,Cooking Oil 1L,Retail Store,Bank Transfer,20,3.37,67.4
12983,2025-04-10,Central,Imran Kabir,Furniture,Bookshelf,Distributor,Nagad,2,86.46,172.92
12984,2025-06-07,West,Sadia Chowdhury,Apparel,T-Shirt,Distributor,Bank Transfer,20,15.05,301.0
12985,2024-01-14,South,Mim Akter,Stationery,Pen Set,Distributor,Bank Transfer,16,6.06,96.96
12986,2024-12-14,South,Farzana Islam,Electronics,Smartphone,Distributor,Cash,21,364.27,7649.67
12987,2025-06-21,North,Mim Akter,Apparel,Sneakers,Retail Store,Credit Card,16,58.0,928.0
12988,2024-11-14,East,Shakil Rahman,Furniture,Dining Table,Distributor,Credit Card,12,400.91,4810.92
12989,2024-11-11,North,Farzana Islam,Stationery,Pen Set,Distributor,Credit Card,16,6.83,109.28
12990,2025-02-14,South,Mim Akter,Electronics,Smartphone,Online,bKash,18,459.05,8262.9
12991,2025-08-19,West,Arif Hossain,Electronics,Headphones,Online,Credit Card,21,60.57,1271.97
12992,2024-08-25,West,Arif Hossain,Grocery,Snack Box,Online,bKash,21,5.72,120.12
12993,2025-02-25,West,Arif Hossain,Apparel,Jacket,Distributor,Cash,16,67.84,1085.44
12994,2024-01-23,South,Imran Kabir,Apparel,T-Shirt,Wholesale,Cash,3,15.12,45.36
12995,2025-06-02,East,Sadia Chowdhury,Furniture,Dining Table,Retail Store,Bank Transfer,22,333.23,7331.06
12996,2025-12-24,Central,Sadia Chowdhury,Electronics,Headphones,Distributor,Bank Transfer,6,63.02,378.12
12997,2024-08-01,South,Farzana Islam,Furniture,Sofa,Wholesale,Nagad,23,409.25,9412.75
12998,2025-10-19,East,Arif Hossain,Stationery,Notebook,Distributor,Cash,6,2.3,13.8
12999,2025-01-16,South,Shakil Rahman,Furniture,Desk,Online,Bank Transfer,3,186.75,560.25
13000,2024-01-25,South,Lamia Sultana,Apparel,Cap,Wholesale,Bank Transfer,15,11.28,169.2
