OrderID,OrderDate,Region,SalesRep,Category,Product,Channel,PaymentMethod,Quantity,UnitPrice,Revenue,OrderMonth,OrderYear,OrderWeekday,RevenueCheck,RevenueMismatch
11568,2024-05-02,East,Shakil Rahman,Apparel,Jeans,Online,bKash,21.0,35.09,736.89,5,2024,Thursday,736.8900000000001,False
11850,2025-02-23,West,Shakil Rahman,Apparel,Jeans,Retail Store,bKash,10.0,32.96,329.6,2,2025,Sunday,329.6,False
10749,2024-02-13,North,Mim Akter,Grocery,Rice 5kg,Online,Cash,13.0,7.44,96.72,2,2024,Tuesday,96.72,False
10250,2025-08-04,South,Tanvir Ahmed,Grocery,Tea Pack,Distributor,Cash,22.0,4.36,95.92,8,2025,Monday,95.92,False
12155,2024-11-11,Central,Sadia Chowdhury,Grocery,Coffee Jar,Distributor,Bank Transfer,20.0,6.41,128.2,11,2024,Monday,128.2,False
12190,2025-07-25,South,Sadia Chowdhury,Stationery,Pen Set,Distributor,Nagad,8.0,5.9,47.2,7,2025,Friday,47.2,False
11920,2024-11-25,South,Sadia Chowdhury,Electronics,Monitor,Wholesale,Bank Transfer,21.0,218.29,4584.09,11,2024,Monday,4584.09,False
11135,2024-12-28,West,Sadia Chowdhury,Furniture,Dining Table,Retail Store,Bank Transfer,15.0,358.95,5384.25,12,2024,Saturday,5384.25,False
11197,2024-03-26,Central,Arif Hossain,Stationery,Desk Organizer,Retail Store,Bank Transfer,19.0,19.42,368.98,3,2024,Tuesday,368.98,False
12576,2024-01-05,Central,Imran Kabir,Furniture,Dining Table,Wholesale,Bank Transfer,11.0,394.98,4344.78,1,2024,Friday,4344.780000000001,False
10945,2025-11-19,East,Shakil Rahman,Stationery,Pen Set,Distributor,Nagad,5.0,6.47,32.35,11,2025,Wednesday,32.35,False
12105,2024-08-01,North,Mim Akter,Furniture,Desk,Distributor,Credit Card,1.0,176.58,176.58,8,2024,Thursday,176.58,False
11629,2024-11-09,East,Mim Akter,Grocery,Rice 5kg,Retail Store,Cash,4.0,9.03,36.12,11,2024,Saturday,36.12,False
11502,2025-06-08,North,Rakib Hasan,Apparel,Jacket,Online,Bank Transfer,24.0,59.78,1434.72,6,2025,Sunday,1434.72,False
10798,2024-08-13,East,Tanvir Ahmed,Stationery,Notebook,Wholesale,Nagad,15.0,1.98,29.7,8,2024,Tuesday,29.7,False
12042,2024-10-05,South,Nusrat Jahan,Grocery,Snack Box,Distributor,Nagad,21.0,5.62,118.02,10,2024,Saturday,118.02,False
11740,2024-05-10,Central,Mim Akter,Grocery,Tea Pack,Distributor,bKash,11.0,4.38,48.18,5,2024,Friday,48.18,False
12449,2024-05-14,South,Tanvir Ahmed,Grocery,Cooking Oil 1L,Retail Store,Cash,2.0,2.8,5.6,5,2024,Tuesday,5.6,False
11678,2025-02-01,North,Farzana Islam,Grocery,Coffee Jar,Retail Store,Credit Card,6.0,6.45,38.7,2,2025,Saturday,38.7,False
12011,2025-11-27,North,Imran Kabir,Apparel,Cap,Online,Nagad,7.0,9.98,69.86,11,2025,Thursday,69.86,False
10909,2024-01-17,East,Shakil Rahman,Stationery,Backpack,Online,Nagad,4.0,43.41,173.64,1,2024,Wednesday,173.64,False
10496,2025-07-10,North,Arif Hossain,Furniture,Dining Table,Retail Store,Bank Transfer,18.0,350.3,6305.4,7,2025,Thursday,6305.400000000001,False
11036,2025-04-01,East,Nusrat Jahan,Stationery,Desk Organizer,Online,bKash,3.0,19.91,59.73,4,2025,Tuesday,59.730000000000004,False
10358,2025-07-03,North,Arif Hossain,Electronics,Headphones,Retail Store,bKash,11.0,59.86,658.46,7,2025,Thursday,658.46,False
10189,2024-10-22,Central,Arif Hossain,Furniture,Dining Table,Wholesale,Credit Card,8.0,341.35,2730.8,10,2024,Tuesday,2730.8,False
12466,2024-10-04,Central,Lamia Sultana,Grocery,Snack Box,Distributor,Credit Card,15.0,4.53,67.95,10,2024,Friday,67.95,False
10555,2024-12-13,West,Imran Kabir,Stationery,Backpack,Wholesale,bKash,25.0,40.59,1014.75,12,2024,Friday,1014.7500000000001,False
11684,2025-02-23,East,Tanvir Ahmed,Furniture,Dining Table,Online,Credit Card,17.0,361.75,6149.75,2,2025,Sunday,6149.75,False
10569,2024-07-19,East,Nusrat Jahan,Electronics,Monitor,Wholesale,Bank Transfer,5.0,242.0,1210.0,7,2024,Friday,1210.0,False
12050,2025-10-02,North,Arif Hossain,Furniture,Bookshelf,Online,Bank Transfer,16.0,101.76,1628.16,10,2025,Thursday,1628.16,False
11132,2025-11-25,East,Imran Kabir,Electronics,Smartphone,Retail Store,Cash,18.0,415.17,7473.06,11,2025,Tuesday,7473.06,False
12520,2025-07-08,East,Lamia Sultana,Electronics,Smartwatch,Retail Store,Bank Transfer,22.0,166.68,3666.96,7,2025,Tuesday,3666.96,False
11063,2025-10-11,West,Farzana Islam,Electronics,Laptop,Retail Store,Credit Card,5.0,964.38,4821.9,10,2025,Saturday,4821.9,False
12779,2024-11-02,North,Unknown,Grocery,Rice 5kg,Retail Store,bKash,23.0,7.57,174.11,11,2024,Saturday,174.11,False
12571,2024-03-02,South,Mim Akter,Stationery,Pen Set,Retail Store,Nagad,23.0,5.41,124.43,3,2024,Saturday,124.43,False
11485,2024-11-30,South,Mim Akter,Electronics,Tablet,Retail Store,Bank Transfer,10.0,331.48,3314.8,11,2024,Saturday,3314.8,False
10337,2024-05-29,East,Rakib Hasan,Grocery,Rice 5kg,Retail Store,bKash,23.0,7.84,180.32,5,2024,Wednesday,180.32,False
11252,2025-10-05,North,Tanvir Ahmed,Furniture,Office Chair,Wholesale,Credit Card,25.0,125.8,3145.0,10,2025,Sunday,3145.0,False
10673,2025-12-06,North,Farzana Islam,Furniture,Dining Table,Online,Bank Transfer,1.0,396.72,7934.4,12,2025,Saturday,396.72,True
11976,2025-06-21,South,Arif Hossain,Stationery,Notebook,Online,Cash,18.0,1.85,33.3,6,2025,Saturday,33.300000000000004,False
12618,2025-07-23,Central,Imran Kabir,Apparel,Cap,Distributor,Bank Transfer,14.0,10.98,153.72,7,2025,Wednesday,153.72,False
11534,2025-08-04,East,Shakil Rahman,Apparel,Cap,Distributor,bKash,21.0,9.76,204.96,8,2025,Monday,204.96,False
11687,2025-08-08,Central,Farzana Islam,Electronics,Smartwatch,Online,Bank Transfer,21.0,149.48,3139.08,8,2025,Friday,3139.08,False
11077,2024-04-01,Central,Imran Kabir,Apparel,Cap,Distributor,Bank Transfer,4.0,10.59,42.36,4,2024,Monday,42.36,False
12540,2024-07-27,South,Shakil Rahman,Stationery,Desk Organizer,Distributor,Nagad,2.0,17.7,35.4,7,2024,Saturday,35.4,False
10858,2025-10-23,South,Imran Kabir,Electronics,Monitor,Distributor,Cash,6.0,212.1,1272.6,10,2025,Thursday,1272.6,False
12675,2024-03-19,East,Mim Akter,Grocery,Snack Box,Online,Credit Card,7.0,5.7,39.9,3,2024,Tuesday,39.9,False
12374,2025-10-25,North,Sadia Chowdhury,Grocery,Rice 5kg,Retail Store,bKash,22.0,7.25,159.5,10,2025,Saturday,159.5,False
11596,2025-09-21,North,Farzana Islam,Furniture,Desk,Wholesale,Cash,4.0,173.24,692.96,9,2025,Sunday,692.96,False
10728,2025-11-30,East,Sadia Chowdhury,Grocery,Coffee Jar,Retail Store,Bank Transfer,23.0,6.98,160.54,11,2025,Sunday,160.54000000000002,False
11532,2024-12-04,East,Mim Akter,Grocery,Cooking Oil 1L,Distributor,Bank Transfer,15.0,3.22,48.3,12,2024,Wednesday,48.300000000000004,False
12791,2025-06-15,North,Mim Akter,Grocery,Snack Box,Distributor,Credit Card,12.0,5.52,66.24,6,2025,Sunday,66.24,False
10455,2024-05-06,North,Imran Kabir,Electronics,Laptop,Wholesale,Bank Transfer,18.0,818.71,14736.78,5,2024,Monday,14736.78,False
12459,2025-10-06,North,Sadia Chowdhury,Electronics,Tablet,Distributor,Credit Card,8.0,314.87,2518.96,10,2025,Monday,2518.96,False
12945,2025-01-26,North,Mim Akter,Furniture,Bookshelf,Online,Bank Transfer,12.0,86.75,1041.0,1,2025,Sunday,1041.0,False
11216,2024-06-13,North,Unknown,Grocery,Rice 5kg,Retail Store,bKash,17.0,8.23,139.91,6,2024,Thursday,139.91,False
11872,2024-08-13,Central,Imran Kabir,Furniture,Office Chair,Distributor,Bank Transfer,1.0,109.32,218.64,8,2024,Tuesday,109.32,True
10544,2024-11-10,South,Mim Akter,Stationery,Desk Organizer,Wholesale,Cash,1.0,17.75,337.25,11,2024,Sunday,17.75,True
12667,2024-11-14,South,Farzana Islam,Electronics,Laptop,Retail Store,Cash,7.0,904.51,6331.57,11,2024,Thursday,6331.57,False
10072,2025-12-17,West,Farzana Islam,Furniture,Desk,Retail Store,Bank Transfer,9.0,196.51,1768.59,12,2025,Wednesday,1768.59,False
11411,2025-03-20,North,Arif Hossain,Furniture,Desk,Retail Store,Credit Card,3.0,184.08,552.24,3,2025,Thursday,552.24,False
12378,2024-06-04,Central,Tanvir Ahmed,Apparel,Jacket,Online,Credit Card,16.0,72.42,1158.72,6,2024,Tuesday,1158.72,False
11991,2024-02-18,South,Farzana Islam,Stationery,Pen Set,Online,Cash,4.0,6.7,26.8,2,2024,Sunday,26.8,False
12787,2025-11-19,South,Sadia Chowdhury,Electronics,Smartwatch,Online,Cash,1.0,136.87,1916.18,11,2025,Wednesday,136.87,True
11909,2024-08-28,Central,Nusrat Jahan,Electronics,Tablet,Distributor,Credit Card,13.0,312.06,4056.78,8,2024,Wednesday,4056.78,False
11175,2025-10-26,South,Nusrat Jahan,Electronics,Monitor,Online,Credit Card,12.0,232.8,2793.6,10,2025,Sunday,2793.6000000000004,False
10830,2024-01-14,North,Unknown,Grocery,Cooking Oil 1L,Distributor,bKash,22.0,3.07,67.54,1,2024,Sunday,67.53999999999999,False
11530,2025-11-03,North,Rakib Hasan,Apparel,Cap,Distributor,Bank Transfer,11.0,9.35,102.85,11,2025,Monday,102.85,False
12770,2024-11-24,South,Sadia Chowdhury,Electronics,Smartwatch,Wholesale,Credit Card,13.0,145.54,1892.02,11,2024,Sunday,1892.02,False
12498,2025-05-03,South,Sadia Chowdhury,Furniture,Bookshelf,Online,Nagad,11.0,96.94,1066.34,5,2025,Saturday,1066.34,False
10024,2025-04-29,Central,Rakib Hasan,Grocery,Cooking Oil 1L,Wholesale,bKash,14.0,2.84,39.76,4,2025,Tuesday,39.76,False
11290,2025-11-08,South,Shakil Rahman,Electronics,Tablet,Online,Bank Transfer,17.0,303.95,5167.15,11,2025,Saturday,5167.15,False
11628,2024-12-22,South,Arif Hossain,Apparel,Jeans,Distributor,Bank Transfer,1.0,38.64,966.0,12,2024,Sunday,38.64,True
11375,2025-08-16,Central,Nusrat Jahan,Apparel,Sneakers,Wholesale,Credit Card,3.0,53.3,159.9,8,2025,Saturday,159.89999999999998,False
12698,2025-03-08,East,Imran Kabir,Furniture,Bookshelf,Distributor,Cash,25.0,91.41,2285.25,3,2025,Saturday,2285.25,False
10693,2024-11-22,South,Arif Hossain,Stationery,Notebook,Distributor,Nagad,9.0,1.87,16.83,11,2024,Friday,16.830000000000002,False
11588,2024-06-25,Central,Imran Kabir,Apparel,Jacket,Retail Store,Bank Transfer,6.0,73.71,442.26,6,2024,Tuesday,442.26,False
11179,2025-01-12,South,Sadia Chowdhury,Stationery,Desk Organizer,Retail Store,Bank Transfer,5.0,20.26,101.3,1,2025,Sunday,101.30000000000001,False
11693,2024-08-10,South,Arif Hossain,Apparel,Sneakers,Retail Store,bKash,23.0,52.13,1198.99,8,2024,Saturday,1198.99,False
11977,2025-03-13,Central,Rakib Hasan,Apparel,Jacket,Retail Store,Credit Card,16.0,72.32,1157.12,3,2025,Thursday,1157.12,False
11246,2025-06-03,West,Tanvir Ahmed,Grocery,Coffee Jar,Distributor,bKash,10.0,6.77,67.7,6,2025,Tuesday,67.69999999999999,False
10975,2025-12-09,South,Sadia Chowdhury,Apparel,Jacket,Distributor,Credit Card,5.0,69.0,345.0,12,2025,Tuesday,345.0,False
11982,2024-11-16,Central,Tanvir Ahmed,Electronics,Monitor,Retail Store,Cash,13.0,234.97,3054.61,11,2024,Saturday,3054.61,False
10653,2025-11-18,North,Shakil Rahman,Electronics,Tablet,Wholesale,bKash,7.0,326.83,2287.81,11,2025,Tuesday,2287.81,False
10663,2024-05-28,South,Mim Akter,Grocery,Rice 5kg,Retail Store,bKash,6.0,8.74,52.44,5,2024,Tuesday,52.44,False
12843,2024-06-04,Central,Lamia Sultana,Electronics,Smartphone,Wholesale,Cash,21.0,444.36,9331.56,6,2024,Tuesday,9331.56,False
12373,2024-09-30,West,Arif Hossain,Apparel,Jeans,Wholesale,Cash,22.0,37.19,818.18,9,2024,Monday,818.18,False
12146,2025-12-12,Central,Lamia Sultana,Electronics,Smartphone,Distributor,bKash,19.0,409.66,7783.54,12,2025,Friday,7783.540000000001,False
12331,2025-01-25,West,Sadia Chowdhury,Apparel,Cap,Retail Store,Credit Card,18.0,10.29,185.22,1,2025,Saturday,185.21999999999997,False
10012,2025-03-14,Central,Arif Hossain,Furniture,Desk,Distributor,Nagad,19.0,179.97,3419.43,3,2025,Friday,3419.43,False
10013,2024-04-22,Central,Sadia Chowdhury,Furniture,Desk,Online,Credit Card,5.0,190.24,951.2,4,2024,Monday,951.2,False
11945,2025-03-19,West,Tanvir Ahmed,Grocery,Tea Pack,Distributor,Credit Card,15.0,3.76,56.4,3,2025,Wednesday,56.4,False
12878,2025-08-13,Central,Unknown,Grocery,Rice 5kg,Distributor,bKash,9.0,8.04,72.36,8,2025,Wednesday,72.35999999999999,False
11729,2025-04-17,North,Mim Akter,Stationery,Pen Set,Wholesale,Bank Transfer,11.0,6.79,74.69,4,2025,Thursday,74.69,False
11685,2024-04-16,East,Mim Akter,Stationery,Pen Set,Online,bKash,22.0,5.75,126.5,4,2024,Tuesday,126.5,False
12219,2025-02-18,South,Nusrat Jahan,Electronics,Tablet,Distributor,Cash,13.0,328.75,4273.75,2,2025,Tuesday,4273.75,False
10933,2024-06-24,West,Mim Akter,Electronics,Smartphone,Distributor,Nagad,3.0,386.6,1159.8,6,2024,Monday,1159.8000000000002,False
11337,2025-09-24,South,Mim Akter,Stationery,Backpack,Distributor,Nagad,13.0,36.68,476.84,9,2025,Wednesday,476.84,False
10507,2025-02-08,North,Shakil Rahman,Apparel,Cap,Wholesale,Bank Transfer,22.0,9.08,199.76,2,2025,Saturday,199.76,False
11987,2025-01-21,Central,Shakil Rahman,Electronics,Headphones,Retail Store,Bank Transfer,19.0,55.84,1060.96,1,2025,Tuesday,1060.96,False
11914,2024-05-04,South,Farzana Islam,Electronics,Headphones,Wholesale,Cash,17.0,65.49,1113.33,5,2024,Saturday,1113.33,False
11817,2025-09-21,Central,Nusrat Jahan,Grocery,Coffee Jar,Retail Store,Bank Transfer,17.0,7.86,133.62,9,2025,Sunday,133.62,False
10871,2025-04-27,North,Shakil Rahman,Apparel,Sneakers,Online,Bank Transfer,24.0,55.18,1324.32,4,2025,Sunday,1324.32,False
10977,2024-02-01,Central,Farzana Islam,Grocery,Coffee Jar,Online,Nagad,22.0,7.08,155.76,2,2024,Thursday,155.76,False
11139,2025-03-11,West,Tanvir Ahmed,Stationery,Notebook,Retail Store,Credit Card,23.0,2.07,47.61,3,2025,Tuesday,47.61,False
12670,2024-03-04,North,Tanvir Ahmed,Stationery,Desk Organizer,Retail Store,bKash,23.0,17.11,393.53,3,2024,Monday,393.53,False
12556,2024-11-02,West,Arif Hossain,Grocery,Snack Box,Online,bKash,17.0,5.18,88.06,11,2024,Saturday,88.06,False
11535,2024-10-26,South,Rakib Hasan,Grocery,Tea Pack,Retail Store,Nagad,13.0,3.86,50.18,10,2024,Saturday,50.18,False
10266,2024-07-12,West,Mim Akter,Furniture,Desk,Retail Store,Cash,24.0,196.45,4714.8,7,2024,Friday,4714.799999999999,False
11327,2025-02-18,West,Tanvir Ahmed,Stationery,Desk Organizer,Online,Cash,16.0,20.62,329.92,2,2025,Tuesday,329.92,False
11525,2025-03-30,West,Sadia Chowdhury,Furniture,Dining Table,Retail Store,Nagad,8.0,384.72,3077.76,3,2025,Sunday,3077.76,False
10723,2025-09-22,North,Shakil Rahman,Furniture,Dining Table,Distributor,bKash,9.0,339.08,3051.72,9,2025,Monday,3051.72,False
12433,2024-01-03,South,Mim Akter,Stationery,Desk Organizer,Distributor,Bank Transfer,18.0,20.43,367.74,1,2024,Wednesday,367.74,False
11546,2025-10-11,West,Farzana Islam,Stationery,Desk Organizer,Online,Cash,3.0,17.08,51.24,10,2025,Saturday,51.239999999999995,False
10947,2024-05-13,North,Farzana Islam,Grocery,Coffee Jar,Online,Bank Transfer,16.0,6.68,106.88,5,2024,Monday,106.88,False
11801,2025-09-07,East,Rakib Hasan,Furniture,Sofa,Online,Cash,11.0,453.01,4983.11,9,2025,Sunday,4983.11,False
10567,2025-03-05,South,Sadia Chowdhury,Apparel,Jacket,Wholesale,bKash,23.0,70.72,1626.56,3,2025,Wednesday,1626.56,False
10144,2024-11-25,West,Sadia Chowdhury,Grocery,Rice 5kg,Online,Credit Card,20.0,7.5,150.0,11,2024,Monday,150.0,False
10719,2024-02-24,Central,Lamia Sultana,Electronics,Monitor,Distributor,Nagad,11.0,227.43,2501.73,2,2024,Saturday,2501.73,False
11243,2025-02-25,North,Farzana Islam,Electronics,Laptop,Online,Nagad,4.0,870.49,3481.96,2,2025,Tuesday,3481.96,False
11126,2025-11-04,East,Nusrat Jahan,Electronics,Monitor,Distributor,Nagad,21.0,243.13,5105.73,11,2025,Tuesday,5105.73,False
10042,2025-07-12,North,Farzana Islam,Grocery,Snack Box,Online,bKash,2.0,5.54,11.08,7,2025,Saturday,11.08,False
12348,2024-08-27,West,Sadia Chowdhury,Apparel,Sneakers,Online,Bank Transfer,23.0,54.92,1263.16,8,2024,Tuesday,1263.16,False
12046,2024-02-25,East,Lamia Sultana,Apparel,T-Shirt,Online,Cash,15.0,15.03,225.45,2,2024,Sunday,225.45,False
11366,2024-03-02,Central,Imran Kabir,Apparel,Jacket,Distributor,Credit Card,9.0,72.39,651.51,3,2024,Saturday,651.51,False
10745,2024-10-23,Central,Mim Akter,Electronics,Headphones,Online,Bank Transfer,21.0,57.05,1198.05,10,2024,Wednesday,1198.05,False
10209,2025-07-09,East,Mim Akter,Electronics,Monitor,Online,Nagad,10.0,247.02,2470.2,7,2025,Wednesday,2470.2000000000003,False
11201,2025-12-19,North,Imran Kabir,Furniture,Sofa,Distributor,Credit Card,4.0,479.56,1918.24,12,2025,Friday,1918.24,False
12823,2025-11-27,South,Shakil Rahman,Stationery,Desk Organizer,Distributor,Nagad,16.0,20.25,324.0,11,2025,Thursday,324.0,False
12079,2024-01-01,North,Arif Hossain,Furniture,Sofa,Distributor,Nagad,13.0,477.4,6206.2,1,2024,Monday,6206.2,False
12225,2025-08-25,Central,Tanvir Ahmed,Electronics,Laptop,Online,Bank Transfer,17.0,973.67,16552.39,8,2025,Monday,16552.39,False
12382,2025-02-04,Unknown,Mim Akter,Grocery,Snack Box,Retail Store,Nagad,6.0,5.63,33.78,2,2025,Tuesday,33.78,False
12371,2024-03-22,East,Rakib Hasan,Grocery,Snack Box,Retail Store,Credit Card,12.0,5.41,64.92,3,2024,Friday,64.92,False
12296,2024-02-04,Central,Rakib Hasan,Furniture,Desk,Online,Nagad,18.0,204.16,3674.88,2,2024,Sunday,3674.88,False
12857,2024-01-06,South,Nusrat Jahan,Stationery,Desk Organizer,Distributor,Credit Card,23.0,19.97,459.31,1,2024,Saturday,459.30999999999995,False
10841,2025-05-14,West,Rakib Hasan,Furniture,Sofa,Distributor,Bank Transfer,25.0,417.31,10432.75,5,2025,Wednesday,10432.75,False
12685,2025-09-26,West,Mim Akter,Electronics,Tablet,Online,Bank Transfer,23.0,278.88,6414.24,9,2025,Friday,6414.24,False
11468,2025-01-23,South,Rakib Hasan,Furniture,Bookshelf,Distributor,Credit Card,23.0,87.46,2011.58,1,2025,Thursday,2011.58,False
11042,2025-06-02,West,Rakib Hasan,Apparel,Sneakers,Distributor,bKash,2.0,55.85,111.7,6,2025,Monday,111.7,False
10465,2025-12-13,West,Rakib Hasan,Grocery,Coffee Jar,Online,bKash,24.0,6.4,153.6,12,2025,Saturday,153.60000000000002,False
11181,2025-02-07,North,Shakil Rahman,Furniture,Bookshelf,Retail Store,bKash,22.0,94.68,2082.96,2,2025,Friday,2082.96,False
10369,2024-09-05,East,Lamia Sultana,Apparel,Jeans,Distributor,Nagad,15.0,34.72,520.8,9,2024,Thursday,520.8,False
12017,2025-01-10,Unknown,Arif Hossain,Apparel,Jeans,Wholesale,Credit Card,21.0,31.69,665.49,1,2025,Friday,665.49,False
12059,2025-04-26,South,Shakil Rahman,Furniture,Sofa,Online,Bank Transfer,18.0,417.18,7509.24,4,2025,Saturday,7509.24,False
11354,2024-02-26,West,Shakil Rahman,Apparel,Sneakers,Retail Store,Credit Card,1.0,60.14,60.14,2,2024,Monday,60.14,False
12916,2024-01-31,South,Arif Hossain,Stationery,Notebook,Retail Store,Credit Card,1.0,2.16,2.16,1,2024,Wednesday,2.16,False
10813,2024-06-20,South,Rakib Hasan,Electronics,Smartwatch,Online,Nagad,18.0,147.1,2647.8,6,2024,Thursday,2647.7999999999997,False
11902,2024-07-25,North,Farzana Islam,Apparel,Jacket,Wholesale,Nagad,7.0,60.9,426.3,7,2024,Thursday,426.3,False
11019,2025-02-22,West,Sadia Chowdhury,Stationery,Backpack,Wholesale,Bank Transfer,12.0,44.05,528.6,2,2025,Saturday,528.5999999999999,False
11167,2025-12-29,South,Nusrat Jahan,Furniture,Office Chair,Wholesale,Nagad,9.0,134.75,1212.75,12,2025,Monday,1212.75,False
10553,2024-06-28,West,Lamia Sultana,Furniture,Sofa,Online,Cash,14.0,461.95,6467.3,6,2024,Friday,6467.3,False
10970,2024-01-02,Central,Imran Kabir,Furniture,Desk,Wholesale,Credit Card,15.0,205.25,3078.75,1,2024,Tuesday,3078.75,False
11516,2024-06-11,North,Lamia Sultana,Furniture,Desk,Distributor,bKash,25.0,196.99,4924.75,6,2024,Tuesday,4924.75,False
12025,2024-02-17,West,Arif Hossain,Apparel,Jeans,Retail Store,Bank Transfer,7.0,33.55,234.85,2,2024,Saturday,234.84999999999997,False
10268,2025-02-15,Central,Tanvir Ahmed,Electronics,Tablet,Retail Store,Credit Card,15.0,287.58,4313.7,2,2025,Saturday,4313.7,False
10100,2025-08-22,Central,Sadia Chowdhury,Furniture,Sofa,Distributor,bKash,14.0,476.41,6669.74,8,2025,Friday,6669.740000000001,False
12253,2024-05-04,Central,Arif Hossain,Electronics,Smartwatch,Wholesale,Bank Transfer,1.0,155.54,155.54,5,2024,Saturday,155.54,False
12258,2025-08-25,North,Mim Akter,Grocery,Cooking Oil 1L,Distributor,Cash,13.0,3.03,39.39,8,2025,Monday,39.39,False
12631,2024-02-15,Central,Lamia Sultana,Grocery,Snack Box,Wholesale,Nagad,13.0,4.51,58.63,2,2024,Thursday,58.629999999999995,False
12928,2024-01-15,North,Lamia Sultana,Stationery,Desk Organizer,Distributor,Cash,10.0,18.89,188.9,1,2024,Monday,188.9,False
10649,2024-06-04,West,Shakil Rahman,Apparel,Sneakers,Wholesale,Cash,25.0,52.08,1302.0,6,2024,Tuesday,1302.0,False
12426,2025-08-12,South,Lamia Sultana,Stationery,Desk Organizer,Wholesale,bKash,22.0,19.88,437.36,8,2025,Tuesday,437.35999999999996,False
11127,2025-01-23,West,Rakib Hasan,Stationery,Pen Set,Distributor,Bank Transfer,1.0,6.85,6.85,1,2025,Thursday,6.85,False
12718,2024-10-01,Central,Mim Akter,Furniture,Dining Table,Online,Cash,18.0,350.36,6306.48,10,2024,Tuesday,6306.4800000000005,False
11491,2025-11-02,West,Farzana Islam,Stationery,Notebook,Distributor,Credit Card,13.0,2.2,28.6,11,2025,Sunday,28.6,False
12975,2024-02-29,North,Mim Akter,Apparel,Cap,Wholesale,Nagad,18.0,10.45,188.1,2,2024,Thursday,188.1,False
12300,2024-11-18,Unknown,Lamia Sultana,Furniture,Office Chair,Distributor,bKash,9.0,128.96,1160.64,11,2024,Monday,1160.64,False
12088,2025-12-28,South,Arif Hossain,Apparel,T-Shirt,Online,Nagad,13.0,14.88,193.44,12,2025,Sunday,193.44,False
10532,2024-03-28,West,Lamia Sultana,Furniture,Dining Table,Online,Cash,7.0,358.74,2480.17,3,2024,Thursday,2511.1800000000003,True
10548,2024-02-28,West,Imran Kabir,Stationery,Notebook,Distributor,Nagad,25.0,2.21,55.25,2,2024,Wednesday,55.25,False
11573,2025-10-25,South,Mim Akter,Grocery,Coffee Jar,Online,bKash,19.0,6.89,130.91,10,2025,Saturday,130.91,False
10864,2024-04-02,Central,Arif Hossain,Electronics,Smartwatch,Distributor,Bank Transfer,8.0,157.49,1259.92,4,2024,Tuesday,1259.92,False
10586,2024-01-09,East,Shakil Rahman,Stationery,Pen Set,Wholesale,Nagad,23.0,6.78,155.94,1,2024,Tuesday,155.94,False
10193,2025-01-17,West,Sadia Chowdhury,Stationery,Notebook,Online,Bank Transfer,9.0,2.17,19.53,1,2025,Friday,19.53,False
11225,2024-08-16,West,Rakib Hasan,Electronics,Headphones,Wholesale,Credit Card,13.0,67.11,872.43,8,2024,Friday,872.43,False
12071,2024-01-17,South,Imran Kabir,Stationery,Backpack,Distributor,Nagad,1.0,37.27,223.62,1,2024,Wednesday,37.27,True
11479,2025-02-14,West,Imran Kabir,Stationery,Notebook,Distributor,Nagad,19.0,1.81,34.39,2,2025,Friday,34.39,False
11967,2024-07-28,Central,Rakib Hasan,Grocery,Cooking Oil 1L,Online,Credit Card,12.0,3.17,38.04,7,2024,Sunday,38.04,False
12930,2024-06-09,West,Farzana Islam,Stationery,Backpack,Retail Store,Credit Card,23.0,41.48,954.04,6,2024,Sunday,954.04,False
12167,2024-03-06,South,Farzana Islam,Grocery,Coffee Jar,Distributor,Nagad,17.0,6.72,114.24,3,2024,Wednesday,114.24,False
12310,2024-09-06,Central,Rakib Hasan,Apparel,Cap,Distributor,Cash,12.0,10.72,128.64,9,2024,Friday,128.64000000000001,False
12311,2024-02-04,North,Mim Akter,Apparel,Jeans,Wholesale,Credit Card,2.0,35.07,70.14,2,2024,Sunday,70.14,False
12864,2024-04-30,Unknown,Shakil Rahman,Stationery,Pen Set,Distributor,Cash,18.0,5.81,104.58,4,2024,Tuesday,104.58,False
10199,2025-06-15,South,Sadia Chowdhury,Grocery,Tea Pack,Wholesale,Cash,9.0,4.4,39.6,6,2025,Sunday,39.6,False
11003,2025-05-22,South,Farzana Islam,Grocery,Tea Pack,Wholesale,Credit Card,1.0,4.52,36.16,5,2025,Thursday,4.52,True
11593,2025-03-26,West,Sadia Chowdhury,Electronics,Laptop,Wholesale,Nagad,5.0,947.09,4735.45,3,2025,Wednesday,4735.45,False
11164,2025-10-27,East,Mim Akter,Furniture,Bookshelf,Distributor,bKash,9.0,85.73,771.57,10,2025,Monday,771.57,False
12313,2025-05-03,North,Arif Hossain,Stationery,Notebook,Wholesale,Bank Transfer,9.0,1.82,16.38,5,2025,Saturday,16.38,False
10530,2024-01-23,West,Nusrat Jahan,Grocery,Coffee Jar,Retail Store,Bank Transfer,8.0,6.38,51.04,1,2024,Tuesday,51.04,False
11555,2024-06-10,South,Nusrat Jahan,Furniture,Bookshelf,Wholesale,bKash,20.0,95.91,1918.2,6,2024,Monday,1918.1999999999998,False
12764,2024-01-12,North,Shakil Rahman,Furniture,Bookshelf,Retail Store,Nagad,1.0,94.62,94.62,1,2024,Friday,94.62,False
10021,2025-04-07,West,Mim Akter,Furniture,Bookshelf,Wholesale,Nagad,4.0,86.58,346.32,4,2025,Monday,346.32,False
10736,2025-04-23,North,Rakib Hasan,Stationery,Pen Set,Distributor,Cash,22.0,6.8,149.6,4,2025,Wednesday,149.6,False
10327,2024-05-23,Central,Rakib Hasan,Stationery,Pen Set,Wholesale,Cash,6.0,5.87,35.22,5,2024,Thursday,35.22,False
12660,2025-01-22,East,Tanvir Ahmed,Apparel,Jeans,Distributor,Bank Transfer,18.0,32.83,590.94,1,2025,Wednesday,590.9399999999999,False
10314,2025-03-16,North,Lamia Sultana,Furniture,Dining Table,Wholesale,Cash,4.0,315.92,1263.68,3,2025,Sunday,1263.68,False
11304,2024-10-03,East,Arif Hossain,Apparel,Jacket,Wholesale,Credit Card,22.0,66.94,1472.68,10,2024,Thursday,1472.6799999999998,False
10726,2024-08-31,South,Sadia Chowdhury,Furniture,Dining Table,Wholesale,Bank Transfer,22.0,353.52,7777.44,8,2024,Saturday,7777.44,False
11781,2025-04-23,South,Lamia Sultana,Apparel,Sneakers,Wholesale,Cash,12.0,60.05,720.6,4,2025,Wednesday,720.5999999999999,False
12890,2024-12-03,East,Shakil Rahman,Furniture,Office Chair,Distributor,Cash,8.0,123.41,987.28,12,2024,Tuesday,987.28,False
10495,2025-12-25,West,Lamia Sultana,Stationery,Backpack,Distributor,Credit Card,11.0,41.25,453.75,12,2025,Thursday,453.75,False
11099,2024-11-23,Central,Nusrat Jahan,Electronics,Smartwatch,Wholesale,Bank Transfer,25.0,148.69,3717.25,11,2024,Saturday,3717.25,False
11604,2025-04-13,Central,Rakib Hasan,Grocery,Rice 5kg,Online,bKash,4.0,7.44,29.76,4,2025,Sunday,29.76,False
12573,2025-08-21,East,Imran Kabir,Furniture,Office Chair,Wholesale,bKash,16.0,125.04,2000.64,8,2025,Thursday,2000.64,False
10355,2024-03-15,East,Arif Hossain,Stationery,Desk Organizer,Retail Store,Bank Transfer,1.0,18.84,18.84,3,2024,Friday,18.84,False
12612,2025-04-01,South,Tanvir Ahmed,Apparel,T-Shirt,Distributor,Cash,16.0,16.81,268.96,4,2025,Tuesday,268.96,False
11947,2025-04-29,East,Rakib Hasan,Furniture,Bookshelf,Wholesale,Credit Card,25.0,92.92,2323.0,4,2025,Tuesday,2323.0,False
10522,2024-06-12,South,Arif Hossain,Furniture,Dining Table,Retail Store,Bank Transfer,6.0,364.56,2187.36,6,2024,Wednesday,2187.36,False
11208,2024-11-16,Central,Farzana Islam,Furniture,Dining Table,Wholesale,Bank Transfer,21.0,371.17,7794.57,11,2024,Saturday,7794.570000000001,False
10236,2024-01-20,South,Tanvir Ahmed,Grocery,Cooking Oil 1L,Online,bKash,15.0,2.94,44.1,1,2024,Saturday,44.1,False
12183,2025-06-09,North,Sadia Chowdhury,Furniture,Desk,Distributor,Nagad,24.0,203.72,4889.28,6,2025,Monday,4889.28,False
10326,2025-01-27,West,Lamia Sultana,Stationery,Desk Organizer,Retail Store,Nagad,14.0,17.04,238.56,1,2025,Monday,238.56,False
10986,2024-02-18,West,Mim Akter,Stationery,Desk Organizer,Online,bKash,9.0,20.33,182.97,2,2024,Sunday,182.96999999999997,False
12602,2025-02-04,North,Lamia Sultana,Furniture,Office Chair,Distributor,bKash,14.0,129.64,1814.96,2,2025,Tuesday,1814.9599999999998,False
12189,2024-12-29,East,Farzana Islam,Furniture,Office Chair,Wholesale,Credit Card,14.0,109.32,1530.48,12,2024,Sunday,1530.48,False
11656,2024-02-01,West,Rakib Hasan,Stationery,Pen Set,Retail Store,Bank Transfer,20.0,5.46,109.2,2,2024,Thursday,109.2,False
11864,2024-02-22,South,Sadia Chowdhury,Grocery,Tea Pack,Retail Store,Bank Transfer,8.0,4.55,36.4,2,2024,Thursday,36.4,False
11858,2025-04-22,West,Imran Kabir,Grocery,Snack Box,Wholesale,Nagad,21.0,5.68,119.28,4,2025,Tuesday,119.28,False
11529,2024-05-07,East,Imran Kabir,Grocery,Rice 5kg,Wholesale,Bank Transfer,4.0,7.49,29.96,5,2024,Tuesday,29.96,False
12850,2024-11-10,East,Tanvir Ahmed,Grocery,Cooking Oil 1L,Distributor,bKash,16.0,2.89,46.24,11,2024,Sunday,46.24,False
11328,2024-05-06,East,Lamia Sultana,Furniture,Dining Table,Wholesale,Nagad,14.0,327.8,4589.2,5,2024,Monday,4589.2,False
11152,2024-04-22,East,Imran Kabir,Grocery,Cooking Oil 1L,Wholesale,bKash,4.0,3.29,13.16,4,2024,Monday,13.16,False
10822,2024-07-23,North,Farzana Islam,Apparel,T-Shirt,Retail Store,Nagad,6.0,16.01,96.06,7,2024,Tuesday,96.06,False
11916,2024-09-13,South,Imran Kabir,Electronics,Headphones,Retail Store,Nagad,24.0,54.27,1302.48,9,2024,Friday,1302.48,False
10781,2025-12-27,South,Arif Hossain,Apparel,Jacket,Online,Nagad,25.0,61.83,1545.75,12,2025,Saturday,1545.75,False
11928,2024-04-26,Central,Lamia Sultana,Furniture,Dining Table,Online,Cash,4.0,400.28,1601.12,4,2024,Friday,1601.12,False
11665,2025-08-24,North,Nusrat Jahan,Electronics,Smartwatch,Online,Cash,24.0,168.76,4050.24,8,2025,Sunday,4050.24,False
10571,2024-04-11,East,Shakil Rahman,Apparel,Sneakers,Online,Bank Transfer,23.0,51.75,1190.25,4,2024,Thursday,1190.25,False
12358,2025-12-07,South,Shakil Rahman,Furniture,Desk,Retail Store,Credit Card,8.0,165.49,1323.92,12,2025,Sunday,1323.92,False
10637,2025-05-09,South,Nusrat Jahan,Furniture,Dining Table,Distributor,Nagad,20.0,378.87,7577.4,5,2025,Friday,7577.4,False
12136,2025-05-26,West,Farzana Islam,Stationery,Desk Organizer,Retail Store,Nagad,3.0,18.94,56.82,5,2025,Monday,56.82000000000001,False
11076,2024-06-18,Central,Farzana Islam,Grocery,Coffee Jar,Retail Store,Bank Transfer,14.0,6.74,94.36,6,2024,Tuesday,94.36,False
10274,2024-09-18,Central,Rakib Hasan,Grocery,Snack Box,Wholesale,bKash,7.0,4.91,34.37,9,2024,Wednesday,34.370000000000005,False
10993,2024-04-14,East,Lamia Sultana,Grocery,Rice 5kg,Wholesale,Credit Card,22.0,7.31,160.82,4,2024,Sunday,160.82,False
12804,2024-07-15,West,Rakib Hasan,Electronics,Laptop,Online,Bank Transfer,19.0,888.54,16882.26,7,2024,Monday,16882.26,False
11749,2025-03-30,West,Arif Hossain,Furniture,Sofa,Retail Store,Nagad,25.0,440.33,11008.25,3,2025,Sunday,11008.25,False
12421,2025-02-06,Central,Shakil Rahman,Electronics,Headphones,Distributor,Nagad,12.0,67.84,814.08,2,2025,Thursday,814.08,False
12923,2025-04-09,East,Arif Hossain,Grocery,Coffee Jar,Retail Store,Bank Transfer,14.0,6.54,91.56,4,2025,Wednesday,91.56,False
12510,2025-04-18,Central,Shakil Rahman,Furniture,Dining Table,Online,Bank Transfer,8.0,340.29,2722.32,4,2025,Friday,2722.32,False
12974,2024-08-03,Central,Lamia Sultana,Electronics,Smartwatch,Online,Bank Transfer,15.0,154.28,2314.2,8,2024,Saturday,2314.2,False
12967,2025-07-07,East,Farzana Islam,Furniture,Office Chair,Online,Bank Transfer,17.0,112.49,1912.33,7,2025,Monday,1912.33,False
12230,2025-06-10,East,Rakib Hasan,Grocery,Snack Box,Distributor,Cash,6.0,4.89,29.34,6,2025,Tuesday,29.339999999999996,False
11291,2024-08-05,Central,Farzana Islam,Apparel,T-Shirt,Distributor,Bank Transfer,5.0,14.99,74.95,8,2024,Monday,74.95,False
11183,2025-01-28,North,Lamia Sultana,Stationery,Pen Set,Online,Bank Transfer,1.0,5.57,5.57,1,2025,Tuesday,5.57,False
10412,2024-07-10,South,Mim Akter,Stationery,Desk Organizer,Wholesale,Cash,15.0,16.4,246.0,7,2024,Wednesday,245.99999999999997,False
11385,2024-05-04,South,Lamia Sultana,Electronics,Laptop,Wholesale,Nagad,17.0,934.62,15888.54,5,2024,Saturday,15888.54,False
10262,2025-02-22,North,Sadia Chowdhury,Stationery,Notebook,Online,Cash,6.0,2.18,13.08,2,2025,Saturday,13.080000000000002,False
11093,2024-09-03,West,Farzana Islam,Grocery,Cooking Oil 1L,Wholesale,Nagad,8.0,2.86,22.88,9,2024,Tuesday,22.88,False
12793,2025-12-15,Central,Shakil Rahman,Electronics,Laptop,Distributor,Credit Card,15.0,903.09,13546.35,12,2025,Monday,13546.35,False
12479,2025-07-10,East,Arif Hossain,Electronics,Monitor,Retail Store,Bank Transfer,14.0,227.47,3184.58,7,2025,Thursday,3184.58,False
12904,2025-07-14,East,Arif Hossain,Stationery,Desk Organizer,Wholesale,Bank Transfer,1.0,17.88,17.88,7,2025,Monday,17.88,False
12349,2025-01-05,Central,Arif Hossain,Furniture,Office Chair,Wholesale,Cash,2.0,117.1,234.2,1,2025,Sunday,234.2,False
10540,2024-07-12,East,Lamia Sultana,Furniture,Office Chair,Wholesale,Cash,1.0,129.27,129.27,7,2024,Friday,129.27,False
12592,2024-03-10,East,Rakib Hasan,Furniture,Bookshelf,Online,Cash,21.0,100.07,2101.47,3,2024,Sunday,2101.47,False
10748,2025-10-20,West,Imran Kabir,Stationery,Pen Set,Online,Nagad,10.0,6.15,61.5,10,2025,Monday,61.5,False
10718,2025-09-16,West,Arif Hossain,Stationery,Backpack,Online,Nagad,3.0,38.45,115.35,9,2025,Tuesday,115.35000000000001,False
10389,2025-06-26,North,Shakil Rahman,Stationery,Pen Set,Online,Bank Transfer,12.0,6.55,78.6,6,2025,Thursday,78.6,False
12643,2025-04-10,East,Rakib Hasan,Furniture,Sofa,Retail Store,Cash,1.0,405.95,405.95,4,2025,Thursday,405.95,False
12457,2024-02-18,North,Rakib Hasan,Electronics,Smartphone,Online,Credit Card,4.0,413.09,1652.36,2,2024,Sunday,1652.36,False
10324,2025-09-21,East,Sadia Chowdhury,Electronics,Headphones,Retail Store,Cash,19.0,55.27,1050.13,9,2025,Sunday,1050.13,False
11143,2024-09-28,East,Shakil Rahman,Stationery,Notebook,Wholesale,Cash,7.0,1.8,12.6,9,2024,Saturday,12.6,False
10086,2025-01-04,North,Nusrat Jahan,Stationery,Backpack,Distributor,bKash,6.0,39.02,234.12,1,2025,Saturday,234.12,False
10907,2025-06-19,South,Rakib Hasan,Grocery,Tea Pack,Distributor,bKash,14.0,3.9,54.6,6,2025,Thursday,54.6,False
12158,2025-02-26,North,Tanvir Ahmed,Electronics,Smartwatch,Retail Store,Credit Card,18.0,143.62,2585.16,2,2025,Wednesday,2585.16,False
12755,2024-07-22,West,Sadia Chowdhury,Grocery,Rice 5kg,Wholesale,Nagad,7.0,8.96,62.72,7,2024,Monday,62.720000000000006,False
12652,2024-03-31,West,Tanvir Ahmed,Furniture,Bookshelf,Online,Nagad,11.0,91.73,949.52,3,2024,Sunday,1009.0300000000001,True
10835,2024-08-24,North,Shakil Rahman,Grocery,Rice 5kg,Wholesale,Bank Transfer,21.0,9.08,190.68,8,2024,Saturday,190.68,False
11415,2024-04-28,West,Mim Akter,Apparel,Sneakers,Retail Store,Bank Transfer,6.0,55.89,335.34,4,2024,Sunday,335.34000000000003,False
11174,2024-10-11,South,Shakil Rahman,Electronics,Smartwatch,Online,bKash,5.0,145.14,725.7,10,2024,Friday,725.6999999999999,False
10635,2024-02-25,East,Rakib Hasan,Furniture,Desk,Online,Credit Card,8.0,204.7,1637.6,2,2024,Sunday,1637.6,False
11921,2024-12-29,West,Nusrat Jahan,Electronics,Laptop,Online,Nagad,1.0,974.88,974.88,12,2024,Sunday,974.88,False
10996,2024-04-15,Central,Mim Akter,Electronics,Tablet,Retail Store,Credit Card,1.0,314.64,314.64,4,2024,Monday,314.64,False
11513,2024-01-31,East,Mim Akter,Apparel,Jacket,Wholesale,Bank Transfer,5.0,68.65,343.25,1,2024,Wednesday,343.25,False
10368,2024-03-29,West,Shakil Rahman,Grocery,Rice 5kg,Distributor,Cash,18.0,8.11,145.98,3,2024,Friday,145.98,False
12194,2024-05-25,Central,Mim Akter,Electronics,Smartphone,Online,Bank Transfer,6.0,458.12,2748.72,5,2024,Saturday,2748.7200000000003,False
12580,2024-09-27,South,Sadia Chowdhury,Stationery,Notebook,Retail Store,Credit Card,5.0,2.04,10.2,9,2024,Friday,10.2,False
12658,2025-01-05,South,Lamia Sultana,Electronics,Monitor,Online,bKash,1.0,200.01,200.01,1,2025,Sunday,200.01,False
11674,2025-10-14,West,Rakib Hasan,Grocery,Rice 5kg,Retail Store,Credit Card,4.0,7.43,29.72,10,2025,Tuesday,29.72,False
12608,2025-02-21,North,Shakil Rahman,Furniture,Office Chair,Distributor,Cash,4.0,137.96,551.84,2,2025,Friday,551.84,False
12775,2024-10-09,South,Farzana Islam,Apparel,Jeans,Wholesale,Cash,10.0,32.52,325.2,10,2024,Wednesday,325.20000000000005,False
11711,2025-10-01,East,Arif Hossain,Grocery,Rice 5kg,Online,bKash,1.0,8.67,8.67,10,2025,Wednesday,8.67,False
11932,2024-02-13,Central,Unknown,Electronics,Laptop,Online,Bank Transfer,16.0,937.02,14992.32,2,2024,Tuesday,14992.32,False
11339,2024-03-06,North,Rakib Hasan,Furniture,Desk,Wholesale,Bank Transfer,2.0,189.54,379.08,3,2024,Wednesday,379.08,False
12795,2024-09-30,North,Nusrat Jahan,Electronics,Headphones,Retail Store,Bank Transfer,14.0,62.88,880.32,9,2024,Monday,880.32,False
11898,2025-11-05,West,Rakib Hasan,Grocery,Tea Pack,Distributor,Bank Transfer,11.0,4.56,50.16,11,2025,Wednesday,50.16,False
12148,2024-11-10,East,Arif Hossain,Apparel,Cap,Distributor,Bank Transfer,25.0,11.31,282.75,11,2024,Sunday,282.75,False
12868,2024-10-16,Central,Mim Akter,Apparel,Jeans,Online,Bank Transfer,23.0,35.33,812.59,10,2024,Wednesday,812.5899999999999,False
10954,2024-02-15,North,Arif Hossain,Grocery,Rice 5kg,Distributor,Credit Card,14.0,8.16,114.24,2,2024,Thursday,114.24000000000001,False
11121,2025-05-17,Central,Sadia Chowdhury,Stationery,Backpack,Retail Store,Nagad,23.0,39.13,899.99,5,2025,Saturday,899.99,False
12936,2025-12-15,Unknown,Arif Hossain,Apparel,T-Shirt,Online,Bank Transfer,3.0,17.2,51.6,12,2025,Monday,51.599999999999994,False
12873,2025-07-04,West,Farzana Islam,Furniture,Sofa,Online,Cash,9.0,467.27,4205.43,7,2025,Friday,4205.43,False
11782,2024-03-29,Central,Imran Kabir,Furniture,Sofa,Distributor,Bank Transfer,20.0,433.49,8669.8,3,2024,Friday,8669.8,False
12010,2025-10-14,South,Imran Kabir,Stationery,Notebook,Distributor,Bank Transfer,23.0,2.05,47.15,10,2025,Tuesday,47.15,False
10350,2024-03-29,West,Lamia Sultana,Furniture,Desk,Wholesale,bKash,4.0,168.3,673.2,3,2024,Friday,673.2,False
11925,2025-12-13,Unknown,Tanvir Ahmed,Apparel,T-Shirt,Distributor,bKash,9.0,16.56,149.04,12,2025,Saturday,149.04,False
10818,2025-12-27,South,Sadia Chowdhury,Apparel,Jacket,Distributor,bKash,10.0,58.97,589.7,12,2025,Saturday,589.7,False
12048,2025-03-27,East,Shakil Rahman,Apparel,Jeans,Online,Bank Transfer,15.0,36.74,551.1,3,2025,Thursday,551.1,False
12294,2025-04-01,North,Mim Akter,Furniture,Dining Table,Distributor,Credit Card,15.0,396.11,5941.65,4,2025,Tuesday,5941.650000000001,False
10287,2025-12-15,Central,Shakil Rahman,Stationery,Backpack,Online,Nagad,22.0,40.31,886.82,12,2025,Monday,886.82,False
10874,2025-08-12,West,Nusrat Jahan,Furniture,Office Chair,Distributor,Cash,3.0,111.32,333.96,8,2025,Tuesday,333.96,False
12260,2024-03-29,North,Imran Kabir,Electronics,Laptop,Distributor,Cash,23.0,784.19,18036.37,3,2024,Friday,18036.370000000003,False
10321,2025-08-29,North,Lamia Sultana,Grocery,Coffee Jar,Retail Store,Bank Transfer,14.0,6.98,97.72,8,2025,Friday,97.72,False
11336,2025-11-05,West,Imran Kabir,Electronics,Monitor,Wholesale,Nagad,6.0,229.68,1378.08,11,2025,Wednesday,1378.08,False
10565,2025-08-17,North,Tanvir Ahmed,Grocery,Tea Pack,Retail Store,Bank Transfer,4.0,3.93,15.72,8,2025,Sunday,15.72,False
10711,2024-08-04,West,Imran Kabir,Apparel,Sneakers,Wholesale,Nagad,22.0,51.88,1141.36,8,2024,Sunday,1141.3600000000001,False
12737,2024-10-17,Unknown,Farzana Islam,Apparel,Jacket,Retail Store,Cash,11.0,71.44,785.84,10,2024,Thursday,785.8399999999999,False
11148,2025-03-14,West,Mim Akter,Furniture,Sofa,Distributor,Cash,6.0,465.35,2792.1,3,2025,Friday,2792.1000000000004,False
10340,2025-02-11,West,Mim Akter,Electronics,Monitor,Online,Nagad,1.0,251.25,1758.75,2,2025,Tuesday,251.25,True
10105,2025-03-24,East,Arif Hossain,Electronics,Smartphone,Retail Store,Cash,23.0,408.47,9394.81,3,2025,Monday,9394.810000000001,False
10558,2024-03-18,East,Farzana Islam,Apparel,Jeans,Wholesale,Cash,18.0,39.65,713.7,3,2024,Monday,713.6999999999999,False
12710,2025-12-04,East,Tanvir Ahmed,Apparel,Jeans,Distributor,Credit Card,17.0,39.76,675.92,12,2025,Thursday,675.92,False
12407,2025-03-24,North,Lamia Sultana,Grocery,Cooking Oil 1L,Retail Store,bKash,21.0,2.99,62.79,3,2025,Monday,62.790000000000006,False
10989,2024-01-25,North,Tanvir Ahmed,Electronics,Monitor,Wholesale,Bank Transfer,19.0,241.85,4595.15,1,2024,Thursday,4595.15,False
12664,2024-11-10,South,Tanvir Ahmed,Furniture,Sofa,Wholesale,bKash,8.0,442.95,3543.6,11,2024,Sunday,3543.6,False
11791,2024-07-31,North,Tanvir Ahmed,Furniture,Office Chair,Distributor,Credit Card,6.0,132.83,796.98,7,2024,Wednesday,796.98,False
11378,2024-08-21,Central,Mim Akter,Stationery,Desk Organizer,Online,Nagad,2.0,20.48,40.96,8,2024,Wednesday,40.96,False
10437,2024-09-03,East,Nusrat Jahan,Apparel,Jacket,Retail Store,Nagad,2.0,71.59,143.18,9,2024,Tuesday,143.18,False
10658,2025-09-19,West,Rakib Hasan,Apparel,Jacket,Wholesale,Cash,2.0,69.71,139.42,9,2025,Friday,139.42,False
10303,2024-06-22,Central,Nusrat Jahan,Electronics,Monitor,Retail Store,Bank Transfer,5.0,212.79,1063.95,6,2024,Saturday,1063.95,False
11714,2024-09-30,Central,Nusrat Jahan,Apparel,Jacket,Wholesale,Cash,3.0,73.34,220.02,9,2024,Monday,220.02,False
11288,2024-07-11,West,Lamia Sultana,Apparel,Sneakers,Retail Store,Bank Transfer,3.0,53.32,159.96,7,2024,Thursday,159.96,False
12135,2025-09-18,West,Shakil Rahman,Apparel,Jeans,Retail Store,Credit Card,7.0,39.48,276.36,9,2025,Thursday,276.35999999999996,False
12465,2024-11-08,East,Shakil Rahman,Furniture,Bookshelf,Wholesale,Credit Card,17.0,99.91,1698.47,11,2024,Friday,1698.47,False
10573,2024-12-25,East,Tanvir Ahmed,Stationery,Backpack,Wholesale,Credit Card,22.0,45.63,1003.86,12,2024,Wednesday,1003.86,False
11098,2025-08-13,East,Rakib Hasan,Electronics,Smartwatch,Distributor,Bank Transfer,24.0,135.06,3241.44,8,2025,Wednesday,3241.44,False
11556,2024-08-22,West,Lamia Sultana,Apparel,Cap,Wholesale,Cash,9.0,10.18,91.62,8,2024,Thursday,91.62,False
12995,2025-06-02,East,Sadia Chowdhury,Furniture,Dining Table,Retail Store,Bank Transfer,22.0,333.23,7331.06,6,2025,Monday,7331.06,False
12016,2025-12-13,North,Farzana Islam,Apparel,Sneakers,Distributor,Credit Card,24.0,61.29,1470.96,12,2025,Saturday,1470.96,False
11158,2024-02-22,West,Tanvir Ahmed,Furniture,Desk,Retail Store,Credit Card,13.0,180.33,2344.29,2,2024,Thursday,2344.29,False
10559,2025-11-30,East,Unknown,Grocery,Tea Pack,Distributor,bKash,7.0,4.1,28.7,11,2025,Sunday,28.699999999999996,False
11990,2024-12-29,South,Imran Kabir,Grocery,Cooking Oil 1L,Wholesale,Nagad,1.0,3.28,3.28,12,2024,Sunday,3.28,False
12377,2025-07-03,North,Mim Akter,Electronics,Monitor,Retail Store,Bank Transfer,3.0,199.35,598.05,7,2025,Thursday,598.05,False
11047,2024-02-05,West,Mim Akter,Apparel,Jeans,Retail Store,bKash,22.0,36.16,795.52,2,2024,Monday,795.52,False
12104,2025-10-24,East,Mim Akter,Electronics,Smartphone,Retail Store,Nagad,8.0,367.27,2938.16,10,2025,Friday,2938.16,False
12180,2025-01-13,East,Farzana Islam,Furniture,Office Chair,Online,bKash,22.0,129.05,2839.1,1,2025,Monday,2839.1000000000004,False
11324,2025-05-22,South,Arif Hossain,Stationery,Notebook,Retail Store,Nagad,5.0,1.91,9.55,5,2025,Thursday,9.549999999999999,False
11070,2025-01-18,South,Tanvir Ahmed,Furniture,Desk,Online,Nagad,16.0,180.2,2883.2,1,2025,Saturday,2883.2,False
12425,2024-08-17,North,Arif Hossain,Grocery,Tea Pack,Retail Store,bKash,2.0,4.19,8.38,8,2024,Saturday,8.38,False
12379,2025-04-19,North,Shakil Rahman,Furniture,Desk,Retail Store,Cash,22.0,200.1,4402.2,4,2025,Saturday,4402.2,False
10440,2024-07-04,Central,Shakil Rahman,Grocery,Tea Pack,Retail Store,Nagad,10.0,3.7,37.0,7,2024,Thursday,37.0,False
11007,2024-06-27,North,Nusrat Jahan,Apparel,T-Shirt,Retail Store,Cash,8.0,16.82,134.56,6,2024,Thursday,134.56,False
12914,2024-11-24,Central,Tanvir Ahmed,Stationery,Pen Set,Wholesale,Cash,3.0,5.89,17.67,11,2024,Sunday,17.669999999999998,False
12168,2025-02-16,North,Tanvir Ahmed,Furniture,Sofa,Online,Cash,14.0,452.88,6340.32,2,2025,Sunday,6340.32,False
10505,2025-07-01,East,Tanvir Ahmed,Grocery,Coffee Jar,Wholesale,Credit Card,1.0,7.42,7.42,7,2025,Tuesday,7.42,False
11552,2025-03-18,West,Rakib Hasan,Stationery,Desk Organizer,Retail Store,Credit Card,22.0,17.57,386.54,3,2025,Tuesday,386.54,False
10342,2024-01-17,North,Tanvir Ahmed,Grocery,Tea Pack,Online,Bank Transfer,4.0,4.53,18.12,1,2024,Wednesday,18.12,False
10231,2024-02-09,Central,Imran Kabir,Furniture,Dining Table,Online,Credit Card,5.0,377.44,1887.2,2,2024,Friday,1887.2,False
11081,2024-09-22,South,Tanvir Ahmed,Furniture,Desk,Retail Store,bKash,14.0,181.83,2545.62,9,2024,Sunday,2545.6200000000003,False
11605,2025-07-20,East,Shakil Rahman,Apparel,Jeans,Wholesale,Bank Transfer,3.0,39.96,119.88,7,2025,Sunday,119.88,False
11237,2025-12-14,North,Nusrat Jahan,Stationery,Notebook,Retail Store,Bank Transfer,18.0,2.19,39.42,12,2025,Sunday,39.42,False
12744,2024-07-27,Central,Shakil Rahman,Grocery,Cooking Oil 1L,Online,Nagad,15.0,2.96,44.4,7,2024,Saturday,44.4,False
10178,2024-05-20,East,Sadia Chowdhury,Furniture,Desk,Retail Store,bKash,5.0,165.47,827.35,5,2024,Monday,827.35,False
10979,2024-01-10,West,Mim Akter,Electronics,Laptop,Retail Store,Bank Transfer,8.0,922.92,7383.36,1,2024,Wednesday,7383.36,False
11626,2024-09-16,East,Imran Kabir,Apparel,T-Shirt,Online,Bank Transfer,12.0,16.57,198.84,9,2024,Monday,198.84,False
12437,2024-10-26,South,Nusrat Jahan,Furniture,Office Chair,Distributor,Bank Transfer,6.0,115.95,695.7,10,2024,Saturday,695.7,False
11860,2025-01-11,North,Nusrat Jahan,Grocery,Cooking Oil 1L,Online,Nagad,10.0,2.79,27.9,1,2025,Saturday,27.9,False
10380,2025-04-18,Central,Arif Hossain,Grocery,Coffee Jar,Retail Store,Credit Card,4.0,7.71,30.84,4,2025,Friday,30.84,False
10102,2025-07-17,West,Sadia Chowdhury,Furniture,Bookshelf,Distributor,Bank Transfer,2.0,91.23,182.46,7,2025,Thursday,182.46,False
12686,2024-04-28,South,Farzana Islam,Stationery,Backpack,Distributor,Credit Card,14.0,44.95,629.3,4,2024,Sunday,629.3000000000001,False
10750,2024-02-07,Central,Rakib Hasan,Stationery,Desk Organizer,Retail Store,Credit Card,24.0,16.84,404.16,2,2024,Wednesday,404.15999999999997,False
12288,2024-02-06,Central,Farzana Islam,Furniture,Bookshelf,Retail Store,Credit Card,9.0,88.48,796.32,2,2024,Tuesday,796.32,False
10451,2025-12-04,East,Sadia Chowdhury,Electronics,Headphones,Distributor,Bank Transfer,5.0,59.14,295.7,12,2025,Thursday,295.7,False
10460,2025-06-07,Central,Sadia Chowdhury,Electronics,Laptop,Retail Store,Credit Card,3.0,918.76,2756.28,6,2025,Saturday,2756.2799999999997,False
10963,2024-05-27,North,Arif Hossain,Electronics,Laptop,Retail Store,Cash,6.0,819.31,4915.86,5,2024,Monday,4915.86,False
10784,2025-12-27,Central,Arif Hossain,Grocery,Coffee Jar,Online,Bank Transfer,18.0,7.49,134.82,12,2025,Saturday,134.82,False
12625,2024-05-31,East,Shakil Rahman,Stationery,Desk Organizer,Wholesale,bKash,23.0,20.05,461.15,5,2024,Friday,461.15000000000003,False
10306,2025-01-24,North,Imran Kabir,Furniture,Bookshelf,Distributor,Nagad,11.0,90.91,1000.01,1,2025,Friday,1000.01,False
10261,2025-03-09,South,Unknown,Electronics,Monitor,Online,Credit Card,12.0,236.52,2838.24,3,2025,Sunday,2838.2400000000002,False
12918,2024-08-11,West,Sadia Chowdhury,Furniture,Desk,Wholesale,Bank Transfer,7.0,204.27,1429.89,8,2024,Sunday,1429.89,False
10468,2025-12-22,North,Shakil Rahman,Grocery,Rice 5kg,Distributor,Credit Card,22.0,8.25,181.5,12,2025,Monday,181.5,False
12523,2024-10-04,East,Farzana Islam,Furniture,Sofa,Online,bKash,10.0,439.09,4390.9,10,2024,Friday,4390.9,False
11997,2025-10-08,West,Tanvir Ahmed,Apparel,T-Shirt,Wholesale,Cash,13.0,14.09,183.17,10,2025,Wednesday,183.17,False
10570,2024-05-17,North,Rakib Hasan,Furniture,Sofa,Wholesale,Bank Transfer,21.0,463.16,9726.36,5,2024,Friday,9726.36,False
11988,2025-01-13,East,Arif Hossain,Grocery,Cooking Oil 1L,Retail Store,Cash,22.0,2.74,60.28,1,2025,Monday,60.28,False
10770,2024-10-29,West,Rakib Hasan,Grocery,Coffee Jar,Distributor,bKash,20.0,6.57,131.4,10,2024,Tuesday,131.4,False
10939,2025-10-26,South,Arif Hossain,Grocery,Coffee Jar,Wholesale,Cash,13.0,7.66,99.58,10,2025,Sunday,99.58,False
11162,2024-07-08,East,Lamia Sultana,Apparel,Sneakers,Online,Bank Transfer,9.0,62.54,562.86,7,2024,Monday,562.86,False
11845,2025-01-25,North,Imran Kabir,Electronics,Tablet,Distributor,Cash,1.0,306.82,306.82,1,2025,Saturday,306.82,False
11664,2025-05-24,West,Lamia Sultana,Apparel,Cap,Wholesale,Cash,25.0,9.72,243.0,5,2025,Saturday,243.00000000000003,False
11286,2025-05-14,South,Sadia Chowdhury,Electronics,Monitor,Wholesale,bKash,4.0,216.72,866.88,5,2025,Wednesday,866.88,False
10709,2025-07-16,South,Shakil Rahman,Stationery,Desk Organizer,Online,Cash,2.0,16.2,32.4,7,2025,Wednesday,32.4,False
12472,2024-03-14,South,Rakib Hasan,Apparel,Cap,Distributor,Credit Card,11.0,11.31,124.41,3,2024,Thursday,124.41000000000001,False
12316,2024-06-13,East,Mim Akter,Grocery,Cooking Oil 1L,Online,bKash,21.0,2.96,62.16,6,2024,Thursday,62.16,False
12817,2024-06-18,South,Imran Kabir,Electronics,Tablet,Retail Store,Nagad,20.0,340.94,6818.8,6,2024,Tuesday,6818.8,False
10112,2025-12-23,West,Tanvir Ahmed,Grocery,Cooking Oil 1L,Distributor,Bank Transfer,13.0,2.99,38.87,12,2025,Tuesday,38.870000000000005,False
10685,2024-08-31,East,Imran Kabir,Apparel,T-Shirt,Online,Bank Transfer,12.0,15.19,182.28,8,2024,Saturday,182.28,False
12477,2024-03-06,Unknown,Shakil Rahman,Stationery,Notebook,Retail Store,bKash,21.0,1.84,38.64,3,2024,Wednesday,38.64,False
10590,2024-07-11,East,Arif Hossain,Stationery,Backpack,Distributor,Bank Transfer,3.0,37.82,113.46,7,2024,Thursday,113.46000000000001,False
10621,2024-01-23,East,Nusrat Jahan,Apparel,T-Shirt,Retail Store,Cash,25.0,16.58,414.5,1,2024,Tuesday,414.49999999999994,False
12392,2025-09-14,South,Rakib Hasan,Furniture,Desk,Online,Credit Card,10.0,173.42,1734.2,9,2025,Sunday,1734.1999999999998,False
11557,2024-11-18,South,Shakil Rahman,Apparel,Jacket,Distributor,Cash,15.0,63.51,952.65,11,2024,Monday,952.65,False
11848,2024-04-02,West,Mim Akter,Furniture,Office Chair,Online,bKash,23.0,135.48,3116.04,4,2024,Tuesday,3116.04,False
10045,2025-11-16,North,Rakib Hasan,Furniture,Sofa,Distributor,Bank Transfer,24.0,496.21,11909.04,11,2025,Sunday,11909.039999999999,False
10486,2025-06-19,Central,Shakil Rahman,Stationery,Desk Organizer,Wholesale,Credit Card,4.0,16.31,65.24,6,2025,Thursday,65.24,False
11231,2024-10-07,South,Farzana Islam,Apparel,Jacket,Retail Store,Credit Card,13.0,67.36,777.79,10,2024,Monday,875.68,True
11219,2025-07-14,North,Tanvir Ahmed,Stationery,Desk Organizer,Retail Store,Cash,3.0,18.45,55.35,7,2025,Monday,55.349999999999994,False
11275,2024-01-05,North,Shakil Rahman,Furniture,Dining Table,Online,Nagad,15.0,339.88,5098.2,1,2024,Friday,5098.2,False
12049,2025-02-25,North,Sadia Chowdhury,Grocery,Cooking Oil 1L,Retail Store,Bank Transfer,22.0,2.8,61.6,2,2025,Tuesday,61.599999999999994,False
10865,2024-08-11,Central,Imran Kabir,Apparel,Jacket,Retail Store,Bank Transfer,5.0,60.24,301.2,8,2024,Sunday,301.2,False
12096,2024-02-06,South,Farzana Islam,Stationery,Backpack,Distributor,Credit Card,25.0,39.54,988.5,2,2024,Tuesday,988.5,False
12601,2025-12-12,South,Arif Hossain,Grocery,Rice 5kg,Wholesale,Bank Transfer,21.0,7.54,158.34,12,2025,Friday,158.34,False
12555,2024-02-22,South,Arif Hossain,Apparel,Cap,Online,Nagad,6.0,9.36,56.16,2,2024,Thursday,56.16,False
10489,2025-12-13,Central,Imran Kabir,Stationery,Pen Set,Retail Store,Nagad,10.0,6.44,64.4,12,2025,Saturday,64.4,False
12532,2025-10-10,North,Sadia Chowdhury,Furniture,Office Chair,Retail Store,bKash,15.0,122.84,1842.6,10,2025,Friday,1842.6000000000001,False
10456,2025-11-09,North,Shakil Rahman,Furniture,Desk,Wholesale,Credit Card,17.0,174.15,2960.55,11,2025,Sunday,2960.55,False
11655,2025-11-30,Central,Nusrat Jahan,Grocery,Cooking Oil 1L,Distributor,Credit Card,5.0,3.15,15.75,11,2025,Sunday,15.75,False
11043,2024-07-18,Unknown,Imran Kabir,Electronics,Monitor,Distributor,Bank Transfer,1.0,200.08,2601.04,7,2024,Thursday,200.08,True
10955,2025-09-12,West,Unknown,Apparel,Cap,Wholesale,Bank Transfer,5.0,10.2,54.5,9,2025,Friday,51.0,True
10338,2025-01-19,West,Rakib Hasan,Furniture,Sofa,Distributor,Bank Transfer,15.0,413.5,6202.5,1,2025,Sunday,6202.5,False
11767,2025-06-07,South,Lamia Sultana,Electronics,Monitor,Distributor,bKash,1.0,215.04,215.04,6,2025,Saturday,215.04,False
11429,2024-08-15,West,Shakil Rahman,Stationery,Desk Organizer,Wholesale,Credit Card,14.0,18.72,262.08,8,2024,Thursday,262.08,False
12509,2024-10-09,Central,Mim Akter,Grocery,Tea Pack,Distributor,Bank Transfer,3.0,4.55,13.65,10,2024,Wednesday,13.649999999999999,False
12773,2025-11-20,West,Imran Kabir,Grocery,Rice 5kg,Retail Store,bKash,4.0,7.61,30.44,11,2025,Thursday,30.44,False
12979,2025-08-03,East,Farzana Islam,Stationery,Notebook,Online,bKash,21.0,2.19,45.99,8,2025,Sunday,45.99,False
11191,2024-07-04,South,Imran Kabir,Stationery,Pen Set,Distributor,Nagad,22.0,6.04,132.88,7,2024,Thursday,132.88,False
11314,2024-12-29,East,Nusrat Jahan,Stationery,Notebook,Online,Bank Transfer,8.0,2.21,17.68,12,2024,Sunday,17.68,False
12831,2025-03-14,South,Nusrat Jahan,Grocery,Coffee Jar,Retail Store,bKash,2.0,6.97,13.94,3,2025,Friday,13.94,False
11072,2025-03-22,Unknown,Lamia Sultana,Electronics,Laptop,Retail Store,bKash,9.0,928.89,8360.01,3,2025,Saturday,8360.01,False
11006,2024-07-18,North,Rakib Hasan,Electronics,Smartwatch,Distributor,Bank Transfer,21.0,156.96,3296.16,7,2024,Thursday,3296.1600000000003,False
12734,2025-09-26,North,Mim Akter,Furniture,Desk,Distributor,bKash,2.0,174.58,349.16,9,2025,Friday,349.16,False
10881,2024-07-30,West,Imran Kabir,Apparel,Jacket,Retail Store,Bank Transfer,20.0,62.0,1240.0,7,2024,Tuesday,1240.0,False
11233,2025-03-05,East,Rakib Hasan,Grocery,Tea Pack,Retail Store,Cash,16.0,4.08,65.28,3,2025,Wednesday,65.28,False
10445,2025-05-14,South,Mim Akter,Stationery,Desk Organizer,Retail Store,Credit Card,11.0,19.04,209.44,5,2025,Wednesday,209.44,False
10370,2025-02-23,Central,Nusrat Jahan,Grocery,Cooking Oil 1L,Retail Store,Credit Card,1.0,2.87,2.87,2,2025,Sunday,2.87,False
10417,2024-03-21,South,Rakib Hasan,Furniture,Desk,Online,Bank Transfer,22.0,181.59,3994.98,3,2024,Thursday,3994.98,False
11506,2025-11-25,Central,Tanvir Ahmed,Furniture,Bookshelf,Wholesale,bKash,10.0,87.14,871.4,11,2025,Tuesday,871.4,False
11202,2025-01-09,Central,Rakib Hasan,Electronics,Tablet,Online,bKash,5.0,275.92,1379.6,1,2025,Thursday,1379.6000000000001,False
10298,2025-09-25,South,Lamia Sultana,Grocery,Coffee Jar,Wholesale,Credit Card,10.0,7.7,77.0,9,2025,Thursday,77.0,False
11863,2024-09-15,South,Tanvir Ahmed,Grocery,Cooking Oil 1L,Retail Store,Bank Transfer,16.0,3.07,48.0,9,2024,Sunday,49.12,True
11620,2024-03-26,East,Imran Kabir,Apparel,Cap,Distributor,Cash,1.0,9.25,9.25,3,2024,Tuesday,9.25,False
12875,2024-05-30,North,Shakil Rahman,Stationery,Desk Organizer,Wholesale,bKash,1.0,17.61,17.61,5,2024,Thursday,17.61,False
12963,2024-10-10,East,Arif Hossain,Furniture,Dining Table,Wholesale,Nagad,4.0,364.92,1459.68,10,2024,Thursday,1459.68,False
11217,2025-01-03,West,Rakib Hasan,Stationery,Backpack,Distributor,Cash,20.0,44.56,891.2,1,2025,Friday,891.2,False
10304,2024-10-09,South,Farzana Islam,Apparel,Sneakers,Retail Store,Bank Transfer,14.0,53.62,750.68,10,2024,Wednesday,750.68,False
12701,2024-11-21,North,Nusrat Jahan,Furniture,Sofa,Online,Bank Transfer,10.0,515.1,5151.0,11,2024,Thursday,5151.0,False
12777,2024-10-26,West,Nusrat Jahan,Grocery,Rice 5kg,Distributor,Nagad,6.0,8.45,50.7,10,2024,Saturday,50.699999999999996,False
12681,2024-07-05,West,Imran Kabir,Furniture,Office Chair,Online,Credit Card,10.0,124.41,1244.1,7,2024,Friday,1244.1,False
11090,2025-09-19,South,Lamia Sultana,Apparel,Sneakers,Wholesale,Bank Transfer,3.0,54.29,162.87,9,2025,Friday,162.87,False
11619,2024-10-13,West,Imran Kabir,Furniture,Sofa,Online,Credit Card,24.0,487.4,11697.6,10,2024,Sunday,11697.599999999999,False
12870,2025-05-30,West,Shakil Rahman,Furniture,Dining Table,Distributor,Credit Card,17.0,393.75,6693.75,5,2025,Friday,6693.75,False
12333,2024-10-09,Central,Sadia Chowdhury,Furniture,Dining Table,Retail Store,Nagad,11.0,399.13,4390.43,10,2024,Wednesday,4390.43,False
10838,2025-05-31,South,Shakil Rahman,Grocery,Coffee Jar,Wholesale,Bank Transfer,9.0,7.25,65.25,5,2025,Saturday,65.25,False
12041,2024-09-14,Central,Mim Akter,Furniture,Desk,Distributor,Credit Card,7.0,196.97,1378.79,9,2024,Saturday,1378.79,False
11690,2025-03-18,East,Rakib Hasan,Furniture,Sofa,Distributor,Credit Card,10.0,421.2,4212.0,3,2025,Tuesday,4212.0,False
10623,2024-09-19,East,Lamia Sultana,Furniture,Bookshelf,Retail Store,bKash,10.0,83.07,830.7,9,2024,Thursday,830.6999999999999,False
12428,2025-05-05,South,Farzana Islam,Furniture,Office Chair,Wholesale,Credit Card,11.0,117.04,1287.44,5,2025,Monday,1287.44,False
12746,2024-10-07,South,Imran Kabir,Grocery,Tea Pack,Retail Store,Bank Transfer,16.0,3.92,62.72,10,2024,Monday,62.72,False
12099,2025-07-24,West,Rakib Hasan,Stationery,Backpack,Retail Store,Cash,25.0,40.28,1007.0,7,2025,Thursday,1007.0,False
10203,2025-09-14,Central,Rakib Hasan,Grocery,Tea Pack,Online,bKash,22.0,4.38,96.36,9,2025,Sunday,96.36,False
11717,2025-08-19,North,Mim Akter,Electronics,Laptop,Online,bKash,21.0,970.2,20374.2,8,2025,Tuesday,20374.2,False
11830,2025-10-05,South,Shakil Rahman,Stationery,Desk Organizer,Online,Bank Transfer,16.0,18.88,302.08,10,2025,Sunday,302.08,False
10044,2024-06-07,North,Mim Akter,Furniture,Desk,Wholesale,Nagad,8.0,200.91,1607.28,6,2024,Friday,1607.28,False
11331,2024-10-17,West,Imran Kabir,Electronics,Tablet,Retail Store,Credit Card,15.0,279.01,4185.15,10,2024,Thursday,4185.15,False
10186,2025-01-30,West,Arif Hossain,Grocery,Rice 5kg,Distributor,bKash,3.0,7.95,23.85,1,2025,Thursday,23.85,False
11927,2024-07-08,North,Tanvir Ahmed,Apparel,Sneakers,Distributor,Cash,23.0,50.78,1167.94,7,2024,Monday,1167.94,False
12511,2025-07-03,East,Nusrat Jahan,Grocery,Snack Box,Wholesale,Nagad,18.0,4.63,83.34,7,2025,Thursday,83.34,False
10291,2025-03-20,North,Rakib Hasan,Electronics,Monitor,Online,Bank Transfer,21.0,241.14,5063.94,3,2025,Thursday,5063.94,False
12609,2024-01-07,South,Arif Hossain,Electronics,Smartwatch,Online,Bank Transfer,15.0,144.63,2169.45,1,2024,Sunday,2169.45,False
12436,2024-07-14,North,Nusrat Jahan,Stationery,Backpack,Distributor,bKash,14.0,37.58,526.12,7,2024,Sunday,526.12,False
12980,2025-10-26,North,Arif Hossain,Stationery,Desk Organizer,Retail Store,Credit Card,16.0,16.23,259.68,10,2025,Sunday,259.68,False
12907,2025-12-16,South,Nusrat Jahan,Grocery,Cooking Oil 1L,Retail Store,Nagad,1.0,2.86,45.76,12,2025,Tuesday,2.86,True
10297,2025-05-17,East,Tanvir Ahmed,Stationery,Desk Organizer,Distributor,Bank Transfer,8.0,17.8,142.4,5,2025,Saturday,142.4,False
12357,2025-11-13,East,Sadia Chowdhury,Furniture,Desk,Retail Store,Cash,2.0,178.41,356.82,11,2025,Thursday,356.82,False
10528,2025-10-20,South,Nusrat Jahan,Furniture,Sofa,Online,Nagad,9.0,428.8,3859.2,10,2025,Monday,3859.2000000000003,False
10201,2025-12-07,East,Sadia Chowdhury,Apparel,Jacket,Wholesale,bKash,15.0,64.21,963.15,12,2025,Sunday,963.1499999999999,False
10050,2025-08-13,Central,Arif Hossain,Apparel,Sneakers,Online,Bank Transfer,7.0,53.0,371.0,8,2025,Wednesday,371.0,False
11834,2024-08-13,East,Imran Kabir,Stationery,Backpack,Retail Store,bKash,20.0,42.04,840.8,8,2024,Tuesday,840.8,False
11700,2024-06-03,North,Mim Akter,Electronics,Headphones,Distributor,bKash,7.0,58.61,410.27,6,2024,Monday,410.27,False
12108,2025-10-14,West,Nusrat Jahan,Grocery,Cooking Oil 1L,Wholesale,Bank Transfer,15.0,3.24,48.6,10,2025,Tuesday,48.6,False
12859,2025-07-05,North,Sadia Chowdhury,Stationery,Backpack,Retail Store,bKash,19.0,39.47,749.93,7,2025,Saturday,749.93,False
10122,2025-01-28,East,Sadia Chowdhury,Apparel,Sneakers,Distributor,bKash,16.0,50.97,815.52,1,2025,Tuesday,815.52,False
11321,2025-11-17,North,Imran Kabir,Stationery,Backpack,Retail Store,Bank Transfer,1.0,40.63,40.63,11,2025,Monday,40.63,False
11870,2024-02-07,West,Sadia Chowdhury,Stationery,Notebook,Wholesale,Nagad,22.0,2.19,48.18,2,2024,Wednesday,48.18,False
10810,2025-08-12,West,Farzana Islam,Grocery,Tea Pack,Distributor,Nagad,1.0,4.45,4.45,8,2025,Tuesday,4.45,False
11663,2025-05-17,West,Imran Kabir,Apparel,Sneakers,Wholesale,Credit Card,1.0,56.25,56.25,5,2025,Saturday,56.25,False
12254,2024-03-04,East,Imran Kabir,Apparel,Jeans,Online,Cash,24.0,33.56,805.44,3,2024,Monday,805.44,False
11016,2024-08-28,South,Nusrat Jahan,Stationery,Notebook,Retail Store,Bank Transfer,1.0,1.91,24.83,8,2024,Wednesday,1.91,True
10095,2024-04-27,South,Shakil Rahman,Grocery,Rice 5kg,Retail Store,Bank Transfer,18.0,7.65,137.7,4,2024,Saturday,137.70000000000002,False
10092,2024-04-11,West,Shakil Rahman,Apparel,Cap,Online,Nagad,25.0,9.52,238.0,4,2024,Thursday,238.0,False
10973,2025-07-23,North,Imran Kabir,Electronics,Headphones,Online,bKash,9.0,67.17,604.53,7,2025,Wednesday,604.53,False
10471,2024-09-03,South,Farzana Islam,Grocery,Coffee Jar,Wholesale,Cash,11.0,8.0,88.0,9,2024,Tuesday,88.0,False
11034,2025-02-02,Central,Imran Kabir,Electronics,Smartphone,Wholesale,Credit Card,7.0,372.99,2610.93,2,2025,Sunday,2610.9300000000003,False
10592,2024-04-14,South,Tanvir Ahmed,Apparel,T-Shirt,Online,bKash,10.0,14.51,145.1,4,2024,Sunday,145.1,False
10523,2025-05-14,West,Mim Akter,Stationery,Pen Set,Online,bKash,8.0,5.49,43.92,5,2025,Wednesday,43.92,False
11503,2025-10-30,West,Tanvir Ahmed,Apparel,Sneakers,Retail Store,Cash,24.0,61.64,1479.36,10,2025,Thursday,1479.3600000000001,False
11838,2024-09-01,South,Shakil Rahman,Furniture,Desk,Online,Credit Card,22.0,175.88,3869.36,9,2024,Sunday,3869.3599999999997,False
12343,2024-03-13,Central,Arif Hossain,Stationery,Notebook,Retail Store,bKash,22.0,1.81,39.82,3,2024,Wednesday,39.82,False
12130,2025-05-30,Central,Sadia Chowdhury,Electronics,Headphones,Wholesale,Nagad,17.0,66.95,1138.15,5,2025,Friday,1138.15,False
11069,2024-12-07,East,Imran Kabir,Apparel,Sneakers,Wholesale,Credit Card,5.0,59.33,296.65,12,2024,Saturday,296.65,False
10070,2025-07-06,East,Farzana Islam,Apparel,Sneakers,Wholesale,Credit Card,2.0,63.25,126.5,7,2025,Sunday,126.5,False
11669,2024-07-29,Central,Tanvir Ahmed,Furniture,Dining Table,Online,Bank Transfer,23.0,325.18,7479.14,7,2024,Monday,7479.14,False
12119,2025-08-01,South,Nusrat Jahan,Electronics,Tablet,Wholesale,bKash,21.0,313.69,6587.49,8,2025,Friday,6587.49,False
10648,2024-11-21,North,Arif Hossain,Furniture,Bookshelf,Online,bKash,5.0,97.36,486.8,11,2024,Thursday,486.8,False
10759,2024-12-22,South,Sadia Chowdhury,Electronics,Smartwatch,Online,Cash,14.0,135.17,1892.38,12,2024,Sunday,1892.3799999999999,False
12654,2024-11-21,West,Imran Kabir,Grocery,Rice 5kg,Retail Store,bKash,25.0,7.4,185.0,11,2024,Thursday,185.0,False
10785,2024-07-11,West,Lamia Sultana,Stationery,Backpack,Distributor,Credit Card,15.0,36.87,553.05,7,2024,Thursday,553.05,False
11538,2025-10-25,Central,Mim Akter,Stationery,Backpack,Wholesale,Bank Transfer,6.0,44.71,268.26,10,2025,Saturday,268.26,False
12958,2024-04-02,East,Rakib Hasan,Stationery,Backpack,Online,bKash,12.0,45.11,541.32,4,2024,Tuesday,541.3199999999999,False
12125,2024-04-29,East,Shakil Rahman,Stationery,Backpack,Wholesale,Nagad,6.0,44.93,269.58,4,2024,Monday,269.58,False
12589,2025-02-18,Central,Nusrat Jahan,Grocery,Tea Pack,Retail Store,bKash,10.0,4.36,43.6,2,2025,Tuesday,43.6,False
11951,2024-01-21,East,Arif Hossain,Apparel,T-Shirt,Distributor,Bank Transfer,3.0,15.63,46.89,1,2024,Sunday,46.89,False
12719,2025-03-11,North,Mim Akter,Stationery,Pen Set,Retail Store,Credit Card,19.0,5.41,102.79,3,2025,Tuesday,102.79,False
11444,2024-12-24,West,Lamia Sultana,Electronics,Smartwatch,Retail Store,Credit Card,21.0,155.97,3275.37,12,2024,Tuesday,3275.37,False
12391,2024-05-28,East,Sadia Chowdhury,Grocery,Cooking Oil 1L,Distributor,bKash,7.0,3.43,24.01,5,2024,Tuesday,24.01,False
10371,2024-04-16,East,Tanvir Ahmed,Apparel,T-Shirt,Wholesale,Cash,7.0,15.49,108.43,4,2024,Tuesday,108.43,False
11278,2025-12-14,Central,Tanvir Ahmed,Apparel,Sneakers,Wholesale,Cash,15.0,56.28,844.2,12,2025,Sunday,844.2,False
11200,2024-05-21,South,Nusrat Jahan,Stationery,Desk Organizer,Retail Store,Credit Card,4.0,20.53,82.12,5,2024,Tuesday,82.12,False
12284,2024-09-19,East,Tanvir Ahmed,Grocery,Snack Box,Online,Bank Transfer,23.0,5.54,127.42,9,2024,Thursday,127.42,False
10020,2025-07-06,Central,Lamia Sultana,Furniture,Bookshelf,Wholesale,bKash,25.0,97.42,2435.5,7,2025,Sunday,2435.5,False
11730,2025-01-29,West,Sadia Chowdhury,Grocery,Coffee Jar,Retail Store,bKash,14.0,7.96,111.44,1,2025,Wednesday,111.44,False
12234,2024-03-27,Central,Lamia Sultana,Grocery,Tea Pack,Wholesale,Nagad,15.0,4.04,60.6,3,2024,Wednesday,60.6,False
12442,2025-02-04,South,Rakib Hasan,Apparel,T-Shirt,Distributor,Bank Transfer,11.0,14.18,155.98,2,2025,Tuesday,155.98,False
12241,2025-11-17,South,Shakil Rahman,Grocery,Tea Pack,Distributor,Cash,12.0,3.86,46.32,11,2025,Monday,46.32,False
11437,2024-05-10,North,Imran Kabir,Stationery,Notebook,Online,Bank Transfer,25.0,1.81,45.25,5,2024,Friday,45.25,False
12154,2025-09-22,South,Tanvir Ahmed,Apparel,T-Shirt,Online,Credit Card,12.0,16.9,202.8,9,2025,Monday,202.79999999999998,False
12948,2025-04-26,North,Arif Hossain,Stationery,Desk Organizer,Retail Store,Cash,2.0,19.49,38.98,4,2025,Saturday,38.98,False
12055,2025-11-16,South,Imran Kabir,Grocery,Rice 5kg,Retail Store,Nagad,11.0,7.46,82.06,11,2025,Sunday,82.06,False
10791,2025-04-11,North,Unknown,Apparel,Jacket,Distributor,Cash,6.0,68.55,411.3,4,2025,Friday,411.29999999999995,False
11661,2025-07-30,Central,Farzana Islam,Stationery,Notebook,Distributor,Nagad,19.0,2.15,40.85,7,2025,Wednesday,40.85,False
10668,2025-10-30,North,Rakib Hasan,Stationery,Pen Set,Retail Store,Credit Card,12.0,5.46,65.52,10,2025,Thursday,65.52,False
12402,2024-11-24,West,Lamia Sultana,Electronics,Smartwatch,Retail Store,Nagad,15.0,155.52,2332.8,11,2024,Sunday,2332.8,False
11394,2024-05-10,Central,Imran Kabir,Furniture,Dining Table,Wholesale,Cash,13.0,375.98,4887.74,5,2024,Friday,4887.74,False
11677,2024-05-10,North,Arif Hossain,Grocery,Cooking Oil 1L,Wholesale,bKash,17.0,3.45,58.65,5,2024,Friday,58.650000000000006,False
10317,2025-04-11,South,Mim Akter,Electronics,Laptop,Distributor,Cash,7.0,875.74,6130.18,4,2025,Friday,6130.18,False
10145,2025-09-03,Central,Lamia Sultana,Furniture,Bookshelf,Distributor,Bank Transfer,17.0,87.64,1489.88,9,2025,Wednesday,1489.88,False
11708,2025-01-08,Central,Lamia Sultana,Grocery,Rice 5kg,Wholesale,bKash,9.0,7.58,68.22,1,2025,Wednesday,68.22,False
12100,2025-07-05,Central,Arif Hossain,Electronics,Headphones,Wholesale,Bank Transfer,15.0,58.19,872.85,7,2025,Saturday,872.8499999999999,False
12036,2025-06-16,East,Lamia Sultana,Stationery,Pen Set,Distributor,bKash,5.0,6.39,31.95,6,2025,Monday,31.95,False
10613,2025-12-26,North,Mim Akter,Electronics,Tablet,Wholesale,Cash,2.0,331.77,663.54,12,2025,Friday,663.54,False
11441,2025-04-18,Central,Mim Akter,Stationery,Pen Set,Distributor,Bank Transfer,7.0,6.8,47.6,4,2025,Friday,47.6,False
12884,2025-07-12,West,Shakil Rahman,Electronics,Monitor,Online,Nagad,19.0,204.64,3888.16,7,2025,Saturday,3888.16,False
10427,2025-06-20,Unknown,Arif Hossain,Furniture,Office Chair,Wholesale,bKash,19.0,108.87,2068.53,6,2025,Friday,2068.53,False
11704,2025-04-29,North,Tanvir Ahmed,Furniture,Sofa,Retail Store,Bank Transfer,13.0,458.65,5962.45,4,2025,Tuesday,5962.45,False
12231,2025-01-05,Central,Nusrat Jahan,Electronics,Monitor,Distributor,Cash,25.0,251.9,6297.5,1,2025,Sunday,6297.5,False
10336,2025-11-26,East,Lamia Sultana,Apparel,Jacket,Distributor,Nagad,4.0,60.7,242.8,11,2025,Wednesday,242.8,False
10805,2025-02-28,North,Tanvir Ahmed,Stationery,Desk Organizer,Wholesale,Cash,6.0,18.7,112.2,2,2025,Friday,112.19999999999999,False
12487,2025-12-08,Central,Lamia Sultana,Grocery,Snack Box,Distributor,Nagad,17.0,4.62,78.54,12,2025,Monday,78.54,False
10951,2024-05-03,North,Lamia Sultana,Stationery,Backpack,Wholesale,Credit Card,12.0,41.72,500.64,5,2024,Friday,500.64,False
10868,2025-12-08,North,Lamia Sultana,Apparel,Jacket,Online,Credit Card,22.0,62.39,1372.58,12,2025,Monday,1372.58,False
10180,2024-02-14,South,Lamia Sultana,Furniture,Desk,Retail Store,Bank Transfer,14.0,178.39,2497.46,2,2024,Wednesday,2497.46,False
10234,2025-09-03,Unknown,Imran Kabir,Apparel,Jacket,Distributor,Credit Card,16.0,62.81,1004.96,9,2025,Wednesday,1004.96,False
12450,2025-04-10,North,Lamia Sultana,Apparel,Sneakers,Online,Credit Card,23.0,51.74,1190.02,4,2025,Thursday,1190.02,False
12622,2025-02-17,West,Shakil Rahman,Furniture,Office Chair,Online,Credit Card,19.0,130.11,2472.09,2,2025,Monday,2472.09,False
10461,2025-04-20,South,Sadia Chowdhury,Electronics,Headphones,Distributor,Cash,2.0,55.5,111.0,4,2025,Sunday,111.0,False
11165,2025-08-23,North,Rakib Hasan,Grocery,Rice 5kg,Online,Credit Card,21.0,8.83,185.43,8,2025,Saturday,185.43,False
12938,2025-03-14,West,Tanvir Ahmed,Stationery,Backpack,Distributor,Nagad,22.0,40.44,889.68,3,2025,Friday,889.68,False
11884,2025-01-20,East,Rakib Hasan,Stationery,Pen Set,Distributor,Nagad,3.0,5.55,16.65,1,2025,Monday,16.65,False
11376,2024-10-09,North,Sadia Chowdhury,Stationery,Backpack,Retail Store,Cash,9.0,44.69,402.21,10,2024,Wednesday,402.21,False
12547,2025-03-29,West,Sadia Chowdhury,Apparel,Jacket,Online,Bank Transfer,24.0,64.66,1551.84,3,2025,Saturday,1551.84,False
10928,2024-12-29,South,Sadia Chowdhury,Electronics,Smartwatch,Distributor,Cash,25.0,136.75,3418.75,12,2024,Sunday,3418.75,False
10090,2024-09-11,South,Lamia Sultana,Electronics,Smartphone,Distributor,Credit Card,4.0,415.81,1663.24,9,2024,Wednesday,1663.24,False
12053,2025-02-14,East,Rakib Hasan,Furniture,Bookshelf,Retail Store,Cash,4.0,91.51,366.04,2,2025,Friday,366.04,False
10774,2025-06-27,North,Sadia Chowdhury,Grocery,Rice 5kg,Online,Bank Transfer,13.0,8.16,106.08,6,2025,Friday,106.08,False
10729,2025-04-04,Central,Imran Kabir,Apparel,Jeans,Online,Cash,13.0,37.44,486.72,4,2025,Friday,486.71999999999997,False
11874,2024-09-28,North,Farzana Islam,Apparel,Jeans,Retail Store,Credit Card,24.0,35.72,857.28,9,2024,Saturday,857.28,False
10985,2025-02-20,West,Tanvir Ahmed,Grocery,Rice 5kg,Distributor,Bank Transfer,9.0,7.44,66.96,2,2025,Thursday,66.96000000000001,False
11824,2025-09-19,East,Lamia Sultana,Grocery,Tea Pack,Wholesale,bKash,5.0,4.4,22.0,9,2025,Friday,22.0,False
12767,2024-03-27,North,Nusrat Jahan,Apparel,T-Shirt,Online,Credit Card,19.0,14.32,272.08,3,2024,Wednesday,272.08,False
11317,2024-07-06,North,Shakil Rahman,Apparel,Jacket,Wholesale,Nagad,13.0,71.21,925.73,7,2024,Saturday,925.7299999999999,False
11885,2024-04-04,North,Rakib Hasan,Electronics,Monitor,Wholesale,Bank Transfer,23.0,233.64,5373.72,4,2024,Thursday,5373.719999999999,False
10419,2025-08-24,Central,Sadia Chowdhury,Apparel,Jacket,Online,Nagad,17.0,71.2,1210.4,8,2025,Sunday,1210.4,False
11510,2024-06-04,East,Mim Akter,Electronics,Headphones,Distributor,Bank Transfer,15.0,66.82,1002.3,6,2024,Tuesday,1002.3,False
10014,2025-04-24,North,Imran Kabir,Grocery,Snack Box,Wholesale,Nagad,17.0,4.81,81.77,4,2025,Thursday,81.77,False
10374,2025-11-09,Central,Lamia Sultana,Grocery,Rice 5kg,Online,Bank Transfer,5.0,7.67,38.35,11,2025,Sunday,38.35,False
10646,2025-10-30,East,Unknown,Apparel,Cap,Retail Store,bKash,5.0,10.45,52.25,10,2025,Thursday,52.25,False
11142,2024-12-12,West,Rakib Hasan,Grocery,Coffee Jar,Distributor,Credit Card,22.0,6.74,148.28,12,2024,Thursday,148.28,False
10659,2025-08-22,West,Farzana Islam,Furniture,Sofa,Online,bKash,23.0,457.07,10728.81,8,2025,Friday,10512.61,True
10051,2025-03-17,Central,Arif Hossain,Grocery,Rice 5kg,Retail Store,Cash,3.0,9.1,27.3,3,2025,Monday,27.299999999999997,False
10026,2024-07-15,West,Mim Akter,Electronics,Laptop,Online,bKash,7.0,878.96,6152.72,7,2024,Monday,6152.72,False
10968,2025-07-22,North,Shakil Rahman,Grocery,Cooking Oil 1L,Online,bKash,21.0,3.29,69.09,7,2025,Tuesday,69.09,False
10931,2025-06-02,East,Rakib Hasan,Electronics,Smartphone,Distributor,Bank Transfer,16.0,433.26,6932.16,6,2025,Monday,6932.16,False
10982,2024-07-17,Central,Sadia Chowdhury,Apparel,Cap,Retail Store,Nagad,22.0,10.85,238.7,7,2024,Wednesday,238.7,False
12387,2025-04-15,West,Farzana Islam,Electronics,Tablet,Online,Nagad,2.0,308.36,616.72,4,2025,Tuesday,616.72,False
12274,2024-12-20,East,Rakib Hasan,Apparel,Jacket,Online,Nagad,22.0,63.27,1391.94,12,2024,Friday,1391.94,False
11778,2025-03-21,West,Tanvir Ahmed,Furniture,Desk,Online,Nagad,18.0,204.85,3687.3,3,2025,Friday,3687.2999999999997,False
12587,2025-01-27,West,Arif Hossain,Electronics,Monitor,Online,Credit Card,9.0,240.66,2165.94,1,2025,Monday,2165.94,False
12840,2024-01-31,South,Rakib Hasan,Stationery,Notebook,Wholesale,Credit Card,1.0,2.25,2.25,1,2024,Wednesday,2.25,False
12147,2024-10-09,South,Sadia Chowdhury,Electronics,Laptop,Online,bKash,7.0,855.07,5985.49,10,2024,Wednesday,5985.490000000001,False
12435,2024-03-27,East,Imran Kabir,Furniture,Bookshelf,Wholesale,bKash,3.0,86.01,258.03,3,2024,Wednesday,258.03000000000003,False
11446,2025-08-29,West,Shakil Rahman,Apparel,Cap,Retail Store,Credit Card,5.0,9.26,46.3,8,2025,Friday,46.3,False
11807,2025-05-01,North,Farzana Islam,Grocery,Rice 5kg,Distributor,Cash,13.0,8.21,106.73,5,2025,Thursday,106.73000000000002,False
11581,2024-06-28,South,Imran Kabir,Grocery,Cooking Oil 1L,Online,Credit Card,17.0,3.38,57.46,6,2024,Friday,57.46,False
12086,2024-12-17,Central,Mim Akter,Apparel,Jeans,Wholesale,bKash,13.0,32.97,428.61,12,2024,Tuesday,428.61,False
10399,2024-08-14,South,Lamia Sultana,Stationery,Notebook,Distributor,Nagad,21.0,2.08,43.68,8,2024,Wednesday,43.68,False
11330,2025-11-14,East,Unknown,Grocery,Tea Pack,Wholesale,Cash,9.0,3.99,35.91,11,2025,Friday,35.910000000000004,False
12596,2024-10-10,East,Farzana Islam,Grocery,Snack Box,Retail Store,bKash,18.0,5.69,102.42,10,2024,Thursday,102.42,False
10361,2025-01-15,East,Arif Hossain,Furniture,Sofa,Distributor,bKash,5.0,489.35,2446.75,1,2025,Wednesday,2446.75,False
10116,2025-10-08,North,Lamia Sultana,Grocery,Snack Box,Online,bKash,22.0,5.65,124.3,10,2025,Wednesday,124.30000000000001,False
11094,2025-01-27,West,Tanvir Ahmed,Electronics,Laptop,Retail Store,Cash,25.0,824.58,20614.5,1,2025,Monday,20614.5,False
11494,2025-01-08,East,Sadia Chowdhury,Grocery,Snack Box,Distributor,Nagad,4.0,5.48,21.92,1,2025,Wednesday,21.92,False
11311,2025-08-30,West,Tanvir Ahmed,Apparel,T-Shirt,Retail Store,Cash,4.0,13.7,54.8,8,2025,Saturday,54.8,False
10484,2024-08-02,Central,Mim Akter,Stationery,Backpack,Retail Store,bKash,20.0,43.14,862.8,8,2024,Friday,862.8,False
12175,2024-08-09,West,Imran Kabir,Apparel,T-Shirt,Online,bKash,16.0,14.57,233.12,8,2024,Friday,233.12,False
11995,2024-10-31,East,Rakib Hasan,Grocery,Snack Box,Distributor,Bank Transfer,6.0,4.53,27.18,10,2024,Thursday,27.18,False
12063,2024-06-30,Central,Nusrat Jahan,Grocery,Cooking Oil 1L,Online,Nagad,18.0,3.21,57.78,6,2024,Sunday,57.78,False
11116,2025-02-07,Central,Rakib Hasan,Electronics,Monitor,Wholesale,Credit Card,18.0,242.96,4373.28,2,2025,Friday,4373.28,False
11309,2025-12-02,East,Farzana Islam,Stationery,Backpack,Online,Bank Transfer,5.0,40.66,203.3,12,2025,Tuesday,203.29999999999998,False
11639,2024-11-23,West,Mim Akter,Apparel,Jacket,Distributor,bKash,18.0,64.3,1157.4,11,2024,Saturday,1157.3999999999999,False
12496,2024-07-13,East,Farzana Islam,Grocery,Snack Box,Online,Credit Card,5.0,5.33,26.65,7,2024,Saturday,26.65,False
10574,2024-12-29,Central,Arif Hossain,Furniture,Dining Table,Retail Store,Cash,11.0,373.9,4112.9,12,2024,Sunday,4112.9,False
12745,2024-03-18,South,Rakib Hasan,Electronics,Smartwatch,Wholesale,Bank Transfer,23.0,143.59,3302.57,3,2024,Monday,3302.57,False
10512,2025-11-18,Central,Sadia Chowdhury,Stationery,Notebook,Online,Cash,3.0,1.93,5.79,11,2025,Tuesday,5.79,False
10015,2024-04-24,North,Arif Hossain,Stationery,Notebook,Distributor,Cash,10.0,2.02,20.2,4,2024,Wednesday,20.2,False
12881,2025-07-22,North,Rakib Hasan,Stationery,Backpack,Distributor,Bank Transfer,15.0,36.06,540.9,7,2025,Tuesday,540.9000000000001,False
10447,2025-03-20,West,Farzana Islam,Stationery,Pen Set,Retail Store,Nagad,21.0,6.04,126.84,3,2025,Thursday,126.84,False
11462,2024-01-15,South,Lamia Sultana,Apparel,Jacket,Distributor,Nagad,22.0,65.05,1431.1,1,2024,Monday,1431.1,False
10900,2025-02-12,North,Arif Hossain,Electronics,Monitor,Wholesale,Credit Card,9.0,207.79,1870.11,2,2025,Wednesday,1870.11,False
12064,2025-04-05,North,Mim Akter,Apparel,Sneakers,Retail Store,Nagad,24.0,49.82,1195.68,4,2025,Saturday,1195.68,False
11893,2025-04-17,East,Mim Akter,Grocery,Cooking Oil 1L,Retail Store,bKash,5.0,3.23,16.15,4,2025,Thursday,16.15,False
11504,2025-09-22,South,Lamia Sultana,Grocery,Rice 5kg,Distributor,Cash,17.0,8.28,140.76,9,2025,Monday,140.76,False
10164,2024-12-13,Central,Farzana Islam,Stationery,Desk Organizer,Wholesale,Cash,8.0,18.41,141.6,12,2024,Friday,147.28,True
11345,2024-12-26,South,Nusrat Jahan,Stationery,Desk Organizer,Wholesale,Nagad,12.0,18.98,227.76,12,2024,Thursday,227.76,False
10797,2025-05-05,Central,Sadia Chowdhury,Stationery,Pen Set,Distributor,Credit Card,2.0,5.61,11.22,5,2025,Monday,11.22,False
12494,2024-08-07,Central,Lamia Sultana,Stationery,Pen Set,Wholesale,bKash,16.0,6.01,96.16,8,2024,Wednesday,96.16,False
12291,2025-07-12,Central,Tanvir Ahmed,Furniture,Sofa,Wholesale,Cash,14.0,409.38,5731.32,7,2025,Saturday,5731.32,False
10840,2025-11-06,North,Tanvir Ahmed,Grocery,Coffee Jar,Retail Store,Nagad,25.0,6.83,170.75,11,2025,Thursday,170.75,False
12989,2024-11-11,North,Farzana Islam,Stationery,Pen Set,Distributor,Credit Card,16.0,6.83,109.28,11,2024,Monday,109.28,False
10925,2025-05-18,South,Nusrat Jahan,Grocery,Cooking Oil 1L,Retail Store,Nagad,4.0,3.3,13.2,5,2025,Sunday,13.2,False
10490,2024-02-25,West,Imran Kabir,Electronics,Tablet,Distributor,Nagad,1.0,325.78,325.78,2,2024,Sunday,325.78,False
12505,2024-11-29,Central,Arif Hossain,Furniture,Bookshelf,Retail Store,Cash,8.0,94.55,756.4,11,2024,Friday,756.4,False
11794,2025-05-26,Central,Tanvir Ahmed,Grocery,Snack Box,Wholesale,Credit Card,11.0,4.94,54.34,5,2025,Monday,54.34,False
11100,2025-02-08,Central,Lamia Sultana,Furniture,Dining Table,Retail Store,Credit Card,1.0,362.1,362.1,2,2025,Saturday,362.1,False
11760,2024-03-10,West,Tanvir Ahmed,Stationery,Backpack,Wholesale,Nagad,2.0,38.0,76.0,3,2024,Sunday,76.0,False
12323,2025-08-02,Central,Arif Hossain,Grocery,Tea Pack,Wholesale,Cash,6.0,3.69,22.14,8,2025,Saturday,22.14,False
12607,2025-11-01,North,Arif Hossain,Grocery,Snack Box,Wholesale,Credit Card,13.0,5.12,66.56,11,2025,Saturday,66.56,False
11427,2025-09-12,North,Lamia Sultana,Stationery,Pen Set,Wholesale,bKash,10.0,6.58,65.8,9,2025,Friday,65.8,False
12364,2024-03-30,East,Lamia Sultana,Electronics,Smartwatch,Distributor,Nagad,11.0,141.95,1561.45,3,2024,Saturday,1561.4499999999998,False
11383,2024-08-04,Central,Tanvir Ahmed,Apparel,Jeans,Online,Nagad,11.0,35.97,395.67,8,2024,Sunday,395.66999999999996,False
10622,2024-02-08,Central,Arif Hossain,Apparel,Cap,Retail Store,Credit Card,15.0,9.89,148.35,2,2024,Thursday,148.35000000000002,False
11268,2024-01-31,West,Shakil Rahman,Apparel,Cap,Distributor,Bank Transfer,1.0,9.45,37.8,1,2024,Wednesday,9.45,True
10150,2024-04-16,Unknown,Lamia Sultana,Grocery,Rice 5kg,Distributor,Cash,19.0,8.21,155.99,4,2024,Tuesday,155.99,False
10143,2024-03-03,Central,Shakil Rahman,Electronics,Monitor,Wholesale,Credit Card,16.0,244.6,3913.6,3,2024,Sunday,3913.6,False
12896,2025-01-09,South,Nusrat Jahan,Grocery,Rice 5kg,Distributor,Credit Card,17.0,7.93,134.81,1,2025,Thursday,134.81,False
11810,2024-05-30,Central,Tanvir Ahmed,Grocery,Rice 5kg,Retail Store,bKash,10.0,7.47,74.7,5,2024,Thursday,74.7,False
12220,2025-02-10,East,Shakil Rahman,Furniture,Sofa,Online,Credit Card,21.0,442.58,9294.18,2,2025,Monday,9294.18,False
11926,2025-01-07,East,Imran Kabir,Furniture,Bookshelf,Online,Nagad,3.0,92.21,276.63,1,2025,Tuesday,276.63,False
12320,2024-09-07,North,Imran Kabir,Electronics,Smartwatch,Online,Cash,1.0,158.9,158.9,9,2024,Saturday,158.9,False
10836,2024-07-02,North,Farzana Islam,Electronics,Laptop,Wholesale,Credit Card,13.0,893.47,11615.11,7,2024,Tuesday,11615.11,False
12293,2025-10-07,South,Mim Akter,Stationery,Backpack,Retail Store,Bank Transfer,10.0,40.06,400.6,10,2025,Tuesday,400.6,False
11178,2024-08-13,West,Shakil Rahman,Stationery,Notebook,Retail Store,Bank Transfer,11.0,1.93,21.23,8,2024,Tuesday,21.23,False
11138,2024-05-19,West,Tanvir Ahmed,Apparel,Cap,Wholesale,Nagad,16.0,10.24,163.84,5,2024,Sunday,163.84,False
10912,2025-02-08,North,Unknown,Stationery,Backpack,Online,Credit Card,4.0,36.13,144.52,2,2025,Saturday,144.52,False
10185,2025-04-06,South,Imran Kabir,Grocery,Snack Box,Online,bKash,12.0,5.66,67.92,4,2025,Sunday,67.92,False
12318,2025-08-19,North,Sadia Chowdhury,Furniture,Bookshelf,Distributor,bKash,2.0,95.12,190.24,8,2025,Tuesday,190.24,False
10345,2025-11-02,West,Shakil Rahman,Furniture,Office Chair,Retail Store,Bank Transfer,3.0,123.64,387.33,11,2025,Sunday,370.92,True
10521,2025-01-07,Central,Arif Hossain,Furniture,Sofa,Online,Bank Transfer,17.0,406.19,6905.23,1,2025,Tuesday,6905.23,False
11978,2025-03-28,South,Farzana Islam,Furniture,Desk,Retail Store,Nagad,3.0,181.0,543.0,3,2025,Friday,543.0,False
11802,2024-01-06,South,Sadia Chowdhury,Furniture,Office Chair,Wholesale,bKash,13.0,131.27,1706.51,1,2024,Saturday,1706.5100000000002,False
10119,2024-03-21,Central,Rakib Hasan,Stationery,Desk Organizer,Retail Store,bKash,20.0,20.12,402.4,3,2024,Thursday,402.40000000000003,False
12902,2024-11-03,North,Arif Hossain,Electronics,Smartwatch,Wholesale,Bank Transfer,23.0,150.17,3453.91,11,2024,Sunday,3453.91,False
11133,2025-12-04,Central,Rakib Hasan,Grocery,Coffee Jar,Distributor,Credit Card,17.0,7.55,128.35,12,2025,Thursday,128.35,False
11119,2024-03-27,North,Arif Hossain,Furniture,Desk,Distributor,Credit Card,4.0,184.78,739.12,3,2024,Wednesday,739.12,False
10875,2025-04-07,South,Lamia Sultana,Furniture,Dining Table,Wholesale,Cash,16.0,391.43,6262.88,4,2025,Monday,6262.88,False
12699,2024-01-28,East,Farzana Islam,Furniture,Office Chair,Wholesale,Credit Card,15.0,114.11,1711.65,1,2024,Sunday,1711.65,False
12427,2024-01-09,North,Nusrat Jahan,Stationery,Backpack,Retail Store,Credit Card,25.0,41.71,1042.75,1,2024,Tuesday,1042.75,False
11146,2025-05-18,East,Tanvir Ahmed,Furniture,Sofa,Online,Bank Transfer,7.0,414.53,2901.71,5,2025,Sunday,2901.71,False
11676,2024-09-24,Central,Shakil Rahman,Grocery,Tea Pack,Distributor,Nagad,4.0,4.36,17.44,9,2024,Tuesday,17.44,False
12279,2024-04-02,South,Shakil Rahman,Stationery,Pen Set,Wholesale,bKash,5.0,6.89,34.45,4,2024,Tuesday,34.449999999999996,False
10415,2024-08-29,West,Arif Hossain,Grocery,Snack Box,Wholesale,Nagad,16.0,4.87,77.92,8,2024,Thursday,77.92,False
11266,2024-04-20,Central,Shakil Rahman,Grocery,Coffee Jar,Distributor,Nagad,20.0,6.97,139.4,4,2024,Saturday,139.4,False
12838,2025-06-21,East,Farzana Islam,Grocery,Rice 5kg,Retail Store,Cash,6.0,7.3,43.8,6,2025,Saturday,43.8,False
11498,2025-03-03,East,Rakib Hasan,Electronics,Smartwatch,Distributor,Cash,1.0,151.75,151.75,3,2025,Monday,151.75,False
11582,2025-09-11,South,Nusrat Jahan,Stationery,Notebook,Online,Bank Transfer,12.0,2.17,26.04,9,2025,Thursday,26.04,False
12832,2025-08-22,Central,Arif Hossain,Grocery,Snack Box,Wholesale,Cash,3.0,4.66,13.98,8,2025,Friday,13.98,False
11122,2025-11-09,Central,Arif Hossain,Apparel,Cap,Retail Store,Credit Card,2.0,9.59,19.18,11,2025,Sunday,19.18,False
10879,2025-08-03,South,Farzana Islam,Stationery,Backpack,Distributor,bKash,4.0,36.14,144.56,8,2025,Sunday,144.56,False
10302,2024-10-25,Central,Mim Akter,Electronics,Smartwatch,Wholesale,Credit Card,14.0,149.54,2093.56,10,2024,Friday,2093.56,False
10010,2024-11-19,East,Tanvir Ahmed,Stationery,Pen Set,Retail Store,Credit Card,13.0,5.8,75.4,11,2024,Tuesday,75.39999999999999,False
11039,2025-12-16,West,Sadia Chowdhury,Furniture,Dining Table,Wholesale,bKash,19.0,323.36,6143.84,12,2025,Tuesday,6143.84,False
11631,2024-06-21,East,Sadia Chowdhury,Grocery,Tea Pack,Distributor,bKash,11.0,3.62,39.82,6,2024,Friday,39.82,False
10275,2024-10-01,East,Farzana Islam,Electronics,Tablet,Retail Store,Credit Card,13.0,320.53,4166.89,10,2024,Tuesday,4166.889999999999,False
11464,2025-10-12,South,Arif Hossain,Apparel,Cap,Wholesale,bKash,24.0,11.11,266.64,10,2025,Sunday,266.64,False
11323,2024-05-04,Central,Sadia Chowdhury,Electronics,Headphones,Distributor,Credit Card,24.0,62.77,1506.48,5,2024,Saturday,1506.48,False
11185,2024-07-26,North,Farzana Islam,Stationery,Notebook,Distributor,Credit Card,5.0,2.04,10.2,7,2024,Friday,10.2,False
11403,2025-07-19,East,Rakib Hasan,Electronics,Smartphone,Online,bKash,17.0,435.49,7403.33,7,2025,Saturday,7403.33,False
11846,2024-08-22,North,Imran Kabir,Grocery,Coffee Jar,Distributor,Cash,9.0,6.94,62.46,8,2024,Thursday,62.46,False
12196,2025-12-14,East,Arif Hossain,Stationery,Pen Set,Wholesale,Nagad,17.0,5.74,97.58,12,2025,Sunday,97.58,False
10424,2025-12-13,East,Shakil Rahman,Electronics,Headphones,Distributor,Bank Transfer,22.0,55.47,1220.34,12,2025,Saturday,1220.34,False
10330,2025-07-04,East,Tanvir Ahmed,Electronics,Smartphone,Distributor,bKash,10.0,376.82,3768.2,7,2025,Friday,3768.2,False
10211,2025-07-18,East,Arif Hossain,Grocery,Rice 5kg,Distributor,Bank Transfer,5.0,8.42,42.1,7,2025,Friday,42.1,False
10011,2025-10-20,East,Nusrat Jahan,Furniture,Dining Table,Wholesale,Bank Transfer,15.0,327.5,4912.5,10,2025,Monday,4912.5,False
12215,2025-11-29,North,Shakil Rahman,Apparel,Jeans,Wholesale,Bank Transfer,9.0,38.37,345.33,11,2025,Saturday,345.33,False
10882,2024-01-30,West,Rakib Hasan,Apparel,Jeans,Wholesale,bKash,10.0,40.04,400.4,1,2024,Tuesday,400.4,False
10470,2025-10-20,South,Arif Hossain,Apparel,Sneakers,Online,Credit Card,6.0,56.45,338.7,10,2025,Monday,338.70000000000005,False
11414,2024-04-08,Central,Mim Akter,Grocery,Coffee Jar,Wholesale,Cash,8.0,6.5,52.0,4,2024,Monday,52.0,False
11616,2025-09-16,West,Shakil Rahman,Grocery,Cooking Oil 1L,Online,Nagad,15.0,2.82,42.3,9,2025,Tuesday,42.3,False
12153,2024-08-15,East,Shakil Rahman,Electronics,Headphones,Retail Store,Credit Card,23.0,64.65,1486.95,8,2024,Thursday,1486.95,False
12424,2024-08-19,East,Unknown,Stationery,Pen Set,Wholesale,Cash,19.0,6.72,127.68,8,2024,Monday,127.67999999999999,False
12987,2025-06-21,North,Mim Akter,Apparel,Sneakers,Retail Store,Credit Card,16.0,58.0,928.0,6,2025,Saturday,928.0,False
10769,2024-03-02,East,Rakib Hasan,Apparel,Jeans,Online,Nagad,9.0,32.69,294.21,3,2024,Saturday,294.21,False
12008,2024-07-08,Central,Unknown,Stationery,Desk Organizer,Online,Credit Card,7.0,19.89,139.23,7,2024,Monday,139.23000000000002,False
12484,2024-05-28,South,Farzana Islam,Furniture,Bookshelf,Retail Store,Bank Transfer,6.0,82.69,496.14,5,2024,Tuesday,496.14,False
12054,2024-03-21,North,Nusrat Jahan,Electronics,Tablet,Retail Store,Credit Card,20.0,282.25,5645.0,3,2024,Thursday,5645.0,False
12827,2025-01-19,North,Rakib Hasan,Grocery,Coffee Jar,Distributor,bKash,11.0,6.53,71.83,1,2025,Sunday,71.83,False
12184,2025-07-06,Central,Mim Akter,Stationery,Desk Organizer,Wholesale,Credit Card,6.0,16.48,98.88,7,2025,Sunday,98.88,False
12200,2024-02-14,North,Mim Akter,Grocery,Coffee Jar,Retail Store,bKash,9.0,6.86,61.74,2,2024,Wednesday,61.74,False
12265,2024-03-15,West,Arif Hossain,Stationery,Notebook,Wholesale,Nagad,12.0,1.82,21.84,3,2024,Friday,21.84,False
11793,2024-11-07,East,Imran Kabir,Stationery,Backpack,Distributor,bKash,14.0,42.19,590.66,11,2024,Thursday,590.66,False
10904,2024-07-09,North,Imran Kabir,Stationery,Desk Organizer,Distributor,Nagad,14.0,19.04,266.56,7,2024,Tuesday,266.56,False
12106,2024-07-05,Central,Nusrat Jahan,Grocery,Rice 5kg,Wholesale,Nagad,22.0,7.4,162.8,7,2024,Friday,162.8,False
11974,2025-12-30,Central,Sadia Chowdhury,Stationery,Notebook,Wholesale,Nagad,24.0,2.21,53.04,12,2025,Tuesday,53.04,False
10678,2024-11-11,South,Shakil Rahman,Furniture,Office Chair,Distributor,Credit Card,10.0,123.2,1232.0,11,2024,Monday,1232.0,False
12583,2025-02-15,Central,Tanvir Ahmed,Stationery,Desk Organizer,Wholesale,Bank Transfer,9.0,19.33,173.97,2,2025,Saturday,173.96999999999997,False
11310,2025-05-13,East,Lamia Sultana,Furniture,Dining Table,Retail Store,Cash,10.0,320.65,3206.5,5,2025,Tuesday,3206.5,False
12621,2024-10-25,Central,Farzana Islam,Stationery,Notebook,Online,Bank Transfer,20.0,2.22,44.4,10,2024,Friday,44.400000000000006,False
11716,2024-08-30,East,Farzana Islam,Electronics,Smartphone,Retail Store,Nagad,25.0,368.74,9218.5,8,2024,Friday,9218.5,False
11169,2024-10-23,South,Lamia Sultana,Stationery,Notebook,Distributor,bKash,2.0,2.28,4.56,10,2024,Wednesday,4.56,False
11211,2024-07-25,North,Shakil Rahman,Furniture,Dining Table,Retail Store,Nagad,21.0,396.31,8322.51,7,2024,Thursday,8322.51,False
12808,2025-12-04,North,Nusrat Jahan,Stationery,Pen Set,Distributor,Cash,21.0,6.3,132.3,12,2025,Thursday,132.29999999999998,False
10854,2025-02-28,East,Imran Kabir,Apparel,Cap,Distributor,bKash,13.0,9.63,125.19,2,2025,Friday,125.19000000000001,False
11565,2024-09-08,Central,Nusrat Jahan,Stationery,Backpack,Online,Bank Transfer,11.0,41.73,459.03,9,2024,Sunday,459.03,False
10747,2024-07-16,West,Nusrat Jahan,Grocery,Rice 5kg,Retail Store,Credit Card,1.0,8.64,8.64,7,2024,Tuesday,8.64,False
11944,2025-11-12,South,Imran Kabir,Furniture,Desk,Distributor,bKash,22.0,172.92,3804.24,11,2025,Wednesday,3804.24,False
12969,2024-05-27,South,Nusrat Jahan,Electronics,Tablet,Retail Store,Bank Transfer,8.0,319.03,2552.24,5,2024,Monday,2552.24,False
12535,2025-05-29,East,Farzana Islam,Apparel,Jeans,Wholesale,Credit Card,11.0,35.78,393.58,5,2025,Thursday,393.58000000000004,False
11508,2024-08-14,South,Nusrat Jahan,Apparel,T-Shirt,Online,Cash,3.0,15.79,47.37,8,2024,Wednesday,47.37,False
11561,2024-03-17,Central,Sadia Chowdhury,Furniture,Dining Table,Distributor,Credit Card,8.0,329.04,2632.32,3,2024,Sunday,2632.32,False
11002,2025-08-02,West,Sadia Chowdhury,Apparel,Jeans,Distributor,Nagad,11.0,36.89,405.79,8,2025,Saturday,405.79,False
11107,2024-02-25,North,Rakib Hasan,Stationery,Desk Organizer,Distributor,Nagad,1.0,17.57,404.11,2,2024,Sunday,17.57,True
11192,2025-05-26,East,Mim Akter,Apparel,Cap,Online,Cash,22.0,9.92,218.24,5,2025,Monday,218.24,False
10058,2024-09-06,South,Imran Kabir,Grocery,Snack Box,Wholesale,Bank Transfer,5.0,5.32,26.6,9,2024,Friday,26.6,False
10998,2024-03-02,South,Nusrat Jahan,Stationery,Desk Organizer,Retail Store,Credit Card,5.0,17.6,88.0,3,2024,Saturday,88.0,False
12126,2024-03-12,North,Rakib Hasan,Stationery,Desk Organizer,Retail Store,Bank Transfer,6.0,16.45,98.7,3,2024,Tuesday,98.69999999999999,False
10603,2024-07-16,South,Mim Akter,Furniture,Sofa,Distributor,Bank Transfer,1.0,482.54,482.54,7,2024,Tuesday,482.54,False
12891,2025-09-01,North,Arif Hossain,Electronics,Smartwatch,Online,Nagad,13.0,148.04,1924.52,9,2025,Monday,1924.52,False
11718,2025-12-22,North,Lamia Sultana,Grocery,Tea Pack,Online,Credit Card,5.0,3.8,19.0,12,2025,Monday,19.0,False
12488,2024-08-12,South,Farzana Islam,Furniture,Dining Table,Online,Credit Card,14.0,351.95,4927.3,8,2024,Monday,4927.3,False
12094,2025-09-26,North,Nusrat Jahan,Apparel,Jeans,Retail Store,Cash,7.0,38.65,270.55,9,2025,Friday,270.55,False
10479,2024-04-20,South,Sadia Chowdhury,Electronics,Tablet,Retail Store,Cash,25.0,301.09,7527.25,4,2024,Saturday,7527.249999999999,False
10133,2025-11-17,South,Imran Kabir,Furniture,Dining Table,Wholesale,Cash,24.0,375.94,9022.56,11,2025,Monday,9022.56,False
11558,2025-02-22,West,Tanvir Ahmed,Stationery,Desk Organizer,Wholesale,Credit Card,12.0,19.11,229.32,2,2025,Saturday,229.32,False
10647,2024-05-28,East,Arif Hossain,Furniture,Desk,Retail Store,Bank Transfer,21.0,203.99,4283.79,5,2024,Tuesday,4283.79,False
10333,2024-03-30,North,Sadia Chowdhury,Furniture,Bookshelf,Distributor,Cash,15.0,100.47,1507.05,3,2024,Saturday,1507.05,False
11774,2024-01-24,Central,Arif Hossain,Furniture,Sofa,Distributor,Cash,23.0,468.36,10772.28,1,2024,Wednesday,10772.28,False
10406,2025-03-17,Central,Lamia Sultana,Electronics,Headphones,Wholesale,Credit Card,21.0,56.47,1185.87,3,2025,Monday,1185.87,False
11000,2024-08-31,North,Arif Hossain,Apparel,Jacket,Retail Store,Credit Card,17.0,71.81,1220.77,8,2024,Saturday,1220.77,False
10964,2025-09-21,East,Imran Kabir,Electronics,Smartphone,Retail Store,Credit Card,11.0,378.15,4159.65,9,2025,Sunday,4159.65,False
12818,2025-11-07,East,Shakil Rahman,Stationery,Pen Set,Distributor,Credit Card,1.0,6.09,6.09,11,2025,Friday,6.09,False
12802,2024-09-25,South,Farzana Islam,Stationery,Pen Set,Wholesale,Credit Card,21.0,6.68,140.28,9,2024,Wednesday,140.28,False
10113,2025-03-26,North,Rakib Hasan,Furniture,Sofa,Distributor,Credit Card,4.0,464.17,1856.68,3,2025,Wednesday,1856.68,False
11544,2024-09-29,West,Rakib Hasan,Furniture,Desk,Online,Nagad,18.0,174.49,3140.82,9,2024,Sunday,3140.82,False
11651,2025-02-15,West,Farzana Islam,Grocery,Tea Pack,Retail Store,Cash,7.0,3.83,26.81,2,2025,Saturday,26.810000000000002,False
12170,2025-08-22,East,Tanvir Ahmed,Grocery,Rice 5kg,Online,Cash,8.0,8.29,66.32,8,2025,Friday,66.32,False
10892,2025-03-22,West,Shakil Rahman,Furniture,Office Chair,Retail Store,Bank Transfer,4.0,137.86,551.44,3,2025,Saturday,551.44,False
11888,2024-06-23,North,Lamia Sultana,Stationery,Notebook,Online,bKash,13.0,2.21,28.73,6,2024,Sunday,28.73,False
10409,2024-03-30,North,Mim Akter,Grocery,Cooking Oil 1L,Online,Bank Transfer,10.0,3.32,33.2,3,2024,Saturday,33.199999999999996,False
10625,2025-01-25,Central,Shakil Rahman,Stationery,Notebook,Online,Nagad,3.0,2.19,6.57,1,2025,Saturday,6.57,False
10698,2025-09-23,West,Nusrat Jahan,Apparel,Sneakers,Retail Store,bKash,9.0,62.05,558.45,9,2025,Tuesday,558.4499999999999,False
10564,2025-04-13,Central,Mim Akter,Stationery,Notebook,Wholesale,bKash,4.0,2.15,8.6,4,2025,Sunday,8.6,False
11859,2025-02-21,Central,Imran Kabir,Apparel,Cap,Distributor,Nagad,6.0,10.26,61.56,2,2025,Friday,61.56,False
11218,2025-09-13,West,Nusrat Jahan,Grocery,Rice 5kg,Retail Store,Nagad,3.0,9.12,27.36,9,2025,Saturday,27.36,False
12347,2024-02-27,West,Sadia Chowdhury,Furniture,Office Chair,Online,Nagad,12.0,120.18,1442.16,2,2024,Tuesday,1442.16,False
10645,2024-09-03,West,Arif Hossain,Furniture,Office Chair,Retail Store,Bank Transfer,19.0,112.58,2139.02,9,2024,Tuesday,2139.02,False
11966,2024-05-15,South,Nusrat Jahan,Furniture,Office Chair,Retail Store,bKash,10.0,121.83,1218.3,5,2024,Wednesday,1218.3,False
12964,2025-10-20,South,Rakib Hasan,Furniture,Desk,Wholesale,Credit Card,12.0,194.52,2334.24,10,2025,Monday,2334.2400000000002,False
10804,2025-06-21,South,Nusrat Jahan,Stationery,Notebook,Distributor,Bank Transfer,11.0,1.83,20.13,6,2025,Saturday,20.130000000000003,False
12369,2025-02-26,South,Tanvir Ahmed,Apparel,Jacket,Wholesale,Nagad,8.0,69.19,553.52,2,2025,Wednesday,553.52,False
12367,2024-10-19,East,Rakib Hasan,Stationery,Notebook,Wholesale,Credit Card,2.0,2.3,4.6,10,2024,Saturday,4.6,False
12460,2024-07-01,Central,Lamia Sultana,Apparel,T-Shirt,Distributor,Cash,20.0,14.69,293.8,7,2024,Monday,293.8,False
10837,2025-11-07,East,Lamia Sultana,Apparel,Jeans,Online,Credit Card,25.0,36.05,901.25,11,2025,Friday,901.2499999999999,False
12694,2024-11-23,Central,Lamia Sultana,Furniture,Sofa,Wholesale,Credit Card,16.0,432.76,6924.16,11,2024,Saturday,6924.16,False
10902,2025-12-02,East,Sadia Chowdhury,Furniture,Office Chair,Wholesale,Cash,20.0,111.94,2238.8,12,2025,Tuesday,2238.8,False
12638,2024-05-31,East,Imran Kabir,Apparel,Cap,Wholesale,Bank Transfer,23.0,9.13,209.99,5,2024,Friday,209.99,False
10216,2024-10-08,North,Shakil Rahman,Stationery,Backpack,Retail Store,Nagad,5.0,42.25,211.25,10,2024,Tuesday,211.25,False
12489,2024-12-22,South,Tanvir Ahmed,Electronics,Monitor,Online,Credit Card,7.0,239.14,1673.98,12,2024,Sunday,1673.98,False
10807,2024-01-28,East,Sadia Chowdhury,Apparel,Cap,Wholesale,bKash,1.0,9.39,9.39,1,2024,Sunday,9.39,False
11140,2025-04-04,Central,Lamia Sultana,Apparel,Jeans,Online,Nagad,6.0,37.4,224.4,4,2025,Friday,224.39999999999998,False
12984,2025-06-07,West,Sadia Chowdhury,Apparel,T-Shirt,Distributor,Bank Transfer,20.0,15.05,301.0,6,2025,Saturday,301.0,False
12415,2025-12-08,South,Imran Kabir,Electronics,Tablet,Distributor,Bank Transfer,2.0,289.27,578.54,12,2025,Monday,578.54,False
12224,2025-06-13,North,Mim Akter,Apparel,T-Shirt,Distributor,Nagad,21.0,14.96,314.16,6,2025,Friday,314.16,False
12538,2024-10-31,East,Nusrat Jahan,Grocery,Cooking Oil 1L,Distributor,bKash,15.0,3.36,50.4,10,2024,Thursday,50.4,False
11812,2025-05-06,Unknown,Rakib Hasan,Stationery,Notebook,Distributor,bKash,7.0,1.89,13.23,5,2025,Tuesday,13.229999999999999,False
10949,2024-05-10,West,Rakib Hasan,Grocery,Coffee Jar,Retail Store,Nagad,16.0,7.54,120.64,5,2024,Friday,120.64,False
12721,2024-03-03,West,Shakil Rahman,Apparel,Jeans,Wholesale,Credit Card,14.0,36.28,507.92,3,2024,Sunday,507.92,False
11384,2025-01-25,South,Imran Kabir,Stationery,Backpack,Online,bKash,25.0,45.98,1149.5,1,2025,Saturday,1149.5,False
11566,2024-03-10,Central,Shakil Rahman,Apparel,Cap,Online,bKash,23.0,10.78,247.94,3,2024,Sunday,247.94,False
10803,2025-02-28,West,Shakil Rahman,Grocery,Coffee Jar,Retail Store,Bank Transfer,5.0,7.76,38.8,2,2025,Friday,38.8,False
12988,2024-11-14,East,Shakil Rahman,Furniture,Dining Table,Distributor,Credit Card,12.0,400.91,4810.92,11,2024,Thursday,4810.92,False
12481,2024-02-13,East,Shakil Rahman,Electronics,Tablet,Retail Store,Credit Card,13.0,283.32,3683.16,2,2024,Tuesday,3683.16,False
12061,2025-10-05,Central,Arif Hossain,Electronics,Tablet,Retail Store,Credit Card,7.0,289.58,2027.06,10,2025,Sunday,2027.06,False
10929,2025-03-24,South,Arif Hossain,Stationery,Backpack,Online,Credit Card,15.0,45.63,684.45,3,2025,Monday,684.45,False
12669,2024-04-12,North,Nusrat Jahan,Stationery,Desk Organizer,Wholesale,bKash,23.0,19.48,448.04,4,2024,Friday,448.04,False
11461,2025-11-01,North,Arif Hossain,Electronics,Headphones,Distributor,bKash,20.0,65.06,1301.2,11,2025,Saturday,1301.2,False
11407,2024-06-09,North,Nusrat Jahan,Electronics,Headphones,Online,Cash,17.0,59.03,1003.51,6,2024,Sunday,1003.51,False
10515,2025-03-14,South,Lamia Sultana,Apparel,Cap,Distributor,Cash,6.0,9.01,54.06,3,2025,Friday,54.06,False
12765,2025-02-23,South,Sadia Chowdhury,Grocery,Coffee Jar,Online,bKash,13.0,6.3,81.9,2,2025,Sunday,81.89999999999999,False
10462,2024-04-28,East,Mim Akter,Furniture,Office Chair,Distributor,Bank Transfer,4.0,133.54,534.16,4,2024,Sunday,534.16,False
11645,2025-12-14,South,Sadia Chowdhury,Furniture,Sofa,Distributor,Nagad,22.0,439.27,9663.94,12,2025,Sunday,9663.939999999999,False
10684,2024-04-29,Central,Imran Kabir,Furniture,Dining Table,Retail Store,Nagad,25.0,341.97,8549.25,4,2024,Monday,8549.25,False
11182,2025-10-22,North,Imran Kabir,Electronics,Smartphone,Retail Store,Bank Transfer,13.0,370.02,4810.26,10,2025,Wednesday,4810.26,False
10657,2024-10-25,West,Arif Hossain,Electronics,Smartwatch,Online,bKash,15.0,149.93,2248.95,10,2024,Friday,2248.9500000000003,False
12423,2025-08-06,East,Lamia Sultana,Apparel,T-Shirt,Online,Bank Transfer,20.0,15.71,314.2,8,2025,Wednesday,314.20000000000005,False
11575,2025-08-21,West,Rakib Hasan,Furniture,Bookshelf,Distributor,bKash,22.0,98.28,2162.16,8,2025,Thursday,2162.16,False
11509,2025-02-02,Central,Unknown,Stationery,Desk Organizer,Distributor,Nagad,16.0,20.38,326.08,2,2025,Sunday,326.08,False
11952,2025-09-20,East,Shakil Rahman,Electronics,Smartphone,Retail Store,Nagad,19.0,439.9,8358.1,9,2025,Saturday,8358.1,False
12177,2025-08-05,South,Arif Hossain,Grocery,Cooking Oil 1L,Distributor,Nagad,4.0,3.45,13.8,8,2025,Tuesday,13.8,False
12739,2024-06-16,South,Shakil Rahman,Furniture,Desk,Retail Store,Bank Transfer,19.0,181.2,3442.8,6,2024,Sunday,3442.7999999999997,False
11307,2024-12-05,Central,Rakib Hasan,Stationery,Desk Organizer,Distributor,Cash,13.0,18.85,245.05,12,2024,Thursday,245.05,False
12329,2024-04-18,East,Lamia Sultana,Grocery,Rice 5kg,Online,Bank Transfer,25.0,7.42,185.5,4,2024,Thursday,185.5,False
11706,2024-06-30,East,Farzana Islam,Stationery,Backpack,Distributor,Credit Card,5.0,42.24,211.2,6,2024,Sunday,211.20000000000002,False
11883,2025-03-16,West,Lamia Sultana,Grocery,Coffee Jar,Retail Store,Bank Transfer,8.0,6.8,54.4,3,2025,Sunday,54.4,False
10499,2025-01-30,North,Mim Akter,Stationery,Pen Set,Wholesale,Credit Card,9.0,6.21,55.89,1,2025,Thursday,55.89,False
12876,2025-01-07,North,Sadia Chowdhury,Stationery,Desk Organizer,Wholesale,Cash,23.0,17.45,401.35,1,2025,Tuesday,401.34999999999997,False
10752,2024-03-06,West,Lamia Sultana,Apparel,T-Shirt,Retail Store,Nagad,4.0,13.93,55.72,3,2024,Wednesday,55.72,False
11442,2025-03-02,Central,Sadia Chowdhury,Furniture,Desk,Online,Cash,6.0,168.77,1012.62,3,2025,Sunday,1012.6200000000001,False
10581,2024-10-17,West,Shakil Rahman,Furniture,Office Chair,Retail Store,bKash,15.0,126.79,1901.85,10,2024,Thursday,1901.8500000000001,False
10519,2024-08-05,North,Lamia Sultana,Electronics,Smartwatch,Wholesale,Nagad,2.0,155.68,311.36,8,2024,Monday,311.36,False
12809,2024-01-28,East,Mim Akter,Electronics,Laptop,Wholesale,Bank Transfer,13.0,892.25,11599.25,1,2024,Sunday,11599.25,False
12006,2024-08-19,South,Rakib Hasan,Furniture,Sofa,Wholesale,Cash,2.0,504.27,1008.54,8,2024,Monday,1008.54,False
11041,2024-03-19,Unknown,Arif Hossain,Furniture,Sofa,Online,Cash,25.0,416.84,10421.0,3,2024,Tuesday,10421.0,False
10899,2025-10-21,Central,Rakib Hasan,Grocery,Tea Pack,Retail Store,Credit Card,10.0,3.92,39.2,10,2025,Tuesday,39.2,False
11001,2025-10-17,West,Mim Akter,Stationery,Notebook,Retail Store,bKash,7.0,2.19,15.33,10,2025,Friday,15.33,False
11762,2025-07-03,South,Imran Kabir,Apparel,Cap,Retail Store,bKash,1.0,11.29,11.29,7,2025,Thursday,11.29,False
12632,2024-09-21,Central,Farzana Islam,Apparel,Jacket,Wholesale,Bank Transfer,13.0,62.48,812.24,9,2024,Saturday,812.24,False
11547,2025-07-09,North,Sadia Chowdhury,Electronics,Tablet,Retail Store,Credit Card,19.0,286.12,5436.28,7,2025,Wednesday,5436.28,False
12956,2025-10-17,North,Lamia Sultana,Apparel,Cap,Distributor,Bank Transfer,21.0,11.38,238.98,10,2025,Friday,238.98000000000002,False
10958,2025-10-22,South,Tanvir Ahmed,Apparel,T-Shirt,Distributor,Nagad,4.0,15.91,63.64,10,2025,Wednesday,63.64,False
12569,2025-05-23,West,Farzana Islam,Grocery,Cooking Oil 1L,Distributor,Nagad,7.0,2.98,20.86,5,2025,Friday,20.86,False
11564,2025-02-27,West,Rakib Hasan,Apparel,T-Shirt,Online,Cash,5.0,16.78,83.9,2,2025,Thursday,83.9,False
12334,2025-05-03,North,Arif Hossain,Apparel,T-Shirt,Retail Store,bKash,6.0,13.5,81.0,5,2025,Saturday,81.0,False
10870,2024-08-03,Unknown,Farzana Islam,Grocery,Tea Pack,Retail Store,Cash,6.0,4.52,27.12,8,2024,Saturday,27.119999999999997,False
12444,2025-08-10,North,Rakib Hasan,Electronics,Smartphone,Distributor,Bank Transfer,4.0,381.55,1526.2,8,2025,Sunday,1526.2,False
11226,2024-03-28,West,Sadia Chowdhury,Electronics,Headphones,Wholesale,Credit Card,6.0,64.98,389.88,3,2024,Thursday,389.88,False
10294,2025-07-31,West,Farzana Islam,Stationery,Pen Set,Distributor,bKash,8.0,6.25,50.0,7,2025,Thursday,50.0,False
11118,2024-05-05,North,Arif Hossain,Stationery,Pen Set,Wholesale,Cash,2.0,5.59,11.18,5,2024,Sunday,11.18,False
10508,2024-10-29,South,Rakib Hasan,Furniture,Dining Table,Wholesale,Nagad,21.0,327.61,6879.81,10,2024,Tuesday,6879.81,False
10880,2025-12-31,West,Sadia Chowdhury,Stationery,Desk Organizer,Online,bKash,7.0,17.06,119.42,12,2025,Wednesday,119.41999999999999,False
12854,2024-07-22,South,Mim Akter,Furniture,Office Chair,Online,Nagad,17.0,122.53,2083.01,7,2024,Monday,2083.01,False
10183,2024-02-23,South,Nusrat Jahan,Stationery,Desk Organizer,Retail Store,Cash,21.0,18.36,385.56,2,2024,Friday,385.56,False
12584,2025-07-03,Central,Rakib Hasan,Stationery,Notebook,Retail Store,Nagad,25.0,2.23,55.75,7,2025,Thursday,55.75,False
10217,2025-11-05,Central,Rakib Hasan,Stationery,Notebook,Retail Store,bKash,20.0,2.16,43.2,11,2025,Wednesday,43.2,False
12647,2025-07-29,North,Unknown,Grocery,Coffee Jar,Online,bKash,8.0,7.21,57.68,7,2025,Tuesday,57.68,False
12616,2024-04-18,West,Tanvir Ahmed,Apparel,T-Shirt,Retail Store,Credit Card,19.0,16.0,304.0,4,2024,Thursday,304.0,False
11432,2024-12-06,West,Lamia Sultana,Grocery,Tea Pack,Online,Cash,5.0,4.41,22.05,12,2024,Friday,22.05,False
12502,2025-12-10,West,Lamia Sultana,Apparel,Cap,Retail Store,Nagad,10.0,9.87,98.7,12,2025,Wednesday,98.69999999999999,False
11584,2025-02-13,North,Tanvir Ahmed,Electronics,Tablet,Wholesale,Bank Transfer,4.0,296.6,1186.4,2,2025,Thursday,1186.4,False
10363,2025-05-26,West,Sadia Chowdhury,Stationery,Notebook,Distributor,Credit Card,19.0,1.88,35.72,5,2025,Monday,35.72,False
10441,2024-08-15,Central,Rakib Hasan,Furniture,Bookshelf,Distributor,Credit Card,12.0,86.02,1032.24,8,2024,Thursday,1032.24,False
12430,2024-11-05,North,Nusrat Jahan,Furniture,Desk,Online,Credit Card,9.0,187.5,1687.5,11,2024,Tuesday,1687.5,False
12723,2024-07-22,North,Tanvir Ahmed,Electronics,Headphones,Distributor,Nagad,7.0,61.06,397.39,7,2024,Monday,427.42,True
11574,2025-09-30,North,Imran Kabir,Stationery,Desk Organizer,Distributor,Credit Card,13.0,16.28,211.64,9,2025,Tuesday,211.64000000000001,False
11719,2025-12-03,North,Farzana Islam,Electronics,Smartphone,Online,Bank Transfer,8.0,381.02,3048.16,12,2025,Wednesday,3048.16,False
11073,2025-03-10,West,Mim Akter,Apparel,Cap,Online,Bank Transfer,24.0,9.62,230.88,3,2025,Monday,230.88,False
11900,2025-09-10,North,Rakib Hasan,Apparel,Jeans,Retail Store,Nagad,16.0,39.87,637.92,9,2025,Wednesday,637.92,False
11671,2025-11-15,South,Rakib Hasan,Grocery,Rice 5kg,Retail Store,Nagad,9.0,8.96,80.64,11,2025,Saturday,80.64000000000001,False
10605,2025-04-24,Central,Rakib Hasan,Grocery,Cooking Oil 1L,Distributor,Cash,9.0,3.35,30.15,4,2025,Thursday,30.150000000000002,False
10485,2024-12-26,South,Arif Hossain,Apparel,Jeans,Distributor,Credit Card,18.0,35.7,642.6,12,2024,Thursday,642.6,False
12292,2024-11-02,South,Lamia Sultana,Grocery,Coffee Jar,Retail Store,Cash,18.0,7.18,129.24,11,2024,Saturday,129.24,False
10617,2024-12-11,South,Rakib Hasan,Grocery,Rice 5kg,Wholesale,Nagad,22.0,7.52,165.44,12,2024,Wednesday,165.44,False
10128,2024-03-18,East,Mim Akter,Apparel,Sneakers,Online,Bank Transfer,5.0,59.87,299.35,3,2024,Monday,299.34999999999997,False
12524,2025-05-10,Central,Lamia Sultana,Apparel,Jeans,Online,Bank Transfer,9.0,37.32,335.88,5,2025,Saturday,335.88,False
10478,2024-09-17,West,Rakib Hasan,Electronics,Smartphone,Wholesale,Credit Card,20.0,379.59,7591.8,9,2024,Tuesday,7591.799999999999,False
12222,2025-12-11,South,Sadia Chowdhury,Furniture,Bookshelf,Wholesale,Bank Transfer,22.0,91.66,2016.52,12,2025,Thursday,2016.52,False
12151,2024-03-28,Central,Unknown,Electronics,Smartphone,Online,Bank Transfer,14.0,402.62,5636.68,3,2024,Thursday,5636.68,False
11658,2024-12-11,West,Nusrat Jahan,Furniture,Office Chair,Retail Store,Nagad,15.0,135.86,2037.9,12,2024,Wednesday,2037.9,False
10372,2024-04-05,West,Tanvir Ahmed,Furniture,Sofa,Retail Store,Cash,2.0,508.64,1017.28,4,2024,Friday,1017.28,False
10857,2025-03-21,South,Nusrat Jahan,Apparel,Sneakers,Retail Store,Cash,14.0,53.88,754.32,3,2025,Friday,754.32,False
10099,2025-08-13,Central,Lamia Sultana,Electronics,Smartphone,Online,Cash,2.0,436.31,872.62,8,2025,Wednesday,872.62,False
10191,2024-10-25,Central,Lamia Sultana,Electronics,Monitor,Retail Store,bKash,14.0,198.09,2773.26,10,2024,Friday,2773.26,False
12623,2024-11-29,West,Lamia Sultana,Stationery,Pen Set,Retail Store,bKash,8.0,5.82,46.56,11,2024,Friday,46.56,False
11852,2024-07-19,West,Rakib Hasan,Stationery,Desk Organizer,Retail Store,Credit Card,20.0,19.41,388.2,7,2024,Friday,388.2,False
11569,2025-01-17,North,Unknown,Grocery,Coffee Jar,Online,Nagad,1.0,7.29,7.29,1,2025,Friday,7.29,False
11971,2025-03-11,Unknown,Rakib Hasan,Stationery,Backpack,Retail Store,Bank Transfer,6.0,42.11,252.66,3,2025,Tuesday,252.66,False
11999,2025-01-21,South,Tanvir Ahmed,Furniture,Bookshelf,Online,Bank Transfer,10.0,90.25,902.5,1,2025,Tuesday,902.5,False
12903,2024-08-28,East,Imran Kabir,Furniture,Sofa,Online,Nagad,7.0,504.12,3528.84,8,2024,Wednesday,3528.84,False
12978,2024-07-03,South,Lamia Sultana,Electronics,Smartphone,Wholesale,Credit Card,4.0,453.57,1814.28,7,2024,Wednesday,1814.28,False
11589,2025-05-24,East,Farzana Islam,Furniture,Desk,Retail Store,Credit Card,7.0,175.77,1230.39,5,2025,Saturday,1230.39,False
10988,2024-07-20,South,Imran Kabir,Electronics,Monitor,Online,bKash,6.0,216.11,1296.66,7,2024,Saturday,1296.66,False
12594,2025-12-22,North,Tanvir Ahmed,Apparel,T-Shirt,Wholesale,Nagad,9.0,13.87,124.83,12,2025,Monday,124.83,False
10385,2024-02-05,East,Shakil Rahman,Furniture,Desk,Wholesale,bKash,20.0,189.86,3797.2,2,2024,Monday,3797.2000000000003,False
11931,2024-10-02,East,Imran Kabir,Grocery,Rice 5kg,Online,Cash,24.0,7.3,175.2,10,2024,Wednesday,175.2,False
11583,2025-01-03,South,Nusrat Jahan,Apparel,Sneakers,Online,Nagad,16.0,53.01,848.16,1,2025,Friday,848.16,False
10034,2024-07-28,Central,Arif Hossain,Grocery,Snack Box,Distributor,Cash,22.0,5.4,118.8,7,2024,Sunday,118.80000000000001,False
11841,2025-05-26,Central,Mim Akter,Grocery,Coffee Jar,Distributor,Credit Card,17.0,7.38,125.46,5,2025,Monday,125.46,False
12537,2025-04-03,East,Lamia Sultana,Electronics,Headphones,Online,Cash,15.0,58.61,879.15,4,2025,Thursday,879.15,False
12559,2024-08-10,Central,Farzana Islam,Stationery,Desk Organizer,Online,bKash,21.0,16.33,342.93,8,2024,Saturday,342.92999999999995,False
11195,2025-03-10,West,Mim Akter,Furniture,Desk,Distributor,Bank Transfer,16.0,193.2,3091.2,3,2025,Monday,3091.2,False
12142,2024-04-16,South,Sadia Chowdhury,Electronics,Monitor,Distributor,Nagad,1.0,240.04,1200.2,4,2024,Tuesday,240.04,True
11979,2024-12-11,Unknown,Sadia Chowdhury,Stationery,Notebook,Retail Store,Cash,1.0,1.82,1.82,12,2024,Wednesday,1.82,False
11248,2025-08-08,Central,Mim Akter,Apparel,Cap,Distributor,bKash,14.0,9.6,134.4,8,2025,Friday,134.4,False
12411,2024-12-23,Central,Farzana Islam,Furniture,Office Chair,Distributor,Credit Card,16.0,132.23,2115.68,12,2024,Monday,2115.68,False
10074,2025-08-29,West,Imran Kabir,Apparel,Cap,Retail Store,Credit Card,23.0,11.08,254.84,8,2025,Friday,254.84,False
11904,2024-12-06,Central,Sadia Chowdhury,Stationery,Backpack,Online,Cash,1.0,40.07,40.07,12,2024,Friday,40.07,False
12935,2024-12-03,West,Arif Hossain,Furniture,Desk,Wholesale,Credit Card,22.0,186.6,4105.2,12,2024,Tuesday,4105.2,False
12306,2025-02-06,South,Farzana Islam,Apparel,T-Shirt,Online,Credit Card,10.0,17.09,170.9,2,2025,Thursday,170.9,False
10910,2025-03-02,South,Imran Kabir,Grocery,Cooking Oil 1L,Online,Credit Card,23.0,2.92,67.16,3,2025,Sunday,67.16,False
11024,2024-06-01,Central,Tanvir Ahmed,Grocery,Coffee Jar,Wholesale,Nagad,13.0,6.7,87.1,6,2024,Saturday,87.10000000000001,False
10130,2024-04-20,East,Lamia Sultana,Grocery,Tea Pack,Wholesale,Cash,22.0,3.83,84.26,4,2024,Saturday,84.26,False
12578,2025-10-11,North,Farzana Islam,Grocery,Rice 5kg,Wholesale,Cash,7.0,7.87,55.09,10,2025,Saturday,55.09,False
12579,2024-02-08,East,Tanvir Ahmed,Apparel,Sneakers,Distributor,Credit Card,7.0,58.7,410.9,2,2024,Thursday,410.90000000000003,False
12283,2024-02-14,West,Tanvir Ahmed,Apparel,Jeans,Retail Store,bKash,2.0,35.55,71.1,2,2024,Wednesday,71.1,False
12037,2025-11-10,East,Tanvir Ahmed,Stationery,Notebook,Distributor,Bank Transfer,4.0,2.29,9.16,11,2025,Monday,9.16,False
12261,2025-02-12,North,Sadia Chowdhury,Furniture,Bookshelf,Distributor,Credit Card,20.0,99.4,1988.0,2,2025,Wednesday,1988.0,False
12335,2024-05-10,South,Lamia Sultana,Furniture,Dining Table,Distributor,Nagad,21.0,396.08,8317.68,5,2024,Friday,8317.68,False
11521,2025-08-07,South,Unknown,Stationery,Pen Set,Online,Nagad,24.0,6.01,144.24,8,2025,Thursday,144.24,False
11691,2025-10-03,Central,Nusrat Jahan,Grocery,Coffee Jar,Wholesale,bKash,12.0,6.66,79.92,10,2025,Friday,79.92,False
11962,2025-12-06,Central,Nusrat Jahan,Apparel,Cap,Online,Bank Transfer,9.0,10.35,93.15,12,2025,Saturday,93.14999999999999,False
10690,2025-06-17,East,Sadia Chowdhury,Stationery,Notebook,Online,Credit Card,25.0,2.13,53.25,6,2025,Tuesday,53.25,False
10117,2024-06-19,West,Farzana Islam,Furniture,Office Chair,Online,Bank Transfer,23.0,116.98,2690.54,6,2024,Wednesday,2690.54,False
11199,2024-05-22,North,Tanvir Ahmed,Grocery,Cooking Oil 1L,Distributor,Cash,10.0,3.05,30.5,5,2024,Wednesday,30.5,False
11906,2024-09-28,South,Lamia Sultana,Apparel,T-Shirt,Distributor,Bank Transfer,1.0,15.49,15.49,9,2024,Saturday,15.49,False
10582,2024-11-29,South,Tanvir Ahmed,Furniture,Dining Table,Online,Cash,16.0,355.88,5694.08,11,2024,Friday,5694.08,False
12999,2025-01-16,South,Shakil Rahman,Furniture,Desk,Online,Bank Transfer,1.0,186.75,560.25,1,2025,Thursday,186.75,True
10959,2025-06-18,Central,Arif Hossain,Electronics,Smartphone,Online,Nagad,7.0,409.19,3045.42,6,2025,Wednesday,2864.33,True
10356,2025-06-02,South,Tanvir Ahmed,Electronics,Headphones,Online,Bank Transfer,10.0,63.43,634.3,6,2025,Monday,634.3,False
12674,2025-08-18,Central,Tanvir Ahmed,Furniture,Bookshelf,Distributor,Credit Card,1.0,87.41,1835.61,8,2025,Monday,87.41,True
12550,2024-04-24,Central,Lamia Sultana,Apparel,T-Shirt,Online,Credit Card,2.0,15.5,31.0,4,2024,Wednesday,31.0,False
12855,2024-10-27,North,Nusrat Jahan,Furniture,Sofa,Distributor,bKash,10.0,435.94,4359.4,10,2024,Sunday,4359.4,False
12514,2025-02-10,West,Rakib Hasan,Electronics,Smartphone,Wholesale,Credit Card,13.0,388.99,5056.87,2,2025,Monday,5056.87,False
12661,2025-09-11,North,Mim Akter,Electronics,Smartphone,Wholesale,Cash,24.0,435.12,10442.88,9,2025,Thursday,10442.880000000001,False
10061,2024-09-22,West,Rakib Hasan,Grocery,Snack Box,Wholesale,Bank Transfer,25.0,4.81,120.25,9,2024,Sunday,120.24999999999999,False
12350,2025-02-04,East,Tanvir Ahmed,Apparel,Jacket,Wholesale,Bank Transfer,7.0,69.63,487.41,2,2025,Tuesday,487.40999999999997,False
12124,2024-10-23,West,Nusrat Jahan,Grocery,Coffee Jar,Retail Store,Bank Transfer,8.0,7.95,63.6,10,2024,Wednesday,63.6,False
12458,2024-02-21,South,Mim Akter,Stationery,Notebook,Wholesale,Nagad,22.0,2.26,49.72,2,2024,Wednesday,49.72,False
10941,2024-12-14,North,Arif Hossain,Apparel,Jeans,Distributor,Nagad,25.0,37.06,926.5,12,2024,Saturday,926.5,False
11653,2025-06-25,East,Farzana Islam,Electronics,Monitor,Retail Store,Credit Card,1.0,198.26,198.26,6,2025,Wednesday,198.26,False
12228,2024-07-27,South,Farzana Islam,Grocery,Rice 5kg,Retail Store,Credit Card,17.0,7.7,130.9,7,2024,Saturday,130.9,False
10400,2024-11-23,East,Farzana Islam,Grocery,Cooking Oil 1L,Retail Store,Cash,6.0,3.07,19.08,11,2024,Saturday,18.419999999999998,True
11009,2024-08-03,South,Imran Kabir,Electronics,Laptop,Online,Cash,10.0,861.94,8619.4,8,2024,Saturday,8619.400000000001,False
11091,2025-06-16,West,Shakil Rahman,Grocery,Rice 5kg,Retail Store,bKash,19.0,8.77,166.63,6,2025,Monday,166.63,False
12038,2025-08-27,East,Tanvir Ahmed,Stationery,Desk Organizer,Retail Store,Bank Transfer,25.0,17.81,445.25,8,2025,Wednesday,445.24999999999994,False
11683,2025-06-25,West,Farzana Islam,Grocery,Rice 5kg,Retail Store,Nagad,10.0,8.31,83.1,6,2025,Wednesday,83.10000000000001,False
11618,2025-09-09,East,Nusrat Jahan,Furniture,Sofa,Online,Credit Card,20.0,502.32,10046.4,9,2025,Tuesday,10046.4,False
12645,2024-12-20,West,Farzana Islam,Electronics,Monitor,Retail Store,Cash,19.0,198.98,3780.62,12,2024,Friday,3780.62,False
11344,2024-07-08,Unknown,Arif Hossain,Apparel,Sneakers,Online,Cash,22.0,59.54,1309.88,7,2024,Monday,1309.8799999999999,False
12005,2025-08-30,North,Lamia Sultana,Electronics,Smartwatch,Retail Store,bKash,3.0,158.66,475.98,8,2025,Saturday,475.98,False
11788,2024-08-19,Central,Mim Akter,Grocery,Cooking Oil 1L,Wholesale,Credit Card,21.0,3.18,66.78,8,2024,Monday,66.78,False
12137,2024-04-28,West,Tanvir Ahmed,Electronics,Smartphone,Retail Store,bKash,7.0,375.74,2630.18,4,2024,Sunday,2630.1800000000003,False
12506,2025-09-14,West,Shakil Rahman,Grocery,Rice 5kg,Retail Store,Nagad,1.0,8.09,8.09,9,2025,Sunday,8.09,False
11267,2024-06-20,East,Mim Akter,Furniture,Dining Table,Online,Bank Transfer,2.0,398.83,797.66,6,2024,Thursday,797.66,False
12778,2024-12-14,West,Farzana Islam,Electronics,Headphones,Wholesale,Cash,4.0,61.67,246.68,12,2024,Saturday,246.68,False
10463,2025-03-24,South,Rakib Hasan,Electronics,Laptop,Distributor,Cash,20.0,822.02,16440.4,3,2025,Monday,16440.4,False
10422,2025-09-25,South,Shakil Rahman,Grocery,Rice 5kg,Wholesale,bKash,20.0,8.56,171.2,9,2025,Thursday,171.20000000000002,False
10638,2024-06-23,West,Lamia Sultana,Furniture,Office Chair,Online,Cash,2.0,116.52,233.04,6,2024,Sunday,233.04,False
12157,2024-04-23,East,Sadia Chowdhury,Electronics,Smartphone,Wholesale,Credit Card,2.0,415.49,830.98,4,2024,Tuesday,830.98,False
12032,2024-04-20,Central,Nusrat Jahan,Apparel,Cap,Retail Store,bKash,6.0,11.1,66.6,4,2024,Saturday,66.6,False
10473,2024-05-01,North,Sadia Chowdhury,Stationery,Desk Organizer,Wholesale,Cash,16.0,19.55,312.8,5,2024,Wednesday,312.8,False
12917,2025-03-18,South,Nusrat Jahan,Grocery,Tea Pack,Retail Store,bKash,21.0,4.32,90.72,3,2025,Tuesday,90.72,False
11896,2024-06-09,South,Sadia Chowdhury,Stationery,Backpack,Online,Cash,13.0,37.91,492.83,6,2024,Sunday,492.8299999999999,False
10742,2025-12-25,West,Lamia Sultana,Furniture,Bookshelf,Online,Nagad,25.0,92.04,2301.0,12,2025,Thursday,2301.0,False
10110,2025-04-02,Central,Lamia Sultana,Apparel,Jacket,Wholesale,bKash,18.0,66.37,1194.66,4,2025,Wednesday,1194.66,False
11373,2024-11-10,East,Shakil Rahman,Apparel,Jacket,Online,Credit Card,19.0,69.24,1315.56,11,2024,Sunday,1315.56,False
12968,2025-09-29,East,Mim Akter,Furniture,Sofa,Distributor,Bank Transfer,18.0,471.79,8492.22,9,2025,Monday,8492.220000000001,False
10849,2024-04-10,Central,Imran Kabir,Apparel,Sneakers,Distributor,Nagad,16.0,50.88,814.08,4,2024,Wednesday,814.08,False
12729,2024-05-08,North,Shakil Rahman,Furniture,Bookshelf,Wholesale,Credit Card,14.0,97.17,1360.38,5,2024,Wednesday,1360.38,False
11153,2024-02-23,East,Arif Hossain,Furniture,Desk,Online,bKash,1.0,199.34,4385.48,2,2024,Friday,199.34,True
12810,2024-01-03,East,Arif Hossain,Electronics,Smartwatch,Wholesale,bKash,12.0,144.69,1736.28,1,2024,Wednesday,1736.28,False
12539,2024-11-03,West,Farzana Islam,Apparel,T-Shirt,Distributor,Nagad,23.0,16.52,379.96,11,2024,Sunday,379.96,False
10386,2024-03-30,West,Imran Kabir,Furniture,Bookshelf,Wholesale,Credit Card,9.0,89.62,806.58,3,2024,Saturday,806.58,False
10166,2024-06-26,North,Rakib Hasan,Furniture,Desk,Distributor,bKash,20.0,168.88,3377.6,6,2024,Wednesday,3377.6,False
12245,2024-03-03,Central,Arif Hossain,Grocery,Snack Box,Retail Store,Nagad,10.0,5.74,57.4,3,2024,Sunday,57.400000000000006,False
12955,2025-01-21,North,Sadia Chowdhury,Apparel,Jacket,Retail Store,Cash,25.0,69.73,1743.25,1,2025,Tuesday,1743.25,False
10416,2025-04-04,Central,Lamia Sultana,Grocery,Rice 5kg,Retail Store,Credit Card,6.0,9.1,54.6,4,2025,Friday,54.599999999999994,False
11527,2024-03-13,North,Imran Kabir,Electronics,Laptop,Wholesale,Bank Transfer,14.0,968.48,13558.72,3,2024,Wednesday,13558.720000000001,False
11551,2024-07-05,Central,Shakil Rahman,Apparel,Cap,Wholesale,Credit Card,16.0,9.02,144.32,7,2024,Friday,144.32,False
11473,2025-04-23,Central,Nusrat Jahan,Apparel,T-Shirt,Distributor,bKash,9.0,13.62,122.58,4,2025,Wednesday,122.58,False
12476,2024-07-28,Central,Mim Akter,Electronics,Monitor,Online,bKash,24.0,203.88,4893.12,7,2024,Sunday,4893.12,False
11463,2024-03-26,South,Arif Hossain,Electronics,Laptop,Retail Store,Cash,6.0,859.22,5155.32,3,2024,Tuesday,5155.32,False
10075,2024-02-12,East,Lamia Sultana,Furniture,Office Chair,Online,Nagad,12.0,123.98,1487.76,2,2024,Monday,1487.76,False
10282,2025-05-15,South,Sadia Chowdhury,Grocery,Snack Box,Distributor,Cash,24.0,5.3,127.2,5,2025,Thursday,127.19999999999999,False
12400,2024-03-29,North,Rakib Hasan,Apparel,Cap,Online,Cash,14.0,11.44,160.16,3,2024,Friday,160.16,False
11147,2024-06-08,West,Farzana Islam,Stationery,Pen Set,Wholesale,Credit Card,25.0,6.38,159.5,6,2024,Saturday,159.5,False
10190,2024-04-23,West,Lamia Sultana,Electronics,Smartphone,Wholesale,Credit Card,16.0,419.67,6714.72,4,2024,Tuesday,6714.72,False
10025,2025-04-23,West,Mim Akter,Electronics,Monitor,Wholesale,Bank Transfer,24.0,200.98,4823.52,4,2025,Wednesday,4823.5199999999995,False
10801,2025-01-13,East,Imran Kabir,Electronics,Monitor,Retail Store,Bank Transfer,13.0,218.51,2840.63,1,2025,Monday,2840.63,False
11082,2025-01-21,South,Farzana Islam,Stationery,Notebook,Distributor,Credit Card,4.0,1.94,7.76,1,2025,Tuesday,7.76,False
10763,2024-04-16,East,Lamia Sultana,Grocery,Tea Pack,Wholesale,Credit Card,24.0,3.65,87.6,4,2024,Tuesday,87.6,False
12431,2024-02-25,North,Rakib Hasan,Apparel,Sneakers,Retail Store,Nagad,1.0,51.44,51.44,2,2024,Sunday,51.44,False
10159,2024-09-18,South,Shakil Rahman,Electronics,Laptop,Retail Store,bKash,10.0,834.73,8347.3,9,2024,Wednesday,8347.3,False
10987,2024-12-08,East,Tanvir Ahmed,Stationery,Desk Organizer,Wholesale,bKash,3.0,20.16,60.48,12,2024,Sunday,60.480000000000004,False
12679,2025-11-24,West,Rakib Hasan,Electronics,Smartwatch,Retail Store,bKash,20.0,167.97,3359.4,11,2025,Monday,3359.4,False
10222,2025-07-29,West,Rakib Hasan,Apparel,Jacket,Distributor,Nagad,4.0,63.69,254.76,7,2025,Tuesday,254.76,False
11496,2025-04-20,Central,Sadia Chowdhury,Furniture,Dining Table,Wholesale,Credit Card,10.0,318.49,3184.9,4,2025,Sunday,3184.9,False
10767,2024-05-28,Central,Sadia Chowdhury,Electronics,Tablet,Online,Bank Transfer,7.0,339.59,2377.13,5,2024,Tuesday,2377.1299999999997,False
12325,2025-06-17,South,Sadia Chowdhury,Furniture,Office Chair,Distributor,Cash,6.0,110.33,661.98,6,2025,Tuesday,661.98,False
11757,2024-08-20,West,Rakib Hasan,Electronics,Smartphone,Online,Cash,8.0,365.65,2925.2,8,2024,Tuesday,2925.2,False
11190,2025-01-04,North,Lamia Sultana,Apparel,Jacket,Distributor,Credit Card,3.0,73.05,219.15,1,2025,Saturday,219.14999999999998,False
12563,2025-01-17,Unknown,Lamia Sultana,Stationery,Desk Organizer,Retail Store,bKash,3.0,19.03,57.09,1,2025,Friday,57.09,False
10316,2024-10-29,East,Tanvir Ahmed,Stationery,Pen Set,Wholesale,Credit Card,14.0,6.78,94.92,10,2024,Tuesday,94.92,False
10414,2024-08-20,East,Arif Hossain,Electronics,Laptop,Wholesale,Nagad,18.0,777.96,14003.28,8,2024,Tuesday,14003.28,False
10666,2025-08-25,Central,Sadia Chowdhury,Stationery,Notebook,Retail Store,bKash,22.0,2.04,44.88,8,2025,Monday,44.88,False
11123,2025-07-19,East,Nusrat Jahan,Furniture,Desk,Retail Store,Nagad,7.0,188.63,1320.41,7,2025,Saturday,1320.4099999999999,False
11224,2025-12-17,North,Lamia Sultana,Grocery,Tea Pack,Online,bKash,18.0,3.61,64.98,12,2025,Wednesday,64.98,False
11994,2024-06-07,North,Imran Kabir,Furniture,Dining Table,Distributor,bKash,22.0,320.73,7056.06,6,2024,Friday,7056.06,False
11950,2024-10-01,West,Nusrat Jahan,Furniture,Sofa,Retail Store,Credit Card,24.0,446.72,10721.28,10,2024,Tuesday,10721.28,False
12445,2025-02-22,North,Nusrat Jahan,Electronics,Smartphone,Retail Store,Cash,15.0,404.1,6061.5,2,2025,Saturday,6061.5,False
11765,2024-07-08,West,Lamia Sultana,Grocery,Rice 5kg,Wholesale,bKash,4.0,7.28,29.12,7,2024,Monday,29.12,False
11731,2024-01-15,West,Rakib Hasan,Furniture,Bookshelf,Wholesale,Cash,14.0,98.81,1383.34,1,2024,Monday,1383.3400000000001,False
12278,2024-01-06,Central,Rakib Hasan,Grocery,Cooking Oil 1L,Distributor,Cash,2.0,2.77,5.54,1,2024,Saturday,5.54,False
12089,2025-07-26,West,Arif Hossain,Electronics,Monitor,Distributor,Bank Transfer,11.0,198.86,2187.46,7,2025,Saturday,2187.46,False
10511,2024-09-15,South,Rakib Hasan,Stationery,Pen Set,Retail Store,Nagad,7.0,5.57,38.99,9,2024,Sunday,38.99,False
10108,2025-07-18,West,Sadia Chowdhury,Apparel,Sneakers,Retail Store,Bank Transfer,5.0,54.77,273.85,7,2025,Friday,273.85,False
11923,2025-07-20,Central,Rakib Hasan,Stationery,Notebook,Wholesale,Bank Transfer,18.0,2.16,38.88,7,2025,Sunday,38.88,False
10872,2024-03-08,North,Rakib Hasan,Apparel,Sneakers,Distributor,Nagad,12.0,55.29,663.48,3,2024,Friday,663.48,False
10335,2024-10-14,South,Tanvir Ahmed,Furniture,Desk,Distributor,Nagad,20.0,186.24,3724.8,10,2024,Monday,3724.8,False
10724,2024-06-03,North,Lamia Sultana,Apparel,T-Shirt,Retail Store,Nagad,22.0,15.17,333.74,6,2024,Monday,333.74,False
11358,2024-09-12,West,Arif Hossain,Electronics,Smartphone,Online,Credit Card,2.0,367.66,735.32,9,2024,Thursday,735.32,False
10938,2025-06-24,East,Mim Akter,Stationery,Backpack,Online,Cash,20.0,45.2,904.0,6,2025,Tuesday,904.0,False
12085,2024-03-22,East,Imran Kabir,Stationery,Notebook,Retail Store,Cash,22.0,2.14,47.08,3,2024,Friday,47.080000000000005,False
10808,2025-05-18,North,Shakil Rahman,Apparel,Sneakers,Wholesale,bKash,23.0,58.37,1342.51,5,2025,Sunday,1342.51,False
10295,2025-05-27,East,Imran Kabir,Grocery,Snack Box,Retail Store,Credit Card,24.0,5.72,137.28,5,2025,Tuesday,137.28,False
10375,2024-10-05,West,Mim Akter,Apparel,Jacket,Distributor,Bank Transfer,8.0,59.71,477.68,10,2024,Saturday,477.68,False
10376,2024-06-17,Central,Farzana Islam,Furniture,Desk,Retail Store,Credit Card,15.0,182.97,2744.55,6,2024,Monday,2744.55,False
12570,2025-06-05,West,Farzana Islam,Grocery,Cooking Oil 1L,Retail Store,Cash,24.0,3.15,75.6,6,2025,Thursday,75.6,False
11453,2025-12-12,West,Arif Hossain,Apparel,Jeans,Wholesale,Bank Transfer,1.0,37.5,337.5,12,2025,Friday,37.5,True
12210,2025-01-04,Central,Rakib Hasan,Stationery,Pen Set,Online,Bank Transfer,8.0,6.45,51.6,1,2025,Saturday,51.6,False
10708,2024-12-18,East,Lamia Sultana,Furniture,Bookshelf,Distributor,Bank Transfer,3.0,94.11,282.33,12,2024,Wednesday,282.33,False
12962,2024-01-04,West,Shakil Rahman,Electronics,Smartwatch,Retail Store,bKash,17.0,154.57,2627.69,1,2024,Thursday,2627.69,False
10392,2024-07-11,North,Mim Akter,Apparel,Cap,Retail Store,Nagad,16.0,10.36,165.76,7,2024,Thursday,165.76,False
10366,2025-03-02,West,Nusrat Jahan,Electronics,Smartwatch,Distributor,bKash,24.0,147.0,3528.0,3,2025,Sunday,3528.0,False
11052,2024-08-25,Central,Imran Kabir,Stationery,Pen Set,Wholesale,Credit Card,7.0,5.56,38.92,8,2024,Sunday,38.919999999999995,False
10642,2025-05-16,North,Nusrat Jahan,Stationery,Notebook,Distributor,Cash,13.0,2.17,28.21,5,2025,Friday,28.21,False
10589,2025-10-02,South,Shakil Rahman,Grocery,Coffee Jar,Online,Bank Transfer,8.0,7.2,57.6,10,2025,Thursday,57.6,False
12471,2025-09-11,East,Arif Hossain,Electronics,Tablet,Online,bKash,5.0,272.08,1360.4,9,2025,Thursday,1360.3999999999999,False
12454,2024-03-06,West,Rakib Hasan,Grocery,Cooking Oil 1L,Distributor,Nagad,6.0,2.82,16.92,3,2024,Wednesday,16.919999999999998,False
10223,2024-04-09,East,Sadia Chowdhury,Grocery,Rice 5kg,Retail Store,bKash,2.0,7.78,15.56,4,2024,Tuesday,15.56,False
10360,2025-12-25,East,Rakib Hasan,Stationery,Notebook,Online,Credit Card,5.0,2.15,10.75,12,2025,Thursday,10.75,False
11229,2025-01-24,South,Mim Akter,Grocery,Cooking Oil 1L,Online,Nagad,2.0,3.4,6.8,1,2025,Friday,6.8,False
12307,2024-05-01,East,Tanvir Ahmed,Stationery,Pen Set,Retail Store,Nagad,1.0,5.82,5.82,5,2024,Wednesday,5.82,False
12619,2024-03-01,South,Nusrat Jahan,Stationery,Desk Organizer,Wholesale,Bank Transfer,1.0,18.45,18.45,3,2024,Friday,18.45,False
11840,2025-07-08,West,Lamia Sultana,Grocery,Cooking Oil 1L,Wholesale,Credit Card,25.0,2.9,72.5,7,2025,Tuesday,72.5,False
10214,2025-05-29,Central,Rakib Hasan,Furniture,Dining Table,Retail Store,Bank Transfer,2.0,387.75,775.5,5,2025,Thursday,775.5,False
11773,2024-06-27,South,Farzana Islam,Apparel,Sneakers,Online,Bank Transfer,1.0,51.05,51.05,6,2024,Thursday,51.05,False
11958,2025-02-24,North,Farzana Islam,Electronics,Monitor,Retail Store,bKash,2.0,209.27,418.54,2,2025,Monday,418.54,False
11772,2024-02-05,East,Imran Kabir,Apparel,T-Shirt,Online,Cash,4.0,14.63,58.52,2,2024,Monday,58.52,False
10994,2025-02-24,West,Imran Kabir,Electronics,Headphones,Online,Nagad,8.0,66.97,535.76,2,2025,Monday,535.76,False
10146,2025-04-07,North,Farzana Islam,Stationery,Desk Organizer,Retail Store,Bank Transfer,8.0,18.06,144.48,4,2025,Monday,144.48,False
10041,2024-06-14,North,Mim Akter,Apparel,T-Shirt,Retail Store,Cash,24.0,15.16,363.84,6,2024,Friday,363.84000000000003,False
11595,2024-08-12,West,Sadia Chowdhury,Stationery,Notebook,Retail Store,bKash,17.0,1.86,31.62,8,2024,Monday,31.62,False
11882,2025-01-14,West,Unknown,Grocery,Cooking Oil 1L,Online,Cash,4.0,2.93,11.72,1,2025,Tuesday,11.72,False
12249,2024-04-25,South,Unknown,Furniture,Dining Table,Online,bKash,21.0,372.71,7826.91,4,2024,Thursday,7826.91,False
11402,2024-10-22,West,Sadia Chowdhury,Apparel,Jacket,Retail Store,bKash,9.0,74.57,671.13,10,2024,Tuesday,671.1299999999999,False
10633,2024-07-14,West,Imran Kabir,Electronics,Laptop,Distributor,Cash,11.0,838.21,9220.31,7,2024,Sunday,9220.310000000001,False
10114,2025-04-25,South,Imran Kabir,Grocery,Rice 5kg,Retail Store,Credit Card,9.0,7.88,70.92,4,2025,Friday,70.92,False
10906,2025-03-23,Central,Farzana Islam,Grocery,Snack Box,Distributor,Bank Transfer,3.0,5.63,16.89,3,2025,Sunday,16.89,False
10976,2025-02-27,West,Tanvir Ahmed,Electronics,Smartwatch,Online,bKash,18.0,168.57,3034.26,2,2025,Thursday,3034.2599999999998,False
11744,2024-08-16,East,Tanvir Ahmed,Apparel,Jeans,Wholesale,bKash,21.0,31.53,662.13,8,2024,Friday,662.13,False
10943,2024-12-28,North,Mim Akter,Stationery,Notebook,Distributor,Nagad,4.0,1.82,7.28,12,2024,Saturday,7.28,False
12909,2025-01-20,South,Rakib Hasan,Furniture,Bookshelf,Wholesale,Bank Transfer,20.0,100.34,2006.8,1,2025,Monday,2006.8000000000002,False
12572,2025-10-10,East,Imran Kabir,Apparel,Cap,Online,Cash,10.0,10.13,101.3,10,2025,Friday,101.30000000000001,False
12700,2025-10-29,North,Mim Akter,Stationery,Desk Organizer,Wholesale,Cash,16.0,18.59,297.44,10,2025,Wednesday,297.44,False
10704,2025-09-02,Central,Sadia Chowdhury,Electronics,Monitor,Online,Nagad,15.0,215.9,3238.5,9,2025,Tuesday,3238.5,False
10721,2024-09-23,South,Tanvir Ahmed,Apparel,Jacket,Distributor,Nagad,2.0,68.73,137.46,9,2024,Monday,137.46,False
12103,2024-05-19,North,Imran Kabir,Stationery,Notebook,Distributor,Credit Card,1.0,2.24,2.24,5,2024,Sunday,2.24,False
10687,2024-06-06,Central,Tanvir Ahmed,Electronics,Tablet,Wholesale,Nagad,7.0,295.51,2068.57,6,2024,Thursday,2068.5699999999997,False
10438,2024-10-29,East,Rakib Hasan,Stationery,Desk Organizer,Online,Bank Transfer,9.0,20.28,182.52,10,2024,Tuesday,182.52,False
10248,2024-10-18,North,Shakil Rahman,Apparel,T-Shirt,Online,Cash,15.0,17.21,258.15,10,2024,Friday,258.15000000000003,False
10584,2025-05-08,Central,Arif Hossain,Stationery,Desk Organizer,Distributor,Cash,18.0,17.22,309.96,5,2025,Thursday,309.96,False
12716,2025-01-14,North,Farzana Islam,Furniture,Sofa,Online,Bank Transfer,21.0,504.79,10600.59,1,2025,Tuesday,10600.59,False
11673,2025-09-06,East,Nusrat Jahan,Grocery,Coffee Jar,Wholesale,Cash,1.0,7.4,7.4,9,2025,Saturday,7.4,False
10851,2024-09-28,West,Farzana Islam,Grocery,Cooking Oil 1L,Retail Store,Cash,2.0,2.92,5.84,9,2024,Saturday,5.84,False
12825,2024-08-16,Central,Tanvir Ahmed,Furniture,Sofa,Online,bKash,15.0,445.98,6689.7,8,2024,Friday,6689.700000000001,False
11827,2025-08-04,South,Imran Kabir,Grocery,Tea Pack,Wholesale,Cash,15.0,4.14,62.1,8,2025,Monday,62.099999999999994,False
12366,2024-10-09,North,Nusrat Jahan,Grocery,Cooking Oil 1L,Online,Bank Transfer,5.0,2.88,14.4,10,2024,Wednesday,14.399999999999999,False
12824,2024-06-15,North,Shakil Rahman,Electronics,Smartphone,Retail Store,Cash,22.0,447.69,9849.18,6,2024,Saturday,9849.18,False
10497,2024-10-27,South,Mim Akter,Apparel,Jeans,Distributor,Cash,7.0,39.82,278.74,10,2024,Sunday,278.74,False
12113,2024-06-12,South,Imran Kabir,Electronics,Smartwatch,Distributor,Bank Transfer,7.0,161.91,1133.37,6,2024,Wednesday,1133.37,False
10948,2025-08-21,Central,Imran Kabir,Electronics,Headphones,Wholesale,Cash,16.0,63.55,1016.8,8,2025,Thursday,1016.8,False
12848,2025-04-30,Central,Rakib Hasan,Apparel,Sneakers,Online,Credit Card,22.0,54.51,1199.22,4,2025,Wednesday,1199.22,False
10768,2024-07-17,West,Mim Akter,Grocery,Cooking Oil 1L,Retail Store,Bank Transfer,21.0,2.97,62.37,7,2024,Wednesday,62.370000000000005,False
11696,2025-03-18,Central,Rakib Hasan,Furniture,Bookshelf,Wholesale,Nagad,6.0,102.22,613.32,3,2025,Tuesday,613.3199999999999,False
11061,2024-12-05,West,Shakil Rahman,Electronics,Smartwatch,Online,bKash,11.0,144.08,1584.88,12,2024,Thursday,1584.88,False
10898,2024-02-14,East,Lamia Sultana,Grocery,Coffee Jar,Online,Cash,21.0,7.39,155.19,2,2024,Wednesday,155.19,False
12996,2025-12-24,Central,Sadia Chowdhury,Electronics,Headphones,Distributor,Bank Transfer,6.0,63.02,378.12,12,2025,Wednesday,378.12,False
10591,2025-12-18,West,Lamia Sultana,Apparel,T-Shirt,Wholesale,Cash,20.0,15.34,306.8,12,2025,Thursday,306.8,False
12491,2024-08-28,South,Shakil Rahman,Electronics,Headphones,Retail Store,Nagad,18.0,61.06,1163.7,8,2024,Wednesday,1099.08,True
12522,2024-02-01,West,Rakib Hasan,Electronics,Smartwatch,Wholesale,Credit Card,4.0,158.66,634.64,2,2024,Thursday,634.64,False
10606,2024-10-29,North,Arif Hossain,Stationery,Pen Set,Retail Store,Bank Transfer,9.0,6.21,55.89,10,2024,Tuesday,55.89,False
11668,2024-03-15,West,Rakib Hasan,Furniture,Office Chair,Retail Store,Cash,23.0,114.11,2624.53,3,2024,Friday,2624.53,False
11597,2025-06-16,East,Mim Akter,Apparel,Jeans,Wholesale,Nagad,17.0,36.55,621.35,6,2025,Monday,621.3499999999999,False
12774,2025-12-30,North,Tanvir Ahmed,Furniture,Sofa,Distributor,Cash,3.0,513.56,1540.68,12,2025,Tuesday,1540.6799999999998,False
12051,2024-01-24,Central,Lamia Sultana,Electronics,Smartphone,Online,Cash,13.0,453.66,5897.58,1,2024,Wednesday,5897.58,False
11078,2024-01-07,East,Nusrat Jahan,Apparel,Jeans,Wholesale,Cash,6.0,38.64,231.84,1,2024,Sunday,231.84,False
11114,2025-12-11,North,Lamia Sultana,Stationery,Pen Set,Wholesale,Cash,24.0,5.54,132.96,12,2025,Thursday,132.96,False
12617,2025-07-07,Central,Farzana Islam,Apparel,Cap,Retail Store,Bank Transfer,13.0,11.48,149.24,7,2025,Monday,149.24,False
11161,2025-11-07,South,Tanvir Ahmed,Apparel,T-Shirt,Online,Credit Card,1.0,14.71,353.04,11,2025,Friday,14.71,True
12636,2024-11-27,North,Farzana Islam,Furniture,Bookshelf,Distributor,bKash,25.0,86.38,2159.5,11,2024,Wednesday,2159.5,False
12326,2025-03-31,North,Lamia Sultana,Grocery,Coffee Jar,Retail Store,Credit Card,4.0,6.46,25.84,3,2025,Monday,25.84,False
12172,2025-09-15,South,Tanvir Ahmed,Electronics,Headphones,Distributor,Nagad,17.0,54.57,927.69,9,2025,Monday,927.69,False
11922,2024-03-28,West,Tanvir Ahmed,Apparel,Jacket,Distributor,Bank Transfer,5.0,72.2,361.0,3,2024,Thursday,361.0,False
12565,2024-03-22,North,Farzana Islam,Grocery,Rice 5kg,Retail Store,Nagad,1.0,7.7,7.7,3,2024,Friday,7.7,False
11915,2024-10-11,Central,Farzana Islam,Stationery,Desk Organizer,Wholesale,Nagad,3.0,17.8,53.4,10,2024,Friday,53.400000000000006,False
12954,2025-09-16,North,Nusrat Jahan,Stationery,Backpack,Distributor,Bank Transfer,9.0,41.27,371.43,9,2025,Tuesday,371.43,False
12073,2024-12-11,East,Rakib Hasan,Apparel,Cap,Distributor,Nagad,24.0,10.52,252.48,12,2024,Wednesday,252.48,False
10877,2024-01-24,West,Lamia Sultana,Furniture,Sofa,Retail Store,Credit Card,18.0,477.8,8600.4,1,2024,Wednesday,8600.4,False
10799,2024-07-19,Central,Nusrat Jahan,Apparel,T-Shirt,Retail Store,Cash,1.0,13.81,13.81,7,2024,Friday,13.81,False
11975,2024-09-03,South,Arif Hossain,Electronics,Smartwatch,Retail Store,bKash,2.0,154.07,308.14,9,2024,Tuesday,308.14,False
11615,2024-04-15,North,Arif Hossain,Apparel,T-Shirt,Distributor,Nagad,25.0,15.86,396.5,4,2024,Monday,396.5,False
10905,2025-10-25,Unknown,Unknown,Electronics,Laptop,Wholesale,bKash,22.0,916.65,20166.3,10,2025,Saturday,20166.3,False
11379,2024-08-28,North,Mim Akter,Apparel,Jacket,Online,Nagad,12.0,60.27,723.24,8,2024,Wednesday,723.24,False
12769,2025-12-12,Central,Nusrat Jahan,Electronics,Laptop,Wholesale,Credit Card,2.0,854.22,1708.44,12,2025,Friday,1708.44,False
12552,2024-10-24,North,Arif Hossain,Furniture,Office Chair,Wholesale,Nagad,10.0,113.11,1131.1,10,2024,Thursday,1131.1,False
12672,2024-04-19,East,Sadia Chowdhury,Electronics,Smartphone,Online,bKash,25.0,428.99,10724.75,4,2024,Friday,10724.75,False
11448,2025-11-15,Central,Lamia Sultana,Grocery,Tea Pack,Distributor,Nagad,16.0,3.81,60.96,11,2025,Saturday,60.96,False
11335,2025-11-05,East,Sadia Chowdhury,Apparel,Cap,Retail Store,Cash,10.0,11.31,113.1,11,2025,Wednesday,113.10000000000001,False
11577,2025-09-08,South,Farzana Islam,Furniture,Bookshelf,Online,Nagad,2.0,98.54,197.08,9,2025,Monday,197.08,False
11163,2025-11-30,East,Farzana Islam,Apparel,Jacket,Online,Credit Card,18.0,71.02,1278.36,11,2025,Sunday,1278.36,False
10320,2025-10-06,West,Sadia Chowdhury,Apparel,Cap,Retail Store,Bank Transfer,6.0,9.47,56.82,10,2025,Monday,56.82000000000001,False
11271,2025-09-08,Central,Farzana Islam,Apparel,Jeans,Wholesale,Cash,7.0,36.11,252.77,9,2025,Monday,252.76999999999998,False
12174,2025-02-28,West,Lamia Sultana,Electronics,Smartphone,Wholesale,Credit Card,13.0,420.3,5463.9,2,2025,Friday,5463.900000000001,False
10572,2024-09-23,West,Farzana Islam,Furniture,Bookshelf,Wholesale,Cash,12.0,89.11,1069.32,9,2024,Monday,1069.32,False
10629,2024-12-10,East,Imran Kabir,Furniture,Sofa,Retail Store,bKash,3.0,458.53,1375.59,12,2024,Tuesday,1375.59,False
10529,2025-02-28,East,Lamia Sultana,Furniture,Desk,Online,bKash,11.0,194.41,2138.51,2,2025,Friday,2138.5099999999998,False
11083,2025-11-19,Central,Nusrat Jahan,Apparel,T-Shirt,Wholesale,Bank Transfer,25.0,13.88,347.0,11,2025,Wednesday,347.0,False
12410,2024-08-26,South,Tanvir Ahmed,Apparel,Jacket,Distributor,bKash,4.0,60.85,243.4,8,2024,Monday,243.4,False
10139,2025-07-07,North,Shakil Rahman,Furniture,Dining Table,Retail Store,bKash,9.0,384.87,3463.83,7,2025,Monday,3463.83,False
11261,2024-01-31,East,Farzana Islam,Furniture,Dining Table,Retail Store,Nagad,18.0,317.02,5706.36,1,2024,Wednesday,5706.36,False
10942,2024-11-07,Central,Lamia Sultana,Electronics,Laptop,Distributor,bKash,24.0,854.83,20515.92,11,2024,Thursday,20515.920000000002,False
11396,2025-03-22,East,Sadia Chowdhury,Electronics,Laptop,Wholesale,Bank Transfer,10.0,926.0,9260.0,3,2025,Saturday,9260.0,False
11889,2025-06-22,East,Lamia Sultana,Grocery,Rice 5kg,Distributor,Nagad,3.0,8.86,26.58,6,2025,Sunday,26.58,False
11536,2025-08-21,South,Lamia Sultana,Furniture,Office Chair,Distributor,bKash,1.0,115.78,115.78,8,2025,Thursday,115.78,False
12693,2025-03-06,North,Farzana Islam,Electronics,Headphones,Distributor,Bank Transfer,9.0,65.53,589.77,3,2025,Thursday,589.77,False
10710,2025-03-18,North,Shakil Rahman,Stationery,Backpack,Online,bKash,23.0,41.9,963.7,3,2025,Tuesday,963.6999999999999,False
12613,2025-10-18,North,Nusrat Jahan,Grocery,Snack Box,Retail Store,Bank Transfer,21.0,4.94,103.74,10,2025,Saturday,103.74000000000001,False
10946,2025-04-10,North,Mim Akter,Stationery,Pen Set,Retail Store,Cash,4.0,5.62,22.48,4,2025,Thursday,22.48,False
12782,2025-01-02,East,Sadia Chowdhury,Grocery,Snack Box,Online,bKash,10.0,5.47,54.7,1,2025,Thursday,54.699999999999996,False
11983,2025-07-12,East,Shakil Rahman,Stationery,Backpack,Retail Store,Credit Card,5.0,42.0,210.0,7,2025,Saturday,210.0,False
12395,2025-06-28,West,Nusrat Jahan,Grocery,Cooking Oil 1L,Online,Credit Card,2.0,2.9,5.8,6,2025,Saturday,5.8,False
12298,2025-02-01,North,Farzana Islam,Furniture,Office Chair,Wholesale,Nagad,4.0,126.03,504.12,2,2025,Saturday,504.12,False
10771,2025-02-25,Central,Arif Hossain,Stationery,Pen Set,Retail Store,Credit Card,17.0,6.13,104.21,2,2025,Tuesday,104.21,False
10585,2024-06-08,East,Mim Akter,Electronics,Tablet,Wholesale,Cash,10.0,270.79,2707.9,6,2024,Saturday,2707.9,False
12899,2024-11-05,East,Rakib Hasan,Stationery,Notebook,Retail Store,Cash,3.0,1.9,5.7,11,2024,Tuesday,5.699999999999999,False
12953,2024-10-06,Central,Sadia Chowdhury,Stationery,Desk Organizer,Wholesale,bKash,11.0,20.66,227.26,10,2024,Sunday,227.26,False
12384,2024-06-03,South,Nusrat Jahan,Stationery,Backpack,Retail Store,bKash,21.0,42.93,901.53,6,2024,Monday,901.53,False
11875,2024-03-22,West,Rakib Hasan,Electronics,Smartphone,Wholesale,Credit Card,22.0,405.96,8931.12,3,2024,Friday,8931.119999999999,False
12811,2024-02-25,East,Nusrat Jahan,Stationery,Pen Set,Distributor,bKash,23.0,5.62,129.26,2,2024,Sunday,129.26,False
11435,2024-10-01,North,Mim Akter,Apparel,Jeans,Wholesale,Credit Card,23.0,33.33,766.59,10,2024,Tuesday,766.5899999999999,False
11854,2024-11-29,Central,Rakib Hasan,Furniture,Desk,Retail Store,Credit Card,6.0,196.49,1178.94,11,2024,Friday,1178.94,False
12920,2024-08-31,South,Arif Hossain,Grocery,Rice 5kg,Distributor,Credit Card,13.0,8.8,114.4,8,2024,Saturday,114.4,False
10618,2025-02-26,East,Mim Akter,Stationery,Desk Organizer,Distributor,Cash,25.0,19.05,476.25,2,2025,Wednesday,476.25,False
10824,2025-08-15,Central,Lamia Sultana,Stationery,Pen Set,Online,Credit Card,25.0,5.42,135.5,8,2025,Friday,135.5,False
12526,2024-05-20,East,Mim Akter,Furniture,Office Chair,Wholesale,Bank Transfer,11.0,135.97,1495.67,5,2024,Monday,1495.67,False
10022,2024-08-13,North,Lamia Sultana,Electronics,Headphones,Retail Store,Nagad,1.0,55.06,55.06,8,2024,Tuesday,55.06,False
10821,2024-05-01,Central,Lamia Sultana,Electronics,Monitor,Online,Bank Transfer,9.0,200.38,1803.42,5,2024,Wednesday,1803.42,False
11283,2025-06-24,West,Sadia Chowdhury,Furniture,Dining Table,Online,Nagad,8.0,365.56,2924.48,6,2025,Tuesday,2924.48,False
11405,2024-10-29,West,Sadia Chowdhury,Apparel,Cap,Retail Store,Bank Transfer,4.0,10.79,43.16,10,2024,Tuesday,43.16,False
10660,2025-04-09,East,Sadia Chowdhury,Grocery,Coffee Jar,Online,bKash,19.0,7.87,149.53,4,2025,Wednesday,149.53,False
11517,2025-09-05,West,Mim Akter,Grocery,Snack Box,Retail Store,Bank Transfer,9.0,4.9,44.1,9,2025,Friday,44.1,False
11014,2025-01-18,South,Arif Hossain,Stationery,Notebook,Wholesale,Nagad,16.0,2.06,32.96,1,2025,Saturday,32.96,False
10404,2024-10-28,South,Sadia Chowdhury,Stationery,Pen Set,Online,Credit Card,1.0,5.88,5.88,10,2024,Monday,5.88,False
11302,2024-04-06,East,Nusrat Jahan,Electronics,Smartwatch,Retail Store,bKash,4.0,146.42,585.68,4,2024,Saturday,585.68,False
10492,2024-06-26,West,Rakib Hasan,Furniture,Bookshelf,Online,bKash,24.0,92.56,2221.44,6,2024,Wednesday,2221.44,False
12337,2025-03-07,South,Arif Hossain,Apparel,Jeans,Online,Credit Card,12.0,36.55,438.6,3,2025,Friday,438.59999999999997,False
10930,2024-02-12,Central,Lamia Sultana,Electronics,Laptop,Online,Nagad,17.0,875.51,13385.8,2,2024,Monday,14883.67,True
12188,2024-09-30,West,Imran Kabir,Stationery,Pen Set,Wholesale,Credit Card,2.0,6.28,12.56,9,2024,Monday,12.56,False
11012,2024-10-28,Central,Lamia Sultana,Furniture,Office Chair,Retail Store,Nagad,5.0,117.83,589.15,10,2024,Monday,589.15,False
12758,2024-06-24,East,Arif Hossain,Apparel,Cap,Retail Store,Nagad,25.0,9.8,245.0,6,2024,Monday,245.00000000000003,False
12648,2024-05-10,North,Farzana Islam,Grocery,Rice 5kg,Retail Store,bKash,19.0,8.67,164.73,5,2024,Friday,164.73,False
12074,2025-10-03,Unknown,Unknown,Stationery,Notebook,Distributor,Bank Transfer,18.0,2.05,36.9,10,2025,Friday,36.9,False
10140,2024-08-31,North,Rakib Hasan,Electronics,Monitor,Online,Cash,19.0,215.81,4100.39,8,2024,Saturday,4100.39,False
11640,2025-06-03,South,Arif Hossain,Furniture,Bookshelf,Retail Store,Credit Card,23.0,91.7,2109.1,6,2025,Tuesday,2109.1,False
12671,2024-04-01,Central,Lamia Sultana,Stationery,Desk Organizer,Online,Credit Card,9.0,16.35,147.15,4,2024,Monday,147.15,False
10230,2025-07-25,North,Imran Kabir,Electronics,Smartphone,Distributor,Cash,12.0,435.5,5226.0,7,2025,Friday,5226.0,False
10235,2025-06-20,North,Unknown,Stationery,Pen Set,Wholesale,bKash,21.0,6.48,136.08,6,2025,Friday,136.08,False
10999,2025-04-25,East,Shakil Rahman,Grocery,Snack Box,Retail Store,bKash,10.0,5.25,52.5,4,2025,Friday,52.5,False
12733,2025-08-01,North,Arif Hossain,Electronics,Smartphone,Online,Credit Card,6.0,419.5,2517.0,8,2025,Friday,2517.0,False
11381,2024-11-30,West,Shakil Rahman,Grocery,Rice 5kg,Retail Store,Credit Card,20.0,8.78,175.6,11,2024,Saturday,175.6,False
12749,2024-07-14,East,Rakib Hasan,Stationery,Backpack,Distributor,Credit Card,6.0,43.05,258.3,7,2024,Sunday,258.29999999999995,False
11755,2025-02-26,East,Mim Akter,Furniture,Office Chair,Distributor,Credit Card,11.0,130.53,1435.83,2,2025,Wednesday,1435.83,False
12082,2025-06-20,East,Shakil Rahman,Furniture,Bookshelf,Distributor,bKash,13.0,91.37,1187.81,6,2025,Friday,1187.81,False
11623,2024-09-01,Central,Farzana Islam,Stationery,Notebook,Online,Credit Card,12.0,2.09,25.08,9,2024,Sunday,25.08,False
11476,2024-06-15,North,Rakib Hasan,Apparel,Jacket,Distributor,Cash,15.0,67.39,1010.85,6,2024,Saturday,1010.85,False
11445,2025-03-12,North,Nusrat Jahan,Furniture,Bookshelf,Distributor,Cash,19.0,97.41,1850.79,3,2025,Wednesday,1850.79,False
12237,2024-12-02,West,Nusrat Jahan,Electronics,Smartwatch,Online,Cash,23.0,158.83,3653.09,12,2024,Monday,3653.09,False
10833,2025-12-31,South,Imran Kabir,Grocery,Rice 5kg,Wholesale,Cash,25.0,8.36,209.0,12,2025,Wednesday,209.0,False
10229,2024-10-13,North,Imran Kabir,Stationery,Backpack,Wholesale,Nagad,20.0,42.8,856.0,10,2024,Sunday,856.0,False
10435,2025-11-09,Central,Farzana Islam,Stationery,Desk Organizer,Online,Nagad,12.0,18.73,224.76,11,2025,Sunday,224.76,False
12905,2024-03-31,South,Nusrat Jahan,Grocery,Rice 5kg,Wholesale,Bank Transfer,18.0,7.73,139.14,3,2024,Sunday,139.14000000000001,False
11497,2025-03-11,East,Tanvir Ahmed,Grocery,Coffee Jar,Distributor,Cash,11.0,7.48,82.28,3,2025,Tuesday,82.28,False
11350,2024-12-12,West,Shakil Rahman,Electronics,Smartwatch,Online,Credit Card,14.0,144.78,2026.92,12,2024,Thursday,2026.92,False
11329,2025-12-17,South,Nusrat Jahan,Electronics,Smartphone,Retail Store,Nagad,18.0,380.04,6840.72,12,2025,Wednesday,6840.72,False
11632,2025-07-05,East,Arif Hossain,Furniture,Dining Table,Distributor,Nagad,6.0,349.82,2098.92,7,2025,Saturday,2098.92,False
11270,2024-12-02,North,Tanvir Ahmed,Furniture,Bookshelf,Distributor,Credit Card,7.0,91.47,640.29,12,2024,Monday,640.29,False
10483,2024-05-16,West,Mim Akter,Furniture,Bookshelf,Distributor,Bank Transfer,5.0,90.29,451.45,5,2024,Thursday,451.45000000000005,False
10458,2025-12-21,East,Arif Hossain,Stationery,Pen Set,Retail Store,Cash,14.0,5.84,81.76,12,2025,Sunday,81.75999999999999,False
11634,2025-09-20,South,Imran Kabir,Apparel,Sneakers,Online,Cash,19.0,62.85,1194.15,9,2025,Saturday,1194.15,False
11614,2025-03-30,West,Farzana Islam,Apparel,Jeans,Retail Store,bKash,5.0,37.38,186.9,3,2025,Sunday,186.9,False
12957,2025-11-04,North,Mim Akter,Stationery,Backpack,Online,bKash,14.0,36.01,504.14,11,2025,Tuesday,504.14,False
10292,2025-12-09,Central,Tanvir Ahmed,Stationery,Notebook,Retail Store,bKash,19.0,2.04,38.76,12,2025,Tuesday,38.76,False
12805,2024-05-02,Central,Arif Hossain,Stationery,Notebook,Retail Store,Bank Transfer,18.0,1.88,33.84,5,2024,Thursday,33.839999999999996,False
12355,2025-02-21,West,Lamia Sultana,Electronics,Smartwatch,Online,Nagad,5.0,158.98,794.9,2,2025,Friday,794.9,False
10991,2025-10-02,North,Lamia Sultana,Stationery,Pen Set,Wholesale,Credit Card,15.0,6.27,94.05,10,2025,Thursday,94.05,False
13000,2024-01-25,South,Lamia Sultana,Apparel,Cap,Wholesale,Bank Transfer,15.0,11.28,169.2,1,2024,Thursday,169.2,False
10136,2024-07-13,East,Tanvir Ahmed,Apparel,Cap,Wholesale,Cash,4.0,11.37,45.48,7,2024,Saturday,45.48,False
10195,2024-05-18,South,Sadia Chowdhury,Stationery,Backpack,Wholesale,bKash,3.0,43.16,129.48,5,2024,Saturday,129.48,False
12380,2025-08-10,West,Tanvir Ahmed,Furniture,Office Chair,Distributor,bKash,23.0,131.75,3030.25,8,2025,Sunday,3030.25,False
11617,2025-10-03,North,Imran Kabir,Apparel,Jacket,Distributor,Credit Card,15.0,65.42,981.3,10,2025,Friday,981.3000000000001,False
11230,2024-01-24,West,Nusrat Jahan,Apparel,Sneakers,Online,bKash,25.0,58.9,1472.5,1,2024,Wednesday,1472.5,False
11650,2024-04-08,West,Rakib Hasan,Grocery,Coffee Jar,Distributor,bKash,10.0,6.92,69.2,4,2024,Monday,69.2,False
10098,2024-11-26,West,Farzana Islam,Stationery,Desk Organizer,Online,Bank Transfer,20.0,17.33,346.6,11,2024,Tuesday,346.59999999999997,False
12077,2025-06-28,North,Sadia Chowdhury,Electronics,Smartwatch,Wholesale,Nagad,16.0,149.42,2390.72,6,2025,Saturday,2390.72,False
11023,2024-11-02,Central,Rakib Hasan,Apparel,Jeans,Distributor,Credit Card,10.0,38.7,387.0,11,2024,Saturday,387.0,False
12549,2025-10-06,Central,Lamia Sultana,Furniture,Dining Table,Distributor,Bank Transfer,14.0,337.92,4730.88,10,2025,Monday,4730.88,False
11672,2025-12-07,East,Nusrat Jahan,Grocery,Snack Box,Distributor,Bank Transfer,1.0,5.02,5.02,12,2025,Sunday,5.02,False
11263,2024-07-23,South,Shakil Rahman,Electronics,Monitor,Distributor,Bank Transfer,3.0,217.17,651.51,7,2024,Tuesday,651.51,False
10908,2025-03-11,North,Tanvir Ahmed,Electronics,Smartwatch,Online,Nagad,14.0,138.54,1939.56,3,2025,Tuesday,1939.56,False
12179,2024-04-01,Central,Sadia Chowdhury,Grocery,Rice 5kg,Retail Store,Credit Card,14.0,7.31,102.34,4,2024,Monday,102.33999999999999,False
12213,2025-01-16,Central,Lamia Sultana,Furniture,Office Chair,Distributor,Cash,20.0,109.67,2193.4,1,2025,Thursday,2193.4,False
11487,2025-01-12,South,Lamia Sultana,Stationery,Notebook,Retail Store,bKash,1.0,1.97,23.64,1,2025,Sunday,1.97,True
10842,2025-07-29,Central,Lamia Sultana,Grocery,Snack Box,Wholesale,Bank Transfer,6.0,5.13,30.78,7,2025,Tuesday,30.78,False
11897,2025-05-24,North,Shakil Rahman,Electronics,Laptop,Wholesale,bKash,15.0,904.9,13573.5,5,2025,Saturday,13573.5,False
10446,2024-08-02,North,Tanvir Ahmed,Furniture,Bookshelf,Wholesale,Cash,25.0,98.4,2460.0,8,2024,Friday,2460.0,False
10390,2025-06-30,North,Nusrat Jahan,Furniture,Desk,Retail Store,Cash,24.0,164.52,3948.48,6,2025,Monday,3948.4800000000005,False
11228,2024-02-09,West,Farzana Islam,Grocery,Cooking Oil 1L,Distributor,Bank Transfer,18.0,2.82,50.76,2,2024,Friday,50.76,False
11871,2025-10-12,South,Imran Kabir,Stationery,Notebook,Distributor,Bank Transfer,9.0,1.87,16.83,10,2025,Sunday,16.830000000000002,False
12794,2025-02-25,North,Shakil Rahman,Stationery,Desk Organizer,Retail Store,Cash,25.0,20.17,504.25,2,2025,Tuesday,504.25000000000006,False
12375,2025-04-18,East,Rakib Hasan,Stationery,Desk Organizer,Retail Store,Bank Transfer,15.0,16.79,251.85,4,2025,Friday,251.85,False
12330,2025-07-17,Central,Mim Akter,Grocery,Cooking Oil 1L,Distributor,Nagad,3.0,3.25,9.75,7,2025,Thursday,9.75,False
10594,2024-03-23,East,Sadia Chowdhury,Apparel,Sneakers,Online,Cash,25.0,62.59,1564.75,3,2024,Saturday,1564.75,False
12321,2024-06-04,Central,Shakil Rahman,Stationery,Desk Organizer,Retail Store,Credit Card,4.0,16.6,66.4,6,2024,Tuesday,66.4,False
12662,2025-02-13,East,Lamia Sultana,Furniture,Bookshelf,Retail Store,Credit Card,22.0,96.55,2124.1,2,2025,Thursday,2124.1,False
11895,2025-03-21,East,Mim Akter,Electronics,Headphones,Retail Store,Bank Transfer,14.0,55.84,781.76,3,2025,Friday,781.76,False
10713,2025-05-13,North,Farzana Islam,Furniture,Desk,Online,bKash,22.0,181.65,3996.3,5,2025,Tuesday,3996.3,False
10434,2024-09-15,West,Imran Kabir,Apparel,Jacket,Distributor,Bank Transfer,7.0,66.08,462.56,9,2024,Sunday,462.56,False
12933,2024-06-25,Central,Shakil Rahman,Furniture,Dining Table,Wholesale,Cash,21.0,329.14,6911.94,6,2024,Tuesday,6911.94,False
11662,2024-05-18,Central,Nusrat Jahan,Stationery,Desk Organizer,Distributor,Cash,15.0,19.64,294.6,5,2024,Saturday,294.6,False
11238,2025-11-26,South,Mim Akter,Stationery,Desk Organizer,Retail Store,bKash,19.0,20.5,389.5,11,2025,Wednesday,389.5,False
12722,2025-02-13,West,Tanvir Ahmed,Electronics,Tablet,Retail Store,Credit Card,7.0,303.42,2123.94,2,2025,Thursday,2123.94,False
11212,2025-05-10,North,Lamia Sultana,Furniture,Bookshelf,Online,Nagad,2.0,82.08,164.16,5,2025,Saturday,164.16,False
10826,2024-07-04,Central,Rakib Hasan,Grocery,Tea Pack,Wholesale,Credit Card,12.0,4.58,54.96,7,2024,Thursday,54.96,False
10720,2024-12-05,West,Arif Hossain,Electronics,Tablet,Wholesale,Nagad,14.0,296.47,4150.58,12,2024,Thursday,4150.58,False
12087,2024-12-17,West,Lamia Sultana,Stationery,Pen Set,Retail Store,bKash,17.0,6.31,107.27,12,2024,Tuesday,107.27,False
10922,2024-12-18,South,Shakil Rahman,Grocery,Rice 5kg,Retail Store,Bank Transfer,15.0,7.66,114.9,12,2024,Wednesday,114.9,False
11062,2024-11-25,South,Unknown,Stationery,Notebook,Wholesale,Nagad,6.0,2.02,12.12,11,2024,Monday,12.120000000000001,False
12122,2024-06-19,Central,Arif Hossain,Apparel,Jeans,Retail Store,bKash,11.0,37.22,409.42,6,2024,Wednesday,409.41999999999996,False
10969,2024-07-27,West,Sadia Chowdhury,Apparel,Cap,Online,Nagad,5.0,9.93,49.65,7,2024,Saturday,49.65,False
10819,2024-05-08,South,Rakib Hasan,Electronics,Smartphone,Retail Store,Cash,7.0,373.02,2611.14,5,2024,Wednesday,2611.14,False
12239,2025-12-17,South,Shakil Rahman,Furniture,Bookshelf,Online,Credit Card,21.0,97.66,2050.86,12,2025,Wednesday,2050.86,False
11154,2024-10-15,North,Imran Kabir,Grocery,Snack Box,Wholesale,Cash,16.0,4.6,73.6,10,2024,Tuesday,73.6,False
11537,2025-10-21,West,Lamia Sultana,Stationery,Desk Organizer,Retail Store,Cash,5.0,18.84,94.2,10,2025,Tuesday,94.2,False
12730,2025-07-20,East,Rakib Hasan,Grocery,Coffee Jar,Wholesale,bKash,21.0,6.83,143.43,7,2025,Sunday,143.43,False
12040,2024-04-10,North,Arif Hossain,Electronics,Smartphone,Wholesale,Bank Transfer,22.0,443.06,9747.32,4,2024,Wednesday,9747.32,False
12508,2025-09-01,West,Tanvir Ahmed,Stationery,Desk Organizer,Online,Nagad,15.0,17.58,263.7,9,2025,Monday,263.7,False
11553,2024-08-25,Central,Rakib Hasan,Grocery,Tea Pack,Retail Store,Credit Card,7.0,3.91,27.37,8,2024,Sunday,27.37,False
10972,2024-06-14,South,Lamia Sultana,Grocery,Tea Pack,Distributor,Credit Card,24.0,4.13,99.12,6,2024,Friday,99.12,False
11251,2025-07-20,North,Lamia Sultana,Furniture,Dining Table,Wholesale,Cash,6.0,398.01,2388.06,7,2025,Sunday,2388.06,False
12822,2024-10-14,Unknown,Imran Kabir,Electronics,Monitor,Retail Store,Cash,9.0,210.01,1890.09,10,2024,Monday,1890.09,False
11539,2024-12-16,West,Imran Kabir,Grocery,Cooking Oil 1L,Online,Credit Card,8.0,2.93,23.44,12,2024,Monday,23.44,False
11285,2024-03-17,Central,Nusrat Jahan,Electronics,Headphones,Retail Store,Credit Card,16.0,54.9,878.4,3,2024,Sunday,878.4,False
12056,2024-07-13,Central,Mim Akter,Grocery,Snack Box,Wholesale,Credit Card,7.0,5.06,35.42,7,2024,Saturday,35.419999999999995,False
12221,2024-06-13,South,Tanvir Ahmed,Stationery,Backpack,Online,Bank Transfer,6.0,37.18,223.08,6,2024,Thursday,223.07999999999998,False
12197,2024-06-03,South,Shakil Rahman,Electronics,Tablet,Wholesale,Bank Transfer,25.0,309.54,7738.5,6,2024,Monday,7738.500000000001,False
11985,2025-06-03,East,Imran Kabir,Stationery,Notebook,Wholesale,Credit Card,14.0,2.03,28.42,6,2025,Tuesday,28.419999999999998,False
12714,2024-07-04,North,Nusrat Jahan,Electronics,Smartwatch,Distributor,bKash,16.0,142.88,2286.08,7,2024,Thursday,2286.08,False
10509,2024-02-12,Central,Arif Hossain,Apparel,T-Shirt,Retail Store,Credit Card,1.0,15.65,15.65,2,2024,Monday,15.65,False
12800,2025-12-14,West,Nusrat Jahan,Furniture,Dining Table,Distributor,bKash,17.0,375.69,6386.73,12,2025,Sunday,6386.73,False
10172,2025-10-23,North,Unknown,Electronics,Tablet,Online,Nagad,6.0,272.94,1637.64,10,2025,Thursday,1637.6399999999999,False
11495,2024-12-11,West,Farzana Islam,Grocery,Snack Box,Retail Store,Credit Card,23.0,5.24,120.52,12,2024,Wednesday,120.52000000000001,False
11820,2025-04-26,East,Arif Hossain,Grocery,Tea Pack,Distributor,Cash,17.0,4.09,69.53,4,2025,Saturday,69.53,False
11722,2025-12-20,East,Rakib Hasan,Furniture,Desk,Retail Store,Credit Card,25.0,165.41,4135.25,12,2025,Saturday,4135.25,False
11322,2025-10-27,North,Farzana Islam,Stationery,Desk Organizer,Online,Cash,4.0,17.7,70.8,10,2025,Monday,70.8,False
11431,2024-01-26,North,Sadia Chowdhury,Apparel,Cap,Retail Store,Nagad,13.0,10.93,142.09,1,2024,Friday,142.09,False
11735,2024-11-27,North,Mim Akter,Furniture,Sofa,Online,Credit Card,23.0,458.63,10548.49,11,2024,Wednesday,10548.49,False
10432,2025-06-09,South,Nusrat Jahan,Furniture,Desk,Distributor,Bank Transfer,1.0,200.91,200.91,6,2025,Monday,200.91,False
10232,2025-09-19,West,Rakib Hasan,Grocery,Snack Box,Retail Store,Cash,11.0,4.7,51.7,9,2025,Friday,51.7,False
10237,2025-12-23,South,Imran Kabir,Furniture,Sofa,Wholesale,Credit Card,5.0,463.35,2316.75,12,2025,Tuesday,2316.75,False
10032,2024-03-11,North,Arif Hossain,Stationery,Pen Set,Online,bKash,20.0,5.5,110.0,3,2024,Monday,110.0,False
10033,2025-08-31,North,Lamia Sultana,Furniture,Sofa,Retail Store,Nagad,2.0,474.68,949.36,8,2025,Sunday,949.36,False
11413,2024-08-25,West,Arif Hossain,Furniture,Bookshelf,Retail Store,Cash,10.0,96.03,960.3,8,2024,Sunday,960.3,False
10134,2025-05-16,Central,Rakib Hasan,Stationery,Desk Organizer,Wholesale,Credit Card,20.0,18.04,360.8,5,2025,Friday,360.79999999999995,False
10575,2025-10-08,North,Imran Kabir,Grocery,Coffee Jar,Distributor,Bank Transfer,5.0,7.82,39.1,10,2025,Wednesday,39.1,False
11844,2025-12-03,West,Lamia Sultana,Apparel,Jeans,Wholesale,Credit Card,19.0,33.64,639.16,12,2025,Wednesday,639.16,False
11419,2025-04-03,South,Mim Akter,Apparel,Sneakers,Online,Cash,14.0,52.54,735.56,4,2025,Thursday,735.56,False
10448,2024-07-23,West,Tanvir Ahmed,Grocery,Coffee Jar,Online,Nagad,24.0,6.95,166.8,7,2024,Tuesday,166.8,False
12680,2025-07-02,East,Sadia Chowdhury,Stationery,Desk Organizer,Wholesale,Credit Card,7.0,18.38,128.66,7,2025,Wednesday,128.66,False
10466,2025-11-25,West,Lamia Sultana,Furniture,Office Chair,Wholesale,Nagad,15.0,113.44,1701.6,11,2025,Tuesday,1701.6,False
11341,2025-07-23,West,Imran Kabir,Apparel,T-Shirt,Retail Store,Nagad,7.0,14.23,99.61,7,2025,Wednesday,99.61,False
10281,2024-06-05,Central,Lamia Sultana,Electronics,Headphones,Wholesale,Cash,7.0,58.95,412.65,6,2024,Wednesday,412.65000000000003,False
10778,2025-01-29,East,Sadia Chowdhury,Grocery,Cooking Oil 1L,Online,Credit Card,23.0,2.95,67.85,1,2025,Wednesday,67.85000000000001,False
10744,2025-11-29,Central,Arif Hossain,Grocery,Rice 5kg,Distributor,Cash,10.0,8.0,80.0,11,2025,Saturday,80.0,False
10596,2024-02-04,South,Imran Kabir,Electronics,Laptop,Wholesale,bKash,7.0,862.93,6040.51,2,2024,Sunday,6040.509999999999,False
12724,2024-08-17,East,Shakil Rahman,Grocery,Cooking Oil 1L,Wholesale,Nagad,4.0,3.35,13.4,8,2024,Saturday,13.4,False
12977,2024-01-18,West,Nusrat Jahan,Stationery,Desk Organizer,Online,bKash,22.0,18.36,403.92,1,2024,Thursday,403.91999999999996,False
12341,2024-01-03,West,Shakil Rahman,Apparel,T-Shirt,Wholesale,bKash,22.0,17.19,378.18,1,2024,Wednesday,378.18,False
11057,2025-08-24,West,Arif Hossain,Stationery,Desk Organizer,Retail Store,Nagad,23.0,20.65,474.95,8,2025,Sunday,474.95,False
11347,2024-02-22,North,Farzana Islam,Stationery,Backpack,Wholesale,bKash,20.0,41.41,828.2,2,2024,Thursday,828.1999999999999,False
10688,2025-06-12,East,Mim Akter,Grocery,Snack Box,Retail Store,Credit Card,22.0,5.74,126.28,6,2025,Thursday,126.28,False
11281,2024-03-17,North,Unknown,Electronics,Headphones,Online,Cash,9.0,58.94,530.46,3,2024,Sunday,530.46,False
12986,2024-12-14,South,Farzana Islam,Electronics,Smartphone,Distributor,Cash,21.0,364.27,7649.67,12,2024,Saturday,7649.67,False
12464,2025-12-09,West,Nusrat Jahan,Apparel,Cap,Retail Store,Credit Card,18.0,11.04,198.72,12,2025,Tuesday,198.71999999999997,False
11450,2025-11-11,North,Rakib Hasan,Apparel,T-Shirt,Wholesale,Bank Transfer,16.0,14.73,235.68,11,2025,Tuesday,235.68,False
12965,2025-05-07,East,Rakib Hasan,Grocery,Snack Box,Wholesale,Bank Transfer,10.0,5.66,56.6,5,2025,Wednesday,56.6,False
12611,2024-07-04,West,Tanvir Ahmed,Furniture,Office Chair,Retail Store,Cash,7.0,135.34,947.38,7,2024,Thursday,947.38,False
10218,2024-02-16,Central,Tanvir Ahmed,Stationery,Backpack,Online,Credit Card,21.0,43.71,917.91,2,2024,Friday,917.91,False
12461,2025-05-19,Unknown,Rakib Hasan,Electronics,Tablet,Retail Store,bKash,13.0,326.13,4239.69,5,2025,Monday,4239.69,False
12515,2025-07-01,North,Arif Hossain,Stationery,Notebook,Retail Store,Cash,9.0,1.98,17.82,7,2025,Tuesday,17.82,False
12276,2024-03-05,North,Lamia Sultana,Apparel,Sneakers,Online,Credit Card,21.0,54.99,1154.79,3,2024,Tuesday,1154.79,False
11528,2025-05-07,Central,Arif Hossain,Stationery,Notebook,Online,Bank Transfer,24.0,1.83,43.92,5,2025,Wednesday,43.92,False
10156,2025-03-29,Central,Tanvir Ahmed,Furniture,Desk,Online,Cash,22.0,181.08,3983.76,3,2025,Saturday,3983.76,False
11265,2024-07-29,West,Farzana Islam,Furniture,Bookshelf,Distributor,bKash,24.0,91.98,2207.52,7,2024,Monday,2207.52,False
12981,2025-04-10,Central,Tanvir Ahmed,Grocery,Coffee Jar,Online,Credit Card,19.0,6.53,124.07,4,2025,Thursday,124.07000000000001,False
11382,2024-02-01,East,Sadia Chowdhury,Apparel,Sneakers,Distributor,Nagad,6.0,54.56,327.36,2,2024,Thursday,327.36,False
11489,2025-10-31,West,Farzana Islam,Furniture,Bookshelf,Distributor,Bank Transfer,6.0,90.58,543.48,10,2025,Friday,543.48,False
11855,2024-05-18,Central,Arif Hossain,Stationery,Notebook,Online,Bank Transfer,6.0,1.82,10.92,5,2024,Saturday,10.92,False
11096,2025-03-23,East,Unknown,Stationery,Notebook,Wholesale,Nagad,8.0,1.91,15.28,3,2025,Sunday,15.28,False
12841,2025-09-23,Unknown,Sadia Chowdhury,Apparel,Jacket,Wholesale,bKash,24.0,70.64,1695.36,9,2025,Tuesday,1695.3600000000001,False
12127,2024-08-07,West,Arif Hossain,Furniture,Dining Table,Wholesale,Credit Card,16.0,376.94,6031.04,8,2024,Wednesday,6031.04,False
10983,2024-05-10,North,Lamia Sultana,Stationery,Pen Set,Retail Store,Credit Card,9.0,6.8,61.2,5,2024,Friday,61.199999999999996,False
12731,2025-04-08,West,Shakil Rahman,Furniture,Dining Table,Distributor,Credit Card,24.0,315.05,7561.2,4,2025,Tuesday,7561.200000000001,False
12544,2025-12-01,Central,Imran Kabir,Electronics,Headphones,Retail Store,Cash,3.0,58.7,176.1,12,2025,Monday,176.10000000000002,False
10290,2025-01-23,North,Tanvir Ahmed,Furniture,Bookshelf,Online,Bank Transfer,13.0,93.44,1214.72,1,2025,Thursday,1214.72,False
10626,2025-10-30,West,Imran Kabir,Apparel,Jacket,Online,bKash,20.0,73.59,1471.8,10,2025,Thursday,1471.8000000000002,False
11948,2024-07-24,East,Shakil Rahman,Stationery,Desk Organizer,Retail Store,Bank Transfer,1.0,20.09,462.07,7,2024,Wednesday,20.09,True
10263,2024-03-23,West,Sadia Chowdhury,Grocery,Tea Pack,Wholesale,Bank Transfer,22.0,4.56,100.32,3,2024,Saturday,100.32,False
12911,2025-12-03,South,Tanvir Ahmed,Stationery,Backpack,Retail Store,bKash,6.0,36.22,217.32,12,2025,Wednesday,217.32,False
11562,2024-09-12,West,Tanvir Ahmed,Grocery,Snack Box,Wholesale,Bank Transfer,9.0,5.73,51.57,9,2024,Thursday,51.57000000000001,False
12557,2025-08-17,North,Sadia Chowdhury,Stationery,Desk Organizer,Online,Cash,17.0,17.55,298.35,8,2025,Sunday,298.35,False
10283,2025-07-13,South,Mim Akter,Grocery,Coffee Jar,Retail Store,bKash,16.0,6.62,105.92,7,2025,Sunday,105.92,False
11879,2024-09-11,North,Rakib Hasan,Apparel,Jacket,Retail Store,bKash,15.0,73.21,1098.15,9,2024,Wednesday,1098.1499999999999,False
10651,2024-05-17,North,Mim Akter,Furniture,Desk,Online,Bank Transfer,17.0,200.08,3401.36,5,2024,Friday,3401.36,False
12960,2025-03-26,North,Nusrat Jahan,Apparel,Jeans,Online,Nagad,22.0,35.52,781.44,3,2025,Wednesday,781.44,False
10506,2025-05-29,Central,Tanvir Ahmed,Stationery,Notebook,Online,Cash,4.0,1.94,7.76,5,2025,Thursday,7.76,False
11524,2024-10-27,West,Nusrat Jahan,Furniture,Desk,Distributor,bKash,3.0,202.25,606.75,10,2024,Sunday,606.75,False
10869,2024-08-30,East,Mim Akter,Stationery,Desk Organizer,Online,Nagad,15.0,17.95,269.25,8,2024,Friday,269.25,False
11276,2025-10-22,Central,Arif Hossain,Grocery,Rice 5kg,Online,Cash,1.0,7.34,7.34,10,2025,Wednesday,7.34,False
10343,2025-12-06,West,Tanvir Ahmed,Furniture,Sofa,Wholesale,bKash,5.0,504.24,2521.2,12,2025,Saturday,2521.2,False
10754,2024-06-26,East,Nusrat Jahan,Stationery,Pen Set,Online,Nagad,11.0,5.49,60.39,6,2024,Wednesday,60.39,False
10732,2024-11-16,South,Arif Hossain,Furniture,Dining Table,Distributor,bKash,18.0,315.93,5686.74,11,2024,Saturday,5686.74,False
11215,2024-02-08,Central,Imran Kabir,Furniture,Office Chair,Wholesale,Nagad,10.0,112.84,1128.4,2,2024,Thursday,1128.4,False
12482,2024-11-17,West,Arif Hossain,Stationery,Desk Organizer,Wholesale,bKash,17.0,18.41,300.39,11,2024,Sunday,312.97,True
11543,2024-09-19,West,Lamia Sultana,Electronics,Laptop,Retail Store,bKash,24.0,803.82,19291.68,9,2024,Thursday,19291.68,False
10187,2024-02-09,North,Mim Akter,Electronics,Headphones,Retail Store,bKash,10.0,67.76,677.6,2,2024,Friday,677.6,False
10689,2024-11-14,West,Imran Kabir,Furniture,Office Chair,Online,Credit Card,2.0,128.61,257.22,11,2024,Thursday,257.22,False
10696,2024-12-30,Central,Lamia Sultana,Grocery,Cooking Oil 1L,Wholesale,Nagad,10.0,2.95,29.5,12,2024,Monday,29.5,False
10765,2025-11-24,Central,Mim Akter,Grocery,Snack Box,Wholesale,bKash,11.0,4.79,52.69,11,2025,Monday,52.69,False
10173,2025-01-16,Central,Arif Hossain,Grocery,Coffee Jar,Retail Store,Cash,10.0,6.98,69.8,1,2025,Thursday,69.80000000000001,False
11173,2025-07-19,East,Nusrat Jahan,Stationery,Backpack,Distributor,Cash,4.0,37.71,150.84,7,2025,Saturday,150.84,False
12915,2024-11-27,South,Imran Kabir,Apparel,Jacket,Online,Bank Transfer,14.0,67.74,948.36,11,2024,Wednesday,948.3599999999999,False
10717,2025-05-08,West,Mim Akter,Electronics,Smartwatch,Online,Nagad,23.0,138.0,3174.0,5,2025,Thursday,3174.0,False
11787,2025-02-08,North,Mim Akter,Apparel,Sneakers,Distributor,Nagad,17.0,58.53,995.01,2,2025,Saturday,995.01,False
12002,2024-07-28,East,Tanvir Ahmed,Apparel,T-Shirt,Distributor,bKash,7.0,14.28,99.96,7,2024,Sunday,99.96,False
10764,2024-04-28,South,Tanvir Ahmed,Stationery,Pen Set,Wholesale,Nagad,3.0,6.74,20.22,4,2024,Sunday,20.22,False
10104,2025-05-25,North,Nusrat Jahan,Grocery,Coffee Jar,Distributor,Nagad,21.0,7.07,148.47,5,2025,Sunday,148.47,False
10251,2025-02-14,West,Imran Kabir,Furniture,Dining Table,Distributor,Credit Card,22.0,323.35,7113.7,2,2025,Friday,7113.700000000001,False
10588,2024-06-16,Central,Imran Kabir,Furniture,Sofa,Wholesale,bKash,23.0,487.93,11222.39,6,2024,Sunday,11222.39,False
12828,2024-09-18,East,Mim Akter,Apparel,T-Shirt,Retail Store,Bank Transfer,17.0,16.33,277.61,9,2024,Wednesday,277.60999999999996,False
10379,2024-09-23,West,Arif Hossain,Furniture,Bookshelf,Online,Cash,6.0,81.7,490.2,9,2024,Monday,490.20000000000005,False
11005,2025-01-06,South,Imran Kabir,Apparel,Sneakers,Retail Store,Credit Card,1.0,50.51,50.51,1,2025,Monday,50.51,False
11028,2024-02-02,East,Mim Akter,Grocery,Snack Box,Online,Nagad,5.0,4.69,23.45,2,2024,Friday,23.450000000000003,False
12941,2024-12-30,North,Farzana Islam,Grocery,Cooking Oil 1L,Wholesale,Cash,11.0,3.25,35.75,12,2024,Monday,35.75,False
10176,2025-07-26,West,Rakib Hasan,Apparel,Jacket,Online,Cash,13.0,68.96,896.48,7,2025,Saturday,896.4799999999999,False
11667,2025-01-14,West,Arif Hossain,Stationery,Notebook,Retail Store,Nagad,22.0,2.15,47.3,1,2025,Tuesday,47.3,False
11008,2024-01-23,Central,Nusrat Jahan,Furniture,Bookshelf,Retail Store,bKash,6.0,99.96,599.76,1,2024,Tuesday,599.76,False
12312,2025-08-07,Central,Tanvir Ahmed,Grocery,Snack Box,Online,Bank Transfer,14.0,5.68,79.52,8,2025,Thursday,79.52,False
12149,2024-05-24,East,Farzana Islam,Furniture,Office Chair,Retail Store,Credit Card,1.0,135.91,2174.56,5,2024,Friday,135.91,True
10313,2024-09-11,North,Mim Akter,Grocery,Snack Box,Online,Credit Card,22.0,5.33,117.26,9,2024,Wednesday,117.26,False
12413,2024-11-12,Central,Sadia Chowdhury,Furniture,Sofa,Wholesale,Cash,18.0,479.86,8637.48,11,2024,Tuesday,8637.48,False
12591,2024-07-09,South,Arif Hossain,Electronics,Headphones,Wholesale,Credit Card,18.0,55.92,1006.56,7,2024,Tuesday,1006.5600000000001,False
11113,2024-05-04,North,Farzana Islam,Grocery,Tea Pack,Online,Credit Card,16.0,4.24,67.84,5,2024,Saturday,67.84,False
12474,2024-06-25,South,Sadia Chowdhury,Furniture,Sofa,Retail Store,Bank Transfer,20.0,486.31,9726.2,6,2024,Tuesday,9726.2,False
10141,2024-04-26,North,Rakib Hasan,Furniture,Bookshelf,Wholesale,Nagad,24.0,82.43,1978.32,4,2024,Friday,1978.3200000000002,False
11918,2025-02-02,West,Mim Akter,Stationery,Pen Set,Online,Cash,25.0,6.05,151.25,2,2025,Sunday,151.25,False
11075,2024-04-29,South,Lamia Sultana,Furniture,Bookshelf,Retail Store,Credit Card,25.0,83.08,2077.0,4,2024,Monday,2077.0,False
10332,2024-04-14,North,Sadia Chowdhury,Apparel,Cap,Retail Store,Bank Transfer,1.0,11.08,265.92,4,2024,Sunday,11.08,True
12027,2024-10-19,Central,Mim Akter,Stationery,Notebook,Online,Cash,19.0,1.89,35.91,10,2024,Saturday,35.91,False
11837,2024-08-14,North,Unknown,Apparel,Sneakers,Retail Store,Bank Transfer,8.0,55.82,446.56,8,2024,Wednesday,446.56,False
10016,2024-04-18,East,Arif Hossain,Grocery,Rice 5kg,Retail Store,Nagad,21.0,7.8,163.8,4,2024,Thursday,163.79999999999998,False
12545,2024-12-01,East,Imran Kabir,Electronics,Tablet,Distributor,bKash,24.0,286.98,6887.52,12,2024,Sunday,6887.52,False
11257,2025-02-04,Unknown,Sadia Chowdhury,Furniture,Office Chair,Distributor,bKash,4.0,122.73,490.92,2,2025,Tuesday,490.92,False
10702,2025-01-28,Central,Nusrat Jahan,Grocery,Cooking Oil 1L,Retail Store,Bank Transfer,3.0,2.96,8.88,1,2025,Tuesday,8.879999999999999,False
12336,2024-10-11,South,Tanvir Ahmed,Furniture,Desk,Distributor,Credit Card,9.0,183.93,1655.37,10,2024,Friday,1655.3700000000001,False
11313,2024-05-26,Central,Rakib Hasan,Apparel,Cap,Online,Cash,24.0,9.49,227.76,5,2024,Sunday,227.76,False
11171,2024-10-05,Central,Imran Kabir,Stationery,Desk Organizer,Wholesale,Nagad,7.0,17.03,119.21,10,2024,Saturday,119.21000000000001,False
11050,2024-04-08,East,Nusrat Jahan,Electronics,Laptop,Online,bKash,22.0,800.68,17614.96,4,2024,Monday,17614.96,False
11899,2024-04-05,North,Unknown,Stationery,Pen Set,Distributor,Bank Transfer,16.0,6.71,107.36,4,2024,Friday,107.36,False
12133,2024-06-15,North,Sadia Chowdhury,Stationery,Backpack,Online,Cash,7.0,44.72,313.04,6,2024,Saturday,313.03999999999996,False
10115,2025-10-03,East,Arif Hossain,Grocery,Rice 5kg,Wholesale,Cash,23.0,8.97,206.31,10,2025,Friday,206.31,False
11733,2024-06-11,South,Tanvir Ahmed,Apparel,Jacket,Wholesale,Bank Transfer,10.0,71.98,719.8,6,2024,Tuesday,719.8000000000001,False
11235,2025-04-14,East,Mim Akter,Stationery,Pen Set,Online,bKash,5.0,6.15,30.75,4,2025,Monday,30.75,False
12185,2024-11-23,Central,Tanvir Ahmed,Electronics,Headphones,Wholesale,Bank Transfer,16.0,64.0,1024.0,11,2024,Saturday,1024.0,False
10541,2025-11-01,Central,Farzana Islam,Electronics,Smartwatch,Online,Bank Transfer,7.0,160.79,1125.53,11,2025,Saturday,1125.53,False
10997,2024-09-19,Unknown,Lamia Sultana,Electronics,Smartwatch,Retail Store,Nagad,12.0,150.79,1809.48,9,2024,Thursday,1809.48,False
12246,2024-10-07,Central,Rakib Hasan,Apparel,Sneakers,Wholesale,Credit Card,15.0,58.86,882.9,10,2024,Monday,882.9,False
11393,2025-12-07,South,Tanvir Ahmed,Grocery,Rice 5kg,Wholesale,Credit Card,6.0,9.18,55.08,12,2025,Sunday,55.08,False
11940,2024-09-12,South,Rakib Hasan,Stationery,Notebook,Online,bKash,24.0,1.82,43.68,9,2024,Thursday,43.68,False
11856,2024-10-12,South,Lamia Sultana,Furniture,Desk,Distributor,Nagad,15.0,173.06,2595.9,10,2024,Saturday,2595.9,False
10806,2025-07-21,South,Rakib Hasan,Stationery,Pen Set,Wholesale,Cash,16.0,5.46,87.36,7,2025,Monday,87.36,False
10577,2025-03-31,East,Shakil Rahman,Apparel,Jacket,Wholesale,Cash,25.0,72.52,1813.0,3,2025,Monday,1813.0,False
12727,2024-08-18,North,Lamia Sultana,Stationery,Backpack,Retail Store,Nagad,5.0,40.62,203.1,8,2024,Sunday,203.1,False
12994,2024-01-23,South,Imran Kabir,Apparel,T-Shirt,Wholesale,Cash,3.0,15.12,45.36,1,2024,Tuesday,45.36,False
10601,2024-06-10,South,Mim Akter,Grocery,Snack Box,Online,bKash,16.0,4.61,73.76,6,2024,Monday,73.76,False
10204,2025-01-27,North,Nusrat Jahan,Electronics,Smartphone,Distributor,Cash,19.0,363.24,6901.56,1,2025,Monday,6901.56,False
10630,2025-05-28,West,Shakil Rahman,Electronics,Smartwatch,Online,Bank Transfer,14.0,164.02,2296.28,5,2025,Wednesday,2296.28,False
11836,2024-04-03,West,Nusrat Jahan,Furniture,Desk,Online,bKash,19.0,195.32,3711.08,4,2024,Wednesday,3711.08,False
12500,2024-09-10,South,Tanvir Ahmed,Apparel,Cap,Online,Cash,25.0,9.19,229.75,9,2024,Tuesday,229.75,False
11800,2024-04-30,Central,Tanvir Ahmed,Stationery,Desk Organizer,Distributor,Nagad,23.0,18.53,426.19,4,2024,Tuesday,426.19000000000005,False
11326,2024-07-28,Central,Farzana Islam,Electronics,Smartphone,Online,bKash,4.0,407.37,1629.48,7,2024,Sunday,1629.48,False
11124,2024-09-18,Central,Imran Kabir,Apparel,Jeans,Online,Nagad,9.0,34.84,313.56,9,2024,Wednesday,313.56000000000006,False
12888,2025-06-30,West,Tanvir Ahmed,Stationery,Pen Set,Online,Nagad,14.0,5.46,76.44,6,2025,Monday,76.44,False
11953,2024-01-21,West,Arif Hossain,Stationery,Pen Set,Online,bKash,11.0,6.55,72.05,1,2024,Sunday,72.05,False
10504,2025-02-21,Central,Farzana Islam,Furniture,Bookshelf,Retail Store,Cash,13.0,91.15,1184.95,2,2025,Friday,1184.95,False
10952,2025-01-18,South,Farzana Islam,Electronics,Smartwatch,Distributor,Cash,10.0,146.02,1460.2,1,2025,Saturday,1460.2,False
12785,2025-05-08,East,Nusrat Jahan,Electronics,Smartwatch,Distributor,Cash,24.0,170.39,4089.36,5,2025,Thursday,4089.3599999999997,False
10800,2024-11-21,Central,Imran Kabir,Grocery,Rice 5kg,Retail Store,Bank Transfer,20.0,8.41,168.2,11,2024,Thursday,168.2,False
11282,2025-04-16,East,Rakib Hasan,Stationery,Desk Organizer,Retail Store,Nagad,4.0,16.77,67.08,4,2025,Wednesday,67.08,False
12853,2024-03-29,East,Tanvir Ahmed,Electronics,Tablet,Retail Store,Bank Transfer,25.0,313.17,7829.25,3,2024,Friday,7829.25,False
11993,2024-07-17,West,Sadia Chowdhury,Furniture,Dining Table,Retail Store,Nagad,13.0,377.84,4911.92,7,2024,Wednesday,4911.92,False
10782,2025-12-20,Central,Farzana Islam,Apparel,Jeans,Wholesale,Nagad,7.0,38.09,266.63,12,2025,Saturday,266.63,False
11188,2025-03-13,North,Nusrat Jahan,Grocery,Cooking Oil 1L,Online,bKash,13.0,2.81,36.53,3,2025,Thursday,36.53,False
10932,2024-07-25,East,Mim Akter,Electronics,Smartphone,Retail Store,Credit Card,15.0,456.96,6854.4,7,2024,Thursday,6854.4,False
10860,2025-10-24,West,Arif Hossain,Apparel,Sneakers,Wholesale,Bank Transfer,2.0,52.28,104.56,10,2025,Friday,104.56,False
12271,2024-04-08,East,Imran Kabir,Furniture,Sofa,Retail Store,Credit Card,18.0,480.71,8652.78,4,2024,Monday,8652.779999999999,False
10047,2025-11-06,East,Nusrat Jahan,Grocery,Tea Pack,Retail Store,Credit Card,7.0,4.0,28.0,11,2025,Thursday,28.0,False
10450,2025-08-25,South,Farzana Islam,Apparel,Jacket,Wholesale,Nagad,10.0,61.21,612.1,8,2025,Monday,612.1,False
12243,2025-10-21,North,Tanvir Ahmed,Grocery,Snack Box,Distributor,bKash,20.0,4.65,93.0,10,2025,Tuesday,93.0,False
12789,2025-07-09,North,Imran Kabir,Furniture,Sofa,Wholesale,Credit Card,25.0,455.78,11394.5,7,2025,Wednesday,11394.5,False
10132,2024-11-07,North,Rakib Hasan,Apparel,Sneakers,Online,Credit Card,16.0,51.1,817.6,11,2024,Thursday,817.6,False
10158,2024-08-13,West,Arif Hossain,Apparel,Cap,Distributor,Credit Card,13.0,11.46,148.98,8,2024,Tuesday,148.98000000000002,False
11937,2025-08-27,East,Mim Akter,Furniture,Dining Table,Retail Store,Bank Transfer,14.0,394.69,5525.66,8,2025,Wednesday,5525.66,False
10124,2024-08-23,North,Lamia Sultana,Electronics,Smartwatch,Wholesale,Cash,20.0,165.07,3301.4,8,2024,Friday,3301.3999999999996,False
11305,2025-05-24,West,Nusrat Jahan,Electronics,Smartphone,Retail Store,Cash,1.0,384.44,384.44,5,2025,Saturday,384.44,False
12743,2024-06-12,Unknown,Lamia Sultana,Grocery,Coffee Jar,Distributor,Cash,3.0,7.89,23.67,6,2024,Wednesday,23.669999999999998,False
11058,2025-03-14,Central,Farzana Islam,Furniture,Office Chair,Distributor,bKash,25.0,115.31,2882.75,3,2025,Friday,2882.75,False
10612,2024-08-01,South,Lamia Sultana,Electronics,Headphones,Online,Credit Card,21.0,61.37,1288.77,8,2024,Thursday,1288.77,False
11155,2024-10-14,Central,Rakib Hasan,Grocery,Cooking Oil 1L,Retail Store,bKash,25.0,2.79,69.75,10,2024,Monday,69.75,False
10846,2025-08-29,South,Nusrat Jahan,Electronics,Monitor,Retail Store,Cash,3.0,248.07,744.21,8,2025,Friday,744.21,False
10795,2024-05-28,North,Tanvir Ahmed,Stationery,Backpack,Wholesale,Bank Transfer,15.0,45.28,679.2,5,2024,Tuesday,679.2,False
10253,2025-10-31,East,Lamia Sultana,Apparel,Jacket,Online,Cash,12.0,69.76,837.12,10,2025,Friday,837.1200000000001,False
12761,2024-07-06,West,Rakib Hasan,Electronics,Smartwatch,Retail Store,bKash,12.0,135.32,1623.84,7,2024,Saturday,1623.84,False
12600,2025-12-05,West,Arif Hossain,Furniture,Bookshelf,Wholesale,Credit Card,13.0,85.84,1115.92,12,2025,Friday,1115.92,False
10843,2025-11-23,West,Lamia Sultana,Grocery,Tea Pack,Wholesale,Nagad,12.0,4.37,52.44,11,2025,Sunday,52.44,False
11571,2024-06-11,North,Arif Hossain,Electronics,Smartwatch,Online,Nagad,17.0,166.74,2834.58,6,2024,Tuesday,2834.58,False
10278,2025-04-22,Central,Mim Akter,Grocery,Cooking Oil 1L,Distributor,Bank Transfer,18.0,3.19,57.42,4,2025,Tuesday,57.42,False
10703,2025-12-11,West,Lamia Sultana,Stationery,Desk Organizer,Distributor,Nagad,8.0,16.98,135.84,12,2025,Thursday,135.84,False
12286,2024-12-18,West,Lamia Sultana,Stationery,Desk Organizer,Retail Store,Bank Transfer,5.0,18.88,94.4,12,2024,Wednesday,94.39999999999999,False
11227,2024-11-20,South,Imran Kabir,Grocery,Coffee Jar,Distributor,Credit Card,11.0,8.04,88.44,11,2024,Wednesday,88.44,False
10078,2024-09-08,West,Imran Kabir,Stationery,Desk Organizer,Distributor,Cash,3.0,17.46,52.38,9,2024,Sunday,52.38,False
11488,2024-05-21,Central,Imran Kabir,Electronics,Smartwatch,Online,bKash,16.0,142.05,2272.8,5,2024,Tuesday,2272.8,False
10323,2025-02-01,East,Sadia Chowdhury,Grocery,Rice 5kg,Distributor,Nagad,20.0,7.99,159.8,2,2025,Saturday,159.8,False
12784,2024-03-05,South,Arif Hossain,Grocery,Cooking Oil 1L,Wholesale,Cash,21.0,2.71,56.91,3,2024,Tuesday,56.91,False
11499,2025-06-28,Central,Farzana Islam,Apparel,T-Shirt,Distributor,Credit Card,24.0,14.99,359.76,6,2025,Saturday,359.76,False
10631,2025-02-08,West,Arif Hossain,Furniture,Desk,Retail Store,Bank Transfer,21.0,187.71,3941.91,2,2025,Saturday,3941.9100000000003,False
12695,2025-05-19,North,Rakib Hasan,Apparel,Jacket,Online,Bank Transfer,11.0,71.62,787.82,5,2025,Monday,787.82,False
10227,2025-03-17,West,Shakil Rahman,Grocery,Snack Box,Online,Credit Card,5.0,5.6,28.0,3,2025,Monday,28.0,False
12801,2024-01-23,West,Tanvir Ahmed,Stationery,Desk Organizer,Distributor,Cash,22.0,19.07,419.54,1,2024,Tuesday,419.54,False
12829,2025-02-13,East,Shakil Rahman,Stationery,Desk Organizer,Online,bKash,23.0,17.42,400.66,2,2025,Thursday,400.66,False
11017,2025-07-17,Central,Rakib Hasan,Grocery,Coffee Jar,Distributor,Cash,3.0,6.54,19.62,7,2025,Thursday,19.62,False
12264,2025-06-24,South,Imran Kabir,Stationery,Desk Organizer,Wholesale,Credit Card,8.0,18.63,149.04,6,2025,Tuesday,149.04,False
12240,2024-10-20,West,Sadia Chowdhury,Stationery,Notebook,Wholesale,Nagad,17.0,2.25,38.25,10,2024,Sunday,38.25,False
12001,2025-09-16,East,Mim Akter,Stationery,Pen Set,Retail Store,Bank Transfer,23.0,5.49,126.27,9,2025,Tuesday,126.27000000000001,False
10299,2025-02-02,East,Rakib Hasan,Electronics,Laptop,Wholesale,bKash,11.0,875.51,9258.15,2,2025,Sunday,9630.61,True
10683,2025-01-19,South,Shakil Rahman,Apparel,T-Shirt,Online,Cash,21.0,15.5,325.5,1,2025,Sunday,325.5,False
12165,2024-01-31,West,Imran Kabir,Apparel,Sneakers,Distributor,Bank Transfer,7.0,51.16,358.12,1,2024,Wednesday,358.12,False
10265,2025-03-10,North,Shakil Rahman,Furniture,Office Chair,Wholesale,Nagad,18.0,119.38,2148.84,3,2025,Monday,2148.84,False
12399,2025-05-02,West,Farzana Islam,Grocery,Tea Pack,Distributor,Cash,2.0,3.96,7.92,5,2025,Friday,7.92,False
10391,2024-08-30,West,Mim Akter,Furniture,Dining Table,Retail Store,bKash,19.0,342.83,6513.77,8,2024,Friday,6513.7699999999995,False
12480,2024-11-30,North,Farzana Islam,Grocery,Tea Pack,Online,Nagad,9.0,4.16,37.44,11,2024,Saturday,37.44,False
11380,2024-07-27,North,Arif Hossain,Stationery,Desk Organizer,Online,bKash,11.0,18.77,206.47,7,2024,Saturday,206.47,False
10129,2024-01-15,Central,Mim Akter,Furniture,Sofa,Online,Bank Transfer,9.0,465.36,4188.24,1,2024,Monday,4188.24,False
10126,2024-10-29,Central,Mim Akter,Grocery,Rice 5kg,Retail Store,Credit Card,11.0,8.69,95.59,10,2024,Tuesday,95.58999999999999,False
12713,2024-12-18,Central,Sadia Chowdhury,Grocery,Snack Box,Wholesale,Cash,9.0,4.7,42.3,12,2024,Wednesday,42.300000000000004,False
11721,2024-07-08,West,Shakil Rahman,Stationery,Pen Set,Online,Bank Transfer,17.0,5.41,91.97,7,2024,Monday,91.97,False
11156,2025-12-18,West,Nusrat Jahan,Apparel,Jeans,Wholesale,Credit Card,24.0,35.9,861.6,12,2025,Thursday,861.5999999999999,False
11533,2025-06-18,Central,Tanvir Ahmed,Stationery,Backpack,Retail Store,bKash,10.0,36.26,362.6,6,2025,Wednesday,362.59999999999997,False
12203,2024-03-05,East,Tanvir Ahmed,Furniture,Bookshelf,Wholesale,Bank Transfer,16.0,98.0,1568.0,3,2024,Tuesday,1568.0,False
12706,2024-12-12,South,Sadia Chowdhury,Grocery,Cooking Oil 1L,Online,bKash,7.0,3.24,22.68,12,2024,Thursday,22.68,False
10208,2024-06-25,North,Rakib Hasan,Grocery,Cooking Oil 1L,Online,Bank Transfer,23.0,3.03,69.69,6,2024,Tuesday,69.69,False
10551,2025-08-23,West,Mim Akter,Electronics,Headphones,Wholesale,Bank Transfer,7.0,61.77,432.39,8,2025,Saturday,432.39000000000004,False
10557,2025-07-02,East,Imran Kabir,Furniture,Desk,Distributor,Nagad,1.0,193.54,193.54,7,2025,Wednesday,193.54,False
10161,2024-01-20,North,Imran Kabir,Stationery,Backpack,Online,Bank Transfer,15.0,45.21,678.15,1,2024,Saturday,678.15,False
10884,2025-12-31,South,Mim Akter,Electronics,Tablet,Wholesale,bKash,13.0,323.13,4200.69,12,2025,Wednesday,4200.69,False
12919,2025-05-04,North,Imran Kabir,Grocery,Snack Box,Wholesale,Cash,1.0,5.66,5.66,5,2025,Sunday,5.66,False
10662,2025-09-18,North,Arif Hossain,Grocery,Tea Pack,Wholesale,Nagad,6.0,3.98,23.88,9,2025,Thursday,23.88,False
10300,2024-04-14,East,Sadia Chowdhury,Electronics,Laptop,Distributor,Cash,5.0,783.55,3917.75,4,2024,Sunday,3917.75,False
11697,2025-11-27,South,Imran Kabir,Electronics,Monitor,Retail Store,Cash,19.0,240.31,4565.89,11,2025,Thursday,4565.89,False
12814,2024-04-05,West,Shakil Rahman,Electronics,Laptop,Retail Store,Nagad,11.0,765.31,8418.41,4,2024,Friday,8418.41,False
12352,2025-01-29,West,Nusrat Jahan,Grocery,Cooking Oil 1L,Retail Store,bKash,5.0,3.03,15.15,1,2025,Wednesday,15.149999999999999,False
10510,2024-12-18,Central,Farzana Islam,Grocery,Snack Box,Distributor,bKash,7.0,5.02,35.14,12,2024,Wednesday,35.14,False
11911,2025-11-04,North,Rakib Hasan,Grocery,Rice 5kg,Distributor,bKash,10.0,8.54,85.4,11,2025,Tuesday,85.39999999999999,False
10652,2024-05-20,South,Imran Kabir,Grocery,Tea Pack,Wholesale,Bank Transfer,6.0,3.79,22.74,5,2024,Monday,22.740000000000002,False
10339,2025-05-14,Central,Shakil Rahman,Electronics,Tablet,Distributor,Bank Transfer,11.0,305.76,3450.15,5,2025,Wednesday,3363.3599999999997,True
10667,2025-07-14,North,Lamia Sultana,Grocery,Coffee Jar,Online,bKash,9.0,7.38,66.42,7,2025,Monday,66.42,False
11390,2024-09-23,South,Imran Kabir,Furniture,Dining Table,Retail Store,Nagad,10.0,344.89,3448.9,9,2024,Monday,3448.8999999999996,False
12527,2024-08-29,South,Farzana Islam,Furniture,Desk,Online,Cash,7.0,203.93,1427.51,8,2024,Thursday,1427.51,False
12385,2024-10-21,Central,Nusrat Jahan,Grocery,Cooking Oil 1L,Retail Store,Credit Card,12.0,3.34,40.08,10,2024,Monday,40.08,False
10018,2024-02-29,North,Mim Akter,Grocery,Rice 5kg,Distributor,bKash,8.0,8.96,71.68,2,2024,Thursday,71.68,False
10213,2025-04-22,South,Unknown,Stationery,Notebook,Online,Bank Transfer,22.0,2.06,45.32,4,2025,Tuesday,45.32,False
11037,2025-04-18,Central,Mim Akter,Stationery,Pen Set,Wholesale,Bank Transfer,19.0,5.46,103.74,4,2025,Friday,103.74,False
10514,2025-04-06,North,Nusrat Jahan,Apparel,Cap,Distributor,Bank Transfer,11.0,10.54,115.94,4,2025,Sunday,115.94,False
11363,2024-03-21,West,Lamia Sultana,Electronics,Headphones,Wholesale,Cash,7.0,67.68,473.76,3,2024,Thursday,473.76000000000005,False
11835,2025-07-20,East,Nusrat Jahan,Apparel,Cap,Retail Store,Credit Card,19.0,9.79,186.01,7,2025,Sunday,186.01,False
12223,2024-01-29,East,Lamia Sultana,Grocery,Cooking Oil 1L,Online,Bank Transfer,4.0,2.76,11.04,1,2024,Monday,11.04,False
12702,2024-11-04,South,Sadia Chowdhury,Stationery,Notebook,Distributor,Credit Card,17.0,2.22,37.74,11,2024,Monday,37.74,False
12229,2025-01-30,South,Imran Kabir,Grocery,Tea Pack,Distributor,Nagad,25.0,4.13,103.25,1,2025,Thursday,103.25,False
10224,2025-08-14,West,Nusrat Jahan,Grocery,Snack Box,Retail Store,Cash,24.0,4.89,117.36,8,2025,Thursday,117.35999999999999,False
12554,2024-12-02,West,Rakib Hasan,Stationery,Backpack,Distributor,Bank Transfer,21.0,43.1,905.1,12,2024,Monday,905.1,False
11492,2024-01-12,East,Rakib Hasan,Electronics,Smartphone,Wholesale,Bank Transfer,1.0,409.19,6806.08,1,2024,Friday,409.19,True
12585,2025-12-24,East,Mim Akter,Stationery,Desk Organizer,Distributor,Credit Card,8.0,19.94,159.52,12,2025,Wednesday,159.52,False
11775,2025-11-25,South,Nusrat Jahan,Electronics,Monitor,Online,Bank Transfer,13.0,199.64,2595.32,11,2025,Tuesday,2595.3199999999997,False
12763,2024-04-02,Central,Shakil Rahman,Grocery,Cooking Oil 1L,Retail Store,Credit Card,6.0,3.29,19.74,4,2024,Tuesday,19.740000000000002,False
11643,2025-05-03,Central,Sadia Chowdhury,Furniture,Office Chair,Online,Cash,23.0,112.44,2586.12,5,2025,Saturday,2586.12,False
12541,2024-05-07,Central,Tanvir Ahmed,Grocery,Snack Box,Retail Store,bKash,17.0,4.77,81.09,5,2024,Tuesday,81.08999999999999,False
12869,2024-05-15,South,Nusrat Jahan,Stationery,Pen Set,Distributor,Bank Transfer,7.0,5.48,38.36,5,2024,Wednesday,38.36,False
11679,2024-05-26,West,Lamia Sultana,Electronics,Smartphone,Distributor,Bank Transfer,15.0,419.7,6295.5,5,2024,Sunday,6295.5,False
11013,2024-03-24,East,Rakib Hasan,Electronics,Monitor,Wholesale,bKash,16.0,241.5,3864.0,3,2024,Sunday,3864.0,False
12846,2025-09-15,Central,Sadia Chowdhury,Furniture,Office Chair,Wholesale,Bank Transfer,4.0,126.67,506.68,9,2025,Monday,506.68,False
12244,2025-01-30,Central,Arif Hossain,Stationery,Desk Organizer,Distributor,Nagad,20.0,18.76,375.2,1,2025,Thursday,375.20000000000005,False
11891,2025-02-06,Central,Nusrat Jahan,Electronics,Tablet,Distributor,Credit Card,11.0,319.88,3518.68,2,2025,Thursday,3518.68,False
11455,2025-01-18,Central,Arif Hossain,Grocery,Cooking Oil 1L,Retail Store,Bank Transfer,6.0,3.4,20.4,1,2025,Saturday,20.4,False
12007,2025-02-02,North,Farzana Islam,Electronics,Monitor,Wholesale,Cash,4.0,223.39,893.56,2,2025,Sunday,893.56,False
10207,2025-09-18,East,Shakil Rahman,Stationery,Notebook,Wholesale,bKash,10.0,2.15,21.5,9,2025,Thursday,21.5,False
12022,2024-04-21,Central,Rakib Hasan,Grocery,Snack Box,Wholesale,Nagad,16.0,5.28,84.48,4,2024,Sunday,84.48,False
12944,2025-06-17,West,Arif Hossain,Electronics,Laptop,Wholesale,Cash,14.0,936.78,13114.92,6,2025,Tuesday,13114.92,False
10118,2025-01-18,East,Tanvir Ahmed,Electronics,Laptop,Distributor,Cash,14.0,795.93,11143.02,1,2025,Saturday,11143.019999999999,False
10655,2025-08-08,West,Mim Akter,Electronics,Smartwatch,Wholesale,Nagad,20.0,155.11,3102.2,8,2025,Friday,3102.2000000000003,False
10030,2024-07-13,West,Arif Hossain,Grocery,Tea Pack,Wholesale,bKash,10.0,3.82,38.2,7,2024,Saturday,38.199999999999996,False
10561,2025-09-20,North,Farzana Islam,Apparel,Jeans,Online,Bank Transfer,1.0,38.19,38.19,9,2025,Saturday,38.19,False
10241,2024-12-19,North,Lamia Sultana,Apparel,Jacket,Wholesale,Bank Transfer,25.0,71.58,1789.5,12,2024,Thursday,1789.5,False
11340,2025-10-08,North,Sadia Chowdhury,Electronics,Laptop,Distributor,Nagad,1.0,875.51,961.25,10,2025,Wednesday,875.51,True
12451,2025-03-25,East,Tanvir Ahmed,Furniture,Desk,Distributor,Credit Card,24.0,180.61,4334.64,3,2025,Tuesday,4334.64,False
11214,2025-05-30,South,Farzana Islam,Grocery,Tea Pack,Distributor,Bank Transfer,4.0,4.1,16.4,5,2025,Friday,16.4,False
12492,2025-09-18,South,Imran Kabir,Apparel,Cap,Retail Store,Nagad,2.0,9.15,18.3,9,2025,Thursday,18.3,False
12195,2025-07-13,South,Imran Kabir,Apparel,Cap,Distributor,Nagad,5.0,9.0,45.0,7,2025,Sunday,45.0,False
10525,2025-08-15,East,Farzana Islam,Electronics,Monitor,Distributor,Cash,18.0,229.36,4128.48,8,2025,Friday,4128.4800000000005,False
10387,2025-12-31,Central,Nusrat Jahan,Grocery,Cooking Oil 1L,Online,Bank Transfer,12.0,3.06,36.72,12,2025,Wednesday,36.72,False
12912,2024-07-12,North,Farzana Islam,Electronics,Headphones,Wholesale,Nagad,8.0,65.42,523.36,7,2024,Friday,523.36,False
11129,2024-10-07,East,Shakil Rahman,Electronics,Headphones,Retail Store,bKash,1.0,55.47,55.47,10,2024,Monday,55.47,False
10940,2024-05-09,North,Arif Hossain,Apparel,T-Shirt,Distributor,Bank Transfer,17.0,17.22,292.74,5,2024,Thursday,292.74,False
11066,2024-03-22,West,Nusrat Jahan,Apparel,Cap,Distributor,Bank Transfer,12.0,10.0,120.0,3,2024,Friday,120.0,False
10517,2025-07-18,West,Mim Akter,Grocery,Coffee Jar,Distributor,Bank Transfer,4.0,6.61,26.44,7,2025,Friday,26.44,False
10936,2024-06-17,North,Mim Akter,Stationery,Notebook,Distributor,Bank Transfer,14.0,1.83,25.62,6,2024,Monday,25.62,False
10127,2025-05-28,South,Arif Hossain,Furniture,Desk,Distributor,Nagad,9.0,199.37,1794.33,5,2025,Wednesday,1794.33,False
11418,2025-02-12,West,Imran Kabir,Apparel,Jacket,Wholesale,Bank Transfer,9.0,73.33,659.97,2,2025,Wednesday,659.97,False
10421,2025-11-01,East,Imran Kabir,Apparel,Cap,Distributor,Bank Transfer,16.0,10.43,166.88,11,2025,Saturday,166.88,False
12780,2024-09-30,Central,Nusrat Jahan,Furniture,Bookshelf,Wholesale,Cash,25.0,87.01,2175.25,9,2024,Monday,2175.25,False
12163,2024-07-23,Central,Shakil Rahman,Apparel,Jacket,Wholesale,Cash,13.0,61.34,797.42,7,2024,Tuesday,797.4200000000001,False
10627,2025-07-06,East,Unknown,Grocery,Rice 5kg,Online,Cash,19.0,7.5,142.5,7,2025,Sunday,142.5,False
11409,2024-05-20,Central,Tanvir Ahmed,Apparel,Jeans,Online,bKash,19.0,34.79,661.01,5,2024,Monday,661.01,False
12091,2025-05-07,Central,Lamia Sultana,Electronics,Monitor,Online,Credit Card,20.0,224.63,4492.6,5,2025,Wednesday,4492.6,False
11612,2024-09-05,South,Rakib Hasan,Electronics,Tablet,Wholesale,bKash,13.0,328.97,4276.61,9,2024,Thursday,4276.610000000001,False
10839,2025-04-05,North,Imran Kabir,Stationery,Notebook,Online,Bank Transfer,11.0,2.23,24.53,4,2025,Saturday,24.53,False
11137,2024-06-18,North,Farzana Islam,Electronics,Monitor,Retail Store,Credit Card,19.0,201.16,3822.04,6,2024,Tuesday,3822.04,False
11955,2025-11-16,Unknown,Shakil Rahman,Apparel,Sneakers,Retail Store,Bank Transfer,20.0,57.27,1145.4,11,2025,Sunday,1145.4,False
11724,2025-06-27,West,Shakil Rahman,Apparel,Jeans,Distributor,bKash,1.0,37.23,37.23,6,2025,Friday,37.23,False
12273,2024-02-24,West,Mim Akter,Furniture,Dining Table,Online,Bank Transfer,23.0,392.14,9019.22,2,2024,Saturday,9019.22,False
12689,2024-03-08,East,Arif Hossain,Stationery,Pen Set,Distributor,Nagad,8.0,5.44,43.52,3,2024,Friday,43.52,False
10170,2025-08-17,North,Unknown,Apparel,Jacket,Wholesale,Bank Transfer,18.0,74.01,1332.18,8,2025,Sunday,1332.18,False
11905,2025-08-28,West,Sadia Chowdhury,Electronics,Tablet,Retail Store,Cash,8.0,303.7,2429.6,8,2025,Thursday,2429.6,False
10423,2025-05-01,West,Mim Akter,Grocery,Rice 5kg,Retail Store,Credit Card,9.0,8.99,80.91,5,2025,Thursday,80.91,False
11970,2025-12-31,West,Nusrat Jahan,Grocery,Rice 5kg,Retail Store,Cash,17.0,8.63,146.71,12,2025,Wednesday,146.71,False
10927,2025-03-16,Central,Tanvir Ahmed,Furniture,Desk,Online,Cash,4.0,189.79,759.16,3,2025,Sunday,759.16,False
10439,2025-12-31,North,Lamia Sultana,Grocery,Coffee Jar,Retail Store,Cash,8.0,7.5,60.0,12,2025,Wednesday,60.0,False
10049,2025-09-02,Central,Shakil Rahman,Apparel,Jeans,Online,Credit Card,14.0,34.52,483.28,9,2025,Tuesday,483.28000000000003,False
12067,2025-10-06,North,Rakib Hasan,Stationery,Pen Set,Retail Store,bKash,12.0,5.89,70.68,10,2025,Monday,70.67999999999999,False
12075,2024-08-28,West,Farzana Islam,Electronics,Monitor,Distributor,bKash,18.0,220.09,3961.62,8,2024,Wednesday,3961.62,False
12409,2024-04-03,East,Unknown,Furniture,Dining Table,Online,Nagad,21.0,382.37,8029.77,4,2024,Wednesday,8029.77,False
11115,2025-08-08,West,Sadia Chowdhury,Stationery,Pen Set,Wholesale,Cash,5.0,5.55,27.75,8,2025,Friday,27.75,False
11465,2024-12-15,East,Arif Hossain,Electronics,Headphones,Distributor,Credit Card,15.0,62.52,937.8,12,2024,Sunday,937.8000000000001,False
11725,2025-05-20,South,Farzana Islam,Apparel,Jacket,Online,Credit Card,12.0,73.17,878.04,5,2025,Tuesday,878.04,False
10410,2024-06-23,South,Farzana Islam,Stationery,Desk Organizer,Online,bKash,21.0,17.51,367.71,6,2024,Sunday,367.71000000000004,False
12202,2024-11-21,East,Farzana Islam,Grocery,Cooking Oil 1L,Online,Bank Transfer,21.0,2.72,57.12,11,2024,Thursday,57.120000000000005,False
12299,2024-02-25,East,Shakil Rahman,Electronics,Smartphone,Wholesale,Bank Transfer,22.0,430.27,9465.94,2,2024,Sunday,9465.939999999999,False
10665,2025-04-14,North,Lamia Sultana,Furniture,Desk,Distributor,Credit Card,16.0,200.49,3207.84,4,2025,Monday,3207.84,False
11720,2024-07-21,East,Arif Hossain,Electronics,Tablet,Retail Store,Bank Transfer,23.0,344.09,7914.07,7,2024,Sunday,7914.07,False
11106,2025-12-14,North,Arif Hossain,Grocery,Coffee Jar,Distributor,Cash,7.0,7.53,52.71,12,2025,Sunday,52.71,False
10669,2024-03-30,Central,Lamia Sultana,Electronics,Monitor,Distributor,Cash,2.0,203.99,407.98,3,2024,Saturday,407.98,False
10293,2024-11-18,East,Arif Hossain,Electronics,Laptop,Online,bKash,1.0,969.31,969.31,11,2024,Monday,969.31,False
11203,2025-04-26,Central,Imran Kabir,Electronics,Laptop,Retail Store,bKash,24.0,794.77,19074.48,4,2025,Saturday,19074.48,False
11088,2025-12-03,South,Mim Akter,Stationery,Backpack,Wholesale,Nagad,22.0,44.7,983.4,12,2025,Wednesday,983.4000000000001,False
11353,2025-05-23,East,Tanvir Ahmed,Grocery,Cooking Oil 1L,Online,Credit Card,17.0,2.87,48.79,5,2025,Friday,48.79,False
12186,2025-09-01,West,Lamia Sultana,Furniture,Desk,Online,Cash,1.0,166.12,2159.56,9,2025,Monday,166.12,True
12887,2025-01-10,Unknown,Lamia Sultana,Furniture,Sofa,Wholesale,Nagad,8.0,501.47,4011.76,1,2025,Friday,4011.76,False
12790,2025-11-26,East,Imran Kabir,Apparel,Sneakers,Wholesale,bKash,13.0,59.88,778.44,11,2025,Wednesday,778.44,False
12937,2025-04-23,Central,Mim Akter,Furniture,Bookshelf,Wholesale,Cash,24.0,103.04,2472.96,4,2025,Wednesday,2472.96,False
12708,2025-11-18,West,Lamia Sultana,Grocery,Snack Box,Online,Bank Transfer,23.0,4.54,104.42,11,2025,Tuesday,104.42,False
10296,2025-09-11,West,Nusrat Jahan,Electronics,Laptop,Online,Cash,25.0,895.45,22386.25,9,2025,Thursday,22386.25,False
10534,2025-04-09,Central,Shakil Rahman,Furniture,Dining Table,Retail Store,Cash,20.0,366.68,7333.6,4,2025,Wednesday,7333.6,False
11242,2025-12-19,West,Shakil Rahman,Stationery,Desk Organizer,Wholesale,Cash,20.0,20.42,408.4,12,2025,Friday,408.40000000000003,False
10388,2024-10-03,Central,Arif Hossain,Grocery,Tea Pack,Distributor,Bank Transfer,6.0,3.63,21.78,10,2024,Thursday,21.78,False
12574,2024-09-09,North,Farzana Islam,Apparel,Jacket,Wholesale,Cash,13.0,74.04,962.52,9,2024,Monday,962.5200000000001,False
10535,2024-07-26,West,Rakib Hasan,Furniture,Sofa,Online,Credit Card,17.0,501.7,8528.9,7,2024,Friday,8528.9,False
10088,2025-05-05,North,Lamia Sultana,Grocery,Rice 5kg,Distributor,Bank Transfer,15.0,7.88,118.2,5,2025,Monday,118.2,False
12676,2024-01-24,East,Arif Hossain,Apparel,Jeans,Retail Store,Credit Card,16.0,39.57,633.12,1,2024,Wednesday,633.12,False
11087,2024-05-22,North,Tanvir Ahmed,Apparel,Jacket,Wholesale,Bank Transfer,1.0,68.28,68.28,5,2024,Wednesday,68.28,False
10776,2024-01-17,East,Shakil Rahman,Furniture,Desk,Retail Store,Credit Card,16.0,192.11,3073.76,1,2024,Wednesday,3073.76,False
11033,2024-11-30,North,Mim Akter,Electronics,Tablet,Online,bKash,14.0,299.33,4190.62,11,2024,Saturday,4190.62,False
11386,2024-10-02,Central,Arif Hossain,Stationery,Desk Organizer,Wholesale,Cash,7.0,19.96,139.72,10,2024,Wednesday,139.72,False
11763,2025-02-01,East,Arif Hossain,Stationery,Backpack,Distributor,Nagad,6.0,44.35,266.1,2,2025,Saturday,266.1,False
11912,2024-04-09,West,Nusrat Jahan,Grocery,Cooking Oil 1L,Retail Store,Cash,25.0,3.4,85.0,4,2024,Tuesday,85.0,False
10149,2025-02-24,Central,Tanvir Ahmed,Apparel,Jeans,Distributor,Credit Card,12.0,39.14,469.68,2,2025,Monday,469.68,False
10318,2024-03-09,North,Sadia Chowdhury,Apparel,Sneakers,Wholesale,Cash,10.0,50.11,501.1,3,2024,Saturday,501.1,False
12102,2025-05-29,East,Mim Akter,Stationery,Desk Organizer,Distributor,bKash,5.0,17.57,87.85,5,2025,Thursday,87.85,False
12649,2025-11-01,East,Farzana Islam,Grocery,Rice 5kg,Retail Store,Credit Card,9.0,9.09,81.81,11,2025,Saturday,81.81,False
11698,2025-04-24,South,Rakib Hasan,Grocery,Snack Box,Wholesale,Cash,8.0,5.59,44.72,4,2025,Thursday,44.72,False
10055,2025-03-28,Central,Mim Akter,Grocery,Snack Box,Wholesale,Bank Transfer,22.0,4.77,104.94,3,2025,Friday,104.94,False
11408,2024-04-12,North,Mim Akter,Grocery,Snack Box,Online,Bank Transfer,23.0,5.49,126.27,4,2024,Friday,126.27000000000001,False
10903,2025-02-01,Central,Nusrat Jahan,Electronics,Headphones,Wholesale,Bank Transfer,16.0,58.03,928.48,2,2025,Saturday,928.48,False
12797,2024-07-06,North,Arif Hossain,Grocery,Coffee Jar,Retail Store,bKash,14.0,7.02,98.28,7,2024,Saturday,98.28,False
12833,2024-02-21,Central,Sadia Chowdhury,Stationery,Backpack,Retail Store,bKash,9.0,37.86,340.74,2,2024,Wednesday,340.74,False
11986,2025-01-21,North,Tanvir Ahmed,Electronics,Smartwatch,Distributor,bKash,12.0,158.88,1906.56,1,2025,Tuesday,1906.56,False
11936,2024-08-04,Central,Nusrat Jahan,Furniture,Sofa,Online,Bank Transfer,20.0,480.02,9600.4,8,2024,Sunday,9600.4,False
11421,2024-03-05,North,Mim Akter,Electronics,Tablet,Distributor,Nagad,21.0,273.69,5747.49,3,2024,Tuesday,5747.49,False
10151,2025-01-11,South,Farzana Islam,Furniture,Sofa,Distributor,Nagad,4.0,490.79,1963.16,1,2025,Saturday,1963.16,False
11913,2024-05-04,Unknown,Farzana Islam,Apparel,Cap,Online,bKash,1.0,11.38,11.38,5,2024,Saturday,11.38,False
11590,2024-12-05,Central,Mim Akter,Apparel,Jacket,Online,Credit Card,1.0,72.94,72.94,12,2024,Thursday,72.94,False
12934,2025-05-28,Central,Sadia Chowdhury,Grocery,Coffee Jar,Online,Nagad,17.0,6.55,111.35,5,2025,Wednesday,111.35,False
11805,2024-01-22,West,Sadia Chowdhury,Stationery,Notebook,Distributor,Bank Transfer,23.0,2.06,47.38,1,2024,Monday,47.38,False
12118,2024-05-03,North,Arif Hossain,Electronics,Tablet,Retail Store,Bank Transfer,21.0,305.16,6408.36,5,2024,Friday,6408.360000000001,False
12952,2025-03-19,East,Lamia Sultana,Electronics,Smartphone,Online,Nagad,21.0,366.62,7699.02,3,2025,Wednesday,7699.02,False
11284,2024-09-27,East,Sadia Chowdhury,Grocery,Tea Pack,Retail Store,Credit Card,25.0,3.9,97.5,9,2024,Friday,97.5,False
12207,2025-11-10,East,Arif Hossain,Grocery,Coffee Jar,Wholesale,Nagad,18.0,7.38,132.84,11,2025,Monday,132.84,False
10408,2024-02-20,East,Shakil Rahman,Stationery,Backpack,Retail Store,Credit Card,13.0,41.72,542.36,2,2024,Tuesday,542.36,False
12882,2025-02-06,West,Tanvir Ahmed,Grocery,Snack Box,Distributor,Credit Card,8.0,4.55,36.4,2,2025,Thursday,36.4,False
12218,2024-07-15,West,Shakil Rahman,Electronics,Smartwatch,Distributor,bKash,17.0,165.2,2808.4,7,2024,Monday,2808.3999999999996,False
11159,2024-03-03,South,Mim Akter,Apparel,Jeans,Wholesale,Bank Transfer,17.0,35.24,599.08,3,2024,Sunday,599.08,False
11312,2024-09-14,West,Mim Akter,Apparel,T-Shirt,Online,Credit Card,5.0,14.81,74.05,9,2024,Saturday,74.05,False
10205,2025-08-10,East,Mim Akter,Furniture,Sofa,Wholesale,Credit Card,5.0,464.56,2322.8,8,2025,Sunday,2322.8,False
12418,2025-08-05,North,Farzana Islam,Grocery,Coffee Jar,Distributor,bKash,23.0,6.97,160.31,8,2025,Tuesday,160.31,False
11601,2025-09-28,West,Sadia Chowdhury,Furniture,Dining Table,Retail Store,Bank Transfer,9.0,362.76,3264.84,9,2025,Sunday,3264.84,False
11377,2024-04-27,South,Rakib Hasan,Furniture,Desk,Online,bKash,21.0,163.73,3438.33,4,2024,Saturday,3438.33,False
12879,2024-09-11,West,Rakib Hasan,Grocery,Coffee Jar,Wholesale,bKash,11.0,7.53,82.83,9,2024,Wednesday,82.83,False
12398,2024-08-22,West,Tanvir Ahmed,Grocery,Cooking Oil 1L,Distributor,Bank Transfer,19.0,3.32,63.08,8,2024,Thursday,63.08,False
11308,2024-05-05,South,Tanvir Ahmed,Apparel,Jacket,Distributor,Nagad,14.0,71.42,999.88,5,2024,Sunday,999.88,False
12256,2024-11-18,West,Arif Hossain,Grocery,Tea Pack,Retail Store,bKash,10.0,4.01,40.1,11,2024,Monday,40.099999999999994,False
10682,2025-12-02,Central,Tanvir Ahmed,Apparel,Cap,Retail Store,Nagad,11.0,11.0,121.0,12,2025,Tuesday,121.0,False
10065,2025-01-24,West,Lamia Sultana,Furniture,Sofa,Online,Nagad,16.0,405.66,6490.56,1,2025,Friday,6490.56,False
10580,2024-03-26,North,Tanvir Ahmed,Grocery,Snack Box,Wholesale,Nagad,4.0,4.83,19.32,3,2024,Tuesday,19.32,False
11470,2025-05-16,East,Sadia Chowdhury,Furniture,Bookshelf,Distributor,Credit Card,12.0,94.02,1128.24,5,2025,Friday,1128.24,False
10334,2025-10-09,South,Lamia Sultana,Electronics,Smartphone,Distributor,Nagad,14.0,376.6,5272.4,10,2025,Thursday,5272.400000000001,False
11695,2025-09-30,North,Arif Hossain,Furniture,Sofa,Wholesale,Cash,14.0,410.72,5750.08,9,2025,Tuesday,5750.08,False
11500,2025-10-10,Central,Farzana Islam,Furniture,Office Chair,Retail Store,bKash,16.0,120.93,1934.88,10,2025,Friday,1934.88,False
12776,2025-06-19,South,Sadia Chowdhury,Furniture,Sofa,Wholesale,Bank Transfer,12.0,458.62,5503.44,6,2025,Thursday,5503.4400000000005,False
12266,2025-08-06,South,Mim Akter,Stationery,Desk Organizer,Wholesale,Credit Card,15.0,20.24,303.6,8,2025,Wednesday,303.59999999999997,False
12012,2025-09-10,South,Tanvir Ahmed,Stationery,Backpack,Online,Cash,3.0,44.09,132.27,9,2025,Wednesday,132.27,False
12626,2024-01-15,South,Nusrat Jahan,Furniture,Office Chair,Wholesale,bKash,12.0,135.08,1620.96,1,2024,Monday,1620.96,False
10730,2025-09-17,North,Arif Hossain,Stationery,Notebook,Distributor,Bank Transfer,21.0,2.23,46.83,9,2025,Wednesday,46.83,False
12014,2024-06-23,Central,Rakib Hasan,Apparel,T-Shirt,Wholesale,bKash,24.0,14.09,338.16,6,2024,Sunday,338.15999999999997,False
10677,2024-12-24,West,Imran Kabir,Furniture,Dining Table,Online,Cash,18.0,385.53,6939.54,12,2024,Tuesday,6939.539999999999,False
11785,2024-04-24,South,Imran Kabir,Stationery,Pen Set,Online,Bank Transfer,17.0,6.22,105.74,4,2024,Wednesday,105.74,False
11130,2024-11-09,North,Farzana Islam,Furniture,Sofa,Retail Store,Nagad,19.0,497.4,9450.6,11,2024,Saturday,9450.6,False
10566,2024-10-02,South,Arif Hossain,Stationery,Backpack,Distributor,bKash,16.0,41.06,729.44,10,2024,Wednesday,656.96,True
10844,2025-01-10,North,Tanvir Ahmed,Apparel,Jacket,Online,bKash,12.0,71.66,859.92,1,2025,Friday,859.92,False
10543,2024-07-27,Central,Mim Akter,Stationery,Desk Organizer,Distributor,Bank Transfer,14.0,18.68,261.52,7,2024,Saturday,261.52,False
10089,2025-05-18,West,Farzana Islam,Electronics,Headphones,Online,Bank Transfer,3.0,62.66,187.98,5,2025,Sunday,187.98,False
12635,2024-11-12,East,Mim Akter,Stationery,Backpack,Retail Store,Nagad,5.0,45.73,228.65,11,2024,Tuesday,228.64999999999998,False
11831,2024-07-04,West,Unknown,Grocery,Coffee Jar,Online,bKash,4.0,6.93,27.72,7,2024,Thursday,27.72,False
12193,2024-11-15,North,Shakil Rahman,Stationery,Desk Organizer,Wholesale,Nagad,5.0,16.49,82.45,11,2024,Friday,82.44999999999999,False
11743,2025-02-02,Central,Shakil Rahman,Grocery,Coffee Jar,Online,Bank Transfer,25.0,6.64,166.0,2,2025,Sunday,166.0,False
12736,2024-02-11,South,Nusrat Jahan,Furniture,Office Chair,Distributor,Credit Card,5.0,132.29,661.45,2,2024,Sunday,661.4499999999999,False
11105,2025-11-25,Central,Imran Kabir,Furniture,Office Chair,Distributor,Bank Transfer,16.0,137.71,2203.36,11,2025,Tuesday,2203.36,False
11410,2024-07-10,East,Sadia Chowdhury,Furniture,Desk,Retail Store,Bank Transfer,24.0,184.35,4424.4,7,2024,Wednesday,4424.4,False
11758,2024-02-13,North,Nusrat Jahan,Stationery,Notebook,Wholesale,Credit Card,8.0,2.18,17.44,2,2024,Tuesday,17.44,False
12314,2025-11-09,Central,Shakil Rahman,Furniture,Sofa,Retail Store,bKash,7.0,469.16,3284.12,11,2025,Sunday,3284.1200000000003,False
12345,2024-01-30,Central,Arif Hossain,Electronics,Smartphone,Retail Store,Credit Card,9.0,384.79,3463.11,1,2024,Tuesday,3463.11,False
12365,2025-01-25,South,Mim Akter,Grocery,Snack Box,Distributor,Nagad,13.0,4.88,63.44,1,2025,Saturday,63.44,False
12475,2025-11-10,West,Imran Kabir,Furniture,Office Chair,Online,Cash,9.0,126.71,1140.39,11,2025,Monday,1140.3899999999999,False
11387,2025-04-11,East,Nusrat Jahan,Apparel,Jeans,Distributor,bKash,11.0,38.05,418.55,4,2025,Friday,418.54999999999995,False
10632,2024-11-27,South,Farzana Islam,Stationery,Pen Set,Distributor,Bank Transfer,22.0,6.79,149.38,11,2024,Wednesday,149.38,False
10354,2024-11-20,North,Arif Hossain,Grocery,Snack Box,Online,Cash,5.0,4.98,24.9,11,2024,Wednesday,24.900000000000002,False
11526,2024-09-07,North,Lamia Sultana,Grocery,Snack Box,Distributor,bKash,15.0,5.4,81.0,9,2024,Saturday,81.0,False
10885,2024-12-06,North,Farzana Islam,Stationery,Backpack,Online,Credit Card,8.0,40.71,325.68,12,2024,Friday,325.68,False
12709,2024-02-28,Central,Imran Kabir,Apparel,Cap,Retail Store,bKash,23.0,9.84,226.32,2,2024,Wednesday,226.32,False
11580,2025-01-24,West,Tanvir Ahmed,Grocery,Rice 5kg,Wholesale,bKash,2.0,8.09,16.18,1,2025,Friday,16.18,False
12110,2025-12-25,South,Farzana Islam,Apparel,Jacket,Retail Store,bKash,18.0,71.63,1289.34,12,2025,Thursday,1289.34,False
10367,2024-08-16,East,Farzana Islam,Electronics,Smartwatch,Online,bKash,17.0,171.8,2920.6,8,2024,Friday,2920.6000000000004,False
10452,2024-08-21,South,Rakib Hasan,Grocery,Tea Pack,Wholesale,Credit Card,8.0,4.33,34.64,8,2024,Wednesday,34.64,False
12370,2025-10-23,North,Tanvir Ahmed,Grocery,Cooking Oil 1L,Online,Nagad,22.0,3.25,71.5,10,2025,Thursday,71.5,False
10060,2025-09-19,South,Sadia Chowdhury,Electronics,Tablet,Distributor,Bank Transfer,24.0,336.9,8085.6,9,2025,Friday,8085.599999999999,False
12620,2024-08-24,West,Shakil Rahman,Apparel,Jacket,Online,Nagad,15.0,71.84,1077.6,8,2024,Saturday,1077.6000000000001,False
11865,2025-01-30,East,Tanvir Ahmed,Electronics,Headphones,Distributor,Bank Transfer,21.0,67.08,1408.68,1,2025,Thursday,1408.68,False
11786,2025-11-11,Central,Tanvir Ahmed,Stationery,Notebook,Distributor,Nagad,6.0,2.17,13.02,11,2025,Tuesday,13.02,False
10413,2024-03-04,East,Nusrat Jahan,Grocery,Coffee Jar,Distributor,Nagad,5.0,7.62,38.1,3,2024,Monday,38.1,False
10686,2025-01-18,Central,Shakil Rahman,Apparel,Jeans,Retail Store,Credit Card,2.0,38.31,76.62,1,2025,Saturday,76.62,False
12673,2024-04-17,West,Arif Hossain,Electronics,Smartwatch,Wholesale,Credit Card,21.0,163.41,3431.61,4,2024,Wednesday,3431.61,False
10762,2025-10-22,South,Rakib Hasan,Grocery,Coffee Jar,Online,Credit Card,12.0,6.8,81.6,10,2025,Wednesday,81.6,False
10239,2024-09-09,East,Shakil Rahman,Apparel,Cap,Wholesale,bKash,9.0,10.2,93.6,9,2024,Monday,91.8,True
12630,2025-12-02,Central,Rakib Hasan,Electronics,Tablet,Retail Store,bKash,16.0,285.12,4561.92,12,2025,Tuesday,4561.92,False
12768,2024-06-13,Central,Lamia Sultana,Apparel,Jeans,Retail Store,bKash,10.0,38.82,388.2,6,2024,Thursday,388.2,False
12501,2025-04-16,Central,Sadia Chowdhury,Furniture,Sofa,Wholesale,Credit Card,17.0,483.16,8213.72,4,2025,Wednesday,8213.720000000001,False
12690,2024-11-19,West,Lamia Sultana,Apparel,T-Shirt,Online,Credit Card,8.0,13.68,109.44,11,2024,Tuesday,109.44,False
10426,2025-01-17,South,Imran Kabir,Furniture,Sofa,Wholesale,Nagad,2.0,462.97,925.94,1,2025,Friday,925.94,False
11010,2024-05-01,South,Arif Hossain,Apparel,Jacket,Wholesale,Credit Card,5.0,72.84,364.2,5,2024,Wednesday,364.20000000000005,False
12497,2025-11-20,South,Lamia Sultana,Furniture,Desk,Retail Store,Credit Card,18.0,200.21,3603.78,11,2025,Thursday,3603.78,False
10547,2024-09-26,Central,Imran Kabir,Furniture,Sofa,Online,Credit Card,8.0,446.72,3573.76,9,2024,Thursday,3573.76,False
12269,2025-04-17,Central,Mim Akter,Stationery,Notebook,Retail Store,Credit Card,12.0,1.97,23.64,4,2025,Thursday,23.64,False
10401,2024-08-02,East,Sadia Chowdhury,Electronics,Monitor,Online,Cash,8.0,236.12,1888.96,8,2024,Friday,1888.96,False
12575,2025-05-12,South,Arif Hossain,Stationery,Notebook,Retail Store,Bank Transfer,6.0,2.03,12.18,5,2025,Monday,12.18,False
10746,2024-04-19,Unknown,Nusrat Jahan,Stationery,Notebook,Distributor,Bank Transfer,21.0,2.14,44.94,4,2024,Friday,44.940000000000005,False
12308,2025-09-18,South,Imran Kabir,Furniture,Office Chair,Online,Nagad,23.0,137.17,3154.91,9,2025,Thursday,3154.91,False
12646,2024-06-26,North,Tanvir Ahmed,Grocery,Rice 5kg,Wholesale,Nagad,8.0,7.31,58.48,6,2024,Wednesday,58.48,False
10598,2025-05-07,Central,Arif Hossain,Electronics,Monitor,Online,Cash,21.0,214.43,4503.03,5,2025,Wednesday,4503.03,False
10789,2025-05-12,East,Imran Kabir,Furniture,Dining Table,Distributor,Cash,19.0,373.26,7091.94,5,2025,Monday,7091.94,False
12101,2025-07-08,West,Mim Akter,Furniture,Desk,Distributor,Cash,21.0,177.28,3722.88,7,2025,Tuesday,3722.88,False
10037,2024-06-10,North,Nusrat Jahan,Furniture,Bookshelf,Distributor,Cash,15.0,99.76,1496.4,6,2024,Monday,1496.4,False
11732,2024-01-17,Central,Rakib Hasan,Furniture,Desk,Retail Store,Credit Card,13.0,183.25,2382.25,1,2024,Wednesday,2382.25,False
11520,2025-02-24,North,Imran Kabir,Grocery,Cooking Oil 1L,Wholesale,Bank Transfer,7.0,3.18,22.26,2,2025,Monday,22.26,False
11946,2025-02-27,West,Arif Hossain,Electronics,Monitor,Distributor,bKash,4.0,246.47,985.88,2,2025,Thursday,985.88,False
11908,2025-10-17,Central,Imran Kabir,Apparel,Cap,Online,Nagad,10.0,10.92,109.2,10,2025,Friday,109.2,False
12910,2025-09-28,South,Sadia Chowdhury,Furniture,Bookshelf,Wholesale,bKash,23.0,84.59,1945.57,9,2025,Sunday,1945.5700000000002,False
10697,2025-12-16,North,Sadia Chowdhury,Furniture,Dining Table,Retail Store,Credit Card,15.0,323.51,4852.65,12,2025,Tuesday,4852.65,False
10169,2025-04-17,North,Mim Akter,Apparel,Cap,Online,Cash,15.0,9.09,136.35,4,2025,Thursday,136.35,False
10220,2024-03-15,South,Imran Kabir,Apparel,Sneakers,Distributor,Bank Transfer,23.0,50.32,1157.36,3,2024,Friday,1157.36,False
10028,2024-08-30,North,Arif Hossain,Stationery,Notebook,Online,Credit Card,6.0,2.0,12.0,8,2024,Friday,12.0,False
12463,2025-11-26,North,Imran Kabir,Furniture,Desk,Retail Store,Bank Transfer,11.0,192.83,2121.13,11,2025,Wednesday,2121.13,False
12268,2024-01-16,Central,Lamia Sultana,Apparel,Sneakers,Retail Store,Bank Transfer,10.0,62.94,629.4,1,2024,Tuesday,629.4,False
10862,2024-11-01,North,Farzana Islam,Grocery,Rice 5kg,Distributor,Nagad,3.0,9.0,27.0,11,2024,Friday,27.0,False
10153,2024-07-04,East,Mim Akter,Furniture,Bookshelf,Distributor,Credit Card,5.0,93.74,468.7,7,2024,Thursday,468.7,False
11894,2024-04-20,North,Lamia Sultana,Electronics,Laptop,Online,bKash,15.0,791.8,11877.0,4,2024,Saturday,11877.0,False
11168,2024-03-10,East,Sadia Chowdhury,Stationery,Backpack,Online,Bank Transfer,16.0,40.19,643.04,3,2024,Sunday,643.04,False
10052,2024-11-12,East,Farzana Islam,Apparel,Cap,Distributor,Nagad,22.0,10.02,220.44,11,2024,Tuesday,220.44,False
10815,2025-02-25,Central,Shakil Rahman,Electronics,Smartphone,Distributor,Bank Transfer,11.0,452.09,4972.99,2,2025,Tuesday,4972.99,False
12107,2025-08-23,Central,Arif Hossain,Apparel,Jacket,Wholesale,Bank Transfer,20.0,74.67,1493.4,8,2025,Saturday,1493.4,False
10418,2025-02-01,East,Mim Akter,Furniture,Dining Table,Online,Credit Card,18.0,349.77,6295.86,2,2025,Saturday,6295.86,False
12441,2024-06-07,East,Nusrat Jahan,Furniture,Office Chair,Distributor,Credit Card,8.0,124.1,992.8,6,2024,Friday,992.8,False
12837,2025-04-06,Central,Arif Hossain,Grocery,Coffee Jar,Wholesale,Bank Transfer,20.0,6.63,132.6,4,2025,Sunday,132.6,False
12076,2025-09-22,South,Arif Hossain,Grocery,Coffee Jar,Retail Store,Credit Card,15.0,6.78,101.7,9,2025,Monday,101.7,False
11176,2025-02-22,North,Arif Hossain,Apparel,Jacket,Distributor,bKash,20.0,63.29,1265.8,2,2025,Saturday,1265.8,False
10755,2024-06-17,West,Rakib Hasan,Apparel,Jeans,Distributor,Nagad,15.0,33.63,504.45,6,2024,Monday,504.45000000000005,False
12943,2025-04-26,East,Farzana Islam,Apparel,Sneakers,Retail Store,Cash,14.0,53.28,745.92,4,2025,Saturday,745.9200000000001,False
11723,2024-10-30,South,Rakib Hasan,Furniture,Bookshelf,Wholesale,Nagad,20.0,90.28,1805.6,10,2024,Wednesday,1805.6,False
11857,2025-01-21,South,Rakib Hasan,Furniture,Office Chair,Online,Credit Card,5.0,108.02,540.1,1,2025,Tuesday,540.1,False
12304,2025-05-19,North,Sadia Chowdhury,Stationery,Backpack,Distributor,Credit Card,4.0,43.65,174.6,5,2025,Monday,174.6,False
12610,2024-10-27,North,Rakib Hasan,Furniture,Sofa,Retail Store,Cash,5.0,425.66,2128.3,10,2024,Sunday,2128.3,False
11433,2025-08-30,Central,Rakib Hasan,Electronics,Laptop,Retail Store,Bank Transfer,8.0,782.83,6262.64,8,2025,Saturday,6262.64,False
12468,2025-12-19,West,Sadia Chowdhury,Apparel,Jeans,Distributor,Nagad,6.0,34.98,209.88,12,2025,Friday,209.88,False
12084,2024-07-18,Central,Shakil Rahman,Furniture,Dining Table,Wholesale,bKash,18.0,399.04,7182.72,7,2024,Thursday,7182.72,False
11318,2025-05-30,South,Arif Hossain,Grocery,Rice 5kg,Wholesale,Cash,22.0,8.63,189.86,5,2025,Friday,189.86,False
11815,2024-08-18,South,Nusrat Jahan,Electronics,Smartwatch,Wholesale,Cash,9.0,150.24,1352.16,8,2024,Sunday,1352.16,False
10135,2024-08-29,East,Nusrat Jahan,Apparel,T-Shirt,Wholesale,Bank Transfer,12.0,13.87,166.44,8,2024,Thursday,166.44,False
10600,2024-02-13,North,Imran Kabir,Apparel,Cap,Retail Store,Credit Card,19.0,10.96,208.24,2,2024,Tuesday,208.24,False
11973,2024-02-25,North,Lamia Sultana,Stationery,Desk Organizer,Online,bKash,8.0,19.52,156.16,2,2024,Sunday,156.16,False
11924,2024-11-15,Central,Tanvir Ahmed,Apparel,T-Shirt,Distributor,bKash,18.0,16.58,298.44,11,2024,Friday,298.43999999999994,False
10137,2024-12-07,South,Lamia Sultana,Grocery,Rice 5kg,Online,Credit Card,8.0,9.18,73.44,12,2024,Saturday,73.44,False
12226,2024-06-26,Central,Rakib Hasan,Grocery,Coffee Jar,Retail Store,Credit Card,19.0,7.34,139.46,6,2024,Wednesday,139.46,False
12704,2025-07-22,West,Rakib Hasan,Grocery,Snack Box,Wholesale,bKash,17.0,5.13,94.18,7,2025,Tuesday,87.21,True
12659,2024-05-29,East,Arif Hossain,Electronics,Smartwatch,Wholesale,Cash,5.0,143.82,719.1,5,2024,Wednesday,719.0999999999999,False
11638,2025-01-31,Unknown,Rakib Hasan,Stationery,Pen Set,Wholesale,Nagad,24.0,5.79,138.96,1,2025,Friday,138.96,False
12111,2024-07-23,South,Nusrat Jahan,Electronics,Monitor,Online,bKash,20.0,205.88,4117.6,7,2024,Tuesday,4117.6,False
11726,2025-11-21,West,Farzana Islam,Electronics,Smartwatch,Wholesale,Credit Card,3.0,146.94,440.82,11,2025,Friday,440.82,False
10777,2025-04-19,Central,Lamia Sultana,Furniture,Sofa,Online,Bank Transfer,25.0,420.6,10515.0,4,2025,Saturday,10515.0,False
11222,2024-10-20,Central,Sadia Chowdhury,Furniture,Office Chair,Online,Cash,13.0,120.27,1563.51,10,2024,Sunday,1563.51,False
12109,2025-06-11,South,Tanvir Ahmed,Apparel,Sneakers,Retail Store,Cash,24.0,56.41,1420.32,6,2025,Wednesday,1353.84,True
12026,2025-04-07,North,Tanvir Ahmed,Apparel,Cap,Online,Cash,23.0,10.73,246.79,4,2025,Monday,246.79000000000002,False
12250,2025-06-13,West,Rakib Hasan,Grocery,Rice 5kg,Retail Store,bKash,17.0,9.05,153.85,6,2025,Friday,153.85000000000002,False
11097,2025-08-29,North,Farzana Islam,Electronics,Headphones,Online,Cash,7.0,65.17,456.19,8,2025,Friday,456.19,False
11400,2024-07-01,East,Mim Akter,Stationery,Desk Organizer,Wholesale,Cash,5.0,16.39,81.95,7,2024,Monday,81.95,False
11554,2025-09-16,Central,Sadia Chowdhury,Apparel,Jacket,Online,Cash,7.0,67.78,474.46,9,2025,Tuesday,474.46000000000004,False
10168,2025-03-28,South,Sadia Chowdhury,Apparel,Jacket,Online,Bank Transfer,21.0,63.42,1331.82,3,2025,Friday,1331.82,False
12553,2025-11-17,East,Arif Hossain,Apparel,Sneakers,Distributor,Nagad,20.0,56.41,1189.2,11,2025,Monday,1128.1999999999998,True
12707,2024-05-08,West,Rakib Hasan,Grocery,Coffee Jar,Distributor,Nagad,7.0,7.86,55.02,5,2024,Wednesday,55.02,False
11325,2025-12-05,East,Tanvir Ahmed,Furniture,Bookshelf,Wholesale,Nagad,7.0,83.58,585.06,12,2025,Friday,585.06,False
11343,2024-02-04,Central,Tanvir Ahmed,Furniture,Office Chair,Online,bKash,5.0,134.8,674.0,2,2024,Sunday,674.0,False
12434,2025-12-23,Central,Nusrat Jahan,Electronics,Smartwatch,Online,Cash,1.0,155.72,1868.64,12,2025,Tuesday,155.72,True
11294,2025-10-23,Central,Imran Kabir,Stationery,Desk Organizer,Online,Credit Card,8.0,20.52,164.16,10,2025,Thursday,164.16,False
11269,2024-08-08,South,Mim Akter,Apparel,Sneakers,Retail Store,Credit Card,22.0,54.61,1201.42,8,2024,Thursday,1201.42,False
10681,2024-02-27,Central,Mim Akter,Furniture,Sofa,Wholesale,Bank Transfer,17.0,438.68,7457.56,2,2024,Tuesday,7457.56,False
11177,2024-06-29,North,Mim Akter,Electronics,Monitor,Retail Store,Cash,9.0,251.44,2262.96,6,2024,Saturday,2262.96,False
11949,2025-03-24,East,Rakib Hasan,Grocery,Coffee Jar,Wholesale,bKash,5.0,6.33,31.65,3,2025,Monday,31.65,False
10705,2025-09-04,South,Shakil Rahman,Electronics,Tablet,Wholesale,Credit Card,4.0,321.41,1285.64,9,2025,Thursday,1285.64,False
10246,2025-10-29,East,Shakil Rahman,Furniture,Bookshelf,Online,Credit Card,19.0,86.22,1638.18,10,2025,Wednesday,1638.18,False
12815,2024-06-08,North,Sadia Chowdhury,Grocery,Rice 5kg,Online,Nagad,14.0,8.46,118.44,6,2024,Saturday,118.44000000000001,False
11507,2024-09-30,North,Imran Kabir,Grocery,Cooking Oil 1L,Retail Store,Cash,15.0,3.15,47.25,9,2024,Monday,47.25,False
10210,2024-07-24,East,Arif Hossain,Furniture,Desk,Retail Store,Credit Card,5.0,172.65,863.25,7,2024,Wednesday,863.25,False
10381,2024-07-21,North,Tanvir Ahmed,Furniture,Office Chair,Retail Store,bKash,13.0,119.17,1549.21,7,2024,Sunday,1549.21,False
11954,2024-07-17,Central,Mim Akter,Stationery,Desk Organizer,Online,Bank Transfer,6.0,16.69,100.14,7,2024,Wednesday,100.14000000000001,False
10537,2025-07-06,North,Sadia Chowdhury,Stationery,Notebook,Retail Store,Nagad,1.0,2.25,2.25,7,2025,Sunday,2.25,False
12503,2025-01-12,North,Rakib Hasan,Grocery,Cooking Oil 1L,Wholesale,Bank Transfer,23.0,3.42,78.66,1,2025,Sunday,78.66,False
12227,2025-02-22,North,Shakil Rahman,Apparel,Sneakers,Wholesale,bKash,9.0,61.23,551.07,2,2025,Saturday,551.0699999999999,False
10002,2024-04-05,Central,Imran Kabir,Stationery,Notebook,Online,Credit Card,7.0,1.92,13.44,4,2024,Friday,13.44,False
10853,2024-12-21,Central,Sadia Chowdhury,Electronics,Smartwatch,Wholesale,bKash,3.0,159.43,478.29,12,2024,Saturday,478.29,False
12114,2025-02-17,North,Arif Hossain,Grocery,Tea Pack,Retail Store,Bank Transfer,17.0,4.31,73.27,2,2025,Monday,73.27,False
10433,2024-09-15,South,Rakib Hasan,Electronics,Tablet,Online,bKash,20.0,330.38,6607.6,9,2024,Sunday,6607.6,False
10562,2025-08-11,West,Mim Akter,Stationery,Notebook,Distributor,Bank Transfer,9.0,2.05,18.45,8,2025,Monday,18.45,False
11680,2024-02-14,Central,Nusrat Jahan,Electronics,Monitor,Retail Store,Cash,19.0,198.78,3776.82,2,2024,Wednesday,3776.82,False
10243,2024-04-21,Central,Shakil Rahman,Furniture,Desk,Distributor,bKash,20.0,195.34,3906.8,4,2024,Sunday,3906.8,False
10411,2025-05-15,North,Shakil Rahman,Electronics,Tablet,Wholesale,Bank Transfer,22.0,289.88,6377.36,5,2025,Thursday,6377.36,False
11436,2024-11-25,Central,Sadia Chowdhury,Stationery,Desk Organizer,Distributor,bKash,15.0,19.39,290.85,11,2024,Monday,290.85,False
11647,2025-09-20,North,Mim Akter,Electronics,Smartwatch,Online,Credit Card,3.0,154.87,464.61,9,2025,Saturday,464.61,False
10163,2025-03-23,Central,Sadia Chowdhury,Apparel,Jeans,Distributor,Credit Card,4.0,33.63,134.52,3,2025,Sunday,134.52,False
10035,2024-11-19,West,Rakib Hasan,Furniture,Bookshelf,Distributor,Bank Transfer,25.0,102.05,2551.25,11,2024,Tuesday,2551.25,False
12282,2024-03-23,North,Mim Akter,Electronics,Monitor,Retail Store,Bank Transfer,24.0,246.41,5913.84,3,2024,Saturday,5913.84,False
10861,2024-06-29,North,Shakil Rahman,Apparel,Jeans,Distributor,Nagad,21.0,38.96,818.16,6,2024,Saturday,818.16,False
12606,2024-04-21,West,Rakib Hasan,Electronics,Monitor,Retail Store,Credit Card,7.0,227.73,1594.11,4,2024,Sunday,1594.11,False
10554,2025-06-09,Central,Shakil Rahman,Stationery,Notebook,Distributor,Credit Card,9.0,2.24,20.16,6,2025,Monday,20.160000000000004,False
11428,2024-07-26,North,Shakil Rahman,Grocery,Snack Box,Distributor,Bank Transfer,4.0,4.83,19.32,7,2024,Friday,19.32,False
12065,2025-12-17,West,Farzana Islam,Stationery,Desk Organizer,Wholesale,Bank Transfer,2.0,18.01,36.02,12,2025,Wednesday,36.02,False
12238,2025-05-30,Central,Nusrat Jahan,Electronics,Tablet,Distributor,Nagad,5.0,290.01,1450.05,5,2025,Friday,1450.05,False
12796,2025-11-12,North,Unknown,Furniture,Desk,Wholesale,Bank Transfer,7.0,163.0,1141.0,11,2025,Wednesday,1141.0,False
12590,2025-09-11,East,Farzana Islam,Grocery,Rice 5kg,Retail Store,Credit Card,1.0,8.45,8.45,9,2025,Thursday,8.45,False
11751,2024-05-25,Unknown,Mim Akter,Electronics,Laptop,Wholesale,Cash,11.0,941.76,10359.36,5,2024,Saturday,10359.36,False
11490,2025-03-07,West,Sadia Chowdhury,Apparel,Jacket,Online,Cash,6.0,61.16,366.96,3,2025,Friday,366.96,False
12270,2025-12-24,West,Sadia Chowdhury,Apparel,T-Shirt,Wholesale,Cash,3.0,16.02,48.06,12,2025,Wednesday,48.06,False
12835,2024-07-12,North,Sadia Chowdhury,Grocery,Coffee Jar,Wholesale,bKash,12.0,6.96,83.52,7,2024,Friday,83.52,False
10487,2024-10-20,North,Nusrat Jahan,Furniture,Office Chair,Distributor,bKash,22.0,115.52,2541.44,10,2024,Sunday,2541.44,False
10071,2024-07-23,North,Tanvir Ahmed,Apparel,Jeans,Online,bKash,1.0,36.94,36.94,7,2024,Tuesday,36.94,False
11051,2024-11-26,West,Arif Hossain,Furniture,Office Chair,Online,Cash,18.0,126.8,2282.4,11,2024,Tuesday,2282.4,False
11992,2025-10-02,North,Arif Hossain,Apparel,Cap,Online,Cash,24.0,9.65,231.6,10,2025,Thursday,231.60000000000002,False
11287,2024-04-18,East,Sadia Chowdhury,Stationery,Backpack,Retail Store,Nagad,5.0,38.19,190.95,4,2024,Thursday,190.95,False
11481,2025-02-09,East,Rakib Hasan,Electronics,Laptop,Distributor,Bank Transfer,6.0,862.87,5177.22,2,2025,Sunday,5177.22,False
10125,2025-10-04,Central,Shakil Rahman,Furniture,Desk,Retail Store,Credit Card,21.0,163.77,3439.17,10,2025,Saturday,3439.17,False
11541,2025-11-11,Central,Nusrat Jahan,Electronics,Monitor,Retail Store,Cash,2.0,219.92,439.84,11,2025,Tuesday,439.84,False
11145,2024-04-19,West,Mim Akter,Electronics,Smartwatch,Distributor,Cash,1.0,148.11,148.11,4,2024,Friday,148.11,False
12951,2025-09-15,Central,Lamia Sultana,Apparel,T-Shirt,Retail Store,Credit Card,25.0,16.77,419.25,9,2025,Monday,419.25,False
10162,2024-10-23,West,Lamia Sultana,Apparel,Cap,Wholesale,Bank Transfer,4.0,10.01,40.04,10,2024,Wednesday,40.04,False
12628,2024-04-23,West,Sadia Chowdhury,Furniture,Bookshelf,Retail Store,Nagad,20.0,81.11,1622.2,4,2024,Tuesday,1622.2,False
11004,2025-05-07,West,Lamia Sultana,Furniture,Desk,Retail Store,bKash,24.0,196.58,4717.92,5,2025,Wednesday,4717.92,False
12368,2025-03-01,Central,Nusrat Jahan,Apparel,Cap,Retail Store,bKash,4.0,9.75,39.0,3,2025,Saturday,39.0,False
10716,2025-07-13,West,Nusrat Jahan,Electronics,Smartwatch,Distributor,Bank Transfer,19.0,148.76,2826.44,7,2025,Sunday,2826.4399999999996,False
11274,2025-09-07,North,Farzana Islam,Apparel,Sneakers,Wholesale,bKash,11.0,57.63,633.93,9,2025,Sunday,633.9300000000001,False
10753,2025-11-25,North,Nusrat Jahan,Stationery,Pen Set,Wholesale,Cash,13.0,5.89,76.57,11,2025,Tuesday,76.57,False
11388,2024-03-22,Unknown,Sadia Chowdhury,Electronics,Monitor,Wholesale,Cash,12.0,228.83,2745.96,3,2024,Friday,2745.96,False
11599,2024-01-15,West,Tanvir Ahmed,Electronics,Monitor,Retail Store,bKash,5.0,232.9,1164.5,1,2024,Monday,1164.5,False
12052,2025-04-09,North,Nusrat Jahan,Stationery,Backpack,Retail Store,bKash,8.0,36.89,295.12,4,2025,Wednesday,295.12,False
11600,2025-05-07,Unknown,Mim Akter,Furniture,Desk,Online,Nagad,16.0,200.6,3209.6,5,2025,Wednesday,3209.6,False
10006,2025-01-05,West,Farzana Islam,Stationery,Notebook,Distributor,Nagad,19.0,1.9,36.1,1,2025,Sunday,36.1,False
11821,2024-12-16,West,Mim Akter,Stationery,Pen Set,Online,Bank Transfer,18.0,6.18,111.24,12,2024,Monday,111.24,False
10756,2024-01-17,South,Farzana Islam,Stationery,Notebook,Wholesale,bKash,16.0,1.84,29.44,1,2024,Wednesday,29.44,False
12637,2025-08-11,North,Sadia Chowdhury,Grocery,Coffee Jar,Distributor,Bank Transfer,20.0,7.35,147.0,8,2025,Monday,147.0,False
10084,2024-09-14,East,Sadia Chowdhury,Stationery,Backpack,Distributor,Cash,8.0,37.21,297.68,9,2024,Saturday,297.68,False
11709,2024-02-23,North,Sadia Chowdhury,Apparel,Cap,Distributor,bKash,21.0,9.6,201.6,2,2024,Friday,201.6,False
12267,2024-03-30,Central,Nusrat Jahan,Electronics,Monitor,Retail Store,Credit Card,5.0,221.74,1108.7,3,2024,Saturday,1108.7,False
12328,2025-06-21,Central,Rakib Hasan,Furniture,Office Chair,Online,Cash,4.0,123.67,494.68,6,2025,Saturday,494.68,False
11892,2025-10-31,East,Arif Hossain,Grocery,Coffee Jar,Distributor,Cash,23.0,7.73,177.79,10,2025,Friday,177.79000000000002,False
11972,2024-07-19,East,Shakil Rahman,Grocery,Tea Pack,Retail Store,Credit Card,13.0,3.9,50.7,7,2024,Friday,50.699999999999996,False
11204,2025-10-22,West,Imran Kabir,Stationery,Backpack,Distributor,Bank Transfer,1.0,36.13,830.99,10,2025,Wednesday,36.13,True
10394,2024-12-14,East,Lamia Sultana,Grocery,Rice 5kg,Retail Store,bKash,23.0,7.55,173.65,12,2024,Saturday,173.65,False
11035,2025-08-11,West,Sadia Chowdhury,Furniture,Bookshelf,Retail Store,Nagad,10.0,94.22,942.2,8,2025,Monday,942.2,False
12354,2025-11-26,East,Shakil Rahman,Apparel,Cap,Retail Store,Credit Card,17.0,11.13,189.21,11,2025,Wednesday,189.21,False
11213,2025-05-27,North,Mim Akter,Electronics,Headphones,Distributor,Bank Transfer,7.0,58.72,411.04,5,2025,Tuesday,411.03999999999996,False
12289,2025-12-02,Unknown,Lamia Sultana,Furniture,Bookshelf,Wholesale,bKash,6.0,82.55,495.3,12,2025,Tuesday,495.29999999999995,False
10310,2025-12-10,West,Nusrat Jahan,Stationery,Notebook,Wholesale,Cash,3.0,2.21,6.63,12,2025,Wednesday,6.63,False
11048,2025-03-30,Central,Farzana Islam,Grocery,Rice 5kg,Wholesale,Cash,2.0,8.4,16.8,3,2025,Sunday,16.8,False
10442,2024-10-28,East,Mim Akter,Apparel,Sneakers,Distributor,Nagad,15.0,61.2,918.0,10,2024,Monday,918.0,False
10038,2024-05-17,Central,Tanvir Ahmed,Apparel,Cap,Distributor,Credit Card,9.0,9.29,83.61,5,2024,Friday,83.60999999999999,False
10284,2024-01-07,Central,Tanvir Ahmed,Stationery,Notebook,Online,Credit Card,14.0,1.87,26.18,1,2024,Sunday,26.18,False
10194,2024-12-06,East,Nusrat Jahan,Apparel,T-Shirt,Online,Nagad,5.0,13.67,68.35,12,2024,Friday,68.35,False
12342,2025-04-15,Central,Nusrat Jahan,Electronics,Headphones,Wholesale,Bank Transfer,12.0,59.97,719.64,4,2025,Tuesday,719.64,False
11935,2024-10-06,South,Imran Kabir,Furniture,Dining Table,Online,Nagad,19.0,384.53,7306.07,10,2024,Sunday,7306.07,False
10276,2024-08-01,North,Nusrat Jahan,Stationery,Notebook,Retail Store,Bank Transfer,11.0,1.95,21.45,8,2024,Thursday,21.45,False
12390,2025-06-30,North,Sadia Chowdhury,Stationery,Pen Set,Wholesale,Cash,9.0,6.57,59.13,6,2025,Monday,59.13,False
12816,2025-10-06,North,Nusrat Jahan,Electronics,Tablet,Online,Nagad,18.0,272.36,4902.48,10,2025,Monday,4902.4800000000005,False
12145,2025-01-24,Central,Nusrat Jahan,Furniture,Office Chair,Distributor,Cash,3.0,132.31,396.93,1,2025,Friday,396.93,False
11512,2024-07-31,West,Arif Hossain,Stationery,Notebook,Distributor,Credit Card,24.0,2.29,54.96,7,2024,Wednesday,54.96,False
11186,2024-06-07,South,Shakil Rahman,Stationery,Desk Organizer,Distributor,Bank Transfer,8.0,16.45,131.6,6,2024,Friday,131.6,False
12703,2024-06-25,West,Tanvir Ahmed,Grocery,Cooking Oil 1L,Retail Store,Nagad,11.0,2.89,31.79,6,2024,Tuesday,31.790000000000003,False
10123,2024-01-23,East,Lamia Sultana,Grocery,Snack Box,Distributor,Cash,22.0,4.99,109.78,1,2024,Tuesday,109.78,False
10348,2024-11-02,North,Farzana Islam,Electronics,Monitor,Distributor,Cash,5.0,219.05,1095.25,11,2024,Saturday,1095.25,False
12513,2024-06-24,Central,Imran Kabir,Stationery,Pen Set,Online,Cash,4.0,6.65,26.6,6,2024,Monday,26.6,False
11109,2025-01-20,East,Lamia Sultana,Furniture,Office Chair,Online,bKash,14.0,128.38,1797.32,1,2025,Monday,1797.32,False
10990,2024-12-14,South,Farzana Islam,Apparel,Jacket,Wholesale,bKash,2.0,71.85,143.7,12,2024,Saturday,143.7,False
11360,2025-11-04,South,Lamia Sultana,Furniture,Bookshelf,Wholesale,Bank Transfer,4.0,95.77,383.08,11,2025,Tuesday,383.08,False
11234,2025-07-28,East,Lamia Sultana,Furniture,Sofa,Wholesale,Credit Card,20.0,427.34,8546.8,7,2025,Monday,8546.8,False
12924,2024-09-07,West,Rakib Hasan,Stationery,Notebook,Online,Credit Card,23.0,2.05,46.0,9,2024,Saturday,47.15,True
10103,2024-01-02,East,Farzana Islam,Apparel,Jacket,Wholesale,Nagad,22.0,72.63,1597.86,1,2024,Tuesday,1597.86,False
10699,2024-01-31,East,Mim Akter,Grocery,Cooking Oil 1L,Wholesale,Bank Transfer,3.0,3.06,9.18,1,2024,Wednesday,9.18,False
11292,2025-01-13,East,Tanvir Ahmed,Grocery,Snack Box,Wholesale,Cash,4.0,4.56,18.24,1,2025,Monday,18.24,False
11622,2025-06-15,Central,Lamia Sultana,Grocery,Snack Box,Wholesale,Nagad,22.0,4.98,109.56,6,2025,Sunday,109.56,False
11559,2025-11-08,East,Tanvir Ahmed,Furniture,Sofa,Retail Store,bKash,23.0,433.79,9977.17,11,2025,Saturday,9977.17,False
11316,2024-05-18,Central,Rakib Hasan,Grocery,Tea Pack,Retail Store,Cash,14.0,4.15,58.1,5,2024,Saturday,58.10000000000001,False
10436,2024-12-10,Unknown,Farzana Islam,Stationery,Backpack,Wholesale,Credit Card,9.0,42.41,381.69,12,2024,Tuesday,381.68999999999994,False
10538,2025-03-15,West,Mim Akter,Grocery,Snack Box,Online,Nagad,8.0,5.67,45.36,3,2025,Saturday,45.36,False
10916,2025-04-30,North,Shakil Rahman,Stationery,Pen Set,Wholesale,bKash,14.0,5.43,76.02,4,2025,Wednesday,76.02,False
10546,2025-10-13,Central,Tanvir Ahmed,Apparel,Cap,Retail Store,Bank Transfer,1.0,11.01,11.01,10,2025,Monday,11.01,False
12000,2024-04-21,Central,Lamia Sultana,Apparel,Jacket,Online,bKash,12.0,62.42,749.04,4,2024,Sunday,749.04,False
11699,2024-03-07,East,Lamia Sultana,Furniture,Sofa,Online,Credit Card,3.0,407.41,1222.23,3,2024,Thursday,1222.23,False
11258,2025-12-04,North,Sadia Chowdhury,Electronics,Tablet,Online,bKash,14.0,298.14,4173.96,12,2025,Thursday,4173.96,False
12598,2024-05-27,East,Farzana Islam,Furniture,Desk,Wholesale,Cash,6.0,175.03,1050.18,5,2024,Monday,1050.18,False
10157,2024-04-26,West,Shakil Rahman,Stationery,Desk Organizer,Retail Store,Nagad,12.0,18.13,217.56,4,2024,Friday,217.56,False
12129,2024-07-11,East,Imran Kabir,Electronics,Smartphone,Online,Nagad,6.0,363.77,2182.62,7,2024,Thursday,2182.62,False
11887,2024-12-04,North,Tanvir Ahmed,Apparel,Cap,Retail Store,Cash,4.0,9.1,36.4,12,2024,Wednesday,36.4,False
11939,2025-12-08,West,Lamia Sultana,Electronics,Laptop,Retail Store,Cash,5.0,887.53,4437.65,12,2025,Monday,4437.65,False
11249,2025-03-15,Central,Imran Kabir,Grocery,Cooking Oil 1L,Online,Nagad,5.0,3.4,17.0,3,2025,Saturday,17.0,False
12315,2024-01-03,Central,Mim Akter,Apparel,Jacket,Retail Store,Credit Card,13.0,66.48,864.24,1,2024,Wednesday,864.24,False
10604,2025-07-26,East,Tanvir Ahmed,Apparel,Jeans,Wholesale,Bank Transfer,10.0,36.25,362.5,7,2025,Saturday,362.5,False
11189,2024-04-22,West,Farzana Islam,Apparel,Jeans,Wholesale,bKash,1.0,32.39,259.12,4,2024,Monday,32.39,True
11777,2025-11-18,West,Nusrat Jahan,Apparel,Jacket,Distributor,Credit Card,9.0,74.15,667.35,11,2025,Tuesday,667.35,False
12070,2025-08-31,South,Mim Akter,Electronics,Smartwatch,Wholesale,Bank Transfer,2.0,155.91,311.82,8,2025,Sunday,311.82,False
12401,2025-03-14,North,Lamia Sultana,Apparel,T-Shirt,Distributor,Cash,9.0,13.56,122.04,3,2025,Friday,122.04,False
12821,2024-09-02,Central,Tanvir Ahmed,Furniture,Office Chair,Retail Store,Credit Card,20.0,111.6,2232.0,9,2024,Monday,2232.0,False
11607,2025-06-27,Central,Lamia Sultana,Furniture,Bookshelf,Retail Store,Nagad,17.0,82.06,1395.02,6,2025,Friday,1395.02,False
11454,2025-04-22,East,Rakib Hasan,Stationery,Desk Organizer,Online,Cash,25.0,19.22,480.5,4,2025,Tuesday,480.5,False
11681,2024-07-24,East,Rakib Hasan,Furniture,Bookshelf,Distributor,Bank Transfer,21.0,82.27,1727.67,7,2024,Wednesday,1727.6699999999998,False
10773,2024-06-01,West,Lamia Sultana,Furniture,Bookshelf,Retail Store,Nagad,19.0,101.21,1922.99,6,2024,Saturday,1922.9899999999998,False
10056,2024-08-28,North,Shakil Rahman,Grocery,Cooking Oil 1L,Distributor,Credit Card,22.0,2.93,64.46,8,2024,Wednesday,64.46000000000001,False
11298,2025-12-05,North,Unknown,Apparel,T-Shirt,Wholesale,Cash,8.0,14.14,113.12,12,2025,Friday,113.12,False
10286,2025-07-18,West,Tanvir Ahmed,Stationery,Desk Organizer,Online,Nagad,14.0,16.25,227.5,7,2025,Friday,227.5,False
11157,2024-05-15,Central,Rakib Hasan,Furniture,Desk,Retail Store,Credit Card,13.0,163.73,2128.49,5,2024,Wednesday,2128.49,False
11938,2024-09-18,South,Lamia Sultana,Apparel,Jacket,Online,Bank Transfer,21.0,68.34,1435.14,9,2024,Wednesday,1435.14,False
11560,2025-07-25,East,Imran Kabir,Apparel,T-Shirt,Wholesale,Cash,18.0,16.27,292.86,7,2025,Friday,292.86,False
10919,2025-05-14,West,Lamia Sultana,Grocery,Coffee Jar,Distributor,Credit Card,13.0,7.15,92.95,5,2025,Wednesday,92.95,False
11761,2024-12-23,South,Lamia Sultana,Electronics,Smartphone,Wholesale,Credit Card,23.0,368.06,8465.38,12,2024,Monday,8465.38,False
10845,2024-12-19,East,Imran Kabir,Stationery,Notebook,Online,Bank Transfer,12.0,2.01,24.12,12,2024,Thursday,24.119999999999997,False
11606,2025-11-27,West,Arif Hossain,Stationery,Pen Set,Retail Store,bKash,1.0,6.56,52.48,11,2025,Thursday,6.56,True
10271,2024-12-18,West,Arif Hossain,Stationery,Pen Set,Wholesale,Credit Card,21.0,6.41,134.61,12,2024,Wednesday,134.61,False
11540,2024-12-31,East,Lamia Sultana,Furniture,Desk,Online,bKash,16.0,182.67,2922.72,12,2024,Tuesday,2922.72,False
10679,2025-08-05,North,Mim Akter,Apparel,T-Shirt,Distributor,Bank Transfer,20.0,17.1,342.0,8,2025,Tuesday,342.0,False
11989,2024-02-10,Central,Imran Kabir,Apparel,Jeans,Online,Nagad,21.0,35.61,747.81,2,2024,Saturday,747.81,False
11356,2025-03-24,West,Imran Kabir,Grocery,Cooking Oil 1L,Retail Store,Credit Card,4.0,3.37,13.48,3,2025,Monday,13.48,False
10063,2024-06-03,East,Arif Hossain,Apparel,Jacket,Online,bKash,8.0,64.72,517.76,6,2024,Monday,517.76,False
12517,2024-04-18,Central,Lamia Sultana,Stationery,Pen Set,Wholesale,Cash,18.0,5.92,106.56,4,2024,Thursday,106.56,False
12205,2025-07-18,Central,Tanvir Ahmed,Electronics,Smartwatch,Wholesale,Bank Transfer,5.0,138.63,693.15,7,2025,Friday,693.15,False
12412,2024-01-08,Central,Sadia Chowdhury,Apparel,Jacket,Distributor,Bank Transfer,23.0,59.31,1364.13,1,2024,Monday,1364.13,False
12756,2024-04-07,Central,Arif Hossain,Furniture,Dining Table,Wholesale,Cash,12.0,391.35,4696.2,4,2024,Sunday,4696.200000000001,False
12521,2025-05-06,West,Lamia Sultana,Apparel,Sneakers,Online,Nagad,24.0,62.04,1488.96,5,2025,Tuesday,1488.96,False
10634,2024-05-29,Unknown,Mim Akter,Electronics,Headphones,Wholesale,Nagad,15.0,54.67,820.05,5,2024,Wednesday,820.0500000000001,False
11474,2025-08-23,South,Sadia Chowdhury,Electronics,Smartwatch,Retail Store,Bank Transfer,11.0,148.96,1638.56,8,2025,Saturday,1638.5600000000002,False
12164,2024-12-23,North,Lamia Sultana,Furniture,Office Chair,Wholesale,bKash,18.0,133.78,2408.04,12,2024,Monday,2408.04,False
11371,2024-05-15,South,Imran Kabir,Stationery,Backpack,Wholesale,bKash,1.0,38.81,38.81,5,2024,Wednesday,38.81,False
10616,2025-01-01,Central,Imran Kabir,Furniture,Dining Table,Online,Nagad,22.0,355.14,7813.08,1,2025,Wednesday,7813.08,False
12720,2025-08-05,South,Tanvir Ahmed,Stationery,Pen Set,Retail Store,Bank Transfer,18.0,5.42,97.56,8,2025,Tuesday,97.56,False
11745,2024-11-23,West,Arif Hossain,Apparel,Cap,Retail Store,Cash,16.0,11.46,183.36,11,2024,Saturday,183.36,False
11296,2024-08-13,West,Imran Kabir,Furniture,Dining Table,Wholesale,Credit Card,24.0,387.11,9290.64,8,2024,Tuesday,9290.64,False
10859,2024-07-15,West,Nusrat Jahan,Stationery,Pen Set,Online,bKash,1.0,5.77,5.77,7,2024,Monday,5.77,False
12682,2024-06-22,East,Sadia Chowdhury,Stationery,Backpack,Online,Credit Card,21.0,38.57,809.97,6,2024,Saturday,809.97,False
10888,2025-12-28,West,Rakib Hasan,Grocery,Tea Pack,Online,Cash,17.0,4.03,68.51,12,2025,Sunday,68.51,False
11026,2025-07-25,West,Nusrat Jahan,Furniture,Sofa,Wholesale,Bank Transfer,1.0,447.15,447.15,7,2025,Friday,447.15,False
10895,2025-08-07,Central,Nusrat Jahan,Apparel,Cap,Online,Nagad,6.0,10.04,60.24,8,2025,Thursday,60.239999999999995,False
10472,2024-08-28,South,Arif Hossain,Electronics,Smartwatch,Wholesale,Bank Transfer,3.0,152.22,456.66,8,2024,Wednesday,456.65999999999997,False
11646,2025-11-28,Central,Imran Kabir,Furniture,Dining Table,Retail Store,Nagad,19.0,342.52,6507.88,11,2025,Friday,6507.879999999999,False
11406,2024-05-20,West,Sadia Chowdhury,Electronics,Tablet,Distributor,Credit Card,1.0,324.87,2923.83,5,2024,Monday,324.87,True
12097,2025-06-20,Central,Arif Hossain,Grocery,Coffee Jar,Online,Nagad,16.0,7.28,116.48,6,2025,Friday,116.48,False
11046,2024-03-20,North,Arif Hossain,Furniture,Bookshelf,Wholesale,bKash,22.0,98.18,2159.96,3,2024,Wednesday,2159.96,False
11262,2024-01-31,South,Mim Akter,Stationery,Pen Set,Online,bKash,11.0,5.61,61.71,1,2024,Wednesday,61.71,False
10965,2025-02-26,West,Farzana Islam,Electronics,Headphones,Distributor,bKash,11.0,57.87,636.57,2,2025,Wednesday,636.5699999999999,False
12851,2025-11-07,South,Farzana Islam,Furniture,Bookshelf,Retail Store,Bank Transfer,20.0,88.1,1762.0,11,2025,Friday,1762.0,False
10812,2024-10-23,East,Imran Kabir,Electronics,Headphones,Distributor,Credit Card,10.0,61.94,619.4,10,2024,Wednesday,619.4,False
11609,2024-10-12,South,Arif Hossain,Stationery,Pen Set,Wholesale,bKash,2.0,6.84,13.68,10,2024,Saturday,13.68,False
12020,2025-01-30,West,Imran Kabir,Furniture,Bookshelf,Online,Credit Card,5.0,96.41,482.05,1,2025,Thursday,482.04999999999995,False
11770,2024-01-01,Central,Tanvir Ahmed,Electronics,Laptop,Online,Cash,10.0,859.58,8595.8,1,2024,Monday,8595.800000000001,False
11873,2024-06-04,South,Imran Kabir,Electronics,Smartphone,Retail Store,Bank Transfer,14.0,414.71,5805.94,6,2024,Tuesday,5805.94,False
11648,2024-01-31,South,Lamia Sultana,Furniture,Desk,Retail Store,bKash,21.0,203.8,4279.8,1,2024,Wednesday,4279.8,False
10796,2025-04-30,Central,Arif Hossain,Furniture,Office Chair,Distributor,Cash,10.0,137.09,1370.9,4,2025,Wednesday,1370.9,False
10760,2025-01-05,North,Arif Hossain,Furniture,Desk,Online,Nagad,25.0,206.41,5160.25,1,2025,Sunday,5160.25,False
10628,2025-09-01,South,Tanvir Ahmed,Stationery,Pen Set,Wholesale,Bank Transfer,19.0,6.16,117.04,9,2025,Monday,117.04,False
10676,2025-10-02,North,Farzana Islam,Apparel,Jeans,Online,Bank Transfer,4.0,37.95,151.8,10,2025,Thursday,151.8,False
10444,2024-05-20,East,Imran Kabir,Grocery,Snack Box,Online,bKash,7.0,4.93,34.51,5,2024,Monday,34.51,False
11890,2025-10-20,North,Sadia Chowdhury,Apparel,Jeans,Distributor,bKash,25.0,37.62,940.5,10,2025,Monday,940.4999999999999,False
12519,2024-01-18,Unknown,Unknown,Apparel,Sneakers,Distributor,bKash,12.0,54.83,657.96,1,2024,Thursday,657.96,False
12346,2024-06-15,North,Unknown,Stationery,Backpack,Wholesale,Bank Transfer,5.0,41.67,208.35,6,2024,Saturday,208.35000000000002,False
12792,2025-12-13,North,Rakib Hasan,Stationery,Notebook,Wholesale,Bank Transfer,6.0,2.09,12.54,12,2025,Saturday,12.54,False
12204,2025-07-05,Central,Rakib Hasan,Grocery,Rice 5kg,Distributor,Nagad,19.0,8.71,165.49,7,2025,Saturday,165.49,False
12753,2025-07-12,South,Rakib Hasan,Apparel,Jacket,Online,Nagad,8.0,70.01,560.08,7,2025,Saturday,560.08,False
10383,2025-04-17,North,Mim Akter,Grocery,Cooking Oil 1L,Online,Credit Card,2.0,2.83,5.66,4,2025,Thursday,5.66,False
10402,2025-03-24,North,Tanvir Ahmed,Apparel,Jacket,Online,Bank Transfer,24.0,65.32,1567.68,3,2025,Monday,1567.6799999999998,False
11131,2024-10-04,Central,Mim Akter,Grocery,Rice 5kg,Distributor,Nagad,20.0,7.4,148.0,10,2024,Friday,148.0,False
10758,2024-09-01,South,Shakil Rahman,Furniture,Desk,Wholesale,Bank Transfer,6.0,189.47,1136.82,9,2024,Sunday,1136.82,False
12507,2024-11-07,Central,Imran Kabir,Grocery,Cooking Oil 1L,Wholesale,Nagad,3.0,3.27,9.81,11,2024,Thursday,9.81,False
11486,2025-05-15,West,Arif Hossain,Grocery,Snack Box,Online,Cash,22.0,5.43,119.46,5,2025,Thursday,119.46,False
11348,2024-03-10,East,Shakil Rahman,Electronics,Smartphone,Wholesale,Cash,6.0,456.81,2740.86,3,2024,Sunday,2740.86,False
12404,2024-05-19,North,Lamia Sultana,Furniture,Office Chair,Wholesale,Credit Card,24.0,127.85,3068.4,5,2024,Sunday,3068.3999999999996,False
10878,2024-02-20,West,Nusrat Jahan,Furniture,Office Chair,Distributor,bKash,13.0,126.54,1645.02,2,2024,Tuesday,1645.02,False
12009,2025-07-16,North,Mim Akter,Electronics,Smartwatch,Wholesale,Credit Card,5.0,166.41,832.05,7,2025,Wednesday,832.05,False
10004,2024-08-08,West,Mim Akter,Electronics,Smartphone,Distributor,bKash,25.0,393.66,9841.5,8,2024,Thursday,9841.5,False
12171,2024-09-12,Central,Shakil Rahman,Stationery,Notebook,Online,Cash,22.0,2.3,50.6,9,2024,Thursday,50.599999999999994,False
11649,2025-12-18,North,Farzana Islam,Electronics,Headphones,Wholesale,Nagad,22.0,59.81,1315.82,12,2025,Thursday,1315.8200000000002,False
12885,2024-03-01,North,Lamia Sultana,Furniture,Dining Table,Online,bKash,24.0,335.76,8058.24,3,2024,Friday,8058.24,False
10196,2024-02-12,Unknown,Nusrat Jahan,Grocery,Rice 5kg,Online,bKash,11.0,9.07,99.77,2,2024,Monday,99.77000000000001,False
10477,2025-06-18,East,Mim Akter,Furniture,Office Chair,Distributor,Nagad,12.0,129.06,1548.72,6,2025,Wednesday,1548.72,False
12997,2024-08-01,South,Farzana Islam,Furniture,Sofa,Wholesale,Nagad,23.0,409.25,9412.75,8,2024,Thursday,9412.75,False
10966,2025-06-04,South,Nusrat Jahan,Electronics,Laptop,Retail Store,Bank Transfer,25.0,872.19,21804.75,6,2025,Wednesday,21804.75,False
12251,2024-04-29,South,Rakib Hasan,Stationery,Pen Set,Online,Credit Card,1.0,5.68,5.68,4,2024,Monday,5.68,False
11550,2024-09-27,West,Arif Hossain,Apparel,Cap,Distributor,Cash,18.0,9.62,173.16,9,2024,Friday,173.16,False
12834,2025-09-26,South,Rakib Hasan,Stationery,Desk Organizer,Wholesale,Nagad,5.0,16.25,81.25,9,2025,Friday,81.25,False
12536,2024-02-23,West,Farzana Islam,Stationery,Notebook,Online,Cash,17.0,2.23,37.91,2,2024,Friday,37.91,False
12467,2025-12-01,East,Lamia Sultana,Furniture,Office Chair,Wholesale,Nagad,12.0,110.14,1321.68,12,2025,Monday,1321.68,False
12627,2024-01-19,South,Tanvir Ahmed,Electronics,Smartphone,Online,Credit Card,18.0,411.9,7414.2,1,2024,Friday,7414.2,False
10734,2025-09-26,East,Nusrat Jahan,Furniture,Bookshelf,Online,Credit Card,3.0,82.28,246.84,9,2025,Friday,246.84,False
11240,2025-03-12,West,Mim Akter,Grocery,Coffee Jar,Distributor,Nagad,17.0,8.0,136.0,3,2025,Wednesday,136.0,False
12845,2025-06-15,North,Mim Akter,Furniture,Bookshelf,Retail Store,Credit Card,6.0,86.25,517.5,6,2025,Sunday,517.5,False
12405,2025-09-27,North,Nusrat Jahan,Furniture,Bookshelf,Retail Store,Bank Transfer,13.0,91.41,1188.33,9,2025,Saturday,1188.33,False
11187,2025-07-11,Unknown,Tanvir Ahmed,Apparel,Cap,Online,Credit Card,10.0,9.26,92.6,7,2025,Friday,92.6,False
10599,2024-11-28,South,Farzana Islam,Apparel,T-Shirt,Retail Store,Bank Transfer,1.0,14.13,14.13,11,2024,Thursday,14.13,False
12332,2025-07-14,South,Sadia Chowdhury,Electronics,Headphones,Retail Store,Credit Card,13.0,63.13,820.69,7,2025,Monday,820.69,False
12867,2025-07-07,East,Tanvir Ahmed,Stationery,Desk Organizer,Wholesale,Nagad,1.0,16.88,16.88,7,2025,Monday,16.88,False
12338,2025-10-11,South,Tanvir Ahmed,Furniture,Office Chair,Retail Store,Credit Card,7.0,137.36,961.52,10,2025,Saturday,961.5200000000001,False
11576,2024-06-05,South,Lamia Sultana,Stationery,Desk Organizer,Distributor,Nagad,7.0,19.68,137.76,6,2024,Wednesday,137.76,False
10671,2025-03-13,East,Mim Akter,Electronics,Headphones,Wholesale,Credit Card,18.0,54.97,989.46,3,2025,Thursday,989.46,False
12047,2025-10-04,South,Lamia Sultana,Furniture,Dining Table,Wholesale,Bank Transfer,5.0,319.4,1597.0,10,2025,Saturday,1597.0,False
10827,2024-11-17,Central,Nusrat Jahan,Grocery,Cooking Oil 1L,Wholesale,Credit Card,4.0,3.05,12.2,11,2024,Sunday,12.2,False
11430,2024-01-18,Central,Arif Hossain,Grocery,Tea Pack,Retail Store,Bank Transfer,16.0,4.33,69.28,1,2024,Thursday,69.28,False
12872,2024-03-21,Central,Farzana Islam,Electronics,Smartwatch,Distributor,bKash,3.0,142.49,427.47,3,2024,Thursday,427.47,False
12287,2025-06-11,North,Unknown,Apparel,Sneakers,Online,Nagad,5.0,62.94,314.7,6,2025,Wednesday,314.7,False
10691,2024-07-24,Central,Shakil Rahman,Apparel,T-Shirt,Retail Store,Cash,7.0,14.57,101.99,7,2024,Wednesday,101.99000000000001,False
10329,2025-05-15,West,Sadia Chowdhury,Stationery,Desk Organizer,Wholesale,Bank Transfer,6.0,16.57,99.42,5,2025,Thursday,99.42,False
10206,2024-07-09,East,Nusrat Jahan,Grocery,Tea Pack,Online,Credit Card,16.0,4.12,65.92,7,2024,Tuesday,65.92,False
10068,2024-05-18,Central,Tanvir Ahmed,Grocery,Snack Box,Online,Bank Transfer,15.0,4.73,70.95,5,2024,Saturday,70.95,False
12446,2025-03-24,West,Sadia Chowdhury,Electronics,Monitor,Distributor,Credit Card,14.0,205.81,2881.34,3,2025,Monday,2881.34,False
11501,2025-08-05,West,Lamia Sultana,Apparel,Jacket,Retail Store,Nagad,15.0,59.16,887.4,8,2025,Tuesday,887.4,False
12913,2024-10-31,East,Shakil Rahman,Furniture,Dining Table,Retail Store,bKash,16.0,372.74,5963.84,10,2024,Thursday,5963.84,False
12772,2025-04-19,North,Tanvir Ahmed,Stationery,Backpack,Distributor,bKash,6.0,38.0,228.0,4,2025,Saturday,228.0,False
11980,2024-06-17,North,Tanvir Ahmed,Electronics,Laptop,Online,Cash,25.0,922.72,23068.0,6,2024,Monday,23068.0,False
11484,2025-04-19,West,Nusrat Jahan,Grocery,Snack Box,Wholesale,Bank Transfer,23.0,4.8,110.4,4,2025,Saturday,110.39999999999999,False
11531,2025-10-19,South,Shakil Rahman,Furniture,Sofa,Online,Cash,23.0,413.33,9506.59,10,2025,Sunday,9506.59,False
11511,2025-02-16,Central,Rakib Hasan,Grocery,Cooking Oil 1L,Wholesale,Cash,2.0,3.2,6.4,2,2025,Sunday,6.4,False
11881,2024-11-17,South,Rakib Hasan,Apparel,T-Shirt,Wholesale,Credit Card,2.0,15.13,30.26,11,2024,Sunday,30.26,False
11423,2024-09-11,East,Imran Kabir,Furniture,Bookshelf,Retail Store,Nagad,1.0,81.81,81.81,9,2024,Wednesday,81.81,False
12849,2025-06-22,Central,Imran Kabir,Electronics,Tablet,Wholesale,Credit Card,14.0,312.89,4380.46,6,2025,Sunday,4380.46,False
10502,2025-07-04,South,Imran Kabir,Electronics,Smartphone,Online,bKash,23.0,447.86,10300.78,7,2025,Friday,10300.78,False
12799,2024-02-17,South,Arif Hossain,Grocery,Tea Pack,Distributor,Nagad,13.0,4.07,52.91,2,2024,Saturday,52.910000000000004,False
11969,2024-06-10,South,Imran Kabir,Electronics,Smartwatch,Online,Credit Card,7.0,137.75,964.25,6,2024,Monday,964.25,False
12533,2024-12-20,Central,Arif Hossain,Grocery,Tea Pack,Retail Store,Nagad,18.0,3.92,70.56,12,2024,Friday,70.56,False
11752,2024-07-01,North,Imran Kabir,Grocery,Snack Box,Distributor,Bank Transfer,11.0,5.27,57.97,7,2024,Monday,57.97,False
10017,2025-06-27,South,Mim Akter,Stationery,Pen Set,Retail Store,Nagad,1.0,6.3,6.3,6,2025,Friday,6.3,False
10661,2024-05-06,North,Shakil Rahman,Furniture,Sofa,Distributor,bKash,3.0,417.84,1253.52,5,2024,Monday,1253.52,False
10715,2024-08-19,Central,Sadia Chowdhury,Stationery,Desk Organizer,Wholesale,Cash,6.0,18.11,108.66,8,2024,Monday,108.66,False
10331,2024-04-26,West,Arif Hossain,Grocery,Snack Box,Online,Nagad,9.0,5.47,49.23,4,2024,Friday,49.23,False
10607,2025-09-26,Central,Imran Kabir,Grocery,Rice 5kg,Retail Store,Credit Card,12.0,8.75,105.0,9,2025,Friday,105.0,False
12344,2024-11-01,North,Imran Kabir,Furniture,Dining Table,Online,Bank Transfer,13.0,390.7,5079.1,11,2024,Friday,5079.099999999999,False
10396,2024-11-26,Central,Farzana Islam,Apparel,Sneakers,Distributor,Cash,5.0,62.92,314.6,11,2024,Tuesday,314.6,False
12901,2024-02-25,North,Mim Akter,Apparel,Jeans,Wholesale,Nagad,11.0,37.82,416.02,2,2024,Sunday,416.02,False
11134,2025-10-16,West,Lamia Sultana,Furniture,Desk,Distributor,Credit Card,12.0,193.84,2326.08,10,2025,Thursday,2326.08,False
10500,2024-02-14,Central,Mim Akter,Apparel,T-Shirt,Wholesale,Bank Transfer,10.0,16.87,168.7,2,2024,Wednesday,168.70000000000002,False
12301,2024-07-05,South,Tanvir Ahmed,Electronics,Monitor,Online,bKash,15.0,247.56,3713.4,7,2024,Friday,3713.4,False
10610,2024-07-25,North,Rakib Hasan,Stationery,Notebook,Retail Store,Credit Card,4.0,2.04,8.16,7,2024,Thursday,8.16,False
11769,2024-03-20,West,Sadia Chowdhury,Stationery,Pen Set,Distributor,bKash,20.0,5.56,111.2,3,2024,Wednesday,111.19999999999999,False
12856,2025-05-20,Central,Lamia Sultana,Grocery,Tea Pack,Online,Cash,14.0,3.63,50.82,5,2025,Tuesday,50.82,False
10802,2024-03-30,East,Shakil Rahman,Apparel,Jacket,Wholesale,Nagad,7.0,67.36,492.31,3,2024,Saturday,471.52,True
11737,2024-05-04,East,Shakil Rahman,Apparel,Jeans,Wholesale,Nagad,20.0,32.63,652.6,5,2024,Saturday,652.6,False
11625,2024-07-04,West,Tanvir Ahmed,Electronics,Tablet,Retail Store,Nagad,1.0,317.29,317.29,7,2024,Thursday,317.29,False
12726,2024-03-03,North,Imran Kabir,Furniture,Dining Table,Distributor,Cash,6.0,392.09,2352.54,3,2024,Sunday,2352.54,False
10430,2025-07-18,West,Rakib Hasan,Grocery,Snack Box,Wholesale,Nagad,12.0,4.93,59.16,7,2025,Friday,59.16,False
10240,2025-05-06,East,Nusrat Jahan,Furniture,Bookshelf,Wholesale,Cash,12.0,93.61,1123.32,5,2025,Tuesday,1123.32,False
11783,2025-11-27,East,Sadia Chowdhury,Furniture,Bookshelf,Wholesale,Nagad,6.0,101.02,606.12,11,2025,Thursday,606.12,False
11694,2025-10-21,East,Sadia Chowdhury,Furniture,Dining Table,Wholesale,Cash,10.0,333.68,3336.8,10,2025,Tuesday,3336.8,False
10405,2024-03-17,East,Rakib Hasan,Electronics,Laptop,Wholesale,bKash,18.0,965.14,17372.52,3,2024,Sunday,17372.52,False
11241,2024-06-30,South,Sadia Chowdhury,Apparel,T-Shirt,Wholesale,Cash,18.0,15.73,283.14,6,2024,Sunday,283.14,False
11367,2024-02-15,North,Imran Kabir,Grocery,Coffee Jar,Wholesale,Bank Transfer,1.0,6.66,53.28,2,2024,Thursday,6.66,True
12150,2024-08-24,East,Lamia Sultana,Grocery,Rice 5kg,Retail Store,Bank Transfer,18.0,8.19,147.42,8,2024,Saturday,147.42,False
10876,2024-07-22,South,Lamia Sultana,Furniture,Bookshelf,Distributor,Cash,3.0,90.33,270.99,7,2024,Monday,270.99,False
11338,2025-05-26,South,Nusrat Jahan,Electronics,Monitor,Online,Credit Card,22.0,224.2,4932.4,5,2025,Monday,4932.4,False
10967,2025-02-20,North,Mim Akter,Electronics,Headphones,Wholesale,Nagad,3.0,61.26,183.78,2,2025,Thursday,183.78,False
10935,2024-05-29,Central,Mim Akter,Grocery,Coffee Jar,Online,Bank Transfer,25.0,6.32,158.0,5,2024,Wednesday,158.0,False
10891,2024-07-12,South,Arif Hossain,Apparel,Sneakers,Wholesale,Credit Card,5.0,50.25,251.25,7,2024,Friday,251.25,False
12469,2024-10-01,Central,Mim Akter,Furniture,Desk,Wholesale,bKash,6.0,182.36,1094.16,10,2024,Tuesday,1094.16,False
11686,2024-05-02,Central,Tanvir Ahmed,Grocery,Rice 5kg,Wholesale,Nagad,8.0,8.72,69.76,5,2024,Thursday,69.76,False
10924,2025-12-08,West,Rakib Hasan,Grocery,Tea Pack,Retail Store,Cash,24.0,4.11,88.56,12,2025,Monday,98.64000000000001,True
10008,2025-12-19,East,Mim Akter,Apparel,Jeans,Retail Store,Cash,22.0,37.17,817.74,12,2025,Friday,817.74,False
12760,2025-10-14,South,Mim Akter,Furniture,Dining Table,Distributor,bKash,11.0,379.5,4174.5,10,2025,Tuesday,4174.5,False
11822,2025-06-09,East,Shakil Rahman,Electronics,Headphones,Distributor,Nagad,8.0,58.7,469.6,6,2025,Monday,469.6,False
12813,2025-08-16,South,Farzana Islam,Grocery,Tea Pack,Distributor,Nagad,25.0,4.36,109.0,8,2025,Saturday,109.00000000000001,False
11365,2024-01-22,South,Sadia Chowdhury,Furniture,Office Chair,Wholesale,Credit Card,16.0,133.09,2129.44,1,2024,Monday,2129.44,False
10464,2025-02-13,East,Rakib Hasan,Electronics,Headphones,Online,Bank Transfer,15.0,58.08,871.2,2,2025,Thursday,871.1999999999999,False
10272,2025-01-20,West,Imran Kabir,Stationery,Backpack,Retail Store,Cash,6.0,43.54,261.24,1,2025,Monday,261.24,False
12233,2024-05-23,South,Nusrat Jahan,Grocery,Tea Pack,Online,Credit Card,7.0,3.75,26.25,5,2024,Thursday,26.25,False
10761,2024-07-17,West,Nusrat Jahan,Stationery,Pen Set,Distributor,Credit Card,4.0,6.59,26.36,7,2024,Wednesday,26.36,False
11289,2024-04-19,Central,Farzana Islam,Furniture,Bookshelf,Retail Store,Bank Transfer,24.0,83.48,2003.52,4,2024,Friday,2003.52,False
11417,2024-03-03,East,Shakil Rahman,Furniture,Office Chair,Retail Store,Bank Transfer,18.0,131.15,2360.7,3,2024,Sunday,2360.7000000000003,False
10269,2025-08-12,South,Arif Hossain,Furniture,Office Chair,Distributor,bKash,11.0,125.32,1378.52,8,2025,Tuesday,1378.52,False
10393,2025-09-08,North,Farzana Islam,Furniture,Sofa,Online,bKash,8.0,407.24,3257.92,9,2025,Monday,3257.92,False
11960,2025-02-22,North,Shakil Rahman,Apparel,T-Shirt,Online,Nagad,4.0,17.22,68.88,2,2025,Saturday,68.88,False
11172,2025-04-11,South,Lamia Sultana,Furniture,Dining Table,Online,Nagad,17.0,376.93,6407.81,4,2025,Friday,6407.81,False
10527,2025-05-08,West,Mim Akter,Furniture,Dining Table,Distributor,Bank Transfer,20.0,315.58,6311.6,5,2025,Thursday,6311.599999999999,False
11104,2024-11-02,North,Rakib Hasan,Furniture,Desk,Wholesale,Bank Transfer,22.0,203.06,4467.32,11,2024,Saturday,4467.32,False
11398,2025-08-25,East,Sadia Chowdhury,Grocery,Coffee Jar,Retail Store,Nagad,9.0,7.95,71.55,8,2025,Monday,71.55,False
11029,2024-07-28,Central,Lamia Sultana,Apparel,Cap,Wholesale,Bank Transfer,13.0,9.16,119.08,7,2024,Sunday,119.08,False
10980,2024-08-27,South,Farzana Islam,Apparel,Jacket,Distributor,bKash,16.0,74.22,1187.52,8,2024,Tuesday,1187.52,False
11809,2024-03-09,East,Arif Hossain,Grocery,Snack Box,Distributor,Bank Transfer,22.0,4.73,104.06,3,2024,Saturday,104.06,False
12232,2025-10-30,North,Imran Kabir,Apparel,T-Shirt,Distributor,Cash,12.0,14.57,174.84,10,2025,Thursday,174.84,False
12844,2025-11-18,North,Lamia Sultana,Grocery,Cooking Oil 1L,Wholesale,Cash,13.0,2.92,37.96,11,2025,Tuesday,37.96,False
11198,2024-07-27,North,Nusrat Jahan,Stationery,Pen Set,Distributor,Credit Card,1.0,5.94,5.94,7,2024,Saturday,5.94,False
12836,2024-11-24,Central,Lamia Sultana,Stationery,Pen Set,Retail Store,bKash,25.0,6.23,155.75,11,2024,Sunday,155.75,False
10107,2025-05-25,North,Sadia Chowdhury,Electronics,Smartphone,Online,bKash,23.0,389.19,8951.37,5,2025,Sunday,8951.37,False
10226,2024-12-27,West,Nusrat Jahan,Grocery,Snack Box,Retail Store,Nagad,2.0,4.56,9.12,12,2024,Friday,9.12,False
12586,2025-04-09,West,Rakib Hasan,Apparel,Cap,Wholesale,Credit Card,9.0,11.22,100.98,4,2025,Wednesday,100.98,False
10620,2025-09-02,West,Tanvir Ahmed,Grocery,Coffee Jar,Online,Cash,1.0,7.21,7.21,9,2025,Tuesday,7.21,False
12614,2025-10-29,South,Sadia Chowdhury,Electronics,Smartphone,Wholesale,Credit Card,15.0,420.27,6304.05,10,2025,Wednesday,6304.049999999999,False
10788,2024-10-25,East,Imran Kabir,Furniture,Sofa,Wholesale,Credit Card,7.0,412.08,2884.56,10,2024,Friday,2884.56,False
10707,2025-09-22,South,Sadia Chowdhury,Electronics,Smartphone,Distributor,Bank Transfer,19.0,404.72,7689.68,9,2025,Monday,7689.68,False
11811,2025-06-21,East,Tanvir Ahmed,Grocery,Rice 5kg,Online,Credit Card,22.0,7.73,170.06,6,2025,Saturday,170.06,False
12141,2025-01-24,North,Shakil Rahman,Stationery,Pen Set,Retail Store,Bank Transfer,11.0,5.71,62.81,1,2025,Friday,62.81,False
11368,2025-07-08,Central,Unknown,Furniture,Sofa,Distributor,Credit Card,25.0,444.13,11103.25,7,2025,Tuesday,11103.25,False
10578,2024-07-07,Central,Sadia Chowdhury,Apparel,Cap,Wholesale,bKash,1.0,9.31,9.31,7,2024,Sunday,9.31,False
11886,2024-10-25,West,Rakib Hasan,Electronics,Laptop,Online,bKash,12.0,909.23,10910.76,10,2024,Friday,10910.76,False
11472,2025-12-17,East,Shakil Rahman,Furniture,Sofa,Retail Store,Cash,17.0,467.06,7940.02,12,2025,Wednesday,7940.02,False
10377,2024-11-11,Central,Mim Akter,Grocery,Rice 5kg,Retail Store,Bank Transfer,15.0,7.73,115.95,11,2024,Monday,115.95,False
12340,2024-05-13,South,Mim Akter,Furniture,Office Chair,Retail Store,Credit Card,17.0,110.81,1883.77,5,2024,Monday,1883.77,False
12324,2024-08-24,East,Rakib Hasan,Stationery,Desk Organizer,Wholesale,Credit Card,8.0,18.09,144.72,8,2024,Saturday,144.72,False
10420,2025-07-30,South,Rakib Hasan,Electronics,Tablet,Online,Credit Card,25.0,277.57,6939.25,7,2025,Wednesday,6939.25,False
11868,2025-01-15,North,Arif Hossain,Apparel,T-Shirt,Retail Store,Nagad,1.0,15.18,15.18,1,2025,Wednesday,15.18,False
12908,2024-02-10,Central,Imran Kabir,Furniture,Desk,Distributor,Cash,6.0,201.09,1206.54,2,2024,Saturday,1206.54,False
11803,2024-12-14,North,Shakil Rahman,Furniture,Sofa,Retail Store,bKash,22.0,470.65,10354.3,12,2024,Saturday,10354.3,False
11736,2025-03-02,South,Arif Hossain,Apparel,Jeans,Wholesale,bKash,16.0,31.61,505.76,3,2025,Sunday,505.76,False
12581,2025-10-10,South,Arif Hossain,Furniture,Sofa,Online,Cash,9.0,481.1,4329.9,10,2025,Friday,4329.900000000001,False
12024,2025-04-03,South,Shakil Rahman,Electronics,Laptop,Online,Nagad,25.0,806.24,20156.0,4,2025,Thursday,20156.0,False
11056,2024-03-10,East,Rakib Hasan,Grocery,Cooking Oil 1L,Distributor,Bank Transfer,11.0,2.71,29.81,3,2024,Sunday,29.81,False
10516,2025-11-26,West,Shakil Rahman,Furniture,Desk,Distributor,bKash,24.0,176.92,4246.08,11,2025,Wednesday,4246.08,False
12208,2025-06-02,West,Lamia Sultana,Furniture,Dining Table,Wholesale,Cash,13.0,364.63,4740.19,6,2025,Monday,4740.19,False
11903,2024-02-10,Central,Imran Kabir,Stationery,Backpack,Retail Store,Bank Transfer,15.0,45.64,684.6,2,2024,Saturday,684.6,False
11279,2024-02-18,Central,Farzana Islam,Electronics,Headphones,Online,bKash,1.0,56.08,56.08,2,2024,Sunday,56.08,False
12534,2025-11-15,East,Rakib Hasan,Apparel,Cap,Retail Store,Nagad,10.0,9.43,94.3,11,2025,Saturday,94.3,False
10568,2024-05-14,East,Sadia Chowdhury,Apparel,Sneakers,Retail Store,Nagad,19.0,58.93,1119.67,5,2024,Tuesday,1119.67,False
12058,2024-10-09,Central,Tanvir Ahmed,Grocery,Tea Pack,Online,Bank Transfer,10.0,4.59,45.9,10,2024,Wednesday,45.9,False
10312,2025-02-14,West,Lamia Sultana,Grocery,Rice 5kg,Wholesale,Nagad,18.0,8.21,147.78,2,2025,Friday,147.78000000000003,False
10706,2024-08-10,East,Sadia Chowdhury,Stationery,Desk Organizer,Online,Credit Card,5.0,20.19,100.95,8,2024,Saturday,100.95,False
11611,2025-09-19,North,Shakil Rahman,Apparel,T-Shirt,Distributor,bKash,20.0,17.1,342.0,9,2025,Friday,342.0,False
11965,2024-07-16,North,Lamia Sultana,Electronics,Monitor,Online,Cash,6.0,243.23,1459.38,7,2024,Tuesday,1459.3799999999999,False
12235,2024-06-22,South,Shakil Rahman,Grocery,Cooking Oil 1L,Retail Store,Bank Transfer,1.0,2.84,2.84,6,2024,Saturday,2.84,False
11627,2024-11-28,South,Shakil Rahman,Apparel,Jacket,Wholesale,Credit Card,15.0,69.86,1047.9,11,2024,Thursday,1047.9,False
12169,2024-02-21,Unknown,Tanvir Ahmed,Apparel,Jacket,Online,Credit Card,15.0,68.06,1020.9,2,2024,Wednesday,1020.9000000000001,False
12209,2025-11-06,East,Lamia Sultana,Electronics,Headphones,Distributor,Cash,2.0,55.66,111.32,11,2025,Thursday,111.32,False
12160,2024-05-31,North,Mim Akter,Electronics,Smartwatch,Wholesale,Credit Card,19.0,136.14,2586.66,5,2024,Friday,2586.66,False
10493,2024-06-13,West,Shakil Rahman,Grocery,Rice 5kg,Distributor,bKash,19.0,8.89,168.91,6,2024,Thursday,168.91000000000003,False
11702,2025-03-01,Central,Rakib Hasan,Apparel,T-Shirt,Retail Store,bKash,4.0,15.5,62.0,3,2025,Saturday,62.0,False
11742,2025-09-30,Central,Farzana Islam,Electronics,Headphones,Wholesale,bKash,11.0,55.22,607.42,9,2025,Tuesday,607.42,False
12199,2025-02-21,South,Mim Akter,Electronics,Smartwatch,Retail Store,bKash,4.0,143.72,574.88,2,2025,Friday,574.88,False
10481,2024-06-26,Central,Sadia Chowdhury,Stationery,Desk Organizer,Retail Store,Nagad,24.0,19.87,476.88,6,2024,Wednesday,476.88,False
10309,2025-07-12,North,Lamia Sultana,Grocery,Tea Pack,Retail Store,Nagad,6.0,4.28,25.68,7,2025,Saturday,25.68,False
12992,2024-08-25,West,Arif Hossain,Grocery,Snack Box,Online,bKash,21.0,5.72,120.12,8,2024,Sunday,120.11999999999999,False
10083,2025-06-27,Central,Mim Akter,Furniture,Bookshelf,Wholesale,Nagad,12.0,90.57,1086.84,6,2025,Friday,1086.84,False
11196,2025-03-04,East,Unknown,Grocery,Snack Box,Retail Store,Bank Transfer,18.0,5.12,92.16,3,2025,Tuesday,92.16,False
10259,2025-04-09,West,Farzana Islam,Furniture,Dining Table,Wholesale,Credit Card,5.0,359.91,1799.55,4,2025,Wednesday,1799.5500000000002,False
10809,2025-01-05,East,Sadia Chowdhury,Electronics,Laptop,Online,Nagad,19.0,867.1,16474.9,1,2025,Sunday,16474.9,False
12029,2025-10-19,Central,Imran Kabir,Grocery,Snack Box,Distributor,Nagad,20.0,5.45,109.0,10,2025,Sunday,109.0,False
10961,2025-08-26,North,Arif Hossain,Stationery,Desk Organizer,Distributor,Bank Transfer,2.0,18.41,36.82,8,2025,Tuesday,36.82,False
10352,2025-11-05,Central,Lamia Sultana,Electronics,Smartphone,Distributor,Credit Card,10.0,380.54,3805.4,11,2025,Wednesday,3805.4,False
12259,2025-11-15,North,Tanvir Ahmed,Electronics,Headphones,Wholesale,Bank Transfer,13.0,60.33,784.29,11,2025,Saturday,784.29,False
12691,2025-07-17,North,Imran Kabir,Electronics,Headphones,Wholesale,Cash,13.0,64.47,838.11,7,2025,Thursday,838.11,False
10867,2024-10-11,Central,Imran Kabir,Electronics,Headphones,Wholesale,bKash,5.0,59.44,297.2,10,2024,Friday,297.2,False
12003,2025-02-08,Central,Shakil Rahman,Apparel,Jeans,Distributor,Credit Card,24.0,33.44,802.56,2,2025,Saturday,802.56,False
12985,2024-01-14,South,Mim Akter,Stationery,Pen Set,Distributor,Bank Transfer,16.0,6.06,96.96,1,2024,Sunday,96.96,False
10643,2025-05-28,East,Mim Akter,Electronics,Headphones,Distributor,bKash,9.0,66.18,595.62,5,2025,Wednesday,595.6200000000001,False
11654,2024-06-25,North,Lamia Sultana,Grocery,Tea Pack,Distributor,Credit Card,7.0,4.24,29.68,6,2024,Tuesday,29.68,False
10503,2024-02-08,South,Tanvir Ahmed,Grocery,Rice 5kg,Wholesale,Cash,3.0,7.35,22.05,2,2024,Thursday,22.049999999999997,False
11666,2024-11-06,East,Tanvir Ahmed,Stationery,Pen Set,Online,Credit Card,13.0,5.68,73.84,11,2024,Wednesday,73.84,False
11399,2025-07-31,East,Sadia Chowdhury,Electronics,Smartphone,Distributor,Credit Card,1.0,449.73,7645.41,7,2025,Thursday,449.73,True
10349,2025-10-27,North,Arif Hossain,Furniture,Desk,Online,Nagad,6.0,181.8,1090.8,10,2025,Monday,1090.8000000000002,False
11968,2025-01-22,Unknown,Farzana Islam,Apparel,Sneakers,Retail Store,Bank Transfer,1.0,51.86,51.86,1,2025,Wednesday,51.86,False
10793,2024-07-07,South,Sadia Chowdhury,Apparel,Cap,Distributor,Cash,7.0,10.41,72.87,7,2024,Sunday,72.87,False
11869,2025-01-11,West,Mim Akter,Apparel,Cap,Distributor,Cash,2.0,11.0,22.0,1,2025,Saturday,22.0,False
11825,2025-04-18,East,Arif Hossain,Apparel,Jeans,Distributor,bKash,19.0,36.05,684.95,4,2025,Friday,684.9499999999999,False
11438,2024-02-09,South,Nusrat Jahan,Stationery,Notebook,Wholesale,Credit Card,14.0,2.05,28.7,2,2024,Friday,28.699999999999996,False
12453,2025-10-17,East,Tanvir Ahmed,Stationery,Pen Set,Wholesale,Cash,18.0,5.74,103.32,10,2025,Friday,103.32000000000001,False
10425,2025-03-02,East,Sadia Chowdhury,Furniture,Desk,Distributor,Cash,20.0,191.05,3821.0,3,2025,Sunday,3821.0,False
11907,2025-03-16,West,Nusrat Jahan,Electronics,Smartphone,Wholesale,Credit Card,2.0,455.86,911.72,3,2025,Sunday,911.72,False
11799,2025-05-29,Unknown,Arif Hossain,Furniture,Dining Table,Wholesale,Credit Card,6.0,355.53,2133.18,5,2025,Thursday,2133.18,False
11259,2024-07-01,South,Rakib Hasan,Apparel,Sneakers,Distributor,Credit Card,22.0,57.3,1260.6,7,2024,Monday,1260.6,False
11998,2025-11-22,North,Rakib Hasan,Apparel,Jacket,Wholesale,bKash,12.0,64.02,768.24,11,2025,Saturday,768.24,False
12972,2025-08-17,Central,Shakil Rahman,Electronics,Monitor,Wholesale,Bank Transfer,11.0,236.68,2603.48,8,2025,Sunday,2603.48,False
12528,2025-05-06,North,Shakil Rahman,Apparel,Sneakers,Wholesale,Cash,13.0,53.67,697.71,5,2025,Tuesday,697.71,False
12803,2025-02-20,Central,Imran Kabir,Grocery,Rice 5kg,Wholesale,Credit Card,13.0,7.61,98.93,2,2025,Thursday,98.93,False
12568,2024-05-18,North,Shakil Rahman,Stationery,Notebook,Distributor,Credit Card,10.0,1.91,19.1,5,2024,Saturday,19.099999999999998,False
11849,2025-06-21,Central,Tanvir Ahmed,Electronics,Smartwatch,Distributor,Credit Card,9.0,151.99,1367.91,6,2025,Saturday,1367.91,False
10192,2025-06-20,Central,Imran Kabir,Apparel,Jeans,Retail Store,Credit Card,12.0,32.09,385.08,6,2025,Friday,385.08000000000004,False
12192,2025-07-13,East,Lamia Sultana,Stationery,Desk Organizer,Wholesale,Bank Transfer,8.0,19.44,155.52,7,2025,Sunday,155.52,False
12152,2024-10-15,West,Nusrat Jahan,Stationery,Notebook,Retail Store,bKash,17.0,2.13,36.21,10,2024,Tuesday,36.21,False
12376,2025-04-24,East,Imran Kabir,Grocery,Coffee Jar,Retail Store,bKash,1.0,6.5,6.5,4,2025,Thursday,6.5,False
11738,2025-04-29,Unknown,Rakib Hasan,Apparel,Jacket,Distributor,Nagad,3.0,58.79,176.37,4,2025,Tuesday,176.37,False
12297,2025-11-13,North,Sadia Chowdhury,Apparel,T-Shirt,Distributor,Credit Card,20.0,13.88,277.6,11,2025,Thursday,277.6,False
10031,2024-02-21,Central,Tanvir Ahmed,Electronics,Smartwatch,Distributor,Credit Card,19.0,152.88,2904.72,2,2024,Wednesday,2904.72,False
11064,2025-06-03,South,Lamia Sultana,Furniture,Office Chair,Retail Store,bKash,3.0,120.79,362.37,6,2025,Tuesday,362.37,False
10639,2025-02-01,North,Sadia Chowdhury,Stationery,Backpack,Online,Credit Card,22.0,38.71,851.62,2,2025,Saturday,851.62,False
10249,2024-07-16,South,Arif Hossain,Stationery,Desk Organizer,Wholesale,Cash,4.0,17.69,70.76,7,2024,Tuesday,70.76,False
11149,2024-12-28,West,Sadia Chowdhury,Apparel,T-Shirt,Retail Store,bKash,24.0,15.13,363.12,12,2024,Saturday,363.12,False
11108,2024-05-28,Unknown,Sadia Chowdhury,Furniture,Dining Table,Wholesale,Cash,7.0,334.09,2338.63,5,2024,Tuesday,2338.6299999999997,False
11273,2025-05-20,East,Nusrat Jahan,Grocery,Tea Pack,Retail Store,Credit Card,16.0,3.65,58.4,5,2025,Tuesday,58.4,False
11303,2024-09-16,West,Mim Akter,Apparel,Sneakers,Distributor,Bank Transfer,12.0,55.81,669.72,9,2024,Monday,669.72,False
12187,2025-09-06,Central,Sadia Chowdhury,Electronics,Smartphone,Distributor,bKash,22.0,402.35,8851.7,9,2025,Saturday,8851.7,False
12388,2025-01-25,West,Farzana Islam,Grocery,Snack Box,Retail Store,bKash,2.0,4.62,9.24,1,2025,Saturday,9.24,False
12991,2025-08-19,West,Arif Hossain,Electronics,Headphones,Online,Credit Card,21.0,60.57,1271.97,8,2025,Tuesday,1271.97,False
12577,2024-09-19,Central,Farzana Islam,Apparel,Jeans,Wholesale,Cash,3.0,38.65,115.95,9,2024,Thursday,115.94999999999999,False
10921,2025-10-23,West,Farzana Islam,Apparel,Sneakers,Wholesale,Nagad,12.0,55.66,667.92,10,2025,Thursday,667.92,False
11092,2025-11-20,South,Sadia Chowdhury,Stationery,Notebook,Online,Cash,18.0,2.29,41.22,11,2025,Thursday,41.22,False
11112,2025-04-19,Central,Rakib Hasan,Grocery,Tea Pack,Wholesale,Credit Card,21.0,3.98,83.58,4,2025,Saturday,83.58,False
12677,2025-04-24,Central,Tanvir Ahmed,Stationery,Desk Organizer,Wholesale,bKash,20.0,19.62,392.4,4,2025,Thursday,392.40000000000003,False
12121,2025-11-04,South,Farzana Islam,Furniture,Sofa,Wholesale,Cash,19.0,413.48,7856.12,11,2025,Tuesday,7856.120000000001,False
11447,2025-06-18,South,Shakil Rahman,Furniture,Bookshelf,Online,bKash,19.0,95.51,1814.69,6,2025,Wednesday,1814.69,False
10258,2024-12-01,Central,Arif Hossain,Stationery,Pen Set,Retail Store,bKash,17.0,6.06,103.02,12,2024,Sunday,103.02,False
11847,2025-10-22,South,Rakib Hasan,Apparel,Sneakers,Retail Store,Nagad,17.0,57.74,981.58,10,2025,Wednesday,981.58,False
12128,2024-06-01,Central,Arif Hossain,Apparel,Jeans,Retail Store,bKash,1.0,38.61,38.61,6,2024,Saturday,38.61,False
10602,2025-12-19,North,Tanvir Ahmed,Stationery,Backpack,Distributor,bKash,18.0,43.91,790.38,12,2025,Friday,790.3799999999999,False
12529,2025-03-23,East,Lamia Sultana,Apparel,Jacket,Retail Store,Nagad,11.0,61.27,673.97,3,2025,Sunday,673.97,False
12095,2024-11-20,North,Nusrat Jahan,Grocery,Snack Box,Wholesale,Bank Transfer,2.0,4.52,9.04,11,2024,Wednesday,9.04,False
10984,2025-09-21,East,Nusrat Jahan,Furniture,Dining Table,Online,Nagad,9.0,374.56,3371.04,9,2025,Sunday,3371.04,False
12242,2025-05-01,Central,Nusrat Jahan,Grocery,Rice 5kg,Distributor,Credit Card,20.0,8.44,168.8,5,2025,Thursday,168.79999999999998,False
10256,2025-11-11,West,Arif Hossain,Stationery,Backpack,Wholesale,Nagad,7.0,43.62,305.34,11,2025,Tuesday,305.34,False
12262,2025-09-21,Central,Sadia Chowdhury,Stationery,Backpack,Online,Nagad,1.0,39.67,39.67,9,2025,Sunday,39.67,False
10674,2025-08-11,Central,Mim Akter,Apparel,Sneakers,Distributor,Nagad,20.0,54.37,1087.4,8,2025,Monday,1087.3999999999999,False
11578,2025-11-04,North,Mim Akter,Stationery,Backpack,Distributor,bKash,7.0,38.02,266.14,11,2025,Tuesday,266.14000000000004,False
12839,2025-09-09,South,Farzana Islam,Apparel,Cap,Distributor,bKash,17.0,10.87,184.79,9,2025,Tuesday,184.79,False
12319,2024-04-07,South,Nusrat Jahan,Stationery,Pen Set,Distributor,Cash,3.0,5.42,16.26,4,2024,Sunday,16.259999999999998,False
10046,2024-08-15,North,Imran Kabir,Apparel,Jeans,Online,Bank Transfer,7.0,38.65,270.55,8,2024,Thursday,270.55,False
10823,2024-06-13,South,Shakil Rahman,Electronics,Laptop,Distributor,Cash,17.0,930.92,15825.64,6,2024,Thursday,15825.64,False
12066,2025-01-08,West,Arif Hossain,Grocery,Cooking Oil 1L,Retail Store,Credit Card,25.0,2.7,67.5,1,2025,Wednesday,67.5,False
12214,2024-11-01,North,Tanvir Ahmed,Grocery,Rice 5kg,Distributor,bKash,17.0,9.14,155.38,11,2024,Friday,155.38,False
11630,2025-01-26,West,Mim Akter,Electronics,Monitor,Wholesale,bKash,7.0,212.56,1487.92,1,2025,Sunday,1487.92,False
12028,2025-09-04,West,Shakil Rahman,Electronics,Monitor,Retail Store,Bank Transfer,23.0,229.5,5278.5,9,2025,Thursday,5278.5,False
11065,2024-06-29,South,Nusrat Jahan,Grocery,Tea Pack,Retail Store,Bank Transfer,20.0,3.85,77.0,6,2024,Saturday,77.0,False
12874,2024-07-09,East,Rakib Hasan,Stationery,Notebook,Wholesale,bKash,22.0,1.86,40.92,7,2024,Tuesday,40.92,False
11359,2024-12-24,South,Shakil Rahman,Furniture,Sofa,Online,Cash,1.0,478.71,9574.2,12,2024,Tuesday,478.71,True
10138,2024-08-09,North,Arif Hossain,Stationery,Pen Set,Retail Store,Nagad,8.0,5.89,47.12,8,2024,Friday,47.12,False
11795,2025-12-06,West,Arif Hossain,Apparel,Sneakers,Online,Bank Transfer,19.0,58.03,1102.57,12,2025,Saturday,1102.57,False
11074,2025-09-11,East,Tanvir Ahmed,Grocery,Rice 5kg,Retail Store,Cash,15.0,9.09,136.35,9,2025,Thursday,136.35,False
10202,2025-10-16,East,Lamia Sultana,Electronics,Monitor,Wholesale,Cash,2.0,202.13,404.26,10,2025,Thursday,404.26,False
10743,2025-01-28,North,Arif Hossain,Grocery,Coffee Jar,Retail Store,Credit Card,23.0,7.73,177.79,1,2025,Tuesday,177.79000000000002,False
10695,2025-01-27,North,Sadia Chowdhury,Electronics,Smartphone,Online,Credit Card,2.0,368.61,737.22,1,2025,Monday,737.22,False
11223,2024-03-26,West,Mim Akter,Stationery,Pen Set,Distributor,Cash,22.0,6.02,132.44,3,2024,Tuesday,132.44,False
12786,2025-08-27,West,Shakil Rahman,Furniture,Office Chair,Retail Store,Cash,20.0,108.48,2169.6,8,2025,Wednesday,2169.6,False
12668,2025-12-26,South,Nusrat Jahan,Apparel,T-Shirt,Online,Credit Card,13.0,13.69,177.97,12,2025,Friday,177.97,False
12486,2025-04-27,East,Sadia Chowdhury,Furniture,Office Chair,Online,Credit Card,20.0,121.4,2428.0,4,2025,Sunday,2428.0,False
11467,2025-10-15,North,Rakib Hasan,Apparel,Cap,Online,bKash,12.0,10.15,121.8,10,2025,Wednesday,121.80000000000001,False
11480,2024-05-22,East,Lamia Sultana,Stationery,Pen Set,Retail Store,Nagad,5.0,6.4,32.0,5,2024,Wednesday,32.0,False
11839,2024-03-24,West,Nusrat Jahan,Stationery,Desk Organizer,Retail Store,Credit Card,14.0,19.41,271.74,3,2024,Sunday,271.74,False
11011,2024-11-21,South,Arif Hossain,Furniture,Desk,Wholesale,Cash,20.0,181.33,3626.6,11,2024,Thursday,3626.6000000000004,False
12090,2024-07-17,East,Shakil Rahman,Apparel,Sneakers,Retail Store,Credit Card,10.0,58.14,581.4,7,2024,Wednesday,581.4,False
11250,2024-08-24,West,Mim Akter,Grocery,Cooking Oil 1L,Retail Store,Bank Transfer,4.0,3.23,12.92,8,2024,Saturday,12.92,False
10960,2024-10-08,North,Arif Hossain,Stationery,Notebook,Retail Store,Credit Card,7.0,1.92,13.44,10,2024,Tuesday,13.44,False
10057,2025-09-17,North,Tanvir Ahmed,Furniture,Desk,Retail Store,Bank Transfer,25.0,165.28,4132.0,9,2025,Wednesday,4132.0,False
11059,2024-07-25,South,Mim Akter,Electronics,Laptop,Wholesale,Cash,5.0,844.85,4224.25,7,2024,Thursday,4224.25,False
11397,2024-01-08,Central,Unknown,Furniture,Desk,Online,bKash,19.0,188.69,3585.11,1,2024,Monday,3585.11,False
11032,2024-08-26,North,Imran Kabir,Furniture,Desk,Distributor,bKash,1.0,191.68,1916.8,8,2024,Monday,191.68,True
12966,2025-02-16,West,Nusrat Jahan,Furniture,Office Chair,Online,Bank Transfer,6.0,133.3,799.8,2,2025,Sunday,799.8000000000001,False
11861,2024-11-18,West,Shakil Rahman,Grocery,Coffee Jar,Distributor,Credit Card,16.0,6.65,106.4,11,2024,Monday,106.4,False
10733,2024-04-16,Unknown,Imran Kabir,Electronics,Laptop,Online,Nagad,22.0,859.76,18914.72,4,2024,Tuesday,18914.72,False
11592,2024-08-16,South,Farzana Islam,Stationery,Pen Set,Online,Cash,3.0,6.03,18.09,8,2024,Friday,18.09,False
11483,2025-05-03,South,Rakib Hasan,Grocery,Rice 5kg,Distributor,Credit Card,6.0,7.89,47.34,5,2025,Saturday,47.339999999999996,False
12257,2024-01-18,North,Tanvir Ahmed,Stationery,Backpack,Online,bKash,15.0,44.35,665.25,1,2024,Thursday,665.25,False
11542,2025-07-01,Central,Farzana Islam,Electronics,Headphones,Distributor,Nagad,24.0,62.07,1489.68,7,2025,Tuesday,1489.68,False
12483,2025-09-02,East,Imran Kabir,Grocery,Coffee Jar,Distributor,Credit Card,14.0,7.57,105.98,9,2025,Tuesday,105.98,False
12842,2024-03-13,South,Tanvir Ahmed,Electronics,Headphones,Distributor,Nagad,7.0,58.51,409.57,3,2024,Wednesday,409.57,False
12359,2024-09-30,West,Imran Kabir,Apparel,Cap,Online,Cash,12.0,11.16,133.92,9,2024,Monday,133.92000000000002,False
12639,2025-12-24,South,Shakil Rahman,Electronics,Smartwatch,Online,bKash,25.0,155.22,3880.5,12,2025,Wednesday,3880.5,False
11459,2024-04-16,West,Rakib Hasan,Stationery,Desk Organizer,Wholesale,Nagad,2.0,17.86,35.72,4,2024,Tuesday,35.72,False
11713,2025-12-25,East,Mim Akter,Apparel,Sneakers,Wholesale,Bank Transfer,11.0,51.32,564.52,12,2025,Thursday,564.52,False
10670,2025-08-15,East,Lamia Sultana,Furniture,Desk,Retail Store,Bank Transfer,12.0,203.92,2447.04,8,2025,Friday,2447.04,False
12178,2025-11-07,North,Shakil Rahman,Grocery,Rice 5kg,Retail Store,Bank Transfer,5.0,7.25,36.25,11,2025,Friday,36.25,False
10524,2025-04-25,North,Nusrat Jahan,Apparel,Jeans,Distributor,Bank Transfer,15.0,39.21,588.15,4,2025,Friday,588.15,False
10027,2024-03-18,South,Shakil Rahman,Furniture,Sofa,Wholesale,bKash,15.0,495.9,7438.5,3,2024,Monday,7438.5,False
11117,2025-11-05,North,Unknown,Stationery,Desk Organizer,Online,bKash,4.0,17.01,68.04,11,2025,Wednesday,68.04,False
12900,2025-12-27,East,Sadia Chowdhury,Stationery,Backpack,Distributor,Credit Card,13.0,45.69,593.97,12,2025,Saturday,593.97,False
10792,2024-06-14,East,Rakib Hasan,Furniture,Dining Table,Retail Store,bKash,8.0,325.23,2601.84,6,2024,Friday,2601.84,False
12892,2025-02-11,South,Shakil Rahman,Apparel,Cap,Distributor,Cash,13.0,9.39,122.07,2,2025,Tuesday,122.07000000000001,False
12393,2024-07-01,Central,Lamia Sultana,Furniture,Bookshelf,Retail Store,bKash,24.0,102.56,2461.44,7,2024,Monday,2461.44,False
11160,2024-12-25,North,Shakil Rahman,Electronics,Headphones,Distributor,Cash,23.0,60.27,1386.21,12,2024,Wednesday,1386.21,False
12946,2024-03-11,South,Shakil Rahman,Electronics,Smartphone,Distributor,Cash,25.0,411.23,10280.75,3,2024,Monday,10280.75,False
11930,2025-11-04,Central,Farzana Islam,Apparel,Cap,Distributor,Nagad,10.0,9.25,92.5,11,2025,Tuesday,92.5,False
11220,2024-10-13,South,Shakil Rahman,Grocery,Tea Pack,Retail Store,Credit Card,19.0,3.96,75.24,10,2024,Sunday,75.24,False
12725,2024-09-04,Central,Shakil Rahman,Grocery,Cooking Oil 1L,Wholesale,Bank Transfer,18.0,2.7,48.6,9,2024,Wednesday,48.6,False
10550,2025-11-01,South,Tanvir Ahmed,Furniture,Dining Table,Distributor,bKash,1.0,400.37,400.37,11,2025,Saturday,400.37,False
10001,2024-04-14,East,Nusrat Jahan,Electronics,Laptop,Retail Store,bKash,22.0,922.39,20292.58,4,2024,Sunday,20292.579999999998,False
12561,2024-01-12,North,Shakil Rahman,Grocery,Snack Box,Distributor,Nagad,1.0,5.42,5.42,1,2024,Friday,5.42,False
11346,2024-03-13,North,Sadia Chowdhury,Stationery,Pen Set,Wholesale,Bank Transfer,19.0,5.52,104.88,3,2024,Wednesday,104.88,False
11567,2025-04-24,Unknown,Nusrat Jahan,Apparel,Jacket,Retail Store,Cash,8.0,65.99,527.92,4,2025,Thursday,527.92,False
11961,2025-09-18,South,Farzana Islam,Stationery,Desk Organizer,Distributor,bKash,4.0,16.62,66.48,9,2025,Thursday,66.48,False
11957,2024-08-21,South,Arif Hossain,Apparel,Sneakers,Distributor,Bank Transfer,14.0,62.67,877.38,8,2024,Wednesday,877.38,False
11941,2024-04-25,West,Rakib Hasan,Electronics,Monitor,Retail Store,Cash,19.0,198.15,3764.85,4,2024,Thursday,3764.85,False
11022,2025-11-22,Central,Nusrat Jahan,Apparel,T-Shirt,Distributor,bKash,11.0,14.44,158.84,11,2025,Saturday,158.84,False
12132,2024-08-29,South,Tanvir Ahmed,Electronics,Laptop,Distributor,Cash,13.0,902.15,11727.95,8,2024,Thursday,11727.949999999999,False
12788,2025-06-01,North,Shakil Rahman,Grocery,Coffee Jar,Retail Store,Bank Transfer,17.0,6.76,114.92,6,2025,Sunday,114.92,False
10518,2025-10-03,East,Rakib Hasan,Stationery,Notebook,Retail Store,Cash,3.0,2.16,6.48,10,2025,Friday,6.48,False
11748,2025-04-21,North,Imran Kabir,Apparel,T-Shirt,Online,Cash,25.0,16.91,422.75,4,2025,Monday,422.75,False
11352,2025-09-19,East,Farzana Islam,Stationery,Notebook,Wholesale,Nagad,3.0,2.24,6.72,9,2025,Friday,6.720000000000001,False
10829,2024-08-19,East,Sadia Chowdhury,Electronics,Tablet,Distributor,Bank Transfer,18.0,300.55,5409.9,8,2024,Monday,5409.900000000001,False
12093,2025-04-09,East,Farzana Islam,Furniture,Sofa,Distributor,Cash,4.0,441.76,1767.04,4,2025,Wednesday,1767.04,False
12531,2024-09-12,North,Rakib Hasan,Apparel,Jeans,Online,Credit Card,13.0,32.62,424.06,9,2024,Thursday,424.05999999999995,False
11342,2025-03-20,East,Nusrat Jahan,Grocery,Coffee Jar,Retail Store,bKash,17.0,7.72,131.24,3,2025,Thursday,131.24,False
10636,2025-04-05,North,Mim Akter,Furniture,Bookshelf,Online,Cash,16.0,81.51,1304.16,4,2025,Saturday,1304.16,False
10252,2025-01-27,East,Nusrat Jahan,Furniture,Sofa,Online,Cash,8.0,455.26,3642.08,1,2025,Monday,3642.08,False
12285,2024-08-20,Central,Shakil Rahman,Electronics,Smartwatch,Distributor,Cash,21.0,140.28,2945.88,8,2024,Tuesday,2945.88,False
12597,2024-09-18,Central,Sadia Chowdhury,Electronics,Smartwatch,Retail Store,Bank Transfer,19.0,150.26,2854.94,9,2024,Wednesday,2854.9399999999996,False
11256,2024-05-25,North,Sadia Chowdhury,Stationery,Notebook,Online,Credit Card,10.0,1.93,19.3,5,2024,Saturday,19.3,False
12490,2024-04-08,South,Arif Hossain,Stationery,Backpack,Wholesale,bKash,1.0,39.22,39.22,4,2024,Monday,39.22,False
10353,2025-05-21,West,Shakil Rahman,Stationery,Pen Set,Online,bKash,13.0,5.57,72.41,5,2025,Wednesday,72.41,False
12473,2025-11-11,North,Rakib Hasan,Grocery,Cooking Oil 1L,Distributor,Cash,23.0,3.14,72.22,11,2025,Tuesday,72.22,False
12595,2025-10-20,East,Mim Akter,Furniture,Desk,Retail Store,Nagad,3.0,164.68,494.04,10,2025,Monday,494.04,False
10328,2024-05-19,North,Mim Akter,Grocery,Snack Box,Online,Bank Transfer,7.0,5.52,38.64,5,2024,Sunday,38.64,False
10121,2025-03-28,West,Shakil Rahman,Apparel,T-Shirt,Retail Store,Credit Card,12.0,17.2,206.4,3,2025,Friday,206.39999999999998,False
12741,2025-09-04,Central,Tanvir Ahmed,Electronics,Smartphone,Wholesale,Cash,13.0,391.31,5087.03,9,2025,Thursday,5087.03,False
11067,2025-05-08,West,Imran Kabir,Furniture,Sofa,Wholesale,bKash,1.0,490.72,490.72,5,2025,Thursday,490.72,False
10280,2025-07-30,East,Mim Akter,Apparel,Jeans,Wholesale,Credit Card,8.0,37.99,303.92,7,2025,Wednesday,303.92,False
11585,2025-10-28,West,Shakil Rahman,Apparel,T-Shirt,Retail Store,Credit Card,21.0,15.37,347.34,10,2025,Tuesday,322.77,True
10247,2025-05-22,West,Rakib Hasan,Electronics,Smartphone,Online,Bank Transfer,6.0,453.66,2721.96,5,2025,Thursday,2721.96,False
10832,2024-12-12,South,Farzana Islam,Stationery,Notebook,Distributor,bKash,7.0,2.1,14.7,12,2024,Thursday,14.700000000000001,False
11942,2024-07-30,North,Imran Kabir,Furniture,Office Chair,Online,Cash,15.0,112.33,1684.95,7,2024,Tuesday,1684.95,False
12030,2025-01-09,Central,Shakil Rahman,Grocery,Rice 5kg,Retail Store,Nagad,19.0,7.97,151.43,1,2025,Thursday,151.43,False
11482,2024-07-08,South,Shakil Rahman,Furniture,Desk,Distributor,Credit Card,8.0,200.6,1604.8,7,2024,Monday,1604.8,False
11842,2025-09-07,South,Mim Akter,Grocery,Snack Box,Retail Store,Credit Card,23.0,5.35,123.05,9,2025,Sunday,123.05,False
10664,2025-10-03,East,Shakil Rahman,Electronics,Tablet,Wholesale,Cash,6.0,278.82,1672.92,10,2025,Friday,1672.92,False
12161,2025-06-04,North,Sadia Chowdhury,Electronics,Headphones,Online,bKash,2.0,60.13,120.26,6,2025,Wednesday,120.26,False
11818,2024-03-17,Central,Arif Hossain,Furniture,Desk,Distributor,Bank Transfer,14.0,188.99,2645.86,3,2024,Sunday,2645.86,False
12615,2025-12-09,North,Rakib Hasan,Apparel,Cap,Distributor,Cash,12.0,10.46,125.52,12,2025,Tuesday,125.52000000000001,False
12462,2024-01-22,Central,Sadia Chowdhury,Furniture,Desk,Retail Store,bKash,12.0,200.57,2406.84,1,2024,Monday,2406.84,False
12599,2025-06-30,South,Imran Kabir,Apparel,Jeans,Online,Credit Card,20.0,31.95,639.0,6,2025,Monday,639.0,False
11236,2024-05-08,West,Shakil Rahman,Apparel,T-Shirt,Online,Bank Transfer,21.0,15.18,318.78,5,2024,Wednesday,318.78,False
11707,2025-12-29,North,Nusrat Jahan,Grocery,Cooking Oil 1L,Distributor,Cash,3.0,2.97,8.91,12,2025,Monday,8.91,False
10992,2024-05-10,North,Imran Kabir,Electronics,Laptop,Distributor,Credit Card,2.0,960.31,1920.62,5,2024,Friday,1920.62,False
11084,2024-08-04,North,Lamia Sultana,Electronics,Headphones,Online,Credit Card,17.0,65.88,1119.96,8,2024,Sunday,1119.96,False
10641,2024-07-22,West,Lamia Sultana,Electronics,Headphones,Online,bKash,17.0,68.5,1164.5,7,2024,Monday,1164.5,False
12339,2025-05-24,South,Rakib Hasan,Apparel,Jeans,Retail Store,Bank Transfer,12.0,38.94,467.28,5,2025,Saturday,467.28,False
11128,2025-02-20,East,Farzana Islam,Furniture,Office Chair,Online,Nagad,3.0,117.88,353.64,2,2025,Thursday,353.64,False
10264,2025-02-06,East,Farzana Islam,Stationery,Pen Set,Retail Store,Nagad,17.0,5.59,95.03,2,2025,Thursday,95.03,False
11703,2025-12-07,South,Arif Hossain,Stationery,Desk Organizer,Wholesale,Cash,8.0,20.59,164.72,12,2025,Sunday,164.72,False
11789,2024-05-27,Unknown,Arif Hossain,Furniture,Desk,Online,Bank Transfer,3.0,193.27,579.81,5,2024,Monday,579.8100000000001,False
11295,2024-03-08,North,Tanvir Ahmed,Furniture,Office Chair,Distributor,bKash,18.0,111.03,1998.54,3,2024,Friday,1998.54,False
10614,2024-08-09,North,Farzana Islam,Apparel,Cap,Distributor,Credit Card,17.0,9.24,157.08,8,2024,Friday,157.08,False
10918,2024-04-15,West,Tanvir Ahmed,Apparel,Cap,Distributor,Credit Card,21.0,11.12,233.52,4,2024,Monday,233.51999999999998,False
12973,2024-11-17,West,Imran Kabir,Electronics,Monitor,Wholesale,Cash,7.0,230.63,1614.41,11,2024,Sunday,1614.4099999999999,False
10382,2024-03-07,Central,Shakil Rahman,Electronics,Smartwatch,Online,Credit Card,7.0,168.84,1181.88,3,2024,Thursday,1181.88,False
11460,2024-05-02,South,Unknown,Stationery,Pen Set,Online,Bank Transfer,2.0,6.07,12.14,5,2024,Thursday,12.14,False
10347,2025-05-04,East,Farzana Islam,Electronics,Laptop,Wholesale,bKash,3.0,813.65,2440.95,5,2025,Sunday,2440.95,False
11151,2024-05-01,South,Nusrat Jahan,Apparel,T-Shirt,Wholesale,Cash,14.0,15.33,214.62,5,2024,Wednesday,214.62,False
11933,2025-07-28,North,Shakil Rahman,Grocery,Snack Box,Retail Store,Nagad,8.0,4.6,36.8,7,2025,Monday,36.8,False
11038,2025-09-19,West,Mim Akter,Electronics,Headphones,Distributor,Bank Transfer,6.0,60.23,361.38,9,2025,Friday,361.38,False
10741,2024-02-08,North,Sadia Chowdhury,Apparel,Sneakers,Retail Store,Credit Card,22.0,54.87,1207.14,2,2024,Thursday,1207.1399999999999,False
11103,2024-03-01,South,Sadia Chowdhury,Stationery,Desk Organizer,Distributor,Bank Transfer,11.0,16.89,185.79,3,2024,Friday,185.79000000000002,False
10279,2024-04-10,East,Arif Hossain,Apparel,Jacket,Wholesale,Bank Transfer,24.0,67.36,1587.12,4,2024,Wednesday,1616.6399999999999,True
11594,2024-11-26,West,Sadia Chowdhury,Electronics,Headphones,Distributor,bKash,22.0,62.1,1366.2,11,2024,Tuesday,1366.2,False
12516,2024-12-03,North,Arif Hossain,Electronics,Smartphone,Retail Store,Credit Card,16.0,390.51,6248.16,12,2024,Tuesday,6248.16,False
10856,2025-10-03,Central,Lamia Sultana,Grocery,Tea Pack,Wholesale,Nagad,1.0,4.12,8.24,10,2025,Friday,4.12,True
11853,2025-07-20,East,Rakib Hasan,Electronics,Laptop,Online,Bank Transfer,25.0,843.4,21085.0,7,2025,Sunday,21085.0,False
12478,2025-06-07,South,Farzana Islam,Furniture,Office Chair,Distributor,Cash,22.0,135.35,2977.7,6,2025,Saturday,2977.7,False
10901,2025-02-16,North,Nusrat Jahan,Grocery,Rice 5kg,Retail Store,Bank Transfer,10.0,8.49,84.9,2,2025,Sunday,84.9,False
10245,2025-10-30,South,Tanvir Ahmed,Grocery,Rice 5kg,Retail Store,Bank Transfer,16.0,8.15,130.4,10,2025,Thursday,130.4,False
11572,2025-12-01,West,Lamia Sultana,Electronics,Smartwatch,Retail Store,Credit Card,14.0,165.67,2319.38,12,2025,Monday,2319.3799999999997,False
11984,2024-06-28,East,Unknown,Stationery,Desk Organizer,Online,bKash,25.0,17.5,437.5,6,2024,Friday,437.5,False
12372,2024-08-02,Central,Shakil Rahman,Grocery,Rice 5kg,Distributor,bKash,12.0,8.83,105.96,8,2024,Friday,105.96000000000001,False
10779,2025-09-27,West,Shakil Rahman,Electronics,Headphones,Retail Store,Credit Card,11.0,65.04,715.44,9,2025,Saturday,715.44,False
12929,2024-05-10,West,Imran Kabir,Furniture,Desk,Distributor,bKash,1.0,195.54,977.7,5,2024,Friday,195.54,True
12922,2025-05-22,West,Shakil Rahman,Electronics,Monitor,Online,bKash,9.0,199.02,1791.18,5,2025,Thursday,1791.18,False
10003,2025-04-04,Central,Nusrat Jahan,Stationery,Notebook,Wholesale,bKash,19.0,1.94,36.86,4,2025,Friday,36.86,False
11369,2024-12-15,East,Unknown,Electronics,Smartwatch,Retail Store,Credit Card,24.0,166.1,3986.4,12,2024,Sunday,3986.3999999999996,False
12656,2024-03-19,West,Rakib Hasan,Grocery,Tea Pack,Retail Store,Cash,20.0,4.48,89.6,3,2024,Tuesday,89.60000000000001,False
11829,2025-07-17,South,Shakil Rahman,Electronics,Laptop,Wholesale,Bank Transfer,19.0,939.5,17850.5,7,2025,Thursday,17850.5,False
11832,2025-07-02,North,Shakil Rahman,Electronics,Laptop,Online,Nagad,9.0,792.08,7128.72,7,2025,Wednesday,7128.72,False
11753,2024-02-27,East,Mim Akter,Electronics,Monitor,Online,Nagad,24.0,237.45,5698.8,2,2024,Tuesday,5698.799999999999,False
12083,2025-10-15,South,Mim Akter,Grocery,Cooking Oil 1L,Distributor,bKash,8.0,3.18,25.44,10,2025,Wednesday,25.44,False
11816,2025-11-18,East,Imran Kabir,Grocery,Rice 5kg,Online,bKash,24.0,9.06,217.44,11,2025,Tuesday,217.44,False
10228,2025-08-06,East,Tanvir Ahmed,Apparel,Sneakers,Wholesale,Credit Card,18.0,52.18,939.24,8,2025,Wednesday,939.24,False
10244,2024-02-23,North,Arif Hossain,Furniture,Desk,Retail Store,bKash,4.0,180.6,722.4,2,2024,Friday,722.4,False
12830,2024-09-11,North,Mim Akter,Stationery,Pen Set,Wholesale,Bank Transfer,17.0,5.95,101.15,9,2024,Wednesday,101.15,False
12942,2025-02-12,East,Mim Akter,Stationery,Desk Organizer,Wholesale,Nagad,11.0,17.68,194.48,2,2025,Wednesday,194.48,False
10188,2024-01-20,West,Sadia Chowdhury,Grocery,Cooking Oil 1L,Online,Credit Card,9.0,2.86,25.74,1,2024,Saturday,25.74,False
10545,2024-04-12,North,Nusrat Jahan,Grocery,Cooking Oil 1L,Wholesale,bKash,7.0,3.08,21.56,4,2024,Friday,21.560000000000002,False
12732,2025-01-07,Unknown,Tanvir Ahmed,Stationery,Desk Organizer,Wholesale,Bank Transfer,25.0,18.06,451.5,1,2025,Tuesday,451.49999999999994,False
10911,2024-07-10,West,Lamia Sultana,Stationery,Desk Organizer,Distributor,Cash,7.0,17.03,119.21,7,2024,Wednesday,119.21000000000001,False
11264,2025-02-13,West,Sadia Chowdhury,Stationery,Backpack,Wholesale,Nagad,7.0,38.5,269.5,2,2025,Thursday,269.5,False
12990,2025-02-14,South,Mim Akter,Electronics,Smartphone,Online,bKash,18.0,459.05,8262.9,2,2025,Friday,8262.9,False
10097,2025-12-17,West,Farzana Islam,Stationery,Backpack,Wholesale,Cash,13.0,45.43,590.59,12,2025,Wednesday,590.59,False
11434,2025-05-20,West,Arif Hossain,Grocery,Snack Box,Retail Store,Credit Card,9.0,5.01,45.09,5,2025,Tuesday,45.089999999999996,False
10593,2025-05-20,Unknown,Farzana Islam,Grocery,Rice 5kg,Retail Store,Credit Card,7.0,7.88,55.16,5,2025,Tuesday,55.16,False
11260,2025-09-20,North,Mim Akter,Stationery,Notebook,Distributor,Bank Transfer,20.0,2.07,41.4,9,2025,Saturday,41.4,False
12013,2024-08-24,North,Arif Hossain,Stationery,Backpack,Distributor,bKash,13.0,41.3,536.9,8,2024,Saturday,536.9,False
11247,2024-02-03,West,Nusrat Jahan,Apparel,Jacket,Online,Bank Transfer,1.0,58.93,58.93,2,2024,Saturday,58.93,False
10443,2024-07-18,Central,Lamia Sultana,Grocery,Rice 5kg,Online,Bank Transfer,17.0,7.44,126.48,7,2024,Thursday,126.48,False
12880,2024-05-21,North,Mim Akter,Stationery,Desk Organizer,Retail Store,Credit Card,24.0,17.93,430.32,5,2024,Tuesday,430.32,False
12295,2024-03-22,East,Sadia Chowdhury,Electronics,Tablet,Distributor,Cash,12.0,342.07,4104.84,3,2024,Friday,4104.84,False
12383,2024-12-18,South,Lamia Sultana,Electronics,Smartwatch,Wholesale,bKash,5.0,161.97,809.85,12,2024,Wednesday,809.85,False
10817,2024-05-14,West,Sadia Chowdhury,Stationery,Notebook,Online,Credit Card,1.0,2.04,2.04,5,2024,Tuesday,2.04,False
10855,2024-07-10,Central,Rakib Hasan,Stationery,Desk Organizer,Online,Nagad,19.0,18.45,350.55,7,2024,Wednesday,350.55,False
12081,2024-06-20,Central,Tanvir Ahmed,Apparel,Sneakers,Online,Credit Card,9.0,61.87,556.83,6,2024,Thursday,556.8299999999999,False
10357,2025-07-04,West,Imran Kabir,Stationery,Desk Organizer,Online,Nagad,20.0,16.89,337.8,7,2025,Friday,337.8,False
11120,2024-11-03,South,Imran Kabir,Apparel,Cap,Online,bKash,2.0,11.37,22.74,11,2024,Sunday,22.74,False
11422,2025-02-09,Central,Nusrat Jahan,Furniture,Bookshelf,Retail Store,Nagad,23.0,86.16,1981.68,2,2025,Sunday,1981.6799999999998,False
11031,2025-12-06,North,Arif Hossain,Electronics,Smartphone,Retail Store,Credit Card,20.0,408.86,8177.2,12,2025,Saturday,8177.200000000001,False
10611,2025-09-30,Central,Imran Kabir,Electronics,Laptop,Wholesale,Nagad,23.0,890.44,20480.12,9,2025,Tuesday,20480.120000000003,False
12162,2024-03-22,North,Sadia Chowdhury,Electronics,Smartphone,Retail Store,Cash,2.0,441.3,882.6,3,2024,Friday,882.6,False
10735,2025-09-11,Central,Farzana Islam,Stationery,Pen Set,Online,Credit Card,5.0,5.96,29.8,9,2025,Thursday,29.8,False
10289,2025-04-15,West,Farzana Islam,Apparel,Jacket,Distributor,Bank Transfer,19.0,62.45,1186.55,4,2025,Tuesday,1186.55,False
11306,2025-10-16,South,Farzana Islam,Grocery,Tea Pack,Retail Store,Bank Transfer,4.0,4.57,18.28,10,2025,Thursday,18.28,False
11136,2024-11-08,Central,Nusrat Jahan,Apparel,Sneakers,Distributor,Credit Card,14.0,60.1,841.4,11,2024,Friday,841.4,False
10978,2024-06-30,West,Lamia Sultana,Electronics,Headphones,Distributor,Bank Transfer,25.0,66.18,1654.5,6,2024,Sunday,1654.5000000000002,False
10926,2025-01-02,South,Nusrat Jahan,Grocery,Tea Pack,Online,Credit Card,9.0,3.96,35.64,1,2025,Thursday,35.64,False
12112,2025-01-21,East,Lamia Sultana,Electronics,Monitor,Online,Credit Card,24.0,198.45,4762.8,1,2025,Tuesday,4762.799999999999,False
10255,2024-05-16,East,Mim Akter,Apparel,T-Shirt,Retail Store,bKash,16.0,14.07,225.12,5,2024,Thursday,225.12,False
11471,2025-01-29,West,Rakib Hasan,Apparel,Cap,Online,Nagad,5.0,10.34,51.7,1,2025,Wednesday,51.7,False
10311,2025-11-05,South,Shakil Rahman,Grocery,Coffee Jar,Retail Store,Cash,5.0,7.55,37.75,11,2025,Wednesday,37.75,False
10094,2024-08-25,Central,Sadia Chowdhury,Grocery,Coffee Jar,Distributor,Credit Card,10.0,7.54,75.4,8,2024,Sunday,75.4,False
11741,2025-05-15,Central,Lamia Sultana,Stationery,Pen Set,Retail Store,bKash,19.0,6.1,115.9,5,2025,Thursday,115.89999999999999,False
12116,2024-06-07,East,Sadia Chowdhury,Apparel,Cap,Retail Store,Bank Transfer,19.0,11.36,215.84,6,2024,Friday,215.83999999999997,False
12033,2025-07-27,South,Imran Kabir,Furniture,Bookshelf,Wholesale,Nagad,2.0,90.18,180.36,7,2025,Sunday,180.36,False
12414,2025-04-05,West,Shakil Rahman,Grocery,Coffee Jar,Wholesale,Nagad,10.0,7.85,78.5,4,2025,Saturday,78.5,False
11194,2024-05-28,North,Lamia Sultana,Grocery,Rice 5kg,Wholesale,Cash,3.0,7.85,23.55,5,2024,Tuesday,23.549999999999997,False
12687,2024-08-10,North,Tanvir Ahmed,Furniture,Sofa,Wholesale,Credit Card,7.0,445.95,3121.65,8,2024,Saturday,3121.65,False
10428,2024-02-21,North,Nusrat Jahan,Furniture,Desk,Online,Bank Transfer,12.0,193.71,2324.52,2,2024,Wednesday,2324.52,False
12546,2025-03-11,North,Arif Hossain,Stationery,Notebook,Online,Cash,22.0,2.04,44.88,3,2025,Tuesday,44.88,False
10069,2024-12-11,East,Nusrat Jahan,Apparel,Sneakers,Wholesale,Cash,25.0,61.6,1540.0,12,2024,Wednesday,1540.0,False
11964,2025-04-08,North,Imran Kabir,Stationery,Backpack,Distributor,Cash,18.0,42.96,773.28,4,2025,Tuesday,773.28,False
10091,2025-01-24,Central,Lamia Sultana,Grocery,Snack Box,Retail Store,Nagad,15.0,5.64,84.6,1,2025,Friday,84.6,False
10825,2024-08-07,Unknown,Rakib Hasan,Furniture,Desk,Online,Credit Card,17.0,200.31,3405.27,8,2024,Wednesday,3405.27,False
11412,2025-09-20,South,Tanvir Ahmed,Stationery,Pen Set,Wholesale,Cash,13.0,6.35,82.55,9,2025,Saturday,82.55,False
12877,2025-03-30,Central,Rakib Hasan,Grocery,Rice 5kg,Retail Store,Credit Card,25.0,7.33,183.25,3,2025,Sunday,183.25,False
12812,2025-05-29,Central,Farzana Islam,Electronics,Tablet,Wholesale,Bank Transfer,1.0,298.98,298.98,5,2025,Thursday,298.98,False
12277,2024-08-04,East,Tanvir Ahmed,Apparel,Sneakers,Wholesale,bKash,5.0,53.33,266.65,8,2024,Sunday,266.65,False
10751,2024-01-15,Central,Tanvir Ahmed,Electronics,Tablet,Retail Store,bKash,6.0,317.45,1904.7,1,2024,Monday,1904.6999999999998,False
10923,2024-10-27,East,Lamia Sultana,Furniture,Dining Table,Wholesale,bKash,24.0,377.25,9054.0,10,2024,Sunday,9054.0,False
12866,2024-09-01,West,Imran Kabir,Furniture,Dining Table,Retail Store,Credit Card,17.0,347.53,5908.01,9,2024,Sunday,5908.009999999999,False
12740,2024-05-09,North,Mim Akter,Electronics,Smartwatch,Retail Store,Credit Card,9.0,163.22,1468.98,5,2024,Thursday,1468.98,False
10563,2025-06-22,West,Nusrat Jahan,Stationery,Backpack,Retail Store,Credit Card,14.0,40.78,570.92,6,2025,Sunday,570.9200000000001,False
10179,2025-09-24,Central,Arif Hossain,Electronics,Smartwatch,Online,Cash,5.0,157.4,787.0,9,2025,Wednesday,787.0,False
12742,2025-05-23,North,Farzana Islam,Stationery,Pen Set,Retail Store,bKash,13.0,5.7,74.1,5,2025,Friday,74.10000000000001,False
12176,2024-08-26,West,Lamia Sultana,Electronics,Tablet,Distributor,bKash,6.0,327.16,1962.96,8,2024,Monday,1962.96,False
11206,2025-03-09,Central,Shakil Rahman,Grocery,Coffee Jar,Distributor,bKash,6.0,6.78,40.68,3,2025,Sunday,40.68,False
11055,2024-04-07,Unknown,Unknown,Stationery,Desk Organizer,Retail Store,Cash,20.0,17.66,353.2,4,2024,Sunday,353.2,False
10491,2025-07-13,West,Nusrat Jahan,Furniture,Dining Table,Distributor,Nagad,24.0,367.8,8827.2,7,2025,Sunday,8827.2,False
12448,2025-08-18,North,Farzana Islam,Apparel,Jeans,Retail Store,bKash,18.0,38.23,688.14,8,2025,Monday,688.14,False
10093,2025-07-19,North,Rakib Hasan,Furniture,Bookshelf,Retail Store,bKash,3.0,84.52,253.56,7,2025,Saturday,253.56,False
11598,2025-08-16,East,Imran Kabir,Apparel,Jeans,Distributor,bKash,24.0,39.68,952.32,8,2025,Saturday,952.3199999999999,False
11545,2024-07-31,South,Arif Hossain,Furniture,Office Chair,Distributor,Credit Card,8.0,115.32,922.56,7,2024,Wednesday,922.56,False
11040,2025-12-15,South,Shakil Rahman,Electronics,Smartphone,Distributor,Credit Card,24.0,432.24,10373.76,12,2025,Monday,10373.76,False
10814,2025-08-16,East,Mim Akter,Apparel,Jacket,Online,Nagad,12.0,67.36,862.56,8,2025,Saturday,808.3199999999999,True
12159,2025-03-09,East,Farzana Islam,Grocery,Coffee Jar,Wholesale,bKash,17.0,6.37,108.29,3,2025,Sunday,108.29,False
10794,2025-04-04,East,Mim Akter,Electronics,Monitor,Retail Store,Cash,18.0,251.65,4529.7,4,2025,Friday,4529.7,False
11636,2025-03-26,South,Nusrat Jahan,Electronics,Tablet,Retail Store,bKash,21.0,330.86,6948.06,3,2025,Wednesday,6948.06,False
12255,2025-06-06,East,Nusrat Jahan,Stationery,Backpack,Online,Nagad,25.0,36.47,911.75,6,2025,Friday,911.75,False
12353,2025-02-24,East,Rakib Hasan,Electronics,Laptop,Distributor,bKash,22.0,794.21,17472.62,2,2025,Monday,17472.620000000003,False
10953,2024-11-08,South,Lamia Sultana,Electronics,Smartphone,Wholesale,Credit Card,10.0,381.56,3815.6,11,2024,Friday,3815.6,False
10073,2024-04-20,Central,Farzana Islam,Furniture,Dining Table,Retail Store,Cash,19.0,317.25,6027.75,4,2024,Saturday,6027.75,False
11207,2025-09-25,West,Rakib Hasan,Electronics,Smartwatch,Retail Store,Bank Transfer,2.0,143.21,286.42,9,2025,Thursday,286.42,False
12927,2024-03-20,Central,Arif Hossain,Stationery,Desk Organizer,Distributor,Nagad,9.0,18.89,170.01,3,2024,Wednesday,170.01,False
10171,2025-05-02,Central,Nusrat Jahan,Electronics,Tablet,Distributor,Nagad,17.0,281.31,4782.27,5,2025,Friday,4782.27,False
11027,2024-12-13,East,Tanvir Ahmed,Stationery,Pen Set,Wholesale,Cash,8.0,6.03,48.24,12,2024,Friday,48.24,False
11351,2024-08-29,Unknown,Nusrat Jahan,Apparel,T-Shirt,Distributor,Credit Card,16.0,13.77,220.32,8,2024,Thursday,220.32,False
12281,2025-09-17,North,Farzana Islam,Stationery,Notebook,Distributor,Credit Card,6.0,2.22,13.32,9,2025,Wednesday,13.32,False
12748,2025-08-07,West,Unknown,Grocery,Rice 5kg,Online,Credit Card,19.0,7.52,142.88,8,2025,Thursday,142.88,False
12362,2025-03-17,West,Lamia Sultana,Apparel,Sneakers,Wholesale,Credit Card,7.0,61.96,433.72,3,2025,Monday,433.72,False
10536,2025-05-02,South,Lamia Sultana,Stationery,Desk Organizer,Online,bKash,20.0,18.41,378.0,5,2025,Friday,368.2,True
12263,2025-07-21,West,Imran Kabir,Stationery,Pen Set,Retail Store,Cash,5.0,5.97,29.85,7,2025,Monday,29.849999999999998,False
11477,2025-04-29,Unknown,Sadia Chowdhury,Electronics,Tablet,Wholesale,Bank Transfer,8.0,288.94,2311.52,4,2025,Tuesday,2311.52,False
11727,2025-04-06,North,Lamia Sultana,Apparel,Cap,Distributor,Cash,12.0,10.86,130.32,4,2025,Sunday,130.32,False
11514,2024-01-24,East,Lamia Sultana,Furniture,Dining Table,Wholesale,Bank Transfer,25.0,400.17,10004.25,1,2024,Wednesday,10004.25,False
10531,2024-05-30,South,Arif Hossain,Stationery,Pen Set,Online,Nagad,2.0,5.65,11.3,5,2024,Thursday,11.3,False
12678,2024-01-29,North,Imran Kabir,Furniture,Sofa,Online,Bank Transfer,18.0,482.65,8687.7,1,2024,Monday,8687.699999999999,False
10656,2024-09-08,North,Sadia Chowdhury,Electronics,Smartwatch,Wholesale,Credit Card,17.0,155.17,2637.89,9,2024,Sunday,2637.89,False
12057,2025-08-15,East,Shakil Rahman,Stationery,Backpack,Online,bKash,11.0,36.48,401.28,8,2025,Friday,401.28,False
12644,2025-12-19,Central,Farzana Islam,Electronics,Smartphone,Retail Store,Nagad,11.0,370.72,4077.92,12,2025,Friday,4077.92,False
12072,2025-03-19,North,Lamia Sultana,Electronics,Headphones,Retail Store,Nagad,24.0,62.97,1511.28,3,2025,Wednesday,1511.28,False
12456,2025-04-07,South,Sadia Chowdhury,Stationery,Pen Set,Retail Store,bKash,19.0,6.55,124.45,4,2025,Monday,124.45,False
11750,2024-06-15,East,Nusrat Jahan,Apparel,Sneakers,Wholesale,Cash,19.0,51.27,974.13,6,2024,Saturday,974.1300000000001,False
11549,2024-10-04,North,Shakil Rahman,Stationery,Desk Organizer,Wholesale,Nagad,16.0,19.04,304.64,10,2024,Friday,304.64,False
10081,2024-09-04,North,Arif Hossain,Apparel,Cap,Retail Store,Credit Card,24.0,10.02,240.48,9,2024,Wednesday,240.48,False
10364,2025-06-05,North,Lamia Sultana,Furniture,Bookshelf,Online,bKash,1.0,81.99,81.99,6,2025,Thursday,81.99,False
10182,2024-10-15,East,Lamia Sultana,Grocery,Cooking Oil 1L,Wholesale,Bank Transfer,25.0,2.99,74.75,10,2024,Tuesday,74.75,False
11675,2024-09-19,South,Arif Hossain,Grocery,Rice 5kg,Distributor,bKash,22.0,8.63,189.86,9,2024,Thursday,189.86,False
12143,2025-07-25,North,Farzana Islam,Apparel,Jeans,Distributor,Credit Card,22.0,34.95,768.9,7,2025,Friday,768.9000000000001,False
10019,2025-11-06,West,Farzana Islam,Electronics,Laptop,Retail Store,bKash,16.0,966.21,15459.36,11,2025,Thursday,15459.36,False
12998,2025-10-19,East,Arif Hossain,Stationery,Notebook,Distributor,Cash,6.0,2.3,13.8,10,2025,Sunday,13.799999999999999,False
12015,2024-09-02,Central,Arif Hossain,Furniture,Dining Table,Retail Store,Credit Card,15.0,339.06,5085.9,9,2024,Monday,5085.9,False
12862,2025-02-05,West,Shakil Rahman,Electronics,Headphones,Distributor,Nagad,22.0,59.49,1308.78,2,2025,Wednesday,1308.78,False
10457,2024-04-26,West,Farzana Islam,Stationery,Pen Set,Online,Cash,4.0,6.15,24.6,4,2024,Friday,24.6,False
10654,2025-04-13,West,Lamia Sultana,Electronics,Smartphone,Wholesale,Cash,8.0,402.76,3222.08,4,2025,Sunday,3222.08,False
10285,2025-04-11,South,Tanvir Ahmed,Furniture,Office Chair,Retail Store,Nagad,12.0,109.81,1317.72,4,2025,Friday,1317.72,False
11300,2025-11-26,South,Shakil Rahman,Apparel,T-Shirt,Online,bKash,25.0,16.7,417.5,11,2025,Wednesday,417.5,False
10322,2024-07-10,East,Farzana Islam,Furniture,Desk,Online,Nagad,12.0,176.67,2120.04,7,2024,Wednesday,2120.04,False
11637,2025-05-09,East,Nusrat Jahan,Furniture,Office Chair,Online,Nagad,15.0,120.44,1806.6,5,2025,Friday,1806.6,False
11210,2024-06-15,East,Tanvir Ahmed,Apparel,Cap,Retail Store,Cash,18.0,9.27,166.86,6,2024,Saturday,166.85999999999999,False
10831,2024-05-26,West,Arif Hossain,Electronics,Tablet,Online,Credit Card,13.0,300.05,3900.65,5,2024,Sunday,3900.65,False
10644,2024-06-04,North,Arif Hossain,Apparel,Sneakers,Distributor,bKash,11.0,61.84,680.24,6,2024,Tuesday,680.24,False
11401,2024-12-21,Central,Shakil Rahman,Furniture,Sofa,Distributor,Credit Card,10.0,423.63,4236.3,12,2024,Saturday,4236.3,False
12201,2025-01-03,West,Mim Akter,Stationery,Notebook,Online,bKash,9.0,2.18,19.62,1,2025,Friday,19.62,False
11996,2024-04-16,East,Arif Hossain,Grocery,Cooking Oil 1L,Wholesale,bKash,10.0,3.42,34.2,4,2024,Tuesday,34.2,False
10680,2024-02-06,East,Mim Akter,Furniture,Desk,Wholesale,Bank Transfer,21.0,168.11,3530.31,2,2024,Tuesday,3530.3100000000004,False
12432,2024-12-07,South,Farzana Islam,Apparel,T-Shirt,Retail Store,Bank Transfer,13.0,16.74,217.62,12,2024,Saturday,217.61999999999998,False
11170,2025-06-09,South,Imran Kabir,Electronics,Monitor,Wholesale,Nagad,3.0,207.1,621.3,6,2025,Monday,621.3,False
10650,2025-08-03,North,Lamia Sultana,Furniture,Desk,Distributor,Nagad,20.0,172.39,3447.8,8,2025,Sunday,3447.7999999999997,False
10054,2024-01-01,Central,Shakil Rahman,Furniture,Dining Table,Wholesale,Nagad,10.0,340.1,3401.0,1,2024,Monday,3401.0,False
10066,2024-08-12,West,Imran Kabir,Apparel,Jacket,Retail Store,Bank Transfer,9.0,65.58,590.22,8,2024,Monday,590.22,False
10737,2024-03-16,West,Mim Akter,Grocery,Tea Pack,Distributor,bKash,9.0,4.38,39.42,3,2024,Saturday,39.42,False
12495,2025-02-11,East,Farzana Islam,Electronics,Smartwatch,Wholesale,bKash,15.0,138.93,2083.95,2,2025,Tuesday,2083.9500000000003,False
10893,2025-05-19,West,Mim Akter,Grocery,Rice 5kg,Wholesale,Bank Transfer,4.0,8.89,35.56,5,2025,Monday,35.56,False
12894,2025-03-06,North,Nusrat Jahan,Grocery,Coffee Jar,Wholesale,Credit Card,5.0,6.84,34.2,3,2025,Thursday,34.2,False
12542,2024-02-08,South,Nusrat Jahan,Electronics,Laptop,Retail Store,Bank Transfer,17.0,865.82,14718.94,2,2024,Thursday,14718.94,False
10886,2025-05-31,Central,Tanvir Ahmed,Apparel,Cap,Online,Cash,1.0,9.95,199.0,5,2025,Saturday,9.95,True
12696,2024-04-10,Central,Mim Akter,Furniture,Desk,Wholesale,Nagad,11.0,178.3,1961.3,4,2024,Wednesday,1961.3000000000002,False
11814,2025-05-04,South,Rakib Hasan,Stationery,Notebook,Retail Store,Credit Card,17.0,2.29,38.93,5,2025,Sunday,38.93,False
11254,2025-07-02,South,Nusrat Jahan,Apparel,Jeans,Distributor,bKash,8.0,37.86,302.88,7,2025,Wednesday,302.88,False
12470,2025-08-03,East,Rakib Hasan,Grocery,Coffee Jar,Retail Store,Cash,5.0,6.33,31.65,8,2025,Sunday,31.65,False
11917,2024-06-13,North,Rakib Hasan,Stationery,Notebook,Retail Store,Cash,17.0,2.21,37.57,6,2024,Thursday,37.57,False
10913,2025-09-25,West,Lamia Sultana,Grocery,Coffee Jar,Wholesale,Cash,20.0,6.93,138.6,9,2025,Thursday,138.6,False
11391,2025-05-21,West,Imran Kabir,Electronics,Laptop,Retail Store,Nagad,21.0,952.31,19998.51,5,2025,Wednesday,19998.51,False
11796,2024-03-29,North,Imran Kabir,Apparel,Sneakers,Online,Bank Transfer,16.0,52.97,847.52,3,2024,Friday,847.52,False
11349,2025-09-25,Central,Nusrat Jahan,Electronics,Smartwatch,Distributor,Bank Transfer,2.0,155.47,310.94,9,2025,Thursday,310.94,False
12098,2024-05-12,West,Tanvir Ahmed,Stationery,Pen Set,Distributor,Cash,8.0,6.67,53.36,5,2024,Sunday,53.36,False
10254,2025-02-19,North,Sadia Chowdhury,Electronics,Monitor,Distributor,bKash,22.0,225.64,4964.08,2,2025,Wednesday,4964.08,False
12728,2025-08-09,South,Arif Hossain,Furniture,Sofa,Online,bKash,4.0,497.5,1990.0,8,2025,Saturday,1990.0,False
11548,2025-03-29,Central,Tanvir Ahmed,Grocery,Tea Pack,Wholesale,Credit Card,25.0,4.24,106.0,3,2025,Saturday,106.0,False
10950,2025-04-29,Central,Farzana Islam,Furniture,Dining Table,Retail Store,Bank Transfer,2.0,380.32,760.64,4,2025,Tuesday,760.64,False
11808,2025-08-07,North,Tanvir Ahmed,Furniture,Desk,Retail Store,Credit Card,6.0,191.91,1151.46,8,2025,Thursday,1151.46,False
10920,2025-08-13,South,Tanvir Ahmed,Stationery,Desk Organizer,Online,Bank Transfer,11.0,18.69,205.59,8,2025,Wednesday,205.59,False
10917,2025-04-05,West,Sadia Chowdhury,Furniture,Desk,Wholesale,Credit Card,19.0,172.92,3285.48,4,2025,Saturday,3285.4799999999996,False
11045,2024-06-23,South,Sadia Chowdhury,Furniture,Sofa,Distributor,bKash,1.0,473.29,473.29,6,2024,Sunday,473.29,False
11244,2025-03-06,West,Arif Hossain,Stationery,Notebook,Online,Cash,7.0,1.91,13.37,3,2025,Thursday,13.37,False
11245,2024-05-07,West,Farzana Islam,Grocery,Snack Box,Retail Store,Bank Transfer,1.0,5.71,68.52,5,2024,Tuesday,5.71,True
12566,2025-10-23,Central,Sadia Chowdhury,Stationery,Pen Set,Distributor,bKash,11.0,5.92,65.12,10,2025,Thursday,65.12,False
11682,2024-07-07,East,Arif Hossain,Grocery,Cooking Oil 1L,Online,bKash,21.0,2.85,59.85,7,2024,Sunday,59.85,False
11806,2024-10-12,North,Imran Kabir,Apparel,Cap,Wholesale,Credit Card,14.0,10.39,145.46,10,2024,Saturday,145.46,False
12280,2024-03-08,Central,Mim Akter,Electronics,Tablet,Online,Bank Transfer,2.0,328.97,657.94,3,2024,Friday,657.94,False
11205,2024-06-13,North,Tanvir Ahmed,Electronics,Smartphone,Retail Store,Nagad,1.0,399.64,399.64,6,2024,Thursday,399.64,False
12217,2025-03-29,East,Imran Kabir,Electronics,Headphones,Distributor,Bank Transfer,11.0,62.06,682.66,3,2025,Saturday,682.6600000000001,False
10956,2024-04-01,West,Sadia Chowdhury,Stationery,Desk Organizer,Retail Store,Cash,20.0,19.19,383.8,4,2024,Monday,383.8,False
10722,2024-01-28,Central,Tanvir Ahmed,Stationery,Pen Set,Distributor,Nagad,10.0,6.13,61.3,1,2024,Sunday,61.3,False
10175,2025-08-19,Central,Rakib Hasan,Apparel,Jacket,Distributor,Credit Card,22.0,60.8,1337.6,8,2025,Tuesday,1337.6,False
12181,2024-01-23,South,Farzana Islam,Stationery,Desk Organizer,Online,Bank Transfer,24.0,19.96,479.04,1,2024,Tuesday,479.04,False
10260,2024-01-23,North,Arif Hossain,Grocery,Snack Box,Wholesale,Cash,13.0,4.82,62.66,1,2024,Tuesday,62.660000000000004,False
12485,2024-06-16,East,Farzana Islam,Furniture,Office Chair,Online,Cash,20.0,115.59,2311.8,6,2024,Sunday,2311.8,False
10780,2025-01-09,East,Tanvir Ahmed,Electronics,Smartwatch,Online,Bank Transfer,15.0,158.22,2373.3,1,2025,Thursday,2373.3,False
11443,2025-07-04,East,Nusrat Jahan,Electronics,Laptop,Retail Store,Credit Card,15.0,835.34,12530.1,7,2025,Friday,12530.1,False
12665,2025-06-24,Central,Arif Hossain,Stationery,Backpack,Retail Store,Credit Card,17.0,38.77,659.09,6,2025,Tuesday,659.09,False
12705,2024-01-11,West,Imran Kabir,Electronics,Tablet,Distributor,bKash,15.0,318.95,4784.25,1,2024,Thursday,4784.25,False
10787,2025-03-02,South,Arif Hossain,Grocery,Cooking Oil 1L,Online,Cash,22.0,3.11,68.42,3,2025,Sunday,68.42,False
10890,2024-11-16,East,Lamia Sultana,Grocery,Tea Pack,Distributor,Nagad,14.0,4.49,62.86,11,2024,Saturday,62.86,False
12360,2025-02-15,East,Sadia Chowdhury,Grocery,Snack Box,Distributor,Bank Transfer,19.0,5.39,102.41,2,2025,Saturday,102.41,False
11025,2024-12-14,South,Arif Hossain,Furniture,Sofa,Wholesale,Bank Transfer,3.0,440.22,1320.66,12,2024,Saturday,1320.66,False
11642,2025-03-22,Central,Sadia Chowdhury,Electronics,Tablet,Wholesale,Nagad,3.0,341.49,1024.47,3,2025,Saturday,1024.47,False
12078,2024-05-12,Central,Imran Kabir,Furniture,Dining Table,Wholesale,bKash,11.0,360.16,3961.76,5,2024,Sunday,3961.76,False
12216,2024-11-30,West,Sadia Chowdhury,Stationery,Desk Organizer,Wholesale,Credit Card,14.0,17.38,243.32,11,2024,Saturday,243.32,False
11570,2025-08-11,East,Arif Hossain,Electronics,Smartwatch,Wholesale,Cash,11.0,158.79,1746.69,8,2025,Monday,1746.6899999999998,False
11299,2024-01-14,South,Mim Akter,Electronics,Smartphone,Wholesale,bKash,22.0,407.46,8964.12,1,2024,Sunday,8964.119999999999,False
12408,2025-03-06,East,Lamia Sultana,Electronics,Tablet,Wholesale,Nagad,12.0,287.79,3453.48,3,2025,Thursday,3453.4800000000005,False
12173,2025-06-25,Central,Sadia Chowdhury,Stationery,Backpack,Wholesale,Nagad,16.0,42.39,678.24,6,2025,Wednesday,678.24,False
10373,2024-04-07,East,Sadia Chowdhury,Stationery,Desk Organizer,Online,Nagad,17.0,16.8,285.6,4,2024,Sunday,285.6,False
10583,2024-06-30,Central,Sadia Chowdhury,Stationery,Backpack,Retail Store,Nagad,19.0,41.06,797.62,6,2024,Sunday,780.1400000000001,True
12396,2025-11-16,North,Nusrat Jahan,Grocery,Tea Pack,Online,Bank Transfer,11.0,3.83,42.13,11,2025,Sunday,42.13,False
11357,2024-08-31,South,Mim Akter,Apparel,Jacket,Wholesale,Credit Card,8.0,59.99,479.92,8,2024,Saturday,479.92,False
11457,2025-10-24,Central,Tanvir Ahmed,Apparel,Jacket,Distributor,Credit Card,9.0,68.93,620.37,10,2025,Friday,620.3700000000001,False
11689,2024-05-27,South,Sadia Chowdhury,Grocery,Coffee Jar,Distributor,bKash,10.0,7.41,74.1,5,2024,Monday,74.1,False
11239,2024-05-07,North,Shakil Rahman,Apparel,Jacket,Distributor,Nagad,23.0,66.61,1532.03,5,2024,Tuesday,1532.03,False
12144,2024-06-02,East,Tanvir Ahmed,Stationery,Pen Set,Distributor,bKash,20.0,5.83,116.6,6,2024,Sunday,116.6,False
12692,2024-11-13,South,Lamia Sultana,Grocery,Cooking Oil 1L,Distributor,bKash,18.0,2.77,49.86,11,2024,Wednesday,49.86,False
10080,2024-10-13,South,Mim Akter,Furniture,Sofa,Distributor,Cash,20.0,483.88,9677.6,10,2024,Sunday,9677.6,False
12781,2024-12-09,South,Shakil Rahman,Grocery,Cooking Oil 1L,Distributor,Bank Transfer,7.0,3.08,21.56,12,2024,Monday,21.560000000000002,False
10694,2025-09-19,South,Rakib Hasan,Apparel,Cap,Online,Cash,11.0,10.35,113.85,9,2025,Friday,113.85,False
10155,2025-09-02,East,Shakil Rahman,Apparel,Jeans,Distributor,Nagad,3.0,39.23,117.69,9,2025,Tuesday,117.69,False
11101,2025-11-27,South,Shakil Rahman,Grocery,Tea Pack,Retail Store,Bank Transfer,15.0,3.75,56.25,11,2025,Thursday,56.25,False
12735,2024-12-22,Central,Nusrat Jahan,Stationery,Notebook,Retail Store,bKash,7.0,1.92,13.44,12,2024,Sunday,13.44,False
10077,2025-10-28,South,Imran Kabir,Apparel,Sneakers,Retail Store,Nagad,9.0,57.97,521.73,10,2025,Tuesday,521.73,False
12603,2025-08-20,East,Nusrat Jahan,Electronics,Smartwatch,Wholesale,Nagad,1.0,135.37,135.37,8,2025,Wednesday,135.37,False
11768,2024-12-01,East,Nusrat Jahan,Furniture,Desk,Wholesale,Bank Transfer,15.0,206.29,3094.35,12,2024,Sunday,3094.35,False
12642,2024-08-20,East,Mim Akter,Electronics,Tablet,Retail Store,Bank Transfer,12.0,317.79,3813.48,8,2024,Tuesday,3813.4800000000005,False
11819,2025-01-13,Central,Farzana Islam,Grocery,Rice 5kg,Retail Store,Credit Card,9.0,7.99,71.91,1,2025,Monday,71.91,False
11910,2024-03-22,Central,Nusrat Jahan,Apparel,Jeans,Online,Bank Transfer,11.0,37.16,408.76,3,2024,Friday,408.76,False
10692,2024-06-10,West,Farzana Islam,Stationery,Backpack,Distributor,bKash,9.0,37.14,334.26,6,2024,Monday,334.26,False
10513,2025-11-18,West,Mim Akter,Furniture,Dining Table,Distributor,bKash,21.0,335.52,7045.92,11,2025,Tuesday,7045.92,False
10579,2024-04-15,North,Nusrat Jahan,Furniture,Bookshelf,Retail Store,Bank Transfer,4.0,82.44,329.76,4,2024,Monday,329.76,False
11779,2025-09-04,North,Shakil Rahman,Grocery,Cooking Oil 1L,Distributor,Credit Card,12.0,3.04,36.48,9,2025,Thursday,36.480000000000004,False
10307,2025-12-12,South,Shakil Rahman,Grocery,Snack Box,Distributor,Nagad,7.0,5.1,35.7,12,2025,Friday,35.699999999999996,False
12567,2024-12-01,North,Lamia Sultana,Furniture,Sofa,Online,Nagad,18.0,494.73,8905.14,12,2024,Sunday,8905.14,False
11184,2024-10-01,North,Unknown,Electronics,Monitor,Retail Store,Credit Card,5.0,249.62,1248.1,10,2024,Tuesday,1248.1,False
12417,2025-03-12,Central,Imran Kabir,Furniture,Office Chair,Distributor,Nagad,20.0,113.59,2271.8,3,2025,Wednesday,2271.8,False
10915,2025-03-22,South,Sadia Chowdhury,Furniture,Office Chair,Retail Store,bKash,21.0,133.75,2808.75,3,2025,Saturday,2808.75,False
11150,2024-05-16,North,Nusrat Jahan,Apparel,Jeans,Distributor,Credit Card,13.0,35.18,457.34,5,2024,Thursday,457.34,False
12715,2025-12-24,West,Nusrat Jahan,Grocery,Cooking Oil 1L,Retail Store,Credit Card,6.0,2.83,16.98,12,2025,Wednesday,16.98,False
12455,2025-06-30,Central,Mim Akter,Stationery,Notebook,Wholesale,Bank Transfer,10.0,2.16,21.6,6,2025,Monday,21.6,False
12993,2025-02-25,West,Arif Hossain,Apparel,Jacket,Distributor,Cash,16.0,67.84,1085.44,2,2025,Tuesday,1085.44,False
11280,2025-01-12,South,Rakib Hasan,Apparel,Sneakers,Online,bKash,18.0,63.11,1135.98,1,2025,Sunday,1135.98,False
12861,2024-03-21,North,Mim Akter,Apparel,Cap,Distributor,Nagad,24.0,10.84,260.16,3,2024,Thursday,260.15999999999997,False
11624,2025-04-16,West,Tanvir Ahmed,Stationery,Desk Organizer,Distributor,Bank Transfer,19.0,20.09,381.71,4,2025,Wednesday,381.71,False
12043,2025-11-14,West,Nusrat Jahan,Electronics,Smartphone,Online,Credit Card,17.0,403.42,6858.14,11,2025,Friday,6858.14,False
10076,2025-05-16,Central,Mim Akter,Apparel,T-Shirt,Online,Bank Transfer,4.0,15.13,60.52,5,2025,Friday,60.52,False
12305,2025-12-26,West,Lamia Sultana,Furniture,Desk,Online,Cash,24.0,188.54,4524.96,12,2025,Friday,4524.96,False
10346,2024-08-19,Unknown,Farzana Islam,Electronics,Smartphone,Retail Store,Nagad,17.0,428.0,7276.0,8,2024,Monday,7276.0,False
11633,2024-05-29,North,Farzana Islam,Electronics,Smartphone,Wholesale,Cash,23.0,394.02,9062.46,5,2024,Wednesday,9062.46,False
11641,2024-08-17,Central,Nusrat Jahan,Apparel,T-Shirt,Distributor,Nagad,15.0,14.51,217.65,8,2024,Saturday,217.65,False
10467,2025-05-14,Central,Tanvir Ahmed,Grocery,Tea Pack,Retail Store,Bank Transfer,4.0,4.49,17.96,5,2025,Wednesday,17.96,False
11449,2024-06-17,South,Farzana Islam,Electronics,Smartphone,Retail Store,bKash,16.0,447.46,7159.36,6,2024,Monday,7159.36,False
12191,2024-10-26,North,Sadia Chowdhury,Grocery,Tea Pack,Wholesale,bKash,21.0,3.65,76.65,10,2024,Saturday,76.64999999999999,False
12131,2024-08-30,South,Mim Akter,Grocery,Tea Pack,Distributor,bKash,21.0,4.13,86.73,8,2024,Friday,86.73,False
12004,2025-04-22,North,Farzana Islam,Furniture,Office Chair,Wholesale,Nagad,24.0,134.36,3224.64,4,2025,Tuesday,3224.6400000000003,False
11424,2024-02-13,North,Arif Hossain,Electronics,Smartwatch,Wholesale,Bank Transfer,6.0,145.62,873.72,2,2024,Tuesday,873.72,False
11901,2025-12-29,West,Tanvir Ahmed,Furniture,Desk,Online,Cash,11.0,198.01,2178.11,12,2025,Monday,2178.1099999999997,False
12363,2024-01-23,South,Mim Akter,Furniture,Office Chair,Distributor,Cash,18.0,128.93,2320.74,1,2024,Tuesday,2320.7400000000002,False
10101,2024-11-24,West,Mim Akter,Grocery,Rice 5kg,Wholesale,Cash,22.0,7.41,163.02,11,2024,Sunday,163.02,False
12518,2024-02-18,South,Sadia Chowdhury,Furniture,Office Chair,Distributor,Credit Card,1.0,114.39,114.39,2,2024,Sunday,114.39,False
12447,2024-02-28,Central,Mim Akter,Grocery,Snack Box,Distributor,bKash,6.0,4.85,29.1,2,2024,Wednesday,29.099999999999998,False
10040,2024-04-04,Central,Sadia Chowdhury,Furniture,Bookshelf,Distributor,Credit Card,21.0,90.53,1901.13,4,2024,Thursday,1901.13,False
11659,2024-09-09,West,Farzana Islam,Stationery,Desk Organizer,Online,Cash,12.0,16.84,202.08,9,2024,Monday,202.07999999999998,False
10397,2025-11-12,East,Rakib Hasan,Grocery,Coffee Jar,Distributor,bKash,19.0,7.73,146.87,11,2025,Wednesday,146.87,False
11054,2024-03-09,Unknown,Lamia Sultana,Electronics,Monitor,Distributor,Credit Card,7.0,220.61,1544.27,3,2024,Saturday,1544.27,False
12766,2024-07-08,Central,Mim Akter,Apparel,T-Shirt,Wholesale,bKash,3.0,15.29,45.87,7,2024,Monday,45.87,False
10624,2024-06-26,South,Farzana Islam,Grocery,Snack Box,Distributor,Bank Transfer,16.0,5.53,88.48,6,2024,Wednesday,88.48,False
12060,2024-03-17,West,Arif Hossain,Furniture,Sofa,Retail Store,bKash,1.0,498.82,498.82,3,2024,Sunday,498.82,False
10023,2025-06-10,North,Tanvir Ahmed,Electronics,Smartphone,Distributor,Credit Card,8.0,387.85,3102.8,6,2025,Tuesday,3102.8,False
10587,2024-08-24,North,Imran Kabir,Grocery,Tea Pack,Distributor,Nagad,1.0,4.15,4.15,8,2024,Saturday,4.15,False
11021,2024-08-21,East,Arif Hossain,Apparel,T-Shirt,Online,Cash,4.0,13.94,55.76,8,2024,Wednesday,55.76,False
12819,2024-03-31,Central,Rakib Hasan,Stationery,Backpack,Wholesale,Cash,3.0,40.19,120.57,3,2024,Sunday,120.57,False
10474,2025-07-16,West,Imran Kabir,Electronics,Laptop,Online,Nagad,1.0,940.51,940.51,7,2025,Wednesday,940.51,False
10009,2025-01-23,Central,Nusrat Jahan,Stationery,Pen Set,Retail Store,Bank Transfer,9.0,6.88,61.92,1,2025,Thursday,61.92,False
10365,2024-06-02,North,Sadia Chowdhury,Electronics,Smartphone,Distributor,Bank Transfer,6.0,453.12,2718.72,6,2024,Sunday,2718.7200000000003,False
12211,2024-03-21,East,Farzana Islam,Grocery,Rice 5kg,Online,Bank Transfer,14.0,8.57,119.98,3,2024,Thursday,119.98,False
12018,2024-02-17,West,Imran Kabir,Apparel,Jeans,Wholesale,Bank Transfer,17.0,37.57,638.69,2,2024,Saturday,638.69,False
10850,2025-09-21,West,Arif Hossain,Furniture,Bookshelf,Distributor,bKash,10.0,89.18,891.8,9,2025,Sunday,891.8000000000001,False
12897,2024-08-23,South,Tanvir Ahmed,Electronics,Headphones,Online,Bank Transfer,22.0,61.06,1427.58,8,2024,Friday,1343.3200000000002,True
10184,2024-03-26,North,Arif Hossain,Apparel,Cap,Online,Cash,25.0,9.4,235.0,3,2024,Tuesday,235.0,False
12932,2025-12-16,North,Rakib Hasan,Electronics,Monitor,Wholesale,Bank Transfer,6.0,205.56,1233.36,12,2025,Tuesday,1233.3600000000001,False
11877,2024-09-08,Central,Rakib Hasan,Apparel,Jacket,Distributor,Nagad,8.0,71.74,573.92,9,2024,Sunday,573.92,False
10233,2024-11-02,Central,Mim Akter,Stationery,Backpack,Wholesale,Nagad,16.0,44.16,706.56,11,2024,Saturday,706.56,False
10700,2025-09-10,West,Rakib Hasan,Apparel,Sneakers,Distributor,Cash,19.0,51.25,973.75,9,2025,Wednesday,973.75,False
12123,2024-11-11,Central,Nusrat Jahan,Furniture,Dining Table,Distributor,Nagad,9.0,351.56,3164.04,11,2024,Monday,3164.04,False
10005,2024-09-27,North,Mim Akter,Electronics,Tablet,Distributor,Nagad,2.0,324.73,649.46,9,2024,Friday,649.46,False
12034,2025-04-13,West,Rakib Hasan,Electronics,Smartwatch,Wholesale,Credit Card,1.0,150.66,3766.5,4,2025,Sunday,150.66,True
10560,2024-07-26,South,Shakil Rahman,Furniture,Desk,Retail Store,bKash,8.0,199.64,1597.12,7,2024,Friday,1597.12,False
12452,2024-11-24,West,Farzana Islam,Apparel,Cap,Wholesale,Bank Transfer,9.0,10.03,90.27,11,2024,Sunday,90.27,False
10828,2024-02-11,West,Mim Akter,Stationery,Pen Set,Distributor,Nagad,3.0,5.89,17.67,2,2024,Sunday,17.669999999999998,False
11166,2025-04-30,North,Farzana Islam,Furniture,Sofa,Distributor,Cash,25.0,427.72,10693.0,4,2025,Wednesday,10693.0,False
12650,2024-08-17,West,Imran Kabir,Apparel,T-Shirt,Wholesale,Cash,25.0,16.84,421.0,8,2024,Saturday,421.0,False
11060,2024-10-11,Central,Sadia Chowdhury,Electronics,Smartphone,Distributor,bKash,11.0,424.36,4667.96,10,2024,Friday,4667.96,False
11018,2025-08-20,West,Arif Hossain,Electronics,Headphones,Distributor,bKash,2.0,60.98,121.96,8,2025,Wednesday,121.96,False
11293,2024-06-29,South,Unknown,Grocery,Coffee Jar,Retail Store,Bank Transfer,20.0,6.78,135.6,6,2024,Saturday,135.6,False
11332,2025-03-31,Central,Shakil Rahman,Grocery,Rice 5kg,Online,Nagad,2.0,9.02,18.04,3,2025,Monday,18.04,False
10834,2025-06-07,Unknown,Sadia Chowdhury,Apparel,Sneakers,Wholesale,Bank Transfer,9.0,51.53,463.77,6,2025,Saturday,463.77,False
11505,2025-03-23,East,Lamia Sultana,Furniture,Office Chair,Wholesale,bKash,9.0,130.41,1173.69,3,2025,Sunday,1173.69,False
11934,2024-08-11,Central,Farzana Islam,Furniture,Desk,Online,Bank Transfer,24.0,193.87,4652.88,8,2024,Sunday,4652.88,False
11621,2025-03-20,Central,Sadia Chowdhury,Grocery,Cooking Oil 1L,Retail Store,Nagad,22.0,2.9,63.8,3,2025,Thursday,63.8,False
11475,2024-01-09,North,Mim Akter,Grocery,Snack Box,Online,Cash,6.0,5.03,30.18,1,2024,Tuesday,30.18,False
11759,2025-10-11,Central,Mim Akter,Furniture,Desk,Distributor,Bank Transfer,22.0,179.81,3955.82,10,2025,Saturday,3955.82,False
12275,2025-08-14,East,Imran Kabir,Grocery,Rice 5kg,Retail Store,Credit Card,5.0,7.45,37.25,8,2025,Thursday,37.25,False
11193,2024-05-31,North,Rakib Hasan,Apparel,T-Shirt,Retail Store,Cash,13.0,15.18,197.34,5,2024,Friday,197.34,False
12031,2024-01-22,South,Mim Akter,Stationery,Pen Set,Online,Cash,25.0,6.15,153.75,1,2024,Monday,153.75,False
11739,2024-11-16,South,Nusrat Jahan,Apparel,Sneakers,Distributor,bKash,21.0,62.09,1303.89,11,2024,Saturday,1303.89,False
10873,2025-10-07,West,Tanvir Ahmed,Stationery,Backpack,Online,bKash,15.0,41.06,658.65,10,2025,Tuesday,615.9000000000001,True
12898,2024-02-25,West,Farzana Islam,Electronics,Tablet,Distributor,Bank Transfer,12.0,309.49,3713.88,2,2024,Sunday,3713.88,False
12747,2025-12-19,East,Imran Kabir,Stationery,Desk Organizer,Online,bKash,1.0,20.21,20.21,12,2025,Friday,20.21,False
10811,2025-12-10,North,Rakib Hasan,Furniture,Dining Table,Distributor,Bank Transfer,5.0,346.27,1731.35,12,2025,Wednesday,1731.35,False
12712,2025-02-25,North,Mim Akter,Grocery,Tea Pack,Retail Store,Cash,15.0,3.66,54.9,2,2025,Tuesday,54.900000000000006,False
12852,2025-05-22,North,Tanvir Ahmed,Grocery,Rice 5kg,Wholesale,Bank Transfer,7.0,8.48,59.36,5,2025,Thursday,59.36,False
12290,2024-09-04,East,Sadia Chowdhury,Apparel,Jeans,Distributor,Nagad,11.0,39.12,430.32,9,2024,Wednesday,430.32,False
11015,2025-04-30,East,Unknown,Furniture,Bookshelf,Wholesale,Bank Transfer,9.0,94.08,846.72,4,2025,Wednesday,846.72,False
12206,2024-11-30,East,Imran Kabir,Electronics,Tablet,Online,bKash,20.0,283.85,5677.0,11,2024,Saturday,5677.0,False
10215,2025-12-27,East,Rakib Hasan,Stationery,Pen Set,Retail Store,Cash,8.0,5.92,47.36,12,2025,Saturday,47.36,False
11320,2025-08-17,North,Rakib Hasan,Electronics,Tablet,Distributor,bKash,17.0,297.98,5065.66,8,2025,Sunday,5065.66,False
12543,2025-05-06,Central,Farzana Islam,Stationery,Pen Set,Distributor,bKash,18.0,6.11,109.98,5,2025,Tuesday,109.98,False
10727,2024-04-28,Central,Mim Akter,Furniture,Desk,Online,Cash,2.0,169.54,339.08,4,2024,Sunday,339.08,False
10542,2025-10-29,Unknown,Farzana Islam,Apparel,Sneakers,Retail Store,Bank Transfer,19.0,52.99,1006.81,10,2025,Wednesday,1006.8100000000001,False
12860,2025-09-11,West,Nusrat Jahan,Apparel,Jacket,Distributor,Credit Card,3.0,67.57,202.71,9,2025,Thursday,202.70999999999998,False
11452,2024-08-07,East,Arif Hossain,Apparel,Cap,Online,Nagad,6.0,11.36,68.16,8,2024,Wednesday,68.16,False
11826,2025-10-10,East,Nusrat Jahan,Electronics,Monitor,Retail Store,Nagad,11.0,208.07,2288.77,10,2025,Friday,2288.77,False
11362,2025-12-15,East,Nusrat Jahan,Apparel,Cap,Distributor,Cash,18.0,10.26,184.68,12,2025,Monday,184.68,False
12959,2024-01-18,East,Arif Hossain,Stationery,Pen Set,Distributor,Nagad,15.0,5.69,85.35,1,2024,Thursday,85.35000000000001,False
10816,2025-07-26,South,Rakib Hasan,Furniture,Office Chair,Retail Store,bKash,20.0,128.69,2573.8,7,2025,Saturday,2573.8,False
12629,2024-01-03,North,Shakil Rahman,Stationery,Notebook,Online,Bank Transfer,1.0,2.09,2.09,1,2024,Wednesday,2.09,False
11389,2025-03-04,West,Lamia Sultana,Electronics,Headphones,Retail Store,Bank Transfer,8.0,62.54,500.32,3,2025,Tuesday,500.32,False
12023,2024-09-27,Central,Rakib Hasan,Grocery,Coffee Jar,Retail Store,Nagad,10.0,7.61,76.1,9,2024,Friday,76.10000000000001,False
10772,2025-03-14,West,Sadia Chowdhury,Furniture,Dining Table,Distributor,Credit Card,24.0,391.35,9392.4,3,2025,Friday,9392.400000000001,False
12663,2025-07-13,North,Farzana Islam,Apparel,T-Shirt,Wholesale,bKash,18.0,13.8,248.4,7,2025,Sunday,248.4,False
10167,2025-10-20,West,Unknown,Electronics,Smartphone,Wholesale,Nagad,21.0,458.65,9631.65,10,2025,Monday,9631.65,False
10096,2024-11-10,South,Farzana Islam,Furniture,Bookshelf,Online,bKash,20.0,97.85,1957.0,11,2024,Sunday,1957.0,False
11522,2025-10-02,Central,Nusrat Jahan,Electronics,Headphones,Retail Store,Nagad,16.0,64.27,1028.32,10,2025,Thursday,1028.32,False
11364,2025-01-16,East,Arif Hossain,Stationery,Pen Set,Retail Store,Credit Card,24.0,6.62,158.88,1,2025,Thursday,158.88,False
11798,2025-09-20,Unknown,Unknown,Grocery,Rice 5kg,Wholesale,bKash,14.0,7.39,103.46,9,2025,Saturday,103.46,False
11784,2025-10-09,South,Lamia Sultana,Apparel,Cap,Distributor,Nagad,24.0,9.4,225.6,10,2025,Thursday,225.60000000000002,False
11959,2024-08-14,North,Farzana Islam,Grocery,Snack Box,Wholesale,bKash,24.0,4.77,114.48,8,2024,Wednesday,114.47999999999999,False
10488,2025-04-08,East,Nusrat Jahan,Electronics,Monitor,Online,Cash,4.0,231.89,927.56,4,2025,Tuesday,927.56,False
12666,2024-01-19,North,Imran Kabir,Grocery,Snack Box,Wholesale,Cash,12.0,5.56,66.72,1,2024,Friday,66.72,False
12309,2024-04-06,North,Arif Hossain,Apparel,T-Shirt,Distributor,Nagad,8.0,17.21,137.68,4,2024,Saturday,137.68,False
11144,2025-09-24,South,Shakil Rahman,Stationery,Desk Organizer,Online,Bank Transfer,16.0,16.46,263.36,9,2025,Wednesday,263.36,False
11813,2025-02-01,West,Nusrat Jahan,Grocery,Coffee Jar,Online,bKash,18.0,7.41,133.38,2,2025,Saturday,133.38,False
11843,2025-02-18,South,Nusrat Jahan,Furniture,Sofa,Distributor,Cash,9.0,432.99,3896.91,2,2025,Tuesday,3896.91,False
10384,2025-11-30,West,Sadia Chowdhury,Stationery,Desk Organizer,Online,Bank Transfer,14.0,16.98,237.72,11,2025,Sunday,237.72,False
10549,2024-02-04,North,Nusrat Jahan,Grocery,Coffee Jar,Distributor,bKash,20.0,7.19,143.8,2,2024,Sunday,143.8,False
10971,2024-10-06,South,Tanvir Ahmed,Stationery,Backpack,Online,Bank Transfer,20.0,38.51,770.2,10,2024,Sunday,770.1999999999999,False
10059,2025-04-20,West,Nusrat Jahan,Electronics,Laptop,Retail Store,Nagad,2.0,883.45,1766.9,4,2025,Sunday,1766.9,False
12688,2025-09-26,South,Shakil Rahman,Stationery,Backpack,Retail Store,Credit Card,18.0,44.66,803.88,9,2025,Friday,803.8799999999999,False
11080,2024-04-22,South,Sadia Chowdhury,Furniture,Desk,Retail Store,Nagad,15.0,187.52,2812.8,4,2024,Monday,2812.8,False
12138,2025-09-12,West,Rakib Hasan,Grocery,Coffee Jar,Online,Credit Card,25.0,7.61,190.25,9,2025,Friday,190.25,False
12738,2025-09-30,West,Lamia Sultana,Electronics,Smartphone,Distributor,bKash,7.0,435.51,3048.57,9,2025,Tuesday,3048.5699999999997,False
11692,2025-02-01,West,Sadia Chowdhury,Grocery,Coffee Jar,Wholesale,Bank Transfer,15.0,6.94,104.1,2,2025,Saturday,104.10000000000001,False
10863,2024-04-24,North,Imran Kabir,Grocery,Tea Pack,Retail Store,bKash,19.0,4.33,82.27,4,2024,Wednesday,82.27,False
12198,2024-11-03,West,Tanvir Ahmed,Stationery,Notebook,Online,Credit Card,3.0,1.91,5.73,11,2024,Sunday,5.7299999999999995,False
12895,2025-10-17,West,Tanvir Ahmed,Grocery,Rice 5kg,Distributor,Bank Transfer,5.0,8.72,43.6,10,2025,Friday,43.6,False
11272,2025-10-23,East,Lamia Sultana,Electronics,Smartwatch,Online,Nagad,14.0,160.58,2248.12,10,2025,Thursday,2248.1200000000003,False
10449,2025-10-03,Central,Nusrat Jahan,Electronics,Headphones,Online,Credit Card,24.0,57.73,1385.52,10,2025,Friday,1385.52,False
12068,2025-07-06,West,Mim Akter,Furniture,Office Chair,Online,Cash,15.0,136.11,2041.65,7,2025,Sunday,2041.65,False
12582,2024-11-20,Central,Lamia Sultana,Grocery,Rice 5kg,Retail Store,Nagad,7.0,9.05,63.35,11,2024,Wednesday,63.35000000000001,False
12976,2025-07-17,Central,Imran Kabir,Apparel,Cap,Retail Store,Bank Transfer,7.0,10.26,71.82,7,2025,Thursday,71.82,False
12381,2024-02-05,Central,Farzana Islam,Furniture,Sofa,Wholesale,bKash,7.0,418.68,2930.76,2,2024,Monday,2930.76,False
10378,2024-12-01,South,Shakil Rahman,Electronics,Laptop,Online,bKash,5.0,784.38,3921.9,12,2024,Sunday,3921.9,False
11635,2024-06-07,West,Tanvir Ahmed,Apparel,Jeans,Retail Store,Nagad,22.0,40.19,884.18,6,2024,Friday,884.18,False
11804,2024-05-22,West,Farzana Islam,Grocery,Cooking Oil 1L,Online,bKash,5.0,3.26,16.3,5,2024,Wednesday,16.299999999999997,False
10174,2024-04-06,North,Mim Akter,Apparel,Cap,Online,Cash,18.0,10.7,192.6,4,2024,Saturday,192.6,False
12499,2025-10-28,West,Sadia Chowdhury,Electronics,Tablet,Wholesale,Credit Card,2.0,301.69,603.38,10,2025,Tuesday,603.38,False
12394,2025-01-15,Unknown,Rakib Hasan,Grocery,Rice 5kg,Distributor,bKash,21.0,7.3,153.3,1,2025,Wednesday,153.29999999999998,False
12604,2024-04-08,Central,Mim Akter,Grocery,Coffee Jar,Online,Credit Card,16.0,6.73,107.68,4,2024,Monday,107.68,False
12443,2024-06-05,South,Nusrat Jahan,Apparel,Jeans,Retail Store,Nagad,20.0,38.44,768.8,6,2024,Wednesday,768.8,False
10738,2024-07-01,East,Tanvir Ahmed,Grocery,Coffee Jar,Distributor,Cash,15.0,6.42,96.3,7,2024,Monday,96.3,False
10053,2025-11-11,Central,Rakib Hasan,Grocery,Tea Pack,Retail Store,Bank Transfer,13.0,4.28,55.64,11,2025,Tuesday,55.64,False
11523,2025-04-13,Central,Imran Kabir,Apparel,T-Shirt,Retail Store,bKash,12.0,16.21,194.52,4,2025,Sunday,194.52,False
10198,2025-03-23,East,Shakil Rahman,Electronics,Monitor,Online,Cash,13.0,238.88,3105.44,3,2025,Sunday,3105.44,False
11608,2024-06-11,Central,Nusrat Jahan,Stationery,Backpack,Retail Store,Cash,4.0,42.8,171.2,6,2024,Tuesday,171.2,False
10270,2024-11-03,East,Rakib Hasan,Apparel,Jeans,Retail Store,Bank Transfer,9.0,32.03,288.27,11,2024,Sunday,288.27,False
11712,2025-02-01,West,Nusrat Jahan,Electronics,Headphones,Wholesale,Bank Transfer,2.0,64.43,128.86,2,2025,Saturday,128.86,False
10866,2024-02-27,West,Imran Kabir,Furniture,Bookshelf,Distributor,Nagad,16.0,93.0,1488.0,2,2024,Tuesday,1488.0,False
11071,2025-10-18,East,Imran Kabir,Grocery,Coffee Jar,Wholesale,Cash,19.0,6.42,121.98,10,2025,Saturday,121.98,False
10520,2025-08-26,South,Mim Akter,Stationery,Desk Organizer,Wholesale,bKash,24.0,20.06,481.44,8,2025,Tuesday,481.43999999999994,False
10277,2025-12-13,South,Farzana Islam,Electronics,Smartphone,Wholesale,bKash,20.0,430.38,8607.6,12,2025,Saturday,8607.6,False
11180,2024-07-12,South,Sadia Chowdhury,Electronics,Tablet,Retail Store,bKash,19.0,306.79,5829.01,7,2024,Friday,5829.01,False
12351,2024-01-09,South,Lamia Sultana,Stationery,Pen Set,Wholesale,Cash,10.0,6.37,63.7,1,2024,Tuesday,63.7,False
12397,2024-01-14,North,Arif Hossain,Stationery,Backpack,Distributor,bKash,22.0,36.72,807.84,1,2024,Sunday,807.8399999999999,False
10319,2025-06-12,East,Farzana Islam,Electronics,Laptop,Retail Store,bKash,6.0,882.28,5293.68,6,2025,Thursday,5293.68,False
11277,2025-02-13,East,Shakil Rahman,Electronics,Tablet,Distributor,Cash,3.0,311.73,935.19,2,2025,Thursday,935.19,False
11209,2024-10-03,North,Mim Akter,Grocery,Cooking Oil 1L,Wholesale,bKash,4.0,2.78,11.12,10,2024,Thursday,11.12,False
11766,2025-08-30,South,Nusrat Jahan,Electronics,Monitor,Distributor,bKash,10.0,217.85,2178.5,8,2025,Saturday,2178.5,False
11519,2024-01-04,South,Rakib Hasan,Apparel,Sneakers,Wholesale,Cash,18.0,60.91,1096.38,1,2024,Thursday,1096.3799999999999,False
11440,2025-10-27,Central,Mim Akter,Apparel,Jacket,Distributor,Nagad,6.0,60.8,364.8,10,2025,Monday,364.79999999999995,False
12961,2025-01-09,West,Sadia Chowdhury,Apparel,Cap,Distributor,Nagad,4.0,10.64,42.56,1,2025,Thursday,42.56,False
12893,2025-09-23,East,Rakib Hasan,Furniture,Dining Table,Online,Bank Transfer,16.0,319.58,5113.28,9,2025,Tuesday,5113.28,False
12419,2024-07-02,North,Mim Akter,Apparel,Jeans,Wholesale,Credit Card,12.0,36.32,414.72,7,2024,Tuesday,435.84000000000003,True
10197,2025-10-24,Central,Sadia Chowdhury,Stationery,Desk Organizer,Distributor,Credit Card,7.0,17.49,122.43,10,2025,Friday,122.42999999999999,False
11478,2024-02-11,East,Sadia Chowdhury,Apparel,Cap,Wholesale,Cash,8.0,10.91,87.28,2,2024,Sunday,87.28,False
12939,2025-09-27,West,Nusrat Jahan,Apparel,Cap,Retail Store,Credit Card,15.0,9.39,140.85,9,2025,Saturday,140.85000000000002,False
12548,2024-08-17,West,Lamia Sultana,Furniture,Dining Table,Online,Cash,7.0,386.19,2703.33,8,2024,Saturday,2703.33,False
12564,2025-11-15,Central,Tanvir Ahmed,Apparel,Cap,Wholesale,Credit Card,11.0,9.49,104.39,11,2025,Saturday,104.39,False
11705,2024-01-21,East,Sadia Chowdhury,Electronics,Smartwatch,Retail Store,Bank Transfer,16.0,170.5,2728.0,1,2024,Sunday,2728.0,False
10177,2025-01-05,Central,Farzana Islam,Apparel,Jeans,Wholesale,Nagad,1.0,34.67,34.67,1,2025,Sunday,34.67,False
10894,2024-07-03,East,Farzana Islam,Furniture,Office Chair,Retail Store,Cash,6.0,130.5,783.0,7,2024,Wednesday,783.0,False
12247,2025-07-07,South,Tanvir Ahmed,Apparel,Sneakers,Online,Nagad,24.0,62.75,1506.0,7,2025,Monday,1506.0,False
10219,2025-10-04,Central,Imran Kabir,Apparel,Jeans,Online,Bank Transfer,18.0,34.03,612.54,10,2025,Saturday,612.54,False
12493,2024-09-06,West,Rakib Hasan,Grocery,Snack Box,Wholesale,Bank Transfer,8.0,4.72,37.76,9,2024,Friday,37.76,False
10200,2024-10-27,West,Lamia Sultana,Grocery,Rice 5kg,Retail Store,Nagad,11.0,7.41,81.51,10,2024,Sunday,81.51,False
11392,2025-03-04,West,Tanvir Ahmed,Furniture,Desk,Retail Store,Credit Card,9.0,196.45,1768.05,3,2025,Tuesday,1768.05,False
10152,2025-11-04,West,Arif Hossain,Stationery,Pen Set,Online,Nagad,23.0,5.8,133.4,11,2025,Tuesday,133.4,False
12657,2024-10-27,West,Arif Hossain,Grocery,Snack Box,Distributor,Nagad,16.0,5.08,81.28,10,2024,Sunday,81.28,False
10109,2025-06-03,North,Shakil Rahman,Stationery,Pen Set,Wholesale,Cash,9.0,6.63,59.67,6,2025,Tuesday,59.67,False
12156,2024-06-25,East,Mim Akter,Grocery,Snack Box,Distributor,Bank Transfer,8.0,4.81,38.48,6,2024,Tuesday,38.48,False
12771,2024-05-12,West,Tanvir Ahmed,Electronics,Monitor,Wholesale,Bank Transfer,13.0,213.48,2775.24,5,2024,Sunday,2775.24,False
11451,2025-01-29,South,Arif Hossain,Stationery,Notebook,Wholesale,Bank Transfer,23.0,2.04,46.92,1,2025,Wednesday,46.92,False
11395,2025-09-15,North,Mim Akter,Furniture,Bookshelf,Distributor,Nagad,20.0,83.42,1668.4,9,2025,Monday,1668.4,False
10036,2025-07-04,Central,Lamia Sultana,Electronics,Tablet,Online,Credit Card,7.0,307.94,2155.58,7,2025,Friday,2155.58,False
11754,2024-04-14,North,Farzana Islam,Furniture,Sofa,Retail Store,bKash,17.0,423.38,7197.46,4,2024,Sunday,7197.46,False
12820,2024-06-24,Central,Farzana Islam,Electronics,Tablet,Wholesale,Credit Card,16.0,300.46,4807.36,6,2024,Monday,4807.36,False
12633,2024-09-12,Central,Lamia Sultana,Electronics,Laptop,Distributor,bKash,14.0,790.23,11063.22,9,2024,Thursday,11063.220000000001,False
11657,2025-11-30,East,Shakil Rahman,Stationery,Notebook,Online,Cash,6.0,2.1,12.6,11,2025,Sunday,12.600000000000001,False
12757,2024-10-08,East,Sadia Chowdhury,Electronics,Smartphone,Distributor,Bank Transfer,2.0,448.34,896.68,10,2024,Tuesday,896.68,False
11603,2024-09-26,West,Farzana Islam,Grocery,Snack Box,Distributor,Nagad,3.0,5.48,16.44,9,2024,Thursday,16.44,False
12865,2024-03-24,Central,Arif Hossain,Electronics,Smartphone,Retail Store,bKash,18.0,362.41,6523.38,3,2024,Sunday,6523.38,False
11420,2025-09-11,South,Farzana Islam,Furniture,Dining Table,Distributor,bKash,18.0,316.74,5701.32,9,2025,Thursday,5701.32,False
12931,2024-12-13,North,Mim Akter,Stationery,Notebook,Distributor,Nagad,8.0,1.93,15.44,12,2024,Friday,15.44,False
12440,2024-10-19,South,Farzana Islam,Stationery,Notebook,Wholesale,Bank Transfer,3.0,2.03,6.09,10,2024,Saturday,6.09,False
12389,2025-10-22,South,Imran Kabir,Grocery,Rice 5kg,Online,Cash,18.0,7.64,137.52,10,2025,Wednesday,137.51999999999998,False
10896,2024-10-18,West,Farzana Islam,Electronics,Smartphone,Distributor,Credit Card,22.0,458.13,10078.86,10,2024,Friday,10078.86,False
10847,2025-07-05,North,Unknown,Electronics,Headphones,Retail Store,Credit Card,11.0,54.56,600.16,7,2025,Saturday,600.1600000000001,False
10937,2024-10-29,South,Lamia Sultana,Electronics,Monitor,Online,Nagad,14.0,220.11,3081.54,10,2024,Tuesday,3081.54,False
11710,2024-10-06,West,Unknown,Apparel,Jacket,Distributor,Credit Card,24.0,74.67,1792.08,10,2024,Sunday,1792.08,False
12166,2025-03-26,South,Nusrat Jahan,Electronics,Headphones,Wholesale,bKash,9.0,66.57,599.13,3,2025,Wednesday,599.1299999999999,False
10085,2024-08-09,North,Arif Hossain,Furniture,Bookshelf,Retail Store,bKash,24.0,91.89,2205.36,8,2024,Friday,2205.36,False
11688,2024-09-13,West,Nusrat Jahan,Stationery,Desk Organizer,Wholesale,Nagad,12.0,20.61,247.32,9,2024,Friday,247.32,False
10887,2024-07-02,South,Arif Hossain,Grocery,Tea Pack,Online,Nagad,9.0,3.77,33.93,7,2024,Tuesday,33.93,False
11981,2025-03-25,North,Nusrat Jahan,Stationery,Notebook,Wholesale,Credit Card,18.0,2.12,38.16,3,2025,Tuesday,38.160000000000004,False
11602,2024-07-09,East,Arif Hossain,Electronics,Monitor,Distributor,Cash,9.0,216.75,1950.75,7,2024,Tuesday,1950.75,False
11956,2024-11-28,West,Sadia Chowdhury,Apparel,T-Shirt,Retail Store,bKash,2.0,16.72,33.44,11,2024,Thursday,33.44,False
12751,2025-11-13,Central,Farzana Islam,Furniture,Office Chair,Distributor,bKash,2.0,123.52,247.04,11,2025,Thursday,247.04,False
12684,2024-09-22,Central,Imran Kabir,Electronics,Tablet,Distributor,Bank Transfer,13.0,319.98,4159.74,9,2024,Sunday,4159.74,False
12697,2024-08-20,Unknown,Lamia Sultana,Furniture,Sofa,Wholesale,bKash,24.0,448.13,10755.12,8,2024,Tuesday,10755.119999999999,False
10740,2024-02-05,North,Sadia Chowdhury,Furniture,Dining Table,Distributor,Credit Card,3.0,321.16,963.48,2,2024,Monday,963.48,False
12327,2024-07-12,South,Arif Hossain,Apparel,Jeans,Online,bKash,14.0,37.63,526.82,7,2024,Friday,526.82,False
10111,2024-07-12,Central,Imran Kabir,Apparel,Cap,Wholesale,Cash,23.0,9.6,220.8,7,2024,Friday,220.79999999999998,False
12560,2025-08-14,West,Arif Hossain,Stationery,Backpack,Online,Credit Card,8.0,42.1,336.8,8,2025,Thursday,336.8,False
10981,2024-07-19,West,Lamia Sultana,Electronics,Headphones,Retail Store,Credit Card,1.0,59.94,1258.74,7,2024,Friday,59.94,True
12759,2025-06-04,South,Imran Kabir,Grocery,Coffee Jar,Retail Store,Credit Card,9.0,7.0,63.0,6,2025,Wednesday,63.0,False
10007,2024-04-13,South,Shakil Rahman,Electronics,Laptop,Online,bKash,13.0,824.07,10712.91,4,2024,Saturday,10712.91,False
11110,2024-02-23,North,Mim Akter,Furniture,Office Chair,Wholesale,bKash,4.0,137.41,549.64,2,2024,Friday,549.64,False
12272,2025-03-22,East,Farzana Islam,Stationery,Pen Set,Wholesale,bKash,9.0,5.67,51.03,3,2025,Saturday,51.03,False
12926,2025-06-19,West,Lamia Sultana,Apparel,Cap,Retail Store,Credit Card,1.0,11.45,80.15,6,2025,Thursday,11.45,True
10359,2024-03-29,West,Nusrat Jahan,Electronics,Headphones,Online,bKash,14.0,55.74,780.36,3,2024,Friday,780.36,False
10453,2025-01-10,North,Lamia Sultana,Furniture,Desk,Retail Store,Credit Card,23.0,191.27,4399.21,1,2025,Friday,4399.21,False
11734,2025-05-26,South,Nusrat Jahan,Stationery,Backpack,Wholesale,Nagad,14.0,40.35,564.9,5,2025,Monday,564.9,False
12403,2024-01-19,North,Sadia Chowdhury,Apparel,Jeans,Online,bKash,9.0,32.98,296.82,1,2024,Friday,296.82,False
11715,2024-05-11,East,Arif Hossain,Electronics,Monitor,Online,Credit Card,25.0,203.89,5097.25,5,2024,Saturday,5097.25,False
12303,2024-09-22,South,Rakib Hasan,Electronics,Headphones,Distributor,Nagad,15.0,63.51,952.65,9,2024,Sunday,952.65,False
10238,2024-06-26,West,Arif Hossain,Stationery,Backpack,Wholesale,Cash,15.0,45.12,676.8,6,2024,Wednesday,676.8,False
11644,2025-12-31,East,Lamia Sultana,Apparel,T-Shirt,Distributor,Credit Card,20.0,15.34,306.8,12,2025,Wednesday,306.8,False
12640,2025-06-09,Central,Rakib Hasan,Electronics,Monitor,Retail Store,bKash,15.0,230.81,3462.15,6,2025,Monday,3462.15,False
11563,2024-10-09,North,Farzana Islam,Stationery,Desk Organizer,Online,Cash,18.0,17.86,321.48,10,2024,Wednesday,321.48,False
10576,2024-03-22,Central,Lamia Sultana,Apparel,Sneakers,Wholesale,Credit Card,6.0,54.22,325.32,3,2024,Friday,325.32,False
12783,2025-08-04,West,Rakib Hasan,Apparel,Jeans,Wholesale,Nagad,2.0,33.96,67.92,8,2025,Monday,67.92,False
10480,2024-01-05,West,Sadia Chowdhury,Stationery,Notebook,Retail Store,Bank Transfer,17.0,2.17,36.89,1,2024,Friday,36.89,False
11333,2024-06-11,West,Sadia Chowdhury,Apparel,Jeans,Distributor,Credit Card,12.0,35.88,430.56,6,2024,Tuesday,430.56000000000006,False
12416,2024-11-18,North,Imran Kabir,Apparel,T-Shirt,Retail Store,Cash,23.0,14.33,329.59,11,2024,Monday,329.59,False
10619,2025-07-17,South,Lamia Sultana,Apparel,Cap,Retail Store,Bank Transfer,24.0,9.64,231.36,7,2025,Thursday,231.36,False
11828,2025-01-20,Central,Farzana Islam,Furniture,Bookshelf,Distributor,Credit Card,18.0,103.14,1856.52,1,2025,Monday,1856.52,False
10067,2024-05-10,East,Imran Kabir,Electronics,Tablet,Retail Store,Bank Transfer,20.0,310.06,6201.2,5,2024,Friday,6201.2,False
10672,2025-02-27,North,Shakil Rahman,Grocery,Cooking Oil 1L,Distributor,Nagad,17.0,2.86,48.62,2,2025,Thursday,48.62,False
12883,2024-05-12,West,Tanvir Ahmed,Grocery,Cooking Oil 1L,Distributor,Credit Card,24.0,3.1,74.4,5,2024,Sunday,74.4,False
11587,2024-03-03,South,Rakib Hasan,Furniture,Dining Table,Wholesale,Credit Card,20.0,385.21,7704.2,3,2024,Sunday,7704.2,False
10344,2024-03-25,East,Farzana Islam,Apparel,Jeans,Distributor,Cash,12.0,37.31,447.72,3,2024,Monday,447.72,False
12826,2025-12-22,Central,Shakil Rahman,Electronics,Smartphone,Wholesale,Bank Transfer,2.0,384.99,769.98,12,2025,Monday,769.98,False
11771,2025-10-23,North,Tanvir Ahmed,Stationery,Pen Set,Distributor,bKash,7.0,6.86,48.02,10,2025,Thursday,48.02,False
11020,2024-08-27,West,Tanvir Ahmed,Apparel,Jacket,Retail Store,Bank Transfer,9.0,68.99,620.91,8,2024,Tuesday,620.91,False
12752,2025-04-22,Central,Sadia Chowdhury,Grocery,Coffee Jar,Retail Store,Cash,20.0,8.0,160.0,4,2025,Tuesday,160.0,False
10739,2024-05-27,West,Rakib Hasan,Furniture,Dining Table,Wholesale,Credit Card,18.0,382.26,6880.68,5,2024,Monday,6880.68,False
12302,2025-12-17,North,Tanvir Ahmed,Stationery,Backpack,Retail Store,Bank Transfer,2.0,36.79,73.58,12,2025,Wednesday,73.58,False
10225,2025-05-24,Central,Sadia Chowdhury,Furniture,Sofa,Wholesale,Cash,1.0,415.13,415.13,5,2025,Saturday,415.13,False
10731,2025-02-04,East,Farzana Islam,Apparel,Jacket,Distributor,Nagad,15.0,71.06,1065.9,2,2025,Tuesday,1065.9,False
12361,2025-01-14,South,Mim Akter,Apparel,Jacket,Retail Store,Bank Transfer,19.0,66.17,1257.23,1,2025,Tuesday,1257.23,False
11862,2024-05-23,West,Rakib Hasan,Electronics,Smartphone,Wholesale,Nagad,21.0,439.38,9226.98,5,2024,Thursday,9226.98,False
11456,2025-08-23,West,Mim Akter,Electronics,Smartphone,Retail Store,Credit Card,10.0,392.85,3928.5,8,2025,Saturday,3928.5,False
10398,2025-12-19,East,Rakib Hasan,Grocery,Tea Pack,Retail Store,Credit Card,19.0,3.99,75.81,12,2025,Friday,75.81,False
10783,2024-02-25,East,Shakil Rahman,Furniture,Bookshelf,Wholesale,Cash,3.0,89.39,268.17,2,2024,Sunday,268.17,False
10897,2024-06-06,East,Lamia Sultana,Electronics,Tablet,Online,Cash,1.0,276.08,276.08,6,2024,Thursday,276.08,False
12847,2025-07-12,Central,Imran Kabir,Apparel,Cap,Retail Store,Nagad,2.0,10.62,21.24,7,2025,Saturday,21.24,False
11469,2024-07-11,Central,Mim Akter,Apparel,Jeans,Wholesale,bKash,9.0,39.23,353.07,7,2024,Thursday,353.07,False
12593,2025-04-17,Central,Tanvir Ahmed,Furniture,Office Chair,Distributor,Bank Transfer,5.0,108.22,541.1,4,2025,Thursday,541.1,False
10914,2024-07-14,North,Rakib Hasan,Grocery,Tea Pack,Retail Store,Credit Card,4.0,4.42,17.68,7,2024,Sunday,17.68,False
12921,2025-10-07,East,Rakib Hasan,Apparel,Cap,Distributor,bKash,10.0,9.21,92.1,10,2025,Tuesday,92.10000000000001,False
12062,2025-12-04,Central,Arif Hossain,Grocery,Cooking Oil 1L,Distributor,Bank Transfer,20.0,3.03,60.6,12,2025,Thursday,60.599999999999994,False
10221,2025-09-13,West,Sadia Chowdhury,Grocery,Coffee Jar,Retail Store,Cash,5.0,6.85,34.25,9,2025,Saturday,34.25,False
11030,2025-04-07,West,Farzana Islam,Grocery,Cooking Oil 1L,Distributor,Nagad,21.0,3.37,70.77,4,2025,Monday,70.77,False
10552,2024-10-10,Central,Shakil Rahman,Electronics,Laptop,Distributor,Cash,8.0,893.85,7150.8,10,2024,Thursday,7150.8,False
12092,2024-02-08,Central,Mim Akter,Electronics,Smartphone,Retail Store,Cash,3.0,443.86,1331.58,2,2024,Thursday,1331.58,False
12021,2024-09-17,South,Farzana Islam,Electronics,Headphones,Retail Store,bKash,11.0,59.34,652.74,9,2024,Tuesday,652.74,False
10048,2024-12-05,East,Mim Akter,Apparel,T-Shirt,Wholesale,Nagad,1.0,13.93,13.93,12,2024,Thursday,13.93,False
10273,2024-02-29,South,Shakil Rahman,Grocery,Cooking Oil 1L,Retail Store,Bank Transfer,18.0,3.01,54.18,2,2024,Thursday,54.17999999999999,False
12080,2025-02-03,North,Shakil Rahman,Furniture,Bookshelf,Online,Cash,13.0,97.37,1265.81,2,2025,Monday,1265.81,False
11880,2025-02-13,Central,Arif Hossain,Electronics,Monitor,Distributor,Bank Transfer,14.0,229.16,3208.24,2,2025,Thursday,3208.24,False
11866,2025-05-05,East,Mim Akter,Electronics,Smartwatch,Wholesale,Credit Card,3.0,148.22,444.66,5,2025,Monday,444.65999999999997,False
11579,2024-01-28,East,Nusrat Jahan,Furniture,Sofa,Retail Store,Cash,5.0,503.73,2518.65,1,2024,Sunday,2518.65,False
12717,2024-06-17,North,Sadia Chowdhury,Grocery,Snack Box,Online,Bank Transfer,2.0,5.47,10.94,6,2024,Monday,10.94,False
10957,2024-02-16,South,Unknown,Grocery,Coffee Jar,Distributor,Nagad,22.0,7.86,172.92,2,2024,Friday,172.92000000000002,False
12117,2025-11-04,Central,Farzana Islam,Apparel,Jeans,Wholesale,Bank Transfer,18.0,33.61,604.98,11,2025,Tuesday,604.98,False
12530,2024-03-24,South,Mim Akter,Furniture,Dining Table,Online,Bank Transfer,5.0,340.15,1700.75,3,2024,Sunday,1700.75,False
12039,2025-01-22,East,Farzana Islam,Furniture,Sofa,Wholesale,Nagad,1.0,450.78,5409.36,1,2025,Wednesday,450.78,True
12971,2025-07-09,North,Imran Kabir,Stationery,Notebook,Distributor,Cash,21.0,2.12,44.52,7,2025,Wednesday,44.52,False
12019,2024-07-16,South,Imran Kabir,Electronics,Monitor,Online,Credit Card,2.0,226.61,453.22,7,2024,Tuesday,453.22,False
11746,2024-03-03,South,Lamia Sultana,Stationery,Pen Set,Online,Cash,24.0,6.73,161.52,3,2024,Sunday,161.52,False
10079,2024-01-30,West,Lamia Sultana,Grocery,Cooking Oil 1L,Wholesale,Cash,16.0,3.34,53.44,1,2024,Tuesday,53.44,False
10775,2024-01-13,West,Nusrat Jahan,Electronics,Tablet,Online,Nagad,23.0,324.88,7472.24,1,2024,Saturday,7472.24,False
11111,2024-02-04,West,Rakib Hasan,Apparel,Cap,Wholesale,bKash,4.0,9.6,38.4,2,2024,Sunday,38.4,False
10608,2025-06-20,North,Arif Hossain,Furniture,Bookshelf,Wholesale,bKash,22.0,92.19,2028.18,6,2025,Friday,2028.1799999999998,False
11919,2025-10-14,South,Rakib Hasan,Stationery,Desk Organizer,Retail Store,Nagad,16.0,19.68,314.88,10,2025,Tuesday,314.88,False
12886,2024-09-25,East,Rakib Hasan,Electronics,Smartphone,Online,Nagad,11.0,375.81,4133.91,9,2024,Wednesday,4133.91,False
12624,2025-05-31,West,Shakil Rahman,Apparel,Cap,Wholesale,Credit Card,6.0,9.29,55.74,5,2025,Saturday,55.739999999999995,False
12317,2024-09-18,West,Unknown,Electronics,Laptop,Wholesale,Cash,5.0,956.0,4780.0,9,2024,Wednesday,4780.0,False
10701,2025-06-29,North,Mim Akter,Electronics,Tablet,Online,Cash,15.0,300.06,4500.9,6,2025,Sunday,4500.9,False
10288,2024-07-15,North,Arif Hossain,Furniture,Office Chair,Retail Store,bKash,20.0,123.79,2475.8,7,2024,Monday,2475.8,False
11370,2025-07-01,North,Unknown,Grocery,Coffee Jar,Wholesale,Cash,15.0,7.04,105.6,7,2025,Tuesday,105.6,False
10154,2024-08-08,South,Tanvir Ahmed,Grocery,Rice 5kg,Online,Nagad,13.0,8.04,104.52,8,2024,Thursday,104.51999999999998,False
10341,2025-07-14,East,Mim Akter,Furniture,Sofa,Distributor,Cash,19.0,419.69,7974.11,7,2025,Monday,7974.11,False
10257,2025-07-31,Central,Sadia Chowdhury,Stationery,Notebook,Distributor,Credit Card,4.0,1.83,7.32,7,2025,Thursday,7.32,False
12925,2024-10-16,West,Shakil Rahman,Stationery,Backpack,Wholesale,Credit Card,19.0,40.48,769.12,10,2024,Wednesday,769.1199999999999,False
11141,2025-06-10,South,Farzana Islam,Stationery,Pen Set,Distributor,bKash,12.0,6.83,81.96,6,2025,Tuesday,81.96000000000001,False
11792,2025-01-01,East,Sadia Chowdhury,Electronics,Laptop,Online,Bank Transfer,22.0,850.64,18714.08,1,2025,Wednesday,18714.079999999998,False
11613,2024-03-13,Central,Nusrat Jahan,Grocery,Coffee Jar,Retail Store,Cash,8.0,7.99,63.92,3,2024,Wednesday,63.92,False
12439,2025-08-05,North,Tanvir Ahmed,Grocery,Snack Box,Distributor,bKash,9.0,4.98,44.82,8,2025,Tuesday,44.82000000000001,False
12562,2024-02-18,North,Sadia Chowdhury,Stationery,Pen Set,Wholesale,Nagad,12.0,5.87,70.44,2,2024,Sunday,70.44,False
11776,2025-08-13,West,Imran Kabir,Grocery,Coffee Jar,Retail Store,Credit Card,2.0,7.45,14.9,8,2025,Wednesday,14.9,False
12182,2025-02-12,Central,Tanvir Ahmed,Stationery,Backpack,Online,Nagad,9.0,39.04,351.36,2,2025,Wednesday,351.36,False
10995,2025-09-27,West,Imran Kabir,Stationery,Notebook,Wholesale,Bank Transfer,20.0,1.85,37.0,9,2025,Saturday,37.0,False
11963,2024-03-31,South,Imran Kabir,Electronics,Tablet,Distributor,Credit Card,17.0,313.72,5333.24,3,2024,Sunday,5333.240000000001,False
10712,2024-06-06,Central,Imran Kabir,Furniture,Desk,Distributor,Bank Transfer,10.0,206.89,2068.9,6,2024,Thursday,2068.8999999999996,False
12641,2025-06-27,South,Imran Kabir,Apparel,T-Shirt,Retail Store,Credit Card,12.0,15.38,184.56,6,2025,Friday,184.56,False
11068,2024-06-28,East,Lamia Sultana,Grocery,Rice 5kg,Retail Store,Nagad,9.0,8.16,71.64,6,2024,Friday,73.44,True
11747,2024-11-01,South,Imran Kabir,Stationery,Backpack,Wholesale,Credit Card,9.0,38.04,342.36,11,2024,Friday,342.36,False
11660,2025-05-06,West,Unknown,Grocery,Cooking Oil 1L,Distributor,Credit Card,22.0,3.23,71.06,5,2025,Tuesday,71.06,False
10609,2025-10-18,Central,Shakil Rahman,Stationery,Pen Set,Distributor,Bank Transfer,11.0,5.57,61.27,10,2025,Saturday,61.27,False
10181,2025-06-30,Unknown,Shakil Rahman,Furniture,Sofa,Wholesale,bKash,8.0,439.82,3518.56,6,2025,Monday,3518.56,False
11355,2025-05-08,Central,Imran Kabir,Furniture,Dining Table,Online,Nagad,2.0,348.87,697.74,5,2025,Thursday,697.74,False
11221,2024-09-19,South,Sadia Chowdhury,Electronics,Laptop,Distributor,Bank Transfer,25.0,951.29,23782.25,9,2024,Thursday,23782.25,False
10786,2024-10-09,East,Farzana Islam,Grocery,Cooking Oil 1L,Online,bKash,4.0,3.22,12.88,10,2024,Wednesday,12.88,False
12605,2025-09-22,North,Tanvir Ahmed,Apparel,Cap,Wholesale,bKash,15.0,9.22,138.3,9,2025,Monday,138.3,False
11929,2024-03-21,North,Rakib Hasan,Apparel,Jacket,Retail Store,Nagad,1.0,59.3,474.4,3,2024,Thursday,59.3,True
11458,2024-02-01,East,Shakil Rahman,Grocery,Rice 5kg,Online,Nagad,23.0,9.06,208.38,2,2024,Thursday,208.38000000000002,False
10615,2025-11-03,West,Nusrat Jahan,Furniture,Dining Table,Retail Store,Nagad,8.0,364.88,2919.04,11,2025,Monday,2919.04,False
12551,2024-08-27,West,Nusrat Jahan,Stationery,Backpack,Online,Nagad,22.0,43.09,947.98,8,2024,Tuesday,947.98,False
11053,2025-02-02,North,Imran Kabir,Apparel,Jeans,Distributor,Credit Card,7.0,35.51,248.57,2,2025,Sunday,248.57,False
12422,2024-10-26,South,Shakil Rahman,Grocery,Coffee Jar,Distributor,Cash,24.0,6.69,160.56,10,2024,Saturday,160.56,False
11374,2024-01-10,West,Sadia Chowdhury,Apparel,Jeans,Online,Bank Transfer,15.0,36.32,477.3,1,2024,Wednesday,544.8,True
10315,2025-01-18,Central,Arif Hossain,Apparel,Jeans,Retail Store,Bank Transfer,13.0,35.55,462.15,1,2025,Saturday,462.15,False
11253,2024-05-13,Central,Farzana Islam,Electronics,Smartwatch,Wholesale,Credit Card,15.0,158.79,2381.85,5,2024,Monday,2381.85,False
11833,2024-03-02,West,Nusrat Jahan,Electronics,Monitor,Online,Nagad,1.0,204.13,204.13,3,2024,Saturday,204.13,False
12134,2024-12-22,North,Rakib Hasan,Stationery,Notebook,Retail Store,Nagad,22.0,1.81,39.82,12,2024,Sunday,39.82,False
12115,2024-11-24,South,Mim Akter,Grocery,Cooking Oil 1L,Wholesale,Bank Transfer,9.0,3.26,29.34,11,2024,Sunday,29.339999999999996,False
10757,2025-12-11,North,Lamia Sultana,Electronics,Smartphone,Distributor,Bank Transfer,25.0,407.6,10190.0,12,2025,Thursday,10190.0,False
12634,2025-06-19,South,Sadia Chowdhury,Electronics,Monitor,Online,Credit Card,3.0,215.51,646.53,6,2025,Thursday,646.53,False
12871,2025-09-02,North,Arif Hossain,Grocery,Coffee Jar,Wholesale,Credit Card,6.0,6.37,38.22,9,2025,Tuesday,38.22,False
12711,2024-12-01,West,Nusrat Jahan,Stationery,Pen Set,Wholesale,Credit Card,20.0,6.68,133.6,12,2024,Sunday,133.6,False
10556,2024-03-10,North,Sadia Chowdhury,Grocery,Snack Box,Online,Cash,13.0,5.29,68.77,3,2024,Sunday,68.77,False
12406,2024-03-16,West,Tanvir Ahmed,Stationery,Desk Organizer,Wholesale,bKash,6.0,18.12,108.72,3,2024,Saturday,108.72,False
10454,2024-02-19,East,Arif Hossain,Electronics,Tablet,Online,Nagad,22.0,278.11,6118.42,2,2024,Monday,6118.42,False
11851,2025-11-01,North,Lamia Sultana,Electronics,Smartphone,Online,Nagad,24.0,377.59,9062.16,11,2025,Saturday,9062.16,False
12558,2025-05-23,North,Shakil Rahman,Apparel,Jacket,Retail Store,Bank Transfer,25.0,72.7,1817.5,5,2025,Friday,1817.5,False
10675,2024-07-03,Central,Sadia Chowdhury,Furniture,Dining Table,Wholesale,Bank Transfer,20.0,335.36,6707.2,7,2024,Wednesday,6707.200000000001,False
10469,2025-11-08,East,Arif Hossain,Stationery,Pen Set,Online,Bank Transfer,24.0,5.77,138.48,11,2025,Saturday,138.48,False
12069,2025-10-28,Central,Rakib Hasan,Apparel,Sneakers,Online,Nagad,25.0,62.38,1559.5,10,2025,Tuesday,1559.5,False
12798,2025-04-07,East,Farzana Islam,Grocery,Snack Box,Online,Nagad,17.0,5.31,90.27,4,2025,Monday,90.27,False
12504,2024-04-06,West,Rakib Hasan,Grocery,Snack Box,Distributor,Nagad,5.0,4.9,24.5,4,2024,Saturday,24.5,False
12438,2025-08-16,North,Shakil Rahman,Furniture,Office Chair,Retail Store,Bank Transfer,14.0,123.13,1723.82,8,2025,Saturday,1723.82,False
10106,2025-07-18,Central,Nusrat Jahan,Electronics,Monitor,Retail Store,Cash,1.0,228.37,228.37,7,2025,Friday,228.37,False
11102,2025-05-29,North,Lamia Sultana,Apparel,Jeans,Distributor,Cash,23.0,32.58,749.34,5,2025,Thursday,749.3399999999999,False
12889,2024-10-06,West,Shakil Rahman,Grocery,Tea Pack,Distributor,Cash,21.0,4.19,87.99,10,2024,Sunday,87.99000000000001,False
10403,2025-01-19,West,Imran Kabir,Furniture,Sofa,Distributor,Nagad,4.0,498.24,1992.96,1,2025,Sunday,1992.96,False
12420,2025-03-12,South,Sadia Chowdhury,Furniture,Dining Table,Wholesale,bKash,10.0,335.54,3355.4,3,2025,Wednesday,3355.4,False
12940,2024-05-24,North,Arif Hossain,Grocery,Rice 5kg,Online,Nagad,14.0,7.37,103.18,5,2024,Friday,103.18,False
10974,2025-12-25,Central,Mim Akter,Furniture,Dining Table,Distributor,Cash,15.0,338.89,5083.35,12,2025,Thursday,5083.349999999999,False
12356,2024-08-13,Central,Lamia Sultana,Apparel,T-Shirt,Wholesale,Cash,7.0,15.6,109.2,8,2024,Tuesday,109.2,False
12512,2024-10-23,Central,Arif Hossain,Grocery,Tea Pack,Online,Cash,11.0,3.61,39.71,10,2024,Wednesday,39.71,False
12683,2024-06-15,South,Nusrat Jahan,Apparel,Jeans,Wholesale,bKash,4.0,34.92,139.68,6,2024,Saturday,139.68,False
12386,2025-03-13,South,Rakib Hasan,Furniture,Bookshelf,Retail Store,Bank Transfer,3.0,92.41,277.23,3,2025,Thursday,277.23,False
10062,2024-03-20,West,Nusrat Jahan,Apparel,Cap,Distributor,Bank Transfer,23.0,9.71,223.33,3,2024,Wednesday,223.33,False
12754,2024-11-05,Central,Farzana Islam,Apparel,Jacket,Retail Store,Credit Card,25.0,67.32,1683.0,11,2024,Tuesday,1682.9999999999998,False
10407,2024-07-13,North,Farzana Islam,Grocery,Cooking Oil 1L,Distributor,bKash,14.0,3.22,45.08,7,2024,Saturday,45.080000000000005,False
11670,2024-08-21,South,Mim Akter,Apparel,T-Shirt,Retail Store,Bank Transfer,12.0,16.94,203.28,8,2024,Wednesday,203.28000000000003,False
10962,2025-06-24,West,Rakib Hasan,Electronics,Headphones,Wholesale,Credit Card,11.0,59.73,657.03,6,2025,Tuesday,657.03,False
12983,2025-04-10,Central,Imran Kabir,Furniture,Bookshelf,Distributor,Nagad,2.0,86.46,172.92,4,2025,Thursday,172.92,False
12949,2025-09-29,South,Imran Kabir,Grocery,Rice 5kg,Retail Store,Credit Card,10.0,8.82,88.2,9,2025,Monday,88.2,False
10526,2024-09-14,Unknown,Lamia Sultana,Grocery,Coffee Jar,Online,Nagad,13.0,8.0,104.0,9,2024,Saturday,104.0,False
12429,2024-12-10,South,Shakil Rahman,Stationery,Backpack,Wholesale,Cash,16.0,44.0,704.0,12,2024,Tuesday,704.0,False
12762,2024-11-03,South,Mim Akter,Electronics,Smartwatch,Wholesale,bKash,15.0,141.45,2121.75,11,2024,Sunday,2121.75,False
11756,2025-12-12,Central,Tanvir Ahmed,Grocery,Coffee Jar,Wholesale,Bank Transfer,5.0,7.26,36.3,12,2025,Friday,36.3,False
10142,2025-05-30,Central,Lamia Sultana,Grocery,Tea Pack,Online,Bank Transfer,8.0,4.55,36.4,5,2025,Friday,36.4,False
11790,2025-10-15,West,Shakil Rahman,Apparel,Jeans,Retail Store,Nagad,4.0,39.83,159.32,10,2025,Wednesday,159.32,False
12120,2025-08-13,East,Rakib Hasan,Furniture,Office Chair,Retail Store,bKash,19.0,135.29,2570.51,8,2025,Wednesday,2570.5099999999998,False
12248,2025-10-26,East,Rakib Hasan,Apparel,Jeans,Retail Store,Nagad,8.0,36.68,293.44,10,2025,Sunday,293.44,False
10082,2024-04-05,West,Sadia Chowdhury,Stationery,Pen Set,Wholesale,Credit Card,10.0,5.73,57.3,4,2024,Friday,57.300000000000004,False
11232,2024-02-25,Central,Nusrat Jahan,Grocery,Coffee Jar,Distributor,bKash,3.0,7.87,23.61,2,2024,Sunday,23.61,False
10725,2024-02-03,South,Sadia Chowdhury,Furniture,Bookshelf,Retail Store,Nagad,11.0,103.14,1134.54,2,2024,Saturday,1134.54,False
11315,2025-09-03,West,Farzana Islam,Grocery,Coffee Jar,Distributor,Cash,10.0,6.6,66.0,9,2025,Wednesday,66.0,False
11255,2025-10-04,North,Shakil Rahman,Grocery,Tea Pack,Online,bKash,1.0,4.24,4.24,10,2025,Saturday,4.24,False
12655,2025-06-05,South,Imran Kabir,Furniture,Sofa,Wholesale,Credit Card,13.0,500.32,6504.16,6,2025,Thursday,6504.16,False
12236,2024-01-13,South,Farzana Islam,Stationery,Desk Organizer,Wholesale,Cash,21.0,18.64,391.44,1,2024,Saturday,391.44,False
10131,2025-10-12,Central,Mim Akter,Electronics,Smartwatch,Retail Store,Credit Card,15.0,169.1,2536.5,10,2025,Sunday,2536.5,False
11319,2025-04-17,West,Sadia Chowdhury,Grocery,Tea Pack,Wholesale,Bank Transfer,1.0,4.51,4.51,4,2025,Thursday,4.51,False
10595,2024-07-15,West,Farzana Islam,Electronics,Headphones,Wholesale,bKash,9.0,66.26,596.34,7,2024,Monday,596.34,False
11797,2024-12-11,South,Farzana Islam,Electronics,Laptop,Wholesale,Bank Transfer,8.0,893.27,7146.16,12,2024,Wednesday,7146.16,False
10029,2024-01-03,Unknown,Tanvir Ahmed,Grocery,Cooking Oil 1L,Retail Store,Bank Transfer,13.0,2.9,37.7,1,2024,Wednesday,37.699999999999996,False
10597,2024-11-26,South,Sadia Chowdhury,Electronics,Smartwatch,Wholesale,Cash,6.0,158.59,951.54,11,2024,Tuesday,951.54,False
12950,2024-06-26,South,Arif Hossain,Apparel,Jeans,Wholesale,Credit Card,2.0,38.48,76.96,6,2024,Wednesday,76.96,False
10305,2025-09-23,East,Nusrat Jahan,Electronics,Headphones,Wholesale,Nagad,7.0,60.87,426.09,9,2025,Tuesday,426.09,False
12045,2025-01-19,East,Tanvir Ahmed,Furniture,Dining Table,Online,Credit Card,17.0,319.9,5438.3,1,2025,Sunday,5438.299999999999,False
10820,2025-03-17,North,Farzana Islam,Electronics,Tablet,Online,Bank Transfer,2.0,284.73,569.46,3,2025,Monday,569.46,False
12035,2025-07-29,West,Rakib Hasan,Electronics,Monitor,Retail Store,Cash,24.0,210.55,5053.2,7,2025,Tuesday,5053.200000000001,False
10148,2025-03-18,North,Farzana Islam,Furniture,Sofa,Online,Credit Card,4.0,488.77,1955.08,3,2025,Tuesday,1955.08,False
12863,2024-01-03,West,Tanvir Ahmed,Stationery,Notebook,Wholesale,Bank Transfer,2.0,1.94,3.88,1,2024,Wednesday,3.88,False
10498,2025-04-01,Central,Tanvir Ahmed,Stationery,Desk Organizer,Online,Cash,8.0,20.27,162.16,4,2025,Tuesday,162.16,False
10883,2025-12-01,West,Nusrat Jahan,Furniture,Dining Table,Distributor,Nagad,21.0,355.09,7456.89,12,2025,Monday,7456.889999999999,False
11425,2025-01-21,South,Tanvir Ahmed,Electronics,Smartphone,Distributor,Credit Card,21.0,400.08,8401.68,1,2025,Tuesday,8401.68,False
11301,2024-09-10,West,Lamia Sultana,Stationery,Backpack,Online,Bank Transfer,16.0,37.09,593.44,9,2024,Tuesday,593.44,False
10766,2024-07-23,South,Farzana Islam,Electronics,Headphones,Retail Store,Bank Transfer,13.0,67.37,875.81,7,2024,Tuesday,875.8100000000001,False
12044,2025-05-30,North,Tanvir Ahmed,Grocery,Coffee Jar,Online,Bank Transfer,7.0,6.43,45.01,5,2025,Friday,45.01,False
12858,2025-10-06,North,Lamia Sultana,Grocery,Tea Pack,Online,Bank Transfer,2.0,4.58,9.16,10,2025,Monday,9.16,False
11044,2025-04-17,South,Mim Akter,Apparel,T-Shirt,Wholesale,Bank Transfer,3.0,13.81,41.43,4,2025,Thursday,41.43,False
12588,2025-05-20,East,Nusrat Jahan,Electronics,Smartphone,Online,Nagad,7.0,414.84,2903.88,5,2025,Tuesday,2903.8799999999997,False
10043,2025-01-08,West,Rakib Hasan,Stationery,Pen Set,Online,Cash,2.0,6.75,13.5,1,2025,Wednesday,13.5,False
11334,2024-03-05,East,Arif Hossain,Stationery,Pen Set,Wholesale,Nagad,6.0,6.38,38.28,3,2024,Tuesday,38.28,False
11728,2025-07-13,West,Shakil Rahman,Grocery,Tea Pack,Wholesale,Cash,24.0,3.79,90.96,7,2025,Sunday,90.96000000000001,False
12651,2024-05-27,West,Tanvir Ahmed,Apparel,Jacket,Distributor,bKash,15.0,65.31,979.65,5,2024,Monday,979.6500000000001,False
10431,2024-06-15,East,Tanvir Ahmed,Apparel,T-Shirt,Wholesale,Credit Card,1.0,16.42,311.98,6,2024,Saturday,16.42,True
11610,2025-04-24,West,Arif Hossain,Grocery,Tea Pack,Wholesale,Bank Transfer,11.0,3.74,41.14,4,2025,Thursday,41.14,False
10147,2024-11-16,West,Farzana Islam,Grocery,Coffee Jar,Distributor,Bank Transfer,22.0,6.75,148.5,11,2024,Saturday,148.5,False
10459,2024-08-28,West,Nusrat Jahan,Electronics,Smartwatch,Wholesale,Cash,1.0,135.48,135.48,8,2024,Wednesday,135.48,False
11079,2025-03-17,North,Imran Kabir,Electronics,Laptop,Wholesale,Cash,6.0,802.49,4814.94,3,2025,Monday,4814.9400000000005,False
10790,2024-06-24,West,Shakil Rahman,Stationery,Desk Organizer,Retail Store,Cash,9.0,17.22,154.98,6,2024,Monday,154.98,False
12525,2024-02-09,West,Mim Akter,Grocery,Snack Box,Retail Store,Cash,13.0,4.68,60.84,2,2024,Friday,60.839999999999996,False
11515,2025-09-13,South,Imran Kabir,Stationery,Desk Organizer,Retail Store,Bank Transfer,4.0,16.64,66.56,9,2025,Saturday,66.56,False
10852,2024-04-07,South,Lamia Sultana,Stationery,Desk Organizer,Online,Nagad,19.0,17.72,336.68,4,2024,Sunday,336.67999999999995,False
11049,2024-07-23,South,Nusrat Jahan,Electronics,Tablet,Distributor,bKash,3.0,271.2,813.6,7,2024,Tuesday,813.5999999999999,False
10395,2025-06-22,North,Rakib Hasan,Apparel,T-Shirt,Retail Store,Credit Card,12.0,17.1,205.2,6,2025,Sunday,205.20000000000002,False
12970,2024-06-24,Central,Arif Hossain,Electronics,Tablet,Online,bKash,8.0,305.36,2442.88,6,2024,Monday,2442.88,False
10714,2025-03-11,South,Imran Kabir,Furniture,Office Chair,Wholesale,Nagad,20.0,113.39,2267.8,3,2025,Tuesday,2267.8,False
11780,2025-07-07,South,Mim Akter,Grocery,Snack Box,Distributor,Nagad,5.0,4.9,24.5,7,2025,Monday,24.5,False
12906,2024-01-27,North,Lamia Sultana,Electronics,Monitor,Retail Store,bKash,20.0,217.79,4355.8,1,2024,Saturday,4355.8,False
10325,2024-07-06,North,Nusrat Jahan,Furniture,Bookshelf,Distributor,Credit Card,12.0,96.6,1159.2,7,2024,Saturday,1159.1999999999998,False
10482,2025-01-28,Central,Lamia Sultana,Electronics,Tablet,Distributor,Nagad,14.0,343.46,4808.44,1,2025,Tuesday,4808.44,False
10501,2025-07-04,Central,Farzana Islam,Furniture,Bookshelf,Online,bKash,18.0,81.16,1460.88,7,2025,Friday,1460.8799999999999,False
11372,2025-08-07,South,Arif Hossain,Apparel,T-Shirt,Distributor,Cash,13.0,13.64,177.32,8,2025,Thursday,177.32,False
10429,2025-11-28,West,Arif Hossain,Apparel,Jacket,Wholesale,Credit Card,1.0,62.43,62.43,11,2025,Friday,62.43,False
11591,2025-01-21,South,Imran Kabir,Electronics,Monitor,Online,Nagad,25.0,230.92,5773.0,1,2025,Tuesday,5773.0,False
12212,2025-03-07,Central,Arif Hossain,Electronics,Smartphone,Wholesale,bKash,11.0,384.86,4233.46,3,2025,Friday,4233.46,False
10944,2024-12-13,East,Lamia Sultana,Electronics,Tablet,Online,Bank Transfer,8.0,330.4,2643.2,12,2024,Friday,2643.2,False
11404,2025-05-15,North,Arif Hossain,Electronics,Smartwatch,Retail Store,Credit Card,1.0,148.86,148.86,5,2025,Thursday,148.86,False
10267,2024-07-30,West,Lamia Sultana,Electronics,Monitor,Online,bKash,3.0,203.55,610.65,7,2024,Tuesday,610.6500000000001,False
10640,2025-01-24,North,Shakil Rahman,Apparel,T-Shirt,Wholesale,bKash,17.0,17.16,291.72,1,2025,Friday,291.72,False
12807,2024-10-25,East,Rakib Hasan,Apparel,Cap,Wholesale,Nagad,6.0,9.08,54.48,10,2024,Friday,54.480000000000004,False
10212,2025-02-24,East,Imran Kabir,Electronics,Laptop,Wholesale,Nagad,25.0,852.0,21300.0,2,2025,Monday,21300.0,False
11943,2025-11-27,East,Imran Kabir,Electronics,Headphones,Wholesale,Nagad,9.0,60.65,545.85,11,2025,Thursday,545.85,False
11876,2025-07-25,East,Sadia Chowdhury,Apparel,Cap,Distributor,Nagad,18.0,11.22,201.96,7,2025,Friday,201.96,False
10539,2024-05-17,East,Lamia Sultana,Grocery,Coffee Jar,Online,Bank Transfer,9.0,7.13,64.17,5,2024,Friday,64.17,False
12947,2024-07-25,East,Tanvir Ahmed,Stationery,Desk Organizer,Retail Store,bKash,17.0,18.03,306.51,7,2024,Thursday,306.51,False
11089,2025-10-10,South,Tanvir Ahmed,Stationery,Desk Organizer,Distributor,Credit Card,12.0,20.13,241.56,10,2025,Friday,241.56,False
10494,2024-11-26,West,Rakib Hasan,Electronics,Headphones,Online,bKash,20.0,54.76,1095.2,11,2024,Tuesday,1095.2,False
11439,2024-01-10,South,Arif Hossain,Stationery,Desk Organizer,Wholesale,Bank Transfer,10.0,16.73,167.3,1,2024,Wednesday,167.3,False
12322,2025-11-25,South,Rakib Hasan,Grocery,Coffee Jar,Online,Cash,11.0,7.98,87.78,11,2025,Tuesday,87.78,False
10087,2024-10-26,East,Tanvir Ahmed,Stationery,Pen Set,Online,Nagad,23.0,6.82,156.86,10,2024,Saturday,156.86,False
11652,2025-09-12,West,Farzana Islam,Electronics,Headphones,Distributor,Credit Card,2.0,68.73,137.46,9,2025,Friday,137.46,False
11361,2024-08-13,Central,Nusrat Jahan,Electronics,Headphones,Wholesale,Cash,15.0,64.7,970.5,8,2024,Tuesday,970.5,False
11416,2025-05-15,East,Imran Kabir,Apparel,T-Shirt,Retail Store,Bank Transfer,20.0,15.05,301.0,5,2025,Thursday,301.0,False
10934,2024-05-21,South,Rakib Hasan,Grocery,Tea Pack,Wholesale,bKash,14.0,4.01,56.14,5,2024,Tuesday,56.14,False
12140,2025-03-24,West,Rakib Hasan,Stationery,Notebook,Distributor,Nagad,8.0,1.9,15.2,3,2025,Monday,15.2,False
11085,2024-12-11,Central,Shakil Rahman,Grocery,Snack Box,Wholesale,Bank Transfer,20.0,5.04,100.8,12,2024,Wednesday,100.8,False
10476,2025-04-08,East,Arif Hossain,Furniture,Sofa,Wholesale,Cash,4.0,415.96,1663.84,4,2025,Tuesday,1663.84,False
11095,2025-12-09,North,Rakib Hasan,Apparel,Sneakers,Wholesale,Credit Card,11.0,61.49,676.39,12,2025,Tuesday,676.39,False
10475,2024-12-15,Central,Arif Hossain,Stationery,Backpack,Retail Store,Bank Transfer,12.0,44.25,531.0,12,2024,Sunday,531.0,False
12653,2024-09-22,South,Shakil Rahman,Apparel,Sneakers,Wholesale,bKash,8.0,54.31,434.48,9,2024,Sunday,434.48,False
11466,2024-07-05,West,Farzana Islam,Electronics,Smartwatch,Online,Credit Card,24.0,138.24,3317.76,7,2024,Friday,3317.76,False
11823,2024-07-15,Central,Nusrat Jahan,Apparel,Jeans,Distributor,Cash,11.0,36.03,396.33,7,2024,Monday,396.33000000000004,False
11764,2025-02-06,East,Nusrat Jahan,Stationery,Backpack,Distributor,Cash,4.0,42.5,170.0,2,2025,Thursday,170.0,False
10064,2025-07-09,North,Imran Kabir,Furniture,Desk,Wholesale,Cash,15.0,180.71,2710.65,7,2025,Wednesday,2710.65,False
11701,2024-12-12,Central,Mim Akter,Electronics,Headphones,Wholesale,Bank Transfer,23.0,56.63,1302.49,12,2024,Thursday,1302.49,False
11586,2024-09-11,East,Mim Akter,Grocery,Rice 5kg,Online,bKash,6.0,8.33,49.98,9,2024,Wednesday,49.980000000000004,False
10160,2025-06-29,Unknown,Rakib Hasan,Electronics,Tablet,Retail Store,Bank Transfer,23.0,287.26,6606.98,6,2025,Sunday,6606.98,False
11297,2025-10-14,South,Rakib Hasan,Apparel,Sneakers,Retail Store,Cash,10.0,59.21,592.1,10,2025,Tuesday,592.1,False
12252,2025-03-20,North,Farzana Islam,Furniture,Office Chair,Wholesale,Bank Transfer,13.0,111.44,1448.72,3,2025,Thursday,1448.72,False
11867,2024-05-29,Central,Rakib Hasan,Furniture,Bookshelf,Online,Credit Card,24.0,97.0,2328.0,5,2024,Wednesday,2328.0,False
12139,2024-05-12,North,Imran Kabir,Electronics,Laptop,Wholesale,Credit Card,6.0,773.89,4643.34,5,2024,Sunday,4643.34,False
12982,2025-07-20,Central,Arif Hossain,Grocery,Cooking Oil 1L,Retail Store,Bank Transfer,20.0,3.37,67.4,7,2025,Sunday,67.4,False
11493,2025-10-11,North,Shakil Rahman,Grocery,Coffee Jar,Wholesale,Cash,4.0,7.36,29.44,10,2025,Saturday,29.44,False
10362,2025-06-20,North,Mim Akter,Apparel,T-Shirt,Wholesale,Cash,3.0,14.49,43.47,6,2025,Friday,43.47,False
10889,2024-10-14,East,Tanvir Ahmed,Apparel,T-Shirt,Retail Store,Bank Transfer,24.0,14.85,356.4,10,2024,Monday,356.4,False
10039,2025-09-11,Central,Rakib Hasan,Electronics,Monitor,Distributor,Cash,7.0,237.47,1662.29,9,2025,Thursday,1662.29,False
11518,2025-02-17,East,Arif Hossain,Apparel,T-Shirt,Wholesale,bKash,16.0,16.34,261.44,2,2025,Monday,261.44,False
11426,2024-01-16,North,Farzana Islam,Apparel,T-Shirt,Wholesale,Credit Card,24.0,16.61,398.64,1,2024,Tuesday,398.64,False
10120,2025-04-17,West,Lamia Sultana,Stationery,Pen Set,Retail Store,bKash,21.0,5.78,121.38,4,2025,Thursday,121.38000000000001,False
10308,2024-09-05,East,Shakil Rahman,Furniture,Sofa,Wholesale,Nagad,11.0,447.31,4920.41,9,2024,Thursday,4920.41,False
10848,2025-12-13,Central,Imran Kabir,Grocery,Snack Box,Distributor,Credit Card,16.0,5.23,83.68,12,2025,Saturday,83.68,False
12806,2024-01-07,South,Sadia Chowdhury,Apparel,Jeans,Online,Bank Transfer,18.0,35.2,633.6,1,2024,Sunday,633.6,False
11125,2025-12-12,West,Farzana Islam,Furniture,Sofa,Distributor,Bank Transfer,5.0,465.29,2326.45,12,2025,Friday,2326.4500000000003,False
12750,2024-11-21,South,Mim Akter,Electronics,Headphones,Distributor,Credit Card,4.0,58.06,232.24,11,2024,Thursday,232.24,False
10165,2024-12-25,Central,Farzana Islam,Furniture,Office Chair,Retail Store,Cash,24.0,136.75,3282.0,12,2024,Wednesday,3282.0,False
11878,2025-02-18,East,Mim Akter,Grocery,Coffee Jar,Distributor,Bank Transfer,2.0,7.97,15.94,2,2025,Tuesday,15.94,False
10242,2025-11-02,East,Farzana Islam,Apparel,T-Shirt,Distributor,Bank Transfer,9.0,16.3,146.7,11,2025,Sunday,146.70000000000002,False
10301,2024-01-27,Central,Arif Hossain,Grocery,Coffee Jar,Wholesale,Credit Card,3.0,6.92,20.76,1,2024,Saturday,20.759999999999998,False
10533,2024-05-26,South,Nusrat Jahan,Grocery,Coffee Jar,Wholesale,Nagad,19.0,7.74,147.06,5,2024,Sunday,147.06,False
10351,2024-05-23,West,Mim Akter,Electronics,Smartwatch,Wholesale,Cash,8.0,145.39,1163.12,5,2024,Thursday,1163.12,False
11086,2025-01-22,East,Nusrat Jahan,Apparel,Jacket,Distributor,Bank Transfer,20.0,59.43,1188.6,1,2025,Wednesday,1188.6,False
